phase,design,rows,keys,lag,chunks,partition,repeat,seed,elapsed_ns,elapsed_ms,operations,ops_per_sec,state_bytes,state_rows,acf_json,ljung_box_q,durbin_watson,stat_checksum
add,compact_ordered,1000,128,64,1,contiguous,0,20261910,7294200,7.2942,1000,137095.226,290631,1000,,,,
finalize,compact_ordered,1000,128,64,1,contiguous,0,20261910,3870800,3.8708,1000,258344.528,290631,1000,"[-0.1639305098382846, -0.12294805263762999, -0.07115019682915089, -0.06683592796873657, -0.0120083516666772, -0.02790309787598093, -0.04131333829283722, 0.012654437252231436, -0.008058814268832641, 0.0017840700441946486, 4.2374478662823514e-05, -0.00033259239695896525, 0.0, 0.0, 0.0, 0.0, 0.0, 0.0, 0.0, 0.0, 0.0, 0.0, 0.0, 0.0, 0.0, 0.0, 0.0, 0.0, 0.0, 0.0, 0.0, 0.0, 0.0, 0.0, 0.0, 0.0, 0.0, 0.0, 0.0, 0.0, 0.0, 0.0, 0.0, 0.0, 0.0, 0.0, 0.0, 0.0, 0.0, 0.0, 0.0, 0.0, 0.0, 0.0, 0.0, 0.0, 0.0, 0.0, 0.0, 0.0, 0.0, 0.0, 0.0, 0.0]",54.595487037276705,2.086707473054577,075ac9b386d46fa0
add,exact_store_sort,1000,128,64,1,contiguous,0,20261910,377700,0.3777,1000,2647603.918,135240,1000,,,,
finalize,exact_store_sort,1000,128,64,1,contiguous,0,20261910,10295500,10.2955,1000,97129.814,135240,1000,"[-0.1639305098382846, -0.12294805263762999, -0.07115019682915089, -0.06683592796873657, -0.0120083516666772, -0.02790309787598093, -0.04131333829283722, 0.012654437252231436, -0.008058814268832641, 0.0017840700441946486, 4.2374478662823514e-05, -0.00033259239695896525, 0.0, 0.0, 0.0, 0.0, 0.0, 0.0, 0.0, 0.0, 0.0, 0.0, 0.0, 0.0, 0.0, 0.0, 0.0, 0.0, 0.0, 0.0, 0.0, 0.0, 0.0, 0.0, 0.0, 0.0, 0.0, 0.0, 0.0, 0.0, 0.0, 0.0, 0.0, 0.0, 0.0, 0.0, 0.0, 0.0, 0.0, 0.0, 0.0, 0.0, 0.0, 0.0, 0.0, 0.0, 0.0, 0.0, 0.0, 0.0, 0.0, 0.0, 0.0, 0.0]",54.595487037276705,2.086707473054577,075ac9b386d46fa0
add,naive_full_recompute,1000,128,64,1,contiguous,0,20261910,138200,0.1382,1000,7235890.014,129289,1000,,,,
finalize,naive_full_recompute,1000,128,64,1,contiguous,0,20261910,9007900,9.0079,1000,111013.666,129289,1000,"[-0.1639305098382846, -0.12294805263762999, -0.07115019682915089, -0.06683592796873657, -0.0120083516666772, -0.02790309787598093, -0.04131333829283722, 0.012654437252231436, -0.008058814268832641, 0.0017840700441946486, 4.2374478662823514e-05, -0.00033259239695896525, 0.0, 0.0, 0.0, 0.0, 0.0, 0.0, 0.0, 0.0, 0.0, 0.0, 0.0, 0.0, 0.0, 0.0, 0.0, 0.0, 0.0, 0.0, 0.0, 0.0, 0.0, 0.0, 0.0, 0.0, 0.0, 0.0, 0.0, 0.0, 0.0, 0.0, 0.0, 0.0, 0.0, 0.0, 0.0, 0.0, 0.0, 0.0, 0.0, 0.0, 0.0, 0.0, 0.0, 0.0, 0.0, 0.0, 0.0, 0.0, 0.0, 0.0, 0.0, 0.0]",54.595487037276705,2.086707473054577,075ac9b386d46fa0
add,compact_ordered,1000,128,64,1,contiguous,1,20261910,6004900,6.0049,1000,166530.667,290623,1000,,,,
finalize,compact_ordered,1000,128,64,1,contiguous,1,20261910,3623800,3.6238,1000,275953.419,290623,1000,"[-0.1639305098382846, -0.12294805263762999, -0.07115019682915089, -0.06683592796873657, -0.0120083516666772, -0.02790309787598093, -0.04131333829283722, 0.012654437252231436, -0.008058814268832641, 0.0017840700441946486, 4.2374478662823514e-05, -0.00033259239695896525, 0.0, 0.0, 0.0, 0.0, 0.0, 0.0, 0.0, 0.0, 0.0, 0.0, 0.0, 0.0, 0.0, 0.0, 0.0, 0.0, 0.0, 0.0, 0.0, 0.0, 0.0, 0.0, 0.0, 0.0, 0.0, 0.0, 0.0, 0.0, 0.0, 0.0, 0.0, 0.0, 0.0, 0.0, 0.0, 0.0, 0.0, 0.0, 0.0, 0.0, 0.0, 0.0, 0.0, 0.0, 0.0, 0.0, 0.0, 0.0, 0.0, 0.0, 0.0, 0.0]",54.595487037276705,2.086707473054577,075ac9b386d46fa0
add,exact_store_sort,1000,128,64,1,contiguous,1,20261910,299300,0.2993,1000,3341129.302,135232,1000,,,,
finalize,exact_store_sort,1000,128,64,1,contiguous,1,20261910,7195900,7.1959,1000,138968.023,135232,1000,"[-0.1639305098382846, -0.12294805263762999, -0.07115019682915089, -0.06683592796873657, -0.0120083516666772, -0.02790309787598093, -0.04131333829283722, 0.012654437252231436, -0.008058814268832641, 0.0017840700441946486, 4.2374478662823514e-05, -0.00033259239695896525, 0.0, 0.0, 0.0, 0.0, 0.0, 0.0, 0.0, 0.0, 0.0, 0.0, 0.0, 0.0, 0.0, 0.0, 0.0, 0.0, 0.0, 0.0, 0.0, 0.0, 0.0, 0.0, 0.0, 0.0, 0.0, 0.0, 0.0, 0.0, 0.0, 0.0, 0.0, 0.0, 0.0, 0.0, 0.0, 0.0, 0.0, 0.0, 0.0, 0.0, 0.0, 0.0, 0.0, 0.0, 0.0, 0.0, 0.0, 0.0, 0.0, 0.0, 0.0, 0.0]",54.595487037276705,2.086707473054577,075ac9b386d46fa0
add,naive_full_recompute,1000,128,64,1,contiguous,1,20261910,136200,0.1362,1000,7342143.906,129281,1000,,,,
finalize,naive_full_recompute,1000,128,64,1,contiguous,1,20261910,7668600,7.6686,1000,130401.899,129281,1000,"[-0.1639305098382846, -0.12294805263762999, -0.07115019682915089, -0.06683592796873657, -0.0120083516666772, -0.02790309787598093, -0.04131333829283722, 0.012654437252231436, -0.008058814268832641, 0.0017840700441946486, 4.2374478662823514e-05, -0.00033259239695896525, 0.0, 0.0, 0.0, 0.0, 0.0, 0.0, 0.0, 0.0, 0.0, 0.0, 0.0, 0.0, 0.0, 0.0, 0.0, 0.0, 0.0, 0.0, 0.0, 0.0, 0.0, 0.0, 0.0, 0.0, 0.0, 0.0, 0.0, 0.0, 0.0, 0.0, 0.0, 0.0, 0.0, 0.0, 0.0, 0.0, 0.0, 0.0, 0.0, 0.0, 0.0, 0.0, 0.0, 0.0, 0.0, 0.0, 0.0, 0.0, 0.0, 0.0, 0.0, 0.0]",54.595487037276705,2.086707473054577,075ac9b386d46fa0
merge,compact_ordered,1000,128,1,1,contiguous,0,20261910,2500,0.0025,1000,400000000.0,174619,1000,,,,
finalize,compact_ordered,1000,128,1,1,contiguous,0,20261910,421700,0.4217,1000,2371354.043,174619,1000,[-0.1639305098382846],26.953912392343952,2.086707473054577,7f644a4bde7cb03f
merge,exact_store_sort,1000,128,1,1,contiguous,0,20261910,1600,0.0016,1000,625000000.0,135224,1000,,,,
finalize,exact_store_sort,1000,128,1,1,contiguous,0,20261910,3576100,3.5761,1000,279634.238,135224,1000,[-0.1639305098382846],26.953912392343952,2.086707473054577,7f644a4bde7cb03f
merge,naive_full_recompute,1000,128,1,1,contiguous,0,20261910,2000,0.002,1000,500000000.0,129273,1000,,,,
finalize,naive_full_recompute,1000,128,1,1,contiguous,0,20261910,3707900,3.7079,1000,269694.436,129273,1000,[-0.1639305098382846],26.953912392343952,2.086707473054577,7f644a4bde7cb03f
merge,exact_store_sort,1000,128,1,1,interleaved,0,20261910,1300,0.0013,1000,769230769.231,135216,1000,,,,
finalize,exact_store_sort,1000,128,1,1,interleaved,0,20261910,3059500,3.0595,1000,326850.793,135216,1000,[-0.1639305098382846],26.953912392343952,2.086707473054577,7f644a4bde7cb03f
merge,naive_full_recompute,1000,128,1,1,interleaved,0,20261910,1800,0.0018,1000,555555555.556,129265,1000,,,,
finalize,naive_full_recompute,1000,128,1,1,interleaved,0,20261910,3854300,3.8543,1000,259450.484,129265,1000,[-0.1639305098382846],26.953912392343952,2.086707473054577,7f644a4bde7cb03f
merge,compact_ordered,1000,128,1,1,contiguous,1,20261910,2700,0.0027,1000,370370370.37,174611,1000,,,,
finalize,compact_ordered,1000,128,1,1,contiguous,1,20261910,436400,0.4364,1000,2291475.71,174611,1000,[-0.1639305098382846],26.953912392343952,2.086707473054577,7f644a4bde7cb03f
merge,exact_store_sort,1000,128,1,1,contiguous,1,20261910,1200,0.0012,1000,833333333.333,135208,1000,,,,
finalize,exact_store_sort,1000,128,1,1,contiguous,1,20261910,4159100,4.1591,1000,240436.633,135208,1000,[-0.1639305098382846],26.953912392343952,2.086707473054577,7f644a4bde7cb03f
merge,naive_full_recompute,1000,128,1,1,contiguous,1,20261910,3500,0.0035,1000,285714285.714,129257,1000,,,,
finalize,naive_full_recompute,1000,128,1,1,contiguous,1,20261910,3791100,3.7911,1000,263775.685,129257,1000,[-0.1639305098382846],26.953912392343952,2.086707473054577,7f644a4bde7cb03f
merge,exact_store_sort,1000,128,1,1,interleaved,1,20261910,1500,0.0015,1000,666666666.667,135200,1000,,,,
finalize,exact_store_sort,1000,128,1,1,interleaved,1,20261910,3303200,3.3032,1000,302736.74,135200,1000,[-0.1639305098382846],26.953912392343952,2.086707473054577,7f644a4bde7cb03f
merge,naive_full_recompute,1000,128,1,1,interleaved,1,20261910,4100,0.0041,1000,243902439.024,129249,1000,,,,
finalize,naive_full_recompute,1000,128,1,1,interleaved,1,20261910,3628400,3.6284,1000,275603.572,129249,1000,[-0.1639305098382846],26.953912392343952,2.086707473054577,7f644a4bde7cb03f
merge,compact_ordered,1000,128,1,4,contiguous,0,20261910,2479700,2.4797,1003,404484.413,171531,1000,,,,
finalize,compact_ordered,1000,128,1,4,contiguous,0,20261910,405900,0.4059,1000,2463661.0,171531,1000,[-0.1639305098382846],26.953912392343952,2.086707473054577,7f644a4bde7cb03f
merge,exact_store_sort,1000,128,1,4,contiguous,0,20261910,91800,0.0918,1003,10925925.926,135552,1000,,,,
finalize,exact_store_sort,1000,128,1,4,contiguous,0,20261910,3161400,3.1614,1000,316315.556,135552,1000,[-0.1639305098382846],26.953912392343952,2.086707473054577,7f644a4bde7cb03f
merge,naive_full_recompute,1000,128,1,4,contiguous,0,20261910,55000,0.055,1003,18236363.636,128417,1000,,,,
finalize,naive_full_recompute,1000,128,1,4,contiguous,0,20261910,4651200,4.6512,1000,214998.28,128417,1000,[-0.1639305098382846],26.953912392343952,2.086707473054577,7f644a4bde7cb03f
merge,exact_store_sort,1000,128,1,4,interleaved,0,20261910,83400,0.0834,1003,12026378.897,135696,1000,,,,
finalize,exact_store_sort,1000,128,1,4,interleaved,0,20261910,3160900,3.1609,1000,316365.592,135696,1000,[-0.1639305098382846],26.953912392343952,2.086707473054577,7f644a4bde7cb03f
merge,naive_full_recompute,1000,128,1,4,interleaved,0,20261910,11200,0.0112,1003,89553571.429,128385,1000,,,,
finalize,naive_full_recompute,1000,128,1,4,interleaved,0,20261910,3735100,3.7351,1000,267730.449,128385,1000,[-0.1639305098382846],26.953912392343952,2.086707473054577,7f644a4bde7cb03f
merge,compact_ordered,1000,128,1,4,contiguous,1,20261910,2310800,2.3108,1003,434048.814,171499,1000,,,,
finalize,compact_ordered,1000,128,1,4,contiguous,1,20261910,412200,0.4122,1000,2426006.793,171499,1000,[-0.1639305098382846],26.953912392343952,2.086707473054577,7f644a4bde7cb03f
merge,exact_store_sort,1000,128,1,4,contiguous,1,20261910,54600,0.0546,1003,18369963.37,135488,1000,,,,
finalize,exact_store_sort,1000,128,1,4,contiguous,1,20261910,4129100,4.1291,1000,242183.527,135488,1000,[-0.1639305098382846],26.953912392343952,2.086707473054577,7f644a4bde7cb03f
merge,naive_full_recompute,1000,128,1,4,contiguous,1,20261910,12500,0.0125,1003,80240000.0,128353,1000,,,,
finalize,naive_full_recompute,1000,128,1,4,contiguous,1,20261910,3869700,3.8697,1000,258417.965,128353,1000,[-0.1639305098382846],26.953912392343952,2.086707473054577,7f644a4bde7cb03f
merge,exact_store_sort,1000,128,1,4,interleaved,1,20261910,84600,0.0846,1003,11855791.962,135632,1000,,,,
finalize,exact_store_sort,1000,128,1,4,interleaved,1,20261910,3387100,3.3871,1000,295237.814,135632,1000,[-0.1639305098382846],26.953912392343952,2.086707473054577,7f644a4bde7cb03f
merge,naive_full_recompute,1000,128,1,4,interleaved,1,20261910,9900,0.0099,1003,101313131.313,128321,1000,,,,
finalize,naive_full_recompute,1000,128,1,4,interleaved,1,20261910,3858600,3.8586,1000,259161.354,128321,1000,[-0.1639305098382846],26.953912392343952,2.086707473054577,7f644a4bde7cb03f
merge,compact_ordered,1000,128,1,16,contiguous,0,20261910,5847500,5.8475,1015,173578.452,171371,1000,,,,
finalize,compact_ordered,1000,128,1,16,contiguous,0,20261910,512500,0.5125,1000,1951219.512,171371,1000,[-0.1639305098382846],26.953912392343952,2.086707473054577,7f644a4bde7cb03f
merge,exact_store_sort,1000,128,1,16,contiguous,0,20261910,185300,0.1853,1015,5477603.886,135240,1000,,,,
finalize,exact_store_sort,1000,128,1,16,contiguous,0,20261910,3145300,3.1453,1000,317934.696,135240,1000,[-0.1639305098382846],26.953912392343952,2.086707473054577,7f644a4bde7cb03f
merge,naive_full_recompute,1000,128,1,16,contiguous,0,20261910,18600,0.0186,1015,54569892.473,129305,1000,,,,
finalize,naive_full_recompute,1000,128,1,16,contiguous,0,20261910,3776700,3.7767,1000,264781.423,129305,1000,[-0.1639305098382846],26.953912392343952,2.086707473054577,7f644a4bde7cb03f
merge,exact_store_sort,1000,128,1,16,interleaved,0,20261910,173600,0.1736,1015,5846774.194,135384,1000,,,,
finalize,exact_store_sort,1000,128,1,16,interleaved,0,20261910,3179200,3.1792,1000,314544.54,135384,1000,[-0.1639305098382846],26.953912392343952,2.086707473054577,7f644a4bde7cb03f
merge,naive_full_recompute,1000,128,1,16,interleaved,0,20261910,28300,0.0283,1015,35865724.382,129305,1000,,,,
finalize,naive_full_recompute,1000,128,1,16,interleaved,0,20261910,3884700,3.8847,1000,257420.135,129305,1000,[-0.1639305098382846],26.953912392343952,2.086707473054577,7f644a4bde7cb03f
merge,compact_ordered,1000,128,1,16,contiguous,1,20261910,5967200,5.9672,1015,170096.528,171371,1000,,,,
finalize,compact_ordered,1000,128,1,16,contiguous,1,20261910,454100,0.4541,1000,2202158.115,171371,1000,[-0.1639305098382846],26.953912392343952,2.086707473054577,7f644a4bde7cb03f
merge,exact_store_sort,1000,128,1,16,contiguous,1,20261910,158700,0.1587,1015,6395715.186,135240,1000,,,,
finalize,exact_store_sort,1000,128,1,16,contiguous,1,20261910,3192200,3.1922,1000,313263.58,135240,1000,[-0.1639305098382846],26.953912392343952,2.086707473054577,7f644a4bde7cb03f
merge,naive_full_recompute,1000,128,1,16,contiguous,1,20261910,19100,0.0191,1015,53141361.257,129305,1000,,,,
finalize,naive_full_recompute,1000,128,1,16,contiguous,1,20261910,3772600,3.7726,1000,265069.183,129305,1000,[-0.1639305098382846],26.953912392343952,2.086707473054577,7f644a4bde7cb03f
merge,exact_store_sort,1000,128,1,16,interleaved,1,20261910,162100,0.1621,1015,6261566.934,135384,1000,,,,
finalize,exact_store_sort,1000,128,1,16,interleaved,1,20261910,3414200,3.4142,1000,292894.382,135384,1000,[-0.1639305098382846],26.953912392343952,2.086707473054577,7f644a4bde7cb03f
merge,naive_full_recompute,1000,128,1,16,interleaved,1,20261910,19800,0.0198,1015,51262626.263,129305,1000,,,,
finalize,naive_full_recompute,1000,128,1,16,interleaved,1,20261910,4158200,4.1582,1000,240488.673,129305,1000,[-0.1639305098382846],26.953912392343952,2.086707473054577,7f644a4bde7cb03f
merge,compact_ordered,1000,128,8,1,contiguous,0,20261910,2200,0.0022,1000,454545454.545,227751,1000,,,,
finalize,compact_ordered,1000,128,8,1,contiguous,0,20261910,2068900,2.0689,1000,483348.639,227751,1000,"[-0.1639305098382846, -0.12294805263762999, -0.07115019682915089, -0.06683592796873657, -0.0120083516666772, -0.02790309787598093, -0.04131333829283722, 0.012654437252231436]",54.52648618164113,2.086707473054577,37f54be7c9faa9f3
merge,exact_store_sort,1000,128,8,1,contiguous,0,20261910,1700,0.0017,1000,588235294.118,135032,1000,,,,
finalize,exact_store_sort,1000,128,8,1,contiguous,0,20261910,6997400,6.9974,1000,142910.224,135032,1000,"[-0.1639305098382846, -0.12294805263762999, -0.07115019682915089, -0.06683592796873657, -0.0120083516666772, -0.02790309787598093, -0.04131333829283722, 0.012654437252231436]",54.52648618164113,2.086707473054577,37f54be7c9faa9f3
merge,naive_full_recompute,1000,128,8,1,contiguous,0,20261910,2600,0.0026,1000,384615384.615,129081,1000,,,,
finalize,naive_full_recompute,1000,128,8,1,contiguous,0,20261910,6547600,6.5476,1000,152727.717,129081,1000,"[-0.1639305098382846, -0.12294805263762999, -0.07115019682915089, -0.06683592796873657, -0.0120083516666772, -0.02790309787598093, -0.04131333829283722, 0.012654437252231436]",54.52648618164113,2.086707473054577,37f54be7c9faa9f3
merge,exact_store_sort,1000,128,8,1,interleaved,0,20261910,3300,0.0033,1000,303030303.03,135032,1000,,,,
finalize,exact_store_sort,1000,128,8,1,interleaved,0,20261910,5776000,5.776,1000,173130.194,135032,1000,"[-0.1639305098382846, -0.12294805263762999, -0.07115019682915089, -0.06683592796873657, -0.0120083516666772, -0.02790309787598093, -0.04131333829283722, 0.012654437252231436]",54.52648618164113,2.086707473054577,37f54be7c9faa9f3
merge,naive_full_recompute,1000,128,8,1,interleaved,0,20261910,1800,0.0018,1000,555555555.556,129081,1000,,,,
finalize,naive_full_recompute,1000,128,8,1,interleaved,0,20261910,6860000,6.86,1000,145772.595,129081,1000,"[-0.1639305098382846, -0.12294805263762999, -0.07115019682915089, -0.06683592796873657, -0.0120083516666772, -0.02790309787598093, -0.04131333829283722, 0.012654437252231436]",54.52648618164113,2.086707473054577,37f54be7c9faa9f3
merge,compact_ordered,1000,128,8,1,contiguous,1,20261910,2700,0.0027,1000,370370370.37,227751,1000,,,,
finalize,compact_ordered,1000,128,8,1,contiguous,1,20261910,2082000,2.082,1000,480307.397,227751,1000,"[-0.1639305098382846, -0.12294805263762999, -0.07115019682915089, -0.06683592796873657, -0.0120083516666772, -0.02790309787598093, -0.04131333829283722, 0.012654437252231436]",54.52648618164113,2.086707473054577,37f54be7c9faa9f3
merge,exact_store_sort,1000,128,8,1,contiguous,1,20261910,1400,0.0014,1000,714285714.286,135032,1000,,,,
finalize,exact_store_sort,1000,128,8,1,contiguous,1,20261910,6095400,6.0954,1000,164058.142,135032,1000,"[-0.1639305098382846, -0.12294805263762999, -0.07115019682915089, -0.06683592796873657, -0.0120083516666772, -0.02790309787598093, -0.04131333829283722, 0.012654437252231436]",54.52648618164113,2.086707473054577,37f54be7c9faa9f3
merge,naive_full_recompute,1000,128,8,1,contiguous,1,20261910,1600,0.0016,1000,625000000.0,129081,1000,,,,
finalize,naive_full_recompute,1000,128,8,1,contiguous,1,20261910,6478700,6.4787,1000,154351.953,129081,1000,"[-0.1639305098382846, -0.12294805263762999, -0.07115019682915089, -0.06683592796873657, -0.0120083516666772, -0.02790309787598093, -0.04131333829283722, 0.012654437252231436]",54.52648618164113,2.086707473054577,37f54be7c9faa9f3
merge,exact_store_sort,1000,128,8,1,interleaved,1,20261910,1400,0.0014,1000,714285714.286,135032,1000,,,,
finalize,exact_store_sort,1000,128,8,1,interleaved,1,20261910,5981100,5.9811,1000,167193.326,135032,1000,"[-0.1639305098382846, -0.12294805263762999, -0.07115019682915089, -0.06683592796873657, -0.0120083516666772, -0.02790309787598093, -0.04131333829283722, 0.012654437252231436]",54.52648618164113,2.086707473054577,37f54be7c9faa9f3
merge,naive_full_recompute,1000,128,8,1,interleaved,1,20261910,1900,0.0019,1000,526315789.474,129081,1000,,,,
finalize,naive_full_recompute,1000,128,8,1,interleaved,1,20261910,6068500,6.0685,1000,164785.367,129081,1000,"[-0.1639305098382846, -0.12294805263762999, -0.07115019682915089, -0.06683592796873657, -0.0120083516666772, -0.02790309787598093, -0.04131333829283722, 0.012654437252231436]",54.52648618164113,2.086707473054577,37f54be7c9faa9f3
merge,compact_ordered,1000,128,8,4,contiguous,0,20261910,9272600,9.2726,1003,108168.151,227015,1000,,,,
finalize,compact_ordered,1000,128,8,4,contiguous,0,20261910,1931700,1.9317,1000,517678.729,227015,1000,"[-0.1639305098382846, -0.12294805263762999, -0.07115019682915089, -0.06683592796873657, -0.0120083516666772, -0.02790309787598093, -0.04131333829283722, 0.012654437252231436]",54.52648618164113,2.086707473054577,37f54be7c9faa9f3
merge,exact_store_sort,1000,128,8,4,contiguous,0,20261910,84700,0.0847,1003,11841794.569,135416,1000,,,,
finalize,exact_store_sort,1000,128,8,4,contiguous,0,20261910,5699700,5.6997,1000,175447.831,135416,1000,"[-0.1639305098382846, -0.12294805263762999, -0.07115019682915089, -0.06683592796873657, -0.0120083516666772, -0.02790309787598093, -0.04131333829283722, 0.012654437252231436]",54.52648618164113,2.086707473054577,37f54be7c9faa9f3
merge,naive_full_recompute,1000,128,8,4,contiguous,0,20261910,12300,0.0123,1003,81544715.447,128281,1000,,,,
finalize,naive_full_recompute,1000,128,8,4,contiguous,0,20261910,6242400,6.2424,1000,160194.797,128281,1000,"[-0.1639305098382846, -0.12294805263762999, -0.07115019682915089, -0.06683592796873657, -0.0120083516666772, -0.02790309787598093, -0.04131333829283722, 0.012654437252231436]",54.52648618164113,2.086707473054577,37f54be7c9faa9f3
merge,exact_store_sort,1000,128,8,4,interleaved,0,20261910,84100,0.0841,1003,11926278.24,135592,1000,,,,
finalize,exact_store_sort,1000,128,8,4,interleaved,0,20261910,5774000,5.774,1000,173190.163,135592,1000,"[-0.1639305098382846, -0.12294805263762999, -0.07115019682915089, -0.06683592796873657, -0.0120083516666772, -0.02790309787598093, -0.04131333829283722, 0.012654437252231436]",54.52648618164113,2.086707473054577,37f54be7c9faa9f3
merge,naive_full_recompute,1000,128,8,4,interleaved,0,20261910,13900,0.0139,1003,72158273.381,128281,1000,,,,
finalize,naive_full_recompute,1000,128,8,4,interleaved,0,20261910,6088900,6.0889,1000,164233.277,128281,1000,"[-0.1639305098382846, -0.12294805263762999, -0.07115019682915089, -0.06683592796873657, -0.0120083516666772, -0.02790309787598093, -0.04131333829283722, 0.012654437252231436]",54.52648618164113,2.086707473054577,37f54be7c9faa9f3
merge,compact_ordered,1000,128,8,4,contiguous,1,20261910,6948600,6.9486,1003,144345.624,227015,1000,,,,
finalize,compact_ordered,1000,128,8,4,contiguous,1,20261910,2055600,2.0556,1000,486475.968,227015,1000,"[-0.1639305098382846, -0.12294805263762999, -0.07115019682915089, -0.06683592796873657, -0.0120083516666772, -0.02790309787598093, -0.04131333829283722, 0.012654437252231436]",54.52648618164113,2.086707473054577,37f54be7c9faa9f3
merge,exact_store_sort,1000,128,8,4,contiguous,1,20261910,94400,0.0944,1003,10625000.0,135416,1000,,,,
finalize,exact_store_sort,1000,128,8,4,contiguous,1,20261910,6373000,6.373,1000,156911.972,135416,1000,"[-0.1639305098382846, -0.12294805263762999, -0.07115019682915089, -0.06683592796873657, -0.0120083516666772, -0.02790309787598093, -0.04131333829283722, 0.012654437252231436]",54.52648618164113,2.086707473054577,37f54be7c9faa9f3
merge,naive_full_recompute,1000,128,8,4,contiguous,1,20261910,14800,0.0148,1003,67770270.27,128281,1000,,,,
finalize,naive_full_recompute,1000,128,8,4,contiguous,1,20261910,6579200,6.5792,1000,151994.163,128281,1000,"[-0.1639305098382846, -0.12294805263762999, -0.07115019682915089, -0.06683592796873657, -0.0120083516666772, -0.02790309787598093, -0.04131333829283722, 0.012654437252231436]",54.52648618164113,2.086707473054577,37f54be7c9faa9f3
merge,exact_store_sort,1000,128,8,4,interleaved,1,20261910,87600,0.0876,1003,11449771.689,135592,1000,,,,
finalize,exact_store_sort,1000,128,8,4,interleaved,1,20261910,6116100,6.1161,1000,163502.886,135592,1000,"[-0.1639305098382846, -0.12294805263762999, -0.07115019682915089, -0.06683592796873657, -0.0120083516666772, -0.02790309787598093, -0.04131333829283722, 0.012654437252231436]",54.52648618164113,2.086707473054577,37f54be7c9faa9f3
merge,naive_full_recompute,1000,128,8,4,interleaved,1,20261910,12700,0.0127,1003,78976377.953,128281,1000,,,,
finalize,naive_full_recompute,1000,128,8,4,interleaved,1,20261910,6368000,6.368,1000,157035.176,128281,1000,"[-0.1639305098382846, -0.12294805263762999, -0.07115019682915089, -0.06683592796873657, -0.0120083516666772, -0.02790309787598093, -0.04131333829283722, 0.012654437252231436]",54.52648618164113,2.086707473054577,37f54be7c9faa9f3
merge,compact_ordered,1000,128,8,16,contiguous,0,20261910,13675300,13.6753,1015,74221.406,226999,1000,,,,
finalize,compact_ordered,1000,128,8,16,contiguous,0,20261910,2116100,2.1161,1000,472567.459,226999,1000,"[-0.1639305098382846, -0.12294805263762999, -0.07115019682915089, -0.06683592796873657, -0.0120083516666772, -0.02790309787598093, -0.04131333829283722, 0.012654437252231436]",54.52648618164113,2.086707473054577,37f54be7c9faa9f3
merge,exact_store_sort,1000,128,8,16,contiguous,0,20261910,162500,0.1625,1015,6246153.846,135240,1000,,,,
finalize,exact_store_sort,1000,128,8,16,contiguous,0,20261910,5604500,5.6045,1000,178428.049,135240,1000,"[-0.1639305098382846, -0.12294805263762999, -0.07115019682915089, -0.06683592796873657, -0.0120083516666772, -0.02790309787598093, -0.04131333829283722, 0.012654437252231436]",54.52648618164113,2.086707473054577,37f54be7c9faa9f3
merge,naive_full_recompute,1000,128,8,16,contiguous,0,20261910,21000,0.021,1015,48333333.333,129305,1000,,,,
finalize,naive_full_recompute,1000,128,8,16,contiguous,0,20261910,6123800,6.1238,1000,163297.299,129305,1000,"[-0.1639305098382846, -0.12294805263762999, -0.07115019682915089, -0.06683592796873657, -0.0120083516666772, -0.02790309787598093, -0.04131333829283722, 0.012654437252231436]",54.52648618164113,2.086707473054577,37f54be7c9faa9f3
merge,exact_store_sort,1000,128,8,16,interleaved,0,20261910,186800,0.1868,1015,5433618.844,135384,1000,,,,
finalize,exact_store_sort,1000,128,8,16,interleaved,0,20261910,5762800,5.7628,1000,173526.758,135384,1000,"[-0.1639305098382846, -0.12294805263762999, -0.07115019682915089, -0.06683592796873657, -0.0120083516666772, -0.02790309787598093, -0.04131333829283722, 0.012654437252231436]",54.52648618164113,2.086707473054577,37f54be7c9faa9f3
merge,naive_full_recompute,1000,128,8,16,interleaved,0,20261910,23100,0.0231,1015,43939393.939,129305,1000,,,,
finalize,naive_full_recompute,1000,128,8,16,interleaved,0,20261910,6039300,6.0393,1000,165582.104,129305,1000,"[-0.1639305098382846, -0.12294805263762999, -0.07115019682915089, -0.06683592796873657, -0.0120083516666772, -0.02790309787598093, -0.04131333829283722, 0.012654437252231436]",54.52648618164113,2.086707473054577,37f54be7c9faa9f3
merge,compact_ordered,1000,128,8,16,contiguous,1,20261910,13503000,13.503,1015,75168.481,226999,1000,,,,
finalize,compact_ordered,1000,128,8,16,contiguous,1,20261910,2077400,2.0774,1000,481370.944,226999,1000,"[-0.1639305098382846, -0.12294805263762999, -0.07115019682915089, -0.06683592796873657, -0.0120083516666772, -0.02790309787598093, -0.04131333829283722, 0.012654437252231436]",54.52648618164113,2.086707473054577,37f54be7c9faa9f3
merge,exact_store_sort,1000,128,8,16,contiguous,1,20261910,412300,0.4123,1015,2461799.66,135240,1000,,,,
finalize,exact_store_sort,1000,128,8,16,contiguous,1,20261910,5598900,5.5989,1000,178606.512,135240,1000,"[-0.1639305098382846, -0.12294805263762999, -0.07115019682915089, -0.06683592796873657, -0.0120083516666772, -0.02790309787598093, -0.04131333829283722, 0.012654437252231436]",54.52648618164113,2.086707473054577,37f54be7c9faa9f3
merge,naive_full_recompute,1000,128,8,16,contiguous,1,20261910,23500,0.0235,1015,43191489.362,129305,1000,,,,
finalize,naive_full_recompute,1000,128,8,16,contiguous,1,20261910,6583500,6.5835,1000,151894.889,129305,1000,"[-0.1639305098382846, -0.12294805263762999, -0.07115019682915089, -0.06683592796873657, -0.0120083516666772, -0.02790309787598093, -0.04131333829283722, 0.012654437252231436]",54.52648618164113,2.086707473054577,37f54be7c9faa9f3
merge,exact_store_sort,1000,128,8,16,interleaved,1,20261910,158900,0.1589,1015,6387665.198,135384,1000,,,,
finalize,exact_store_sort,1000,128,8,16,interleaved,1,20261910,5631500,5.6315,1000,177572.583,135384,1000,"[-0.1639305098382846, -0.12294805263762999, -0.07115019682915089, -0.06683592796873657, -0.0120083516666772, -0.02790309787598093, -0.04131333829283722, 0.012654437252231436]",54.52648618164113,2.086707473054577,37f54be7c9faa9f3
merge,naive_full_recompute,1000,128,8,16,interleaved,1,20261910,19700,0.0197,1015,51522842.64,129305,1000,,,,
finalize,naive_full_recompute,1000,128,8,16,interleaved,1,20261910,6375500,6.3755,1000,156850.443,129305,1000,"[-0.1639305098382846, -0.12294805263762999, -0.07115019682915089, -0.06683592796873657, -0.0120083516666772, -0.02790309787598093, -0.04131333829283722, 0.012654437252231436]",54.52648618164113,2.086707473054577,37f54be7c9faa9f3
merge,compact_ordered,1000,128,64,1,contiguous,0,20261910,2100,0.0021,1000,476190476.19,290439,1000,,,,
finalize,compact_ordered,1000,128,64,1,contiguous,0,20261910,3450200,3.4502,1000,289838.27,290439,1000,"[-0.1639305098382846, -0.12294805263762999, -0.07115019682915089, -0.06683592796873657, -0.0120083516666772, -0.02790309787598093, -0.04131333829283722, 0.012654437252231436, -0.008058814268832641, 0.0017840700441946486, 4.2374478662823514e-05, -0.00033259239695896525, 0.0, 0.0, 0.0, 0.0, 0.0, 0.0, 0.0, 0.0, 0.0, 0.0, 0.0, 0.0, 0.0, 0.0, 0.0, 0.0, 0.0, 0.0, 0.0, 0.0, 0.0, 0.0, 0.0, 0.0, 0.0, 0.0, 0.0, 0.0, 0.0, 0.0, 0.0, 0.0, 0.0, 0.0, 0.0, 0.0, 0.0, 0.0, 0.0, 0.0, 0.0, 0.0, 0.0, 0.0, 0.0, 0.0, 0.0, 0.0, 0.0, 0.0, 0.0, 0.0]",54.595487037276705,2.086707473054577,075ac9b386d46fa0
merge,exact_store_sort,1000,128,64,1,contiguous,0,20261910,1700,0.0017,1000,588235294.118,135032,1000,,,,
finalize,exact_store_sort,1000,128,64,1,contiguous,0,20261910,8850400,8.8504,1000,112989.243,135032,1000,"[-0.1639305098382846, -0.12294805263762999, -0.07115019682915089, -0.06683592796873657, -0.0120083516666772, -0.02790309787598093, -0.04131333829283722, 0.012654437252231436, -0.008058814268832641, 0.0017840700441946486, 4.2374478662823514e-05, -0.00033259239695896525, 0.0, 0.0, 0.0, 0.0, 0.0, 0.0, 0.0, 0.0, 0.0, 0.0, 0.0, 0.0, 0.0, 0.0, 0.0, 0.0, 0.0, 0.0, 0.0, 0.0, 0.0, 0.0, 0.0, 0.0, 0.0, 0.0, 0.0, 0.0, 0.0, 0.0, 0.0, 0.0, 0.0, 0.0, 0.0, 0.0, 0.0, 0.0, 0.0, 0.0, 0.0, 0.0, 0.0, 0.0, 0.0, 0.0, 0.0, 0.0, 0.0, 0.0, 0.0, 0.0]",54.595487037276705,2.086707473054577,075ac9b386d46fa0
merge,naive_full_recompute,1000,128,64,1,contiguous,0,20261910,2900,0.0029,1000,344827586.207,129081,1000,,,,
finalize,naive_full_recompute,1000,128,64,1,contiguous,0,20261910,8958500,8.9585,1000,111625.83,129081,1000,"[-0.1639305098382846, -0.12294805263762999, -0.07115019682915089, -0.06683592796873657, -0.0120083516666772, -0.02790309787598093, -0.04131333829283722, 0.012654437252231436, -0.008058814268832641, 0.0017840700441946486, 4.2374478662823514e-05, -0.00033259239695896525, 0.0, 0.0, 0.0, 0.0, 0.0, 0.0, 0.0, 0.0, 0.0, 0.0, 0.0, 0.0, 0.0, 0.0, 0.0, 0.0, 0.0, 0.0, 0.0, 0.0, 0.0, 0.0, 0.0, 0.0, 0.0, 0.0, 0.0, 0.0, 0.0, 0.0, 0.0, 0.0, 0.0, 0.0, 0.0, 0.0, 0.0, 0.0, 0.0, 0.0, 0.0, 0.0, 0.0, 0.0, 0.0, 0.0, 0.0, 0.0, 0.0, 0.0, 0.0, 0.0]",54.595487037276705,2.086707473054577,075ac9b386d46fa0
merge,exact_store_sort,1000,128,64,1,interleaved,0,20261910,2700,0.0027,1000,370370370.37,135032,1000,,,,
finalize,exact_store_sort,1000,128,64,1,interleaved,0,20261910,7753800,7.7538,1000,128969.022,135032,1000,"[-0.1639305098382846, -0.12294805263762999, -0.07115019682915089, -0.06683592796873657, -0.0120083516666772, -0.02790309787598093, -0.04131333829283722, 0.012654437252231436, -0.008058814268832641, 0.0017840700441946486, 4.2374478662823514e-05, -0.00033259239695896525, 0.0, 0.0, 0.0, 0.0, 0.0, 0.0, 0.0, 0.0, 0.0, 0.0, 0.0, 0.0, 0.0, 0.0, 0.0, 0.0, 0.0, 0.0, 0.0, 0.0, 0.0, 0.0, 0.0, 0.0, 0.0, 0.0, 0.0, 0.0, 0.0, 0.0, 0.0, 0.0, 0.0, 0.0, 0.0, 0.0, 0.0, 0.0, 0.0, 0.0, 0.0, 0.0, 0.0, 0.0, 0.0, 0.0, 0.0, 0.0, 0.0, 0.0, 0.0, 0.0]",54.595487037276705,2.086707473054577,075ac9b386d46fa0
merge,naive_full_recompute,1000,128,64,1,interleaved,0,20261910,1500,0.0015,1000,666666666.667,129081,1000,,,,
finalize,naive_full_recompute,1000,128,64,1,interleaved,0,20261910,7808600,7.8086,1000,128063.93,129081,1000,"[-0.1639305098382846, -0.12294805263762999, -0.07115019682915089, -0.06683592796873657, -0.0120083516666772, -0.02790309787598093, -0.04131333829283722, 0.012654437252231436, -0.008058814268832641, 0.0017840700441946486, 4.2374478662823514e-05, -0.00033259239695896525, 0.0, 0.0, 0.0, 0.0, 0.0, 0.0, 0.0, 0.0, 0.0, 0.0, 0.0, 0.0, 0.0, 0.0, 0.0, 0.0, 0.0, 0.0, 0.0, 0.0, 0.0, 0.0, 0.0, 0.0, 0.0, 0.0, 0.0, 0.0, 0.0, 0.0, 0.0, 0.0, 0.0, 0.0, 0.0, 0.0, 0.0, 0.0, 0.0, 0.0, 0.0, 0.0, 0.0, 0.0, 0.0, 0.0, 0.0, 0.0, 0.0, 0.0, 0.0, 0.0]",54.595487037276705,2.086707473054577,075ac9b386d46fa0
merge,compact_ordered,1000,128,64,1,contiguous,1,20261910,2600,0.0026,1000,384615384.615,290439,1000,,,,
finalize,compact_ordered,1000,128,64,1,contiguous,1,20261910,3480200,3.4802,1000,287339.808,290439,1000,"[-0.1639305098382846, -0.12294805263762999, -0.07115019682915089, -0.06683592796873657, -0.0120083516666772, -0.02790309787598093, -0.04131333829283722, 0.012654437252231436, -0.008058814268832641, 0.0017840700441946486, 4.2374478662823514e-05, -0.00033259239695896525, 0.0, 0.0, 0.0, 0.0, 0.0, 0.0, 0.0, 0.0, 0.0, 0.0, 0.0, 0.0, 0.0, 0.0, 0.0, 0.0, 0.0, 0.0, 0.0, 0.0, 0.0, 0.0, 0.0, 0.0, 0.0, 0.0, 0.0, 0.0, 0.0, 0.0, 0.0, 0.0, 0.0, 0.0, 0.0, 0.0, 0.0, 0.0, 0.0, 0.0, 0.0, 0.0, 0.0, 0.0, 0.0, 0.0, 0.0, 0.0, 0.0, 0.0, 0.0, 0.0]",54.595487037276705,2.086707473054577,075ac9b386d46fa0
merge,exact_store_sort,1000,128,64,1,contiguous,1,20261910,1400,0.0014,1000,714285714.286,135032,1000,,,,
finalize,exact_store_sort,1000,128,64,1,contiguous,1,20261910,10215800,10.2158,1000,97887.586,135032,1000,"[-0.1639305098382846, -0.12294805263762999, -0.07115019682915089, -0.06683592796873657, -0.0120083516666772, -0.02790309787598093, -0.04131333829283722, 0.012654437252231436, -0.008058814268832641, 0.0017840700441946486, 4.2374478662823514e-05, -0.00033259239695896525, 0.0, 0.0, 0.0, 0.0, 0.0, 0.0, 0.0, 0.0, 0.0, 0.0, 0.0, 0.0, 0.0, 0.0, 0.0, 0.0, 0.0, 0.0, 0.0, 0.0, 0.0, 0.0, 0.0, 0.0, 0.0, 0.0, 0.0, 0.0, 0.0, 0.0, 0.0, 0.0, 0.0, 0.0, 0.0, 0.0, 0.0, 0.0, 0.0, 0.0, 0.0, 0.0, 0.0, 0.0, 0.0, 0.0, 0.0, 0.0, 0.0, 0.0, 0.0, 0.0]",54.595487037276705,2.086707473054577,075ac9b386d46fa0
merge,naive_full_recompute,1000,128,64,1,contiguous,1,20261910,1800,0.0018,1000,555555555.556,129081,1000,,,,
finalize,naive_full_recompute,1000,128,64,1,contiguous,1,20261910,8522200,8.5222,1000,117340.593,129081,1000,"[-0.1639305098382846, -0.12294805263762999, -0.07115019682915089, -0.06683592796873657, -0.0120083516666772, -0.02790309787598093, -0.04131333829283722, 0.012654437252231436, -0.008058814268832641, 0.0017840700441946486, 4.2374478662823514e-05, -0.00033259239695896525, 0.0, 0.0, 0.0, 0.0, 0.0, 0.0, 0.0, 0.0, 0.0, 0.0, 0.0, 0.0, 0.0, 0.0, 0.0, 0.0, 0.0, 0.0, 0.0, 0.0, 0.0, 0.0, 0.0, 0.0, 0.0, 0.0, 0.0, 0.0, 0.0, 0.0, 0.0, 0.0, 0.0, 0.0, 0.0, 0.0, 0.0, 0.0, 0.0, 0.0, 0.0, 0.0, 0.0, 0.0, 0.0, 0.0, 0.0, 0.0, 0.0, 0.0, 0.0, 0.0]",54.595487037276705,2.086707473054577,075ac9b386d46fa0
merge,exact_store_sort,1000,128,64,1,interleaved,1,20261910,2000,0.002,1000,500000000.0,135032,1000,,,,
finalize,exact_store_sort,1000,128,64,1,interleaved,1,20261910,7738700,7.7387,1000,129220.67,135032,1000,"[-0.1639305098382846, -0.12294805263762999, -0.07115019682915089, -0.06683592796873657, -0.0120083516666772, -0.02790309787598093, -0.04131333829283722, 0.012654437252231436, -0.008058814268832641, 0.0017840700441946486, 4.2374478662823514e-05, -0.00033259239695896525, 0.0, 0.0, 0.0, 0.0, 0.0, 0.0, 0.0, 0.0, 0.0, 0.0, 0.0, 0.0, 0.0, 0.0, 0.0, 0.0, 0.0, 0.0, 0.0, 0.0, 0.0, 0.0, 0.0, 0.0, 0.0, 0.0, 0.0, 0.0, 0.0, 0.0, 0.0, 0.0, 0.0, 0.0, 0.0, 0.0, 0.0, 0.0, 0.0, 0.0, 0.0, 0.0, 0.0, 0.0, 0.0, 0.0, 0.0, 0.0, 0.0, 0.0, 0.0, 0.0]",54.595487037276705,2.086707473054577,075ac9b386d46fa0
merge,naive_full_recompute,1000,128,64,1,interleaved,1,20261910,1600,0.0016,1000,625000000.0,129081,1000,,,,
finalize,naive_full_recompute,1000,128,64,1,interleaved,1,20261910,7650400,7.6504,1000,130712.12,129081,1000,"[-0.1639305098382846, -0.12294805263762999, -0.07115019682915089, -0.06683592796873657, -0.0120083516666772, -0.02790309787598093, -0.04131333829283722, 0.012654437252231436, -0.008058814268832641, 0.0017840700441946486, 4.2374478662823514e-05, -0.00033259239695896525, 0.0, 0.0, 0.0, 0.0, 0.0, 0.0, 0.0, 0.0, 0.0, 0.0, 0.0, 0.0, 0.0, 0.0, 0.0, 0.0, 0.0, 0.0, 0.0, 0.0, 0.0, 0.0, 0.0, 0.0, 0.0, 0.0, 0.0, 0.0, 0.0, 0.0, 0.0, 0.0, 0.0, 0.0, 0.0, 0.0, 0.0, 0.0, 0.0, 0.0, 0.0, 0.0, 0.0, 0.0, 0.0, 0.0, 0.0, 0.0, 0.0, 0.0, 0.0, 0.0]",54.595487037276705,2.086707473054577,075ac9b386d46fa0
merge,compact_ordered,1000,128,64,4,contiguous,0,20261910,29276100,29.2761,1003,34260.028,287511,1000,,,,
finalize,compact_ordered,1000,128,64,4,contiguous,0,20261910,3821300,3.8213,1000,261691.048,287511,1000,"[-0.1639305098382846, -0.12294805263762999, -0.07115019682915089, -0.06683592796873657, -0.0120083516666772, -0.02790309787598093, -0.04131333829283722, 0.012654437252231436, -0.008058814268832641, 0.0017840700441946486, 4.2374478662823514e-05, -0.00033259239695896525, 0.0, 0.0, 0.0, 0.0, 0.0, 0.0, 0.0, 0.0, 0.0, 0.0, 0.0, 0.0, 0.0, 0.0, 0.0, 0.0, 0.0, 0.0, 0.0, 0.0, 0.0, 0.0, 0.0, 0.0, 0.0, 0.0, 0.0, 0.0, 0.0, 0.0, 0.0, 0.0, 0.0, 0.0, 0.0, 0.0, 0.0, 0.0, 0.0, 0.0, 0.0, 0.0, 0.0, 0.0, 0.0, 0.0, 0.0, 0.0, 0.0, 0.0, 0.0, 0.0]",54.595487037276705,2.086707473054577,075ac9b386d46fa0
merge,exact_store_sort,1000,128,64,4,contiguous,0,20261910,86200,0.0862,1003,11635730.858,135416,1000,,,,
finalize,exact_store_sort,1000,128,64,4,contiguous,0,20261910,7429300,7.4293,1000,134602.183,135416,1000,"[-0.1639305098382846, -0.12294805263762999, -0.07115019682915089, -0.06683592796873657, -0.0120083516666772, -0.02790309787598093, -0.04131333829283722, 0.012654437252231436, -0.008058814268832641, 0.0017840700441946486, 4.2374478662823514e-05, -0.00033259239695896525, 0.0, 0.0, 0.0, 0.0, 0.0, 0.0, 0.0, 0.0, 0.0, 0.0, 0.0, 0.0, 0.0, 0.0, 0.0, 0.0, 0.0, 0.0, 0.0, 0.0, 0.0, 0.0, 0.0, 0.0, 0.0, 0.0, 0.0, 0.0, 0.0, 0.0, 0.0, 0.0, 0.0, 0.0, 0.0, 0.0, 0.0, 0.0, 0.0, 0.0, 0.0, 0.0, 0.0, 0.0, 0.0, 0.0, 0.0, 0.0, 0.0, 0.0, 0.0, 0.0]",54.595487037276705,2.086707473054577,075ac9b386d46fa0
merge,naive_full_recompute,1000,128,64,4,contiguous,0,20261910,9900,0.0099,1003,101313131.313,128281,1000,,,,
finalize,naive_full_recompute,1000,128,64,4,contiguous,0,20261910,8887400,8.8874,1000,112518.847,128281,1000,"[-0.1639305098382846, -0.12294805263762999, -0.07115019682915089, -0.06683592796873657, -0.0120083516666772, -0.02790309787598093, -0.04131333829283722, 0.012654437252231436, -0.008058814268832641, 0.0017840700441946486, 4.2374478662823514e-05, -0.00033259239695896525, 0.0, 0.0, 0.0, 0.0, 0.0, 0.0, 0.0, 0.0, 0.0, 0.0, 0.0, 0.0, 0.0, 0.0, 0.0, 0.0, 0.0, 0.0, 0.0, 0.0, 0.0, 0.0, 0.0, 0.0, 0.0, 0.0, 0.0, 0.0, 0.0, 0.0, 0.0, 0.0, 0.0, 0.0, 0.0, 0.0, 0.0, 0.0, 0.0, 0.0, 0.0, 0.0, 0.0, 0.0, 0.0, 0.0, 0.0, 0.0, 0.0, 0.0, 0.0, 0.0]",54.595487037276705,2.086707473054577,075ac9b386d46fa0
merge,exact_store_sort,1000,128,64,4,interleaved,0,20261910,85600,0.0856,1003,11717289.72,135592,1000,,,,
finalize,exact_store_sort,1000,128,64,4,interleaved,0,20261910,8754500,8.7545,1000,114226.969,135592,1000,"[-0.1639305098382846, -0.12294805263762999, -0.07115019682915089, -0.06683592796873657, -0.0120083516666772, -0.02790309787598093, -0.04131333829283722, 0.012654437252231436, -0.008058814268832641, 0.0017840700441946486, 4.2374478662823514e-05, -0.00033259239695896525, 0.0, 0.0, 0.0, 0.0, 0.0, 0.0, 0.0, 0.0, 0.0, 0.0, 0.0, 0.0, 0.0, 0.0, 0.0, 0.0, 0.0, 0.0, 0.0, 0.0, 0.0, 0.0, 0.0, 0.0, 0.0, 0.0, 0.0, 0.0, 0.0, 0.0, 0.0, 0.0, 0.0, 0.0, 0.0, 0.0, 0.0, 0.0, 0.0, 0.0, 0.0, 0.0, 0.0, 0.0, 0.0, 0.0, 0.0, 0.0, 0.0, 0.0, 0.0, 0.0]",54.595487037276705,2.086707473054577,075ac9b386d46fa0
merge,naive_full_recompute,1000,128,64,4,interleaved,0,20261910,13200,0.0132,1003,75984848.485,128281,1000,,,,
finalize,naive_full_recompute,1000,128,64,4,interleaved,0,20261910,7541600,7.5416,1000,132597.857,128281,1000,"[-0.1639305098382846, -0.12294805263762999, -0.07115019682915089, -0.06683592796873657, -0.0120083516666772, -0.02790309787598093, -0.04131333829283722, 0.012654437252231436, -0.008058814268832641, 0.0017840700441946486, 4.2374478662823514e-05, -0.00033259239695896525, 0.0, 0.0, 0.0, 0.0, 0.0, 0.0, 0.0, 0.0, 0.0, 0.0, 0.0, 0.0, 0.0, 0.0, 0.0, 0.0, 0.0, 0.0, 0.0, 0.0, 0.0, 0.0, 0.0, 0.0, 0.0, 0.0, 0.0, 0.0, 0.0, 0.0, 0.0, 0.0, 0.0, 0.0, 0.0, 0.0, 0.0, 0.0, 0.0, 0.0, 0.0, 0.0, 0.0, 0.0, 0.0, 0.0, 0.0, 0.0, 0.0, 0.0, 0.0, 0.0]",54.595487037276705,2.086707473054577,075ac9b386d46fa0
merge,compact_ordered,1000,128,64,4,contiguous,1,20261910,28728000,28.728,1003,34913.673,287511,1000,,,,
finalize,compact_ordered,1000,128,64,4,contiguous,1,20261910,3416800,3.4168,1000,292671.506,287511,1000,"[-0.1639305098382846, -0.12294805263762999, -0.07115019682915089, -0.06683592796873657, -0.0120083516666772, -0.02790309787598093, -0.04131333829283722, 0.012654437252231436, -0.008058814268832641, 0.0017840700441946486, 4.2374478662823514e-05, -0.00033259239695896525, 0.0, 0.0, 0.0, 0.0, 0.0, 0.0, 0.0, 0.0, 0.0, 0.0, 0.0, 0.0, 0.0, 0.0, 0.0, 0.0, 0.0, 0.0, 0.0, 0.0, 0.0, 0.0, 0.0, 0.0, 0.0, 0.0, 0.0, 0.0, 0.0, 0.0, 0.0, 0.0, 0.0, 0.0, 0.0, 0.0, 0.0, 0.0, 0.0, 0.0, 0.0, 0.0, 0.0, 0.0, 0.0, 0.0, 0.0, 0.0, 0.0, 0.0, 0.0, 0.0]",54.595487037276705,2.086707473054577,075ac9b386d46fa0
merge,exact_store_sort,1000,128,64,4,contiguous,1,20261910,84900,0.0849,1003,11813898.704,135416,1000,,,,
finalize,exact_store_sort,1000,128,64,4,contiguous,1,20261910,7100500,7.1005,1000,140835.152,135416,1000,"[-0.1639305098382846, -0.12294805263762999, -0.07115019682915089, -0.06683592796873657, -0.0120083516666772, -0.02790309787598093, -0.04131333829283722, 0.012654437252231436, -0.008058814268832641, 0.0017840700441946486, 4.2374478662823514e-05, -0.00033259239695896525, 0.0, 0.0, 0.0, 0.0, 0.0, 0.0, 0.0, 0.0, 0.0, 0.0, 0.0, 0.0, 0.0, 0.0, 0.0, 0.0, 0.0, 0.0, 0.0, 0.0, 0.0, 0.0, 0.0, 0.0, 0.0, 0.0, 0.0, 0.0, 0.0, 0.0, 0.0, 0.0, 0.0, 0.0, 0.0, 0.0, 0.0, 0.0, 0.0, 0.0, 0.0, 0.0, 0.0, 0.0, 0.0, 0.0, 0.0, 0.0, 0.0, 0.0, 0.0, 0.0]",54.595487037276705,2.086707473054577,075ac9b386d46fa0
merge,naive_full_recompute,1000,128,64,4,contiguous,1,20261910,10000,0.01,1003,100300000.0,128281,1000,,,,
finalize,naive_full_recompute,1000,128,64,4,contiguous,1,20261910,7807600,7.8076,1000,128080.332,128281,1000,"[-0.1639305098382846, -0.12294805263762999, -0.07115019682915089, -0.06683592796873657, -0.0120083516666772, -0.02790309787598093, -0.04131333829283722, 0.012654437252231436, -0.008058814268832641, 0.0017840700441946486, 4.2374478662823514e-05, -0.00033259239695896525, 0.0, 0.0, 0.0, 0.0, 0.0, 0.0, 0.0, 0.0, 0.0, 0.0, 0.0, 0.0, 0.0, 0.0, 0.0, 0.0, 0.0, 0.0, 0.0, 0.0, 0.0, 0.0, 0.0, 0.0, 0.0, 0.0, 0.0, 0.0, 0.0, 0.0, 0.0, 0.0, 0.0, 0.0, 0.0, 0.0, 0.0, 0.0, 0.0, 0.0, 0.0, 0.0, 0.0, 0.0, 0.0, 0.0, 0.0, 0.0, 0.0, 0.0, 0.0, 0.0]",54.595487037276705,2.086707473054577,075ac9b386d46fa0
merge,exact_store_sort,1000,128,64,4,interleaved,1,20261910,86100,0.0861,1003,11649245.064,135592,1000,,,,
finalize,exact_store_sort,1000,128,64,4,interleaved,1,20261910,7689900,7.6899,1000,130040.703,135592,1000,"[-0.1639305098382846, -0.12294805263762999, -0.07115019682915089, -0.06683592796873657, -0.0120083516666772, -0.02790309787598093, -0.04131333829283722, 0.012654437252231436, -0.008058814268832641, 0.0017840700441946486, 4.2374478662823514e-05, -0.00033259239695896525, 0.0, 0.0, 0.0, 0.0, 0.0, 0.0, 0.0, 0.0, 0.0, 0.0, 0.0, 0.0, 0.0, 0.0, 0.0, 0.0, 0.0, 0.0, 0.0, 0.0, 0.0, 0.0, 0.0, 0.0, 0.0, 0.0, 0.0, 0.0, 0.0, 0.0, 0.0, 0.0, 0.0, 0.0, 0.0, 0.0, 0.0, 0.0, 0.0, 0.0, 0.0, 0.0, 0.0, 0.0, 0.0, 0.0, 0.0, 0.0, 0.0, 0.0, 0.0, 0.0]",54.595487037276705,2.086707473054577,075ac9b386d46fa0
merge,naive_full_recompute,1000,128,64,4,interleaved,1,20261910,11700,0.0117,1003,85726495.726,128281,1000,,,,
finalize,naive_full_recompute,1000,128,64,4,interleaved,1,20261910,7890900,7.8909,1000,126728.257,128281,1000,"[-0.1639305098382846, -0.12294805263762999, -0.07115019682915089, -0.06683592796873657, -0.0120083516666772, -0.02790309787598093, -0.04131333829283722, 0.012654437252231436, -0.008058814268832641, 0.0017840700441946486, 4.2374478662823514e-05, -0.00033259239695896525, 0.0, 0.0, 0.0, 0.0, 0.0, 0.0, 0.0, 0.0, 0.0, 0.0, 0.0, 0.0, 0.0, 0.0, 0.0, 0.0, 0.0, 0.0, 0.0, 0.0, 0.0, 0.0, 0.0, 0.0, 0.0, 0.0, 0.0, 0.0, 0.0, 0.0, 0.0, 0.0, 0.0, 0.0, 0.0, 0.0, 0.0, 0.0, 0.0, 0.0, 0.0, 0.0, 0.0, 0.0, 0.0, 0.0, 0.0, 0.0, 0.0, 0.0, 0.0, 0.0]",54.595487037276705,2.086707473054577,075ac9b386d46fa0
merge,compact_ordered,1000,128,64,16,contiguous,0,20261910,58484900,58.4849,1015,17354.907,287495,1000,,,,
finalize,compact_ordered,1000,128,64,16,contiguous,0,20261910,3734900,3.7349,1000,267744.786,287495,1000,"[-0.1639305098382846, -0.12294805263762999, -0.07115019682915089, -0.06683592796873657, -0.0120083516666772, -0.02790309787598093, -0.04131333829283722, 0.012654437252231436, -0.008058814268832641, 0.0017840700441946486, 4.2374478662823514e-05, -0.00033259239695896525, 0.0, 0.0, 0.0, 0.0, 0.0, 0.0, 0.0, 0.0, 0.0, 0.0, 0.0, 0.0, 0.0, 0.0, 0.0, 0.0, 0.0, 0.0, 0.0, 0.0, 0.0, 0.0, 0.0, 0.0, 0.0, 0.0, 0.0, 0.0, 0.0, 0.0, 0.0, 0.0, 0.0, 0.0, 0.0, 0.0, 0.0, 0.0, 0.0, 0.0, 0.0, 0.0, 0.0, 0.0, 0.0, 0.0, 0.0, 0.0, 0.0, 0.0, 0.0, 0.0]",54.595487037276705,2.086707473054577,075ac9b386d46fa0
merge,exact_store_sort,1000,128,64,16,contiguous,0,20261910,160400,0.1604,1015,6327930.175,135240,1000,,,,
finalize,exact_store_sort,1000,128,64,16,contiguous,0,20261910,7838500,7.8385,1000,127575.429,135240,1000,"[-0.1639305098382846, -0.12294805263762999, -0.07115019682915089, -0.06683592796873657, -0.0120083516666772, -0.02790309787598093, -0.04131333829283722, 0.012654437252231436, -0.008058814268832641, 0.0017840700441946486, 4.2374478662823514e-05, -0.00033259239695896525, 0.0, 0.0, 0.0, 0.0, 0.0, 0.0, 0.0, 0.0, 0.0, 0.0, 0.0, 0.0, 0.0, 0.0, 0.0, 0.0, 0.0, 0.0, 0.0, 0.0, 0.0, 0.0, 0.0, 0.0, 0.0, 0.0, 0.0, 0.0, 0.0, 0.0, 0.0, 0.0, 0.0, 0.0, 0.0, 0.0, 0.0, 0.0, 0.0, 0.0, 0.0, 0.0, 0.0, 0.0, 0.0, 0.0, 0.0, 0.0, 0.0, 0.0, 0.0, 0.0]",54.595487037276705,2.086707473054577,075ac9b386d46fa0
merge,naive_full_recompute,1000,128,64,16,contiguous,0,20261910,28000,0.028,1015,36250000.0,129305,1000,,,,
finalize,naive_full_recompute,1000,128,64,16,contiguous,0,20261910,7820700,7.8207,1000,127865.792,129305,1000,"[-0.1639305098382846, -0.12294805263762999, -0.07115019682915089, -0.06683592796873657, -0.0120083516666772, -0.02790309787598093, -0.04131333829283722, 0.012654437252231436, -0.008058814268832641, 0.0017840700441946486, 4.2374478662823514e-05, -0.00033259239695896525, 0.0, 0.0, 0.0, 0.0, 0.0, 0.0, 0.0, 0.0, 0.0, 0.0, 0.0, 0.0, 0.0, 0.0, 0.0, 0.0, 0.0, 0.0, 0.0, 0.0, 0.0, 0.0, 0.0, 0.0, 0.0, 0.0, 0.0, 0.0, 0.0, 0.0, 0.0, 0.0, 0.0, 0.0, 0.0, 0.0, 0.0, 0.0, 0.0, 0.0, 0.0, 0.0, 0.0, 0.0, 0.0, 0.0, 0.0, 0.0, 0.0, 0.0, 0.0, 0.0]",54.595487037276705,2.086707473054577,075ac9b386d46fa0
merge,exact_store_sort,1000,128,64,16,interleaved,0,20261910,163000,0.163,1015,6226993.865,135384,1000,,,,
finalize,exact_store_sort,1000,128,64,16,interleaved,0,20261910,7227500,7.2275,1000,138360.429,135384,1000,"[-0.1639305098382846, -0.12294805263762999, -0.07115019682915089, -0.06683592796873657, -0.0120083516666772, -0.02790309787598093, -0.04131333829283722, 0.012654437252231436, -0.008058814268832641, 0.0017840700441946486, 4.2374478662823514e-05, -0.00033259239695896525, 0.0, 0.0, 0.0, 0.0, 0.0, 0.0, 0.0, 0.0, 0.0, 0.0, 0.0, 0.0, 0.0, 0.0, 0.0, 0.0, 0.0, 0.0, 0.0, 0.0, 0.0, 0.0, 0.0, 0.0, 0.0, 0.0, 0.0, 0.0, 0.0, 0.0, 0.0, 0.0, 0.0, 0.0, 0.0, 0.0, 0.0, 0.0, 0.0, 0.0, 0.0, 0.0, 0.0, 0.0, 0.0, 0.0, 0.0, 0.0, 0.0, 0.0, 0.0, 0.0]",54.595487037276705,2.086707473054577,075ac9b386d46fa0
merge,naive_full_recompute,1000,128,64,16,interleaved,0,20261910,14500,0.0145,1015,70000000.0,129305,1000,,,,
finalize,naive_full_recompute,1000,128,64,16,interleaved,0,20261910,7832400,7.8324,1000,127674.787,129305,1000,"[-0.1639305098382846, -0.12294805263762999, -0.07115019682915089, -0.06683592796873657, -0.0120083516666772, -0.02790309787598093, -0.04131333829283722, 0.012654437252231436, -0.008058814268832641, 0.0017840700441946486, 4.2374478662823514e-05, -0.00033259239695896525, 0.0, 0.0, 0.0, 0.0, 0.0, 0.0, 0.0, 0.0, 0.0, 0.0, 0.0, 0.0, 0.0, 0.0, 0.0, 0.0, 0.0, 0.0, 0.0, 0.0, 0.0, 0.0, 0.0, 0.0, 0.0, 0.0, 0.0, 0.0, 0.0, 0.0, 0.0, 0.0, 0.0, 0.0, 0.0, 0.0, 0.0, 0.0, 0.0, 0.0, 0.0, 0.0, 0.0, 0.0, 0.0, 0.0, 0.0, 0.0, 0.0, 0.0, 0.0, 0.0]",54.595487037276705,2.086707473054577,075ac9b386d46fa0
merge,compact_ordered,1000,128,64,16,contiguous,1,20261910,56545100,56.5451,1015,17950.273,287495,1000,,,,
finalize,compact_ordered,1000,128,64,16,contiguous,1,20261910,3727100,3.7271,1000,268305.117,287495,1000,"[-0.1639305098382846, -0.12294805263762999, -0.07115019682915089, -0.06683592796873657, -0.0120083516666772, -0.02790309787598093, -0.04131333829283722, 0.012654437252231436, -0.008058814268832641, 0.0017840700441946486, 4.2374478662823514e-05, -0.00033259239695896525, 0.0, 0.0, 0.0, 0.0, 0.0, 0.0, 0.0, 0.0, 0.0, 0.0, 0.0, 0.0, 0.0, 0.0, 0.0, 0.0, 0.0, 0.0, 0.0, 0.0, 0.0, 0.0, 0.0, 0.0, 0.0, 0.0, 0.0, 0.0, 0.0, 0.0, 0.0, 0.0, 0.0, 0.0, 0.0, 0.0, 0.0, 0.0, 0.0, 0.0, 0.0, 0.0, 0.0, 0.0, 0.0, 0.0, 0.0, 0.0, 0.0, 0.0, 0.0, 0.0]",54.595487037276705,2.086707473054577,075ac9b386d46fa0
merge,exact_store_sort,1000,128,64,16,contiguous,1,20261910,181500,0.1815,1015,5592286.501,135240,1000,,,,
finalize,exact_store_sort,1000,128,64,16,contiguous,1,20261910,8361400,8.3614,1000,119597.197,135240,1000,"[-0.1639305098382846, -0.12294805263762999, -0.07115019682915089, -0.06683592796873657, -0.0120083516666772, -0.02790309787598093, -0.04131333829283722, 0.012654437252231436, -0.008058814268832641, 0.0017840700441946486, 4.2374478662823514e-05, -0.00033259239695896525, 0.0, 0.0, 0.0, 0.0, 0.0, 0.0, 0.0, 0.0, 0.0, 0.0, 0.0, 0.0, 0.0, 0.0, 0.0, 0.0, 0.0, 0.0, 0.0, 0.0, 0.0, 0.0, 0.0, 0.0, 0.0, 0.0, 0.0, 0.0, 0.0, 0.0, 0.0, 0.0, 0.0, 0.0, 0.0, 0.0, 0.0, 0.0, 0.0, 0.0, 0.0, 0.0, 0.0, 0.0, 0.0, 0.0, 0.0, 0.0, 0.0, 0.0, 0.0, 0.0]",54.595487037276705,2.086707473054577,075ac9b386d46fa0
merge,naive_full_recompute,1000,128,64,16,contiguous,1,20261910,20500,0.0205,1015,49512195.122,129305,1000,,,,
finalize,naive_full_recompute,1000,128,64,16,contiguous,1,20261910,7693000,7.693,1000,129988.301,129305,1000,"[-0.1639305098382846, -0.12294805263762999, -0.07115019682915089, -0.06683592796873657, -0.0120083516666772, -0.02790309787598093, -0.04131333829283722, 0.012654437252231436, -0.008058814268832641, 0.0017840700441946486, 4.2374478662823514e-05, -0.00033259239695896525, 0.0, 0.0, 0.0, 0.0, 0.0, 0.0, 0.0, 0.0, 0.0, 0.0, 0.0, 0.0, 0.0, 0.0, 0.0, 0.0, 0.0, 0.0, 0.0, 0.0, 0.0, 0.0, 0.0, 0.0, 0.0, 0.0, 0.0, 0.0, 0.0, 0.0, 0.0, 0.0, 0.0, 0.0, 0.0, 0.0, 0.0, 0.0, 0.0, 0.0, 0.0, 0.0, 0.0, 0.0, 0.0, 0.0, 0.0, 0.0, 0.0, 0.0, 0.0, 0.0]",54.595487037276705,2.086707473054577,075ac9b386d46fa0
merge,exact_store_sort,1000,128,64,16,interleaved,1,20261910,161500,0.1615,1015,6284829.721,135384,1000,,,,
finalize,exact_store_sort,1000,128,64,16,interleaved,1,20261910,7247800,7.2478,1000,137972.902,135384,1000,"[-0.1639305098382846, -0.12294805263762999, -0.07115019682915089, -0.06683592796873657, -0.0120083516666772, -0.02790309787598093, -0.04131333829283722, 0.012654437252231436, -0.008058814268832641, 0.0017840700441946486, 4.2374478662823514e-05, -0.00033259239695896525, 0.0, 0.0, 0.0, 0.0, 0.0, 0.0, 0.0, 0.0, 0.0, 0.0, 0.0, 0.0, 0.0, 0.0, 0.0, 0.0, 0.0, 0.0, 0.0, 0.0, 0.0, 0.0, 0.0, 0.0, 0.0, 0.0, 0.0, 0.0, 0.0, 0.0, 0.0, 0.0, 0.0, 0.0, 0.0, 0.0, 0.0, 0.0, 0.0, 0.0, 0.0, 0.0, 0.0, 0.0, 0.0, 0.0, 0.0, 0.0, 0.0, 0.0, 0.0, 0.0]",54.595487037276705,2.086707473054577,075ac9b386d46fa0
merge,naive_full_recompute,1000,128,64,16,interleaved,1,20261910,16300,0.0163,1015,62269938.65,129305,1000,,,,
finalize,naive_full_recompute,1000,128,64,16,interleaved,1,20261910,7616300,7.6163,1000,131297.349,129305,1000,"[-0.1639305098382846, -0.12294805263762999, -0.07115019682915089, -0.06683592796873657, -0.0120083516666772, -0.02790309787598093, -0.04131333829283722, 0.012654437252231436, -0.008058814268832641, 0.0017840700441946486, 4.2374478662823514e-05, -0.00033259239695896525, 0.0, 0.0, 0.0, 0.0, 0.0, 0.0, 0.0, 0.0, 0.0, 0.0, 0.0, 0.0, 0.0, 0.0, 0.0, 0.0, 0.0, 0.0, 0.0, 0.0, 0.0, 0.0, 0.0, 0.0, 0.0, 0.0, 0.0, 0.0, 0.0, 0.0, 0.0, 0.0, 0.0, 0.0, 0.0, 0.0, 0.0, 0.0, 0.0, 0.0, 0.0, 0.0, 0.0, 0.0, 0.0, 0.0, 0.0, 0.0, 0.0, 0.0, 0.0, 0.0]",54.595487037276705,2.086707473054577,075ac9b386d46fa0
add,compact_ordered,5000,128,64,1,contiguous,0,20265910,58247500,58.2475,5000,85840.594,625607,5000,,,,
finalize,compact_ordered,5000,128,64,1,contiguous,0,20265910,15578000,15.578,5000,320965.464,625607,5000,"[-0.013566955834783975, 0.00018188746385008173, -0.028382763973453518, -0.01596686009347982, -0.015164078104198423, -0.024434531679983176, -0.030195756319057483, -0.02457987099269715, -0.014526131201352882, -0.02277006201910474, -0.04201799335735973, -0.031836884911371356, -0.021976062911074987, -0.0143506913578924, 0.0012255483924065445, -0.01171658043859952, -0.015102845426333326, -0.015293408606528341, -0.013052996062502585, -0.024964476756503932, -0.0010370151311012291, -0.01997948307598043, -0.019817783603064982, -0.009381448108806045, -0.015062845627596303, -0.0020647134849724937, -0.00931469846562652, -0.006508174832129305, 0.002056899961621706, -0.004248753215074397, -0.009199054332780317, -0.008285667257164439, -0.006554667426585554, -0.0006245184391075871, -0.008837070467711884, -0.004658199812890305, -0.004038646854058552, -0.0005555925864132401, -0.0003117457901887133, 0.002688497185761182, -0.0007349804012197811, 0.0016812872040122423, -0.0013616358257221624, 0.0015207228192053322, 0.00166346844643124, 0.001066687854326833, 0.0007993416898995502, -0.0010268136278644264, 0.0005445810490339817, -0.00011418088848126227, 0.0004084264620878513, 7.121661297568744e-05, -0.00023319392152816438, -7.777045692923722e-06, -5.390882663261571e-05, 2.9539530587401854e-06, 0.0, 0.0, 0.0, 0.0, 0.0, 0.0, 0.0, 0.0]",54.041736883773844,1.9760674186252631,9fc737c7e695649b
add,exact_store_sort,5000,128,64,1,contiguous,0,20265910,1598300,1.5983,5000,3128323.844,616928,5000,,,,
finalize,exact_store_sort,5000,128,64,1,contiguous,0,20265910,56434600,56.4346,5000,88598.13,616928,5000,"[-0.013566955834783975, 0.00018188746385008173, -0.028382763973453518, -0.01596686009347982, -0.015164078104198423, -0.024434531679983176, -0.030195756319057483, -0.02457987099269715, -0.014526131201352882, -0.02277006201910474, -0.04201799335735973, -0.031836884911371356, -0.021976062911074987, -0.0143506913578924, 0.0012255483924065445, -0.01171658043859952, -0.015102845426333326, -0.015293408606528341, -0.013052996062502585, -0.024964476756503932, -0.0010370151311012291, -0.01997948307598043, -0.019817783603064982, -0.009381448108806045, -0.015062845627596303, -0.0020647134849724937, -0.00931469846562652, -0.006508174832129305, 0.002056899961621706, -0.004248753215074397, -0.009199054332780317, -0.008285667257164439, -0.006554667426585554, -0.0006245184391075871, -0.008837070467711884, -0.004658199812890305, -0.004038646854058552, -0.0005555925864132401, -0.0003117457901887133, 0.002688497185761182, -0.0007349804012197811, 0.0016812872040122423, -0.0013616358257221624, 0.0015207228192053322, 0.00166346844643124, 0.001066687854326833, 0.0007993416898995502, -0.0010268136278644264, 0.0005445810490339817, -0.00011418088848126227, 0.0004084264620878513, 7.121661297568744e-05, -0.00023319392152816438, -7.777045692923722e-06, -5.390882663261571e-05, 2.9539530587401854e-06, 0.0, 0.0, 0.0, 0.0, 0.0, 0.0, 0.0, 0.0]",54.041736883773844,1.9760674186252631,9fc737c7e695649b
add,naive_full_recompute,5000,128,64,1,contiguous,0,20265910,892600,0.8926,5000,5601613.265,642049,5000,,,,
finalize,naive_full_recompute,5000,128,64,1,contiguous,0,20265910,59040400,59.0404,5000,84687.773,642049,5000,"[-0.013566955834783975, 0.00018188746385008173, -0.028382763973453518, -0.01596686009347982, -0.015164078104198423, -0.024434531679983176, -0.030195756319057483, -0.02457987099269715, -0.014526131201352882, -0.02277006201910474, -0.04201799335735973, -0.031836884911371356, -0.021976062911074987, -0.0143506913578924, 0.0012255483924065445, -0.01171658043859952, -0.015102845426333326, -0.015293408606528341, -0.013052996062502585, -0.024964476756503932, -0.0010370151311012291, -0.01997948307598043, -0.019817783603064982, -0.009381448108806045, -0.015062845627596303, -0.0020647134849724937, -0.00931469846562652, -0.006508174832129305, 0.002056899961621706, -0.004248753215074397, -0.009199054332780317, -0.008285667257164439, -0.006554667426585554, -0.0006245184391075871, -0.008837070467711884, -0.004658199812890305, -0.004038646854058552, -0.0005555925864132401, -0.0003117457901887133, 0.002688497185761182, -0.0007349804012197811, 0.0016812872040122423, -0.0013616358257221624, 0.0015207228192053322, 0.00166346844643124, 0.001066687854326833, 0.0007993416898995502, -0.0010268136278644264, 0.0005445810490339817, -0.00011418088848126227, 0.0004084264620878513, 7.121661297568744e-05, -0.00023319392152816438, -7.777045692923722e-06, -5.390882663261571e-05, 2.9539530587401854e-06, 0.0, 0.0, 0.0, 0.0, 0.0, 0.0, 0.0, 0.0]",54.041736883773844,1.9760674186252631,9fc737c7e695649b
add,compact_ordered,5000,128,64,1,contiguous,1,20265910,59154900,59.1549,5000,84523.852,625607,5000,,,,
finalize,compact_ordered,5000,128,64,1,contiguous,1,20265910,16443600,16.4436,5000,304069.668,625607,5000,"[-0.013566955834783975, 0.00018188746385008173, -0.028382763973453518, -0.01596686009347982, -0.015164078104198423, -0.024434531679983176, -0.030195756319057483, -0.02457987099269715, -0.014526131201352882, -0.02277006201910474, -0.04201799335735973, -0.031836884911371356, -0.021976062911074987, -0.0143506913578924, 0.0012255483924065445, -0.01171658043859952, -0.015102845426333326, -0.015293408606528341, -0.013052996062502585, -0.024964476756503932, -0.0010370151311012291, -0.01997948307598043, -0.019817783603064982, -0.009381448108806045, -0.015062845627596303, -0.0020647134849724937, -0.00931469846562652, -0.006508174832129305, 0.002056899961621706, -0.004248753215074397, -0.009199054332780317, -0.008285667257164439, -0.006554667426585554, -0.0006245184391075871, -0.008837070467711884, -0.004658199812890305, -0.004038646854058552, -0.0005555925864132401, -0.0003117457901887133, 0.002688497185761182, -0.0007349804012197811, 0.0016812872040122423, -0.0013616358257221624, 0.0015207228192053322, 0.00166346844643124, 0.001066687854326833, 0.0007993416898995502, -0.0010268136278644264, 0.0005445810490339817, -0.00011418088848126227, 0.0004084264620878513, 7.121661297568744e-05, -0.00023319392152816438, -7.777045692923722e-06, -5.390882663261571e-05, 2.9539530587401854e-06, 0.0, 0.0, 0.0, 0.0, 0.0, 0.0, 0.0, 0.0]",54.041736883773844,1.9760674186252631,9fc737c7e695649b
add,exact_store_sort,5000,128,64,1,contiguous,1,20265910,1977900,1.9779,5000,2527933.667,616928,5000,,,,
finalize,exact_store_sort,5000,128,64,1,contiguous,1,20265910,55901100,55.9011,5000,89443.678,616928,5000,"[-0.013566955834783975, 0.00018188746385008173, -0.028382763973453518, -0.01596686009347982, -0.015164078104198423, -0.024434531679983176, -0.030195756319057483, -0.02457987099269715, -0.014526131201352882, -0.02277006201910474, -0.04201799335735973, -0.031836884911371356, -0.021976062911074987, -0.0143506913578924, 0.0012255483924065445, -0.01171658043859952, -0.015102845426333326, -0.015293408606528341, -0.013052996062502585, -0.024964476756503932, -0.0010370151311012291, -0.01997948307598043, -0.019817783603064982, -0.009381448108806045, -0.015062845627596303, -0.0020647134849724937, -0.00931469846562652, -0.006508174832129305, 0.002056899961621706, -0.004248753215074397, -0.009199054332780317, -0.008285667257164439, -0.006554667426585554, -0.0006245184391075871, -0.008837070467711884, -0.004658199812890305, -0.004038646854058552, -0.0005555925864132401, -0.0003117457901887133, 0.002688497185761182, -0.0007349804012197811, 0.0016812872040122423, -0.0013616358257221624, 0.0015207228192053322, 0.00166346844643124, 0.001066687854326833, 0.0007993416898995502, -0.0010268136278644264, 0.0005445810490339817, -0.00011418088848126227, 0.0004084264620878513, 7.121661297568744e-05, -0.00023319392152816438, -7.777045692923722e-06, -5.390882663261571e-05, 2.9539530587401854e-06, 0.0, 0.0, 0.0, 0.0, 0.0, 0.0, 0.0, 0.0]",54.041736883773844,1.9760674186252631,9fc737c7e695649b
add,naive_full_recompute,5000,128,64,1,contiguous,1,20265910,832200,0.8322,5000,6008171.113,642049,5000,,,,
finalize,naive_full_recompute,5000,128,64,1,contiguous,1,20265910,59204300,59.2043,5000,84453.325,642049,5000,"[-0.013566955834783975, 0.00018188746385008173, -0.028382763973453518, -0.01596686009347982, -0.015164078104198423, -0.024434531679983176, -0.030195756319057483, -0.02457987099269715, -0.014526131201352882, -0.02277006201910474, -0.04201799335735973, -0.031836884911371356, -0.021976062911074987, -0.0143506913578924, 0.0012255483924065445, -0.01171658043859952, -0.015102845426333326, -0.015293408606528341, -0.013052996062502585, -0.024964476756503932, -0.0010370151311012291, -0.01997948307598043, -0.019817783603064982, -0.009381448108806045, -0.015062845627596303, -0.0020647134849724937, -0.00931469846562652, -0.006508174832129305, 0.002056899961621706, -0.004248753215074397, -0.009199054332780317, -0.008285667257164439, -0.006554667426585554, -0.0006245184391075871, -0.008837070467711884, -0.004658199812890305, -0.004038646854058552, -0.0005555925864132401, -0.0003117457901887133, 0.002688497185761182, -0.0007349804012197811, 0.0016812872040122423, -0.0013616358257221624, 0.0015207228192053322, 0.00166346844643124, 0.001066687854326833, 0.0007993416898995502, -0.0010268136278644264, 0.0005445810490339817, -0.00011418088848126227, 0.0004084264620878513, 7.121661297568744e-05, -0.00023319392152816438, -7.777045692923722e-06, -5.390882663261571e-05, 2.9539530587401854e-06, 0.0, 0.0, 0.0, 0.0, 0.0, 0.0, 0.0, 0.0]",54.041736883773844,1.9760674186252631,9fc737c7e695649b
merge,compact_ordered,5000,128,1,1,contiguous,0,20265910,2800,0.0028,5000,1785714285.714,174415,5000,,,,
finalize,compact_ordered,5000,128,1,1,contiguous,0,20265910,433100,0.4331,5000,11544677.903,174415,5000,[-0.013566955834783975],0.9208637504462299,1.9760674186252631,9abeb1d91747ab46
merge,exact_store_sort,5000,128,1,1,contiguous,0,20265910,2400,0.0024,5000,2083333333.333,616928,5000,,,,
finalize,exact_store_sort,5000,128,1,1,contiguous,0,20265910,12535800,12.5358,5000,398857.672,616928,5000,[-0.013566955834783975],0.9208637504462299,1.9760674186252631,9abeb1d91747ab46
merge,naive_full_recompute,5000,128,1,1,contiguous,0,20265910,2200,0.0022,5000,2272727272.727,642049,5000,,,,
finalize,naive_full_recompute,5000,128,1,1,contiguous,0,20265910,17273000,17.273,5000,289469.114,642049,5000,[-0.013566955834783975],0.9208637504462299,1.9760674186252631,9abeb1d91747ab46
merge,exact_store_sort,5000,128,1,1,interleaved,0,20265910,2700,0.0027,5000,1851851851.852,616928,5000,,,,
finalize,exact_store_sort,5000,128,1,1,interleaved,0,20265910,12464600,12.4646,5000,401136.017,616928,5000,[-0.013566955834783975],0.9208637504462299,1.9760674186252631,9abeb1d91747ab46
merge,naive_full_recompute,5000,128,1,1,interleaved,0,20265910,3000,0.003,5000,1666666666.667,642049,5000,,,,
finalize,naive_full_recompute,5000,128,1,1,interleaved,0,20265910,17288100,17.2881,5000,289216.282,642049,5000,[-0.013566955834783975],0.9208637504462299,1.9760674186252631,9abeb1d91747ab46
merge,compact_ordered,5000,128,1,1,contiguous,1,20265910,3300,0.0033,5000,1515151515.152,174415,5000,,,,
finalize,compact_ordered,5000,128,1,1,contiguous,1,20265910,439900,0.4399,5000,11366219.595,174415,5000,[-0.013566955834783975],0.9208637504462299,1.9760674186252631,9abeb1d91747ab46
merge,exact_store_sort,5000,128,1,1,contiguous,1,20265910,4700,0.0047,5000,1063829787.234,616928,5000,,,,
finalize,exact_store_sort,5000,128,1,1,contiguous,1,20265910,12861600,12.8616,5000,388754.121,616928,5000,[-0.013566955834783975],0.9208637504462299,1.9760674186252631,9abeb1d91747ab46
merge,naive_full_recompute,5000,128,1,1,contiguous,1,20265910,3300,0.0033,5000,1515151515.152,642049,5000,,,,
finalize,naive_full_recompute,5000,128,1,1,contiguous,1,20265910,17374200,17.3742,5000,287783.035,642049,5000,[-0.013566955834783975],0.9208637504462299,1.9760674186252631,9abeb1d91747ab46
merge,exact_store_sort,5000,128,1,1,interleaved,1,20265910,3200,0.0032,5000,1562500000.0,616928,5000,,,,
finalize,exact_store_sort,5000,128,1,1,interleaved,1,20265910,14013600,14.0136,5000,356796.255,616928,5000,[-0.013566955834783975],0.9208637504462299,1.9760674186252631,9abeb1d91747ab46
merge,naive_full_recompute,5000,128,1,1,interleaved,1,20265910,3500,0.0035,5000,1428571428.571,642049,5000,,,,
finalize,naive_full_recompute,5000,128,1,1,interleaved,1,20265910,17990600,17.9906,5000,277922.915,642049,5000,[-0.013566955834783975],0.9208637504462299,1.9760674186252631,9abeb1d91747ab46
merge,compact_ordered,5000,128,1,4,contiguous,0,20265910,2927100,2.9271,5003,1709200.232,171343,5000,,,,
finalize,compact_ordered,5000,128,1,4,contiguous,0,20265910,430400,0.4304,5000,11617100.372,171343,5000,[-0.013566955834783975],0.9208637504462299,1.9760674186252631,9abeb1d91747ab46
merge,exact_store_sort,5000,128,1,4,contiguous,0,20265910,172200,0.1722,5003,29053426.249,617024,5000,,,,
finalize,exact_store_sort,5000,128,1,4,contiguous,0,20265910,12143600,12.1436,5000,411739.517,617024,5000,[-0.013566955834783975],0.9208637504462299,1.9760674186252631,9abeb1d91747ab46
merge,naive_full_recompute,5000,128,1,4,contiguous,0,20265910,42300,0.0423,5003,118274231.678,640225,5000,,,,
finalize,naive_full_recompute,5000,128,1,4,contiguous,0,20265910,20362700,20.3627,5000,245547.005,640225,5000,[-0.013566955834783975],0.9208637504462299,1.9760674186252631,9abeb1d91747ab46
merge,exact_store_sort,5000,128,1,4,interleaved,0,20265910,159800,0.1598,5003,31307884.856,617024,5000,,,,
finalize,exact_store_sort,5000,128,1,4,interleaved,0,20265910,12858000,12.858,5000,388862.965,617024,5000,[-0.013566955834783975],0.9208637504462299,1.9760674186252631,9abeb1d91747ab46
merge,naive_full_recompute,5000,128,1,4,interleaved,0,20265910,47600,0.0476,5003,105105042.017,640225,5000,,,,
finalize,naive_full_recompute,5000,128,1,4,interleaved,0,20265910,16487200,16.4872,5000,303265.564,640225,5000,[-0.013566955834783975],0.9208637504462299,1.9760674186252631,9abeb1d91747ab46
merge,compact_ordered,5000,128,1,4,contiguous,1,20265910,3250600,3.2506,5003,1539100.474,171343,5000,,,,
finalize,compact_ordered,5000,128,1,4,contiguous,1,20265910,463500,0.4635,5000,10787486.516,171343,5000,[-0.013566955834783975],0.9208637504462299,1.9760674186252631,9abeb1d91747ab46
merge,exact_store_sort,5000,128,1,4,contiguous,1,20265910,129400,0.1294,5003,38663060.278,617024,5000,,,,
finalize,exact_store_sort,5000,128,1,4,contiguous,1,20265910,12268900,12.2689,5000,407534.498,617024,5000,[-0.013566955834783975],0.9208637504462299,1.9760674186252631,9abeb1d91747ab46
merge,naive_full_recompute,5000,128,1,4,contiguous,1,20265910,42800,0.0428,5003,116892523.364,640225,5000,,,,
finalize,naive_full_recompute,5000,128,1,4,contiguous,1,20265910,17769600,17.7696,5000,281379.435,640225,5000,[-0.013566955834783975],0.9208637504462299,1.9760674186252631,9abeb1d91747ab46
merge,exact_store_sort,5000,128,1,4,interleaved,1,20265910,161700,0.1617,5003,30940012.369,617024,5000,,,,
finalize,exact_store_sort,5000,128,1,4,interleaved,1,20265910,13703100,13.7031,5000,364880.939,617024,5000,[-0.013566955834783975],0.9208637504462299,1.9760674186252631,9abeb1d91747ab46
merge,naive_full_recompute,5000,128,1,4,interleaved,1,20265910,46000,0.046,5003,108760869.565,640225,5000,,,,
finalize,naive_full_recompute,5000,128,1,4,interleaved,1,20265910,16552300,16.5523,5000,302072.824,640225,5000,[-0.013566955834783975],0.9208637504462299,1.9760674186252631,9abeb1d91747ab46
merge,compact_ordered,5000,128,1,16,contiguous,0,20265910,13699200,13.6992,5015,366079.771,171343,5000,,,,
finalize,compact_ordered,5000,128,1,16,contiguous,0,20265910,424300,0.4243,5000,11784115.013,171343,5000,[-0.013566955834783975],0.9208637504462299,1.9760674186252631,9abeb1d91747ab46
merge,exact_store_sort,5000,128,1,16,contiguous,0,20265910,461200,0.4612,5015,10873807.459,617056,5000,,,,
finalize,exact_store_sort,5000,128,1,16,contiguous,0,20265910,12281600,12.2816,5000,407113.08,617056,5000,[-0.013566955834783975],0.9208637504462299,1.9760674186252631,9abeb1d91747ab46
merge,naive_full_recompute,5000,128,1,16,contiguous,0,20265910,106100,0.1061,5015,47266729.5,645249,5000,,,,
finalize,naive_full_recompute,5000,128,1,16,contiguous,0,20265910,16397700,16.3977,5000,304920.812,645249,5000,[-0.013566955834783975],0.9208637504462299,1.9760674186252631,9abeb1d91747ab46
merge,exact_store_sort,5000,128,1,16,interleaved,0,20265910,448800,0.4488,5015,11174242.424,617504,5000,,,,
finalize,exact_store_sort,5000,128,1,16,interleaved,0,20265910,12774600,12.7746,5000,391401.688,617504,5000,[-0.013566955834783975],0.9208637504462299,1.9760674186252631,9abeb1d91747ab46
merge,naive_full_recompute,5000,128,1,16,interleaved,0,20265910,144600,0.1446,5015,34681881.051,645249,5000,,,,
finalize,naive_full_recompute,5000,128,1,16,interleaved,0,20265910,17787400,17.7874,5000,281097.856,645249,5000,[-0.013566955834783975],0.9208637504462299,1.9760674186252631,9abeb1d91747ab46
merge,compact_ordered,5000,128,1,16,contiguous,1,20265910,13910900,13.9109,5015,360508.666,171343,5000,,,,
finalize,compact_ordered,5000,128,1,16,contiguous,1,20265910,447100,0.4471,5000,11183180.497,171343,5000,[-0.013566955834783975],0.9208637504462299,1.9760674186252631,9abeb1d91747ab46
merge,exact_store_sort,5000,128,1,16,contiguous,1,20265910,443300,0.4433,5015,11312880.668,617056,5000,,,,
finalize,exact_store_sort,5000,128,1,16,contiguous,1,20265910,12041500,12.0415,5000,415230.661,617056,5000,[-0.013566955834783975],0.9208637504462299,1.9760674186252631,9abeb1d91747ab46
merge,naive_full_recompute,5000,128,1,16,contiguous,1,20265910,127100,0.1271,5015,39457120.378,645249,5000,,,,
finalize,naive_full_recompute,5000,128,1,16,contiguous,1,20265910,16812500,16.8125,5000,297397.77,645249,5000,[-0.013566955834783975],0.9208637504462299,1.9760674186252631,9abeb1d91747ab46
merge,exact_store_sort,5000,128,1,16,interleaved,1,20265910,441500,0.4415,5015,11359003.398,617504,5000,,,,
finalize,exact_store_sort,5000,128,1,16,interleaved,1,20265910,13155300,13.1553,5000,380074.951,617504,5000,[-0.013566955834783975],0.9208637504462299,1.9760674186252631,9abeb1d91747ab46
merge,naive_full_recompute,5000,128,1,16,interleaved,1,20265910,219000,0.219,5015,22899543.379,645249,5000,,,,
finalize,naive_full_recompute,5000,128,1,16,interleaved,1,20265910,17773400,17.7734,5000,281319.275,645249,5000,[-0.013566955834783975],0.9208637504462299,1.9760674186252631,9abeb1d91747ab46
merge,compact_ordered,5000,128,8,1,contiguous,0,20265910,3300,0.0033,5000,1515151515.152,299903,5000,,,,
finalize,compact_ordered,5000,128,8,1,contiguous,0,20265910,2706300,2.7063,5000,1847540.923,299903,5000,"[-0.013566955834783975, 0.00018188746385008173, -0.028382763973453518, -0.01596686009347982, -0.015164078104198423, -0.024434531679983176, -0.030195756319057483, -0.02457987099269715]",17.964609161595348,1.9760674186252631,8f4e61b768d67fd6
merge,exact_store_sort,5000,128,8,1,contiguous,0,20265910,3300,0.0033,5000,1515151515.152,616928,5000,,,,
finalize,exact_store_sort,5000,128,8,1,contiguous,0,20265910,24158000,24.158,5000,206970.776,616928,5000,"[-0.013566955834783975, 0.00018188746385008173, -0.028382763973453518, -0.01596686009347982, -0.015164078104198423, -0.024434531679983176, -0.030195756319057483, -0.02457987099269715]",17.964609161595348,1.9760674186252631,8f4e61b768d67fd6
merge,naive_full_recompute,5000,128,8,1,contiguous,0,20265910,2000,0.002,5000,2500000000.0,642049,5000,,,,
finalize,naive_full_recompute,5000,128,8,1,contiguous,0,20265910,27571900,27.5719,5000,181344.05,642049,5000,"[-0.013566955834783975, 0.00018188746385008173, -0.028382763973453518, -0.01596686009347982, -0.015164078104198423, -0.024434531679983176, -0.030195756319057483, -0.02457987099269715]",17.964609161595348,1.9760674186252631,8f4e61b768d67fd6
merge,exact_store_sort,5000,128,8,1,interleaved,0,20265910,2500,0.0025,5000,2000000000.0,616928,5000,,,,
finalize,exact_store_sort,5000,128,8,1,interleaved,0,20265910,23736300,23.7363,5000,210647.826,616928,5000,"[-0.013566955834783975, 0.00018188746385008173, -0.028382763973453518, -0.01596686009347982, -0.015164078104198423, -0.024434531679983176, -0.030195756319057483, -0.02457987099269715]",17.964609161595348,1.9760674186252631,8f4e61b768d67fd6
merge,naive_full_recompute,5000,128,8,1,interleaved,0,20265910,2300,0.0023,5000,2173913043.478,642049,5000,,,,
finalize,naive_full_recompute,5000,128,8,1,interleaved,0,20265910,35549200,35.5492,5000,140650.141,642049,5000,"[-0.013566955834783975, 0.00018188746385008173, -0.028382763973453518, -0.01596686009347982, -0.015164078104198423, -0.024434531679983176, -0.030195756319057483, -0.02457987099269715]",17.964609161595348,1.9760674186252631,8f4e61b768d67fd6
merge,compact_ordered,5000,128,8,1,contiguous,1,20265910,3200,0.0032,5000,1562500000.0,299903,5000,,,,
finalize,compact_ordered,5000,128,8,1,contiguous,1,20265910,2810400,2.8104,5000,1779106.177,299903,5000,"[-0.013566955834783975, 0.00018188746385008173, -0.028382763973453518, -0.01596686009347982, -0.015164078104198423, -0.024434531679983176, -0.030195756319057483, -0.02457987099269715]",17.964609161595348,1.9760674186252631,8f4e61b768d67fd6
merge,exact_store_sort,5000,128,8,1,contiguous,1,20265910,2800,0.0028,5000,1785714285.714,616928,5000,,,,
finalize,exact_store_sort,5000,128,8,1,contiguous,1,20265910,22623500,22.6235,5000,221009.128,616928,5000,"[-0.013566955834783975, 0.00018188746385008173, -0.028382763973453518, -0.01596686009347982, -0.015164078104198423, -0.024434531679983176, -0.030195756319057483, -0.02457987099269715]",17.964609161595348,1.9760674186252631,8f4e61b768d67fd6
merge,naive_full_recompute,5000,128,8,1,contiguous,1,20265910,2700,0.0027,5000,1851851851.852,642049,5000,,,,
finalize,naive_full_recompute,5000,128,8,1,contiguous,1,20265910,28438200,28.4382,5000,175819.848,642049,5000,"[-0.013566955834783975, 0.00018188746385008173, -0.028382763973453518, -0.01596686009347982, -0.015164078104198423, -0.024434531679983176, -0.030195756319057483, -0.02457987099269715]",17.964609161595348,1.9760674186252631,8f4e61b768d67fd6
merge,exact_store_sort,5000,128,8,1,interleaved,1,20265910,3000,0.003,5000,1666666666.667,616928,5000,,,,
finalize,exact_store_sort,5000,128,8,1,interleaved,1,20265910,24159900,24.1599,5000,206954.499,616928,5000,"[-0.013566955834783975, 0.00018188746385008173, -0.028382763973453518, -0.01596686009347982, -0.015164078104198423, -0.024434531679983176, -0.030195756319057483, -0.02457987099269715]",17.964609161595348,1.9760674186252631,8f4e61b768d67fd6
merge,naive_full_recompute,5000,128,8,1,interleaved,1,20265910,2600,0.0026,5000,1923076923.077,642049,5000,,,,
finalize,naive_full_recompute,5000,128,8,1,interleaved,1,20265910,30299200,30.2992,5000,165020.859,642049,5000,"[-0.013566955834783975, 0.00018188746385008173, -0.028382763973453518, -0.01596686009347982, -0.015164078104198423, -0.024434531679983176, -0.030195756319057483, -0.02457987099269715]",17.964609161595348,1.9760674186252631,8f4e61b768d67fd6
merge,compact_ordered,5000,128,8,4,contiguous,0,20265910,10397200,10.3972,5003,481187.243,264527,5000,,,,
finalize,compact_ordered,5000,128,8,4,contiguous,0,20265910,2360700,2.3607,5000,2118015.843,264527,5000,"[-0.013566955834783975, 0.00018188746385008173, -0.028382763973453518, -0.01596686009347982, -0.015164078104198423, -0.024434531679983176, -0.030195756319057483, -0.02457987099269715]",17.964609161595348,1.9760674186252631,8f4e61b768d67fd6
merge,exact_store_sort,5000,128,8,4,contiguous,0,20265910,131600,0.1316,5003,38016717.325,617024,5000,,,,
finalize,exact_store_sort,5000,128,8,4,contiguous,0,20265910,24057000,24.057,5000,207839.714,617024,5000,"[-0.013566955834783975, 0.00018188746385008173, -0.028382763973453518, -0.01596686009347982, -0.015164078104198423, -0.024434531679983176, -0.030195756319057483, -0.02457987099269715]",17.964609161595348,1.9760674186252631,8f4e61b768d67fd6
merge,naive_full_recompute,5000,128,8,4,contiguous,0,20265910,70900,0.0709,5003,70564174.894,640225,5000,,,,
finalize,naive_full_recompute,5000,128,8,4,contiguous,0,20265910,27526700,27.5267,5000,181641.824,640225,5000,"[-0.013566955834783975, 0.00018188746385008173, -0.028382763973453518, -0.01596686009347982, -0.015164078104198423, -0.024434531679983176, -0.030195756319057483, -0.02457987099269715]",17.964609161595348,1.9760674186252631,8f4e61b768d67fd6
merge,exact_store_sort,5000,128,8,4,interleaved,0,20265910,216700,0.2167,5003,23087217.351,617024,5000,,,,
finalize,exact_store_sort,5000,128,8,4,interleaved,0,20265910,24499000,24.499,5000,204089.963,617024,5000,"[-0.013566955834783975, 0.00018188746385008173, -0.028382763973453518, -0.01596686009347982, -0.015164078104198423, -0.024434531679983176, -0.030195756319057483, -0.02457987099269715]",17.964609161595348,1.9760674186252631,8f4e61b768d67fd6
merge,naive_full_recompute,5000,128,8,4,interleaved,0,20265910,95400,0.0954,5003,52442348.008,640225,5000,,,,
finalize,naive_full_recompute,5000,128,8,4,interleaved,0,20265910,27714400,27.7144,5000,180411.627,640225,5000,"[-0.013566955834783975, 0.00018188746385008173, -0.028382763973453518, -0.01596686009347982, -0.015164078104198423, -0.024434531679983176, -0.030195756319057483, -0.02457987099269715]",17.964609161595348,1.9760674186252631,8f4e61b768d67fd6
merge,compact_ordered,5000,128,8,4,contiguous,1,20265910,10865300,10.8653,5003,460456.683,264527,5000,,,,
finalize,compact_ordered,5000,128,8,4,contiguous,1,20265910,2479300,2.4793,5000,2016698.262,264527,5000,"[-0.013566955834783975, 0.00018188746385008173, -0.028382763973453518, -0.01596686009347982, -0.015164078104198423, -0.024434531679983176, -0.030195756319057483, -0.02457987099269715]",17.964609161595348,1.9760674186252631,8f4e61b768d67fd6
merge,exact_store_sort,5000,128,8,4,contiguous,1,20265910,144000,0.144,5003,34743055.556,617024,5000,,,,
finalize,exact_store_sort,5000,128,8,4,contiguous,1,20265910,24257300,24.2573,5000,206123.517,617024,5000,"[-0.013566955834783975, 0.00018188746385008173, -0.028382763973453518, -0.01596686009347982, -0.015164078104198423, -0.024434531679983176, -0.030195756319057483, -0.02457987099269715]",17.964609161595348,1.9760674186252631,8f4e61b768d67fd6
merge,naive_full_recompute,5000,128,8,4,contiguous,1,20265910,69700,0.0697,5003,71779053.085,640225,5000,,,,
finalize,naive_full_recompute,5000,128,8,4,contiguous,1,20265910,27677000,27.677,5000,180655.418,640225,5000,"[-0.013566955834783975, 0.00018188746385008173, -0.028382763973453518, -0.01596686009347982, -0.015164078104198423, -0.024434531679983176, -0.030195756319057483, -0.02457987099269715]",17.964609161595348,1.9760674186252631,8f4e61b768d67fd6
merge,exact_store_sort,5000,128,8,4,interleaved,1,20265910,219400,0.2194,5003,22803099.362,617024,5000,,,,
finalize,exact_store_sort,5000,128,8,4,interleaved,1,20265910,25764100,25.7641,5000,194068.491,617024,5000,"[-0.013566955834783975, 0.00018188746385008173, -0.028382763973453518, -0.01596686009347982, -0.015164078104198423, -0.024434531679983176, -0.030195756319057483, -0.02457987099269715]",17.964609161595348,1.9760674186252631,8f4e61b768d67fd6
merge,naive_full_recompute,5000,128,8,4,interleaved,1,20265910,130000,0.13,5003,38484615.385,640225,5000,,,,
finalize,naive_full_recompute,5000,128,8,4,interleaved,1,20265910,27918300,27.9183,5000,179093.999,640225,5000,"[-0.013566955834783975, 0.00018188746385008173, -0.028382763973453518, -0.01596686009347982, -0.015164078104198423, -0.024434531679983176, -0.030195756319057483, -0.02457987099269715]",17.964609161595348,1.9760674186252631,8f4e61b768d67fd6
merge,compact_ordered,5000,128,8,16,contiguous,0,20265910,38835900,38.8359,5015,129133.096,264527,5000,,,,
finalize,compact_ordered,5000,128,8,16,contiguous,0,20265910,2404200,2.4042,5000,2079693.869,264527,5000,"[-0.013566955834783975, 0.00018188746385008173, -0.028382763973453518, -0.01596686009347982, -0.015164078104198423, -0.024434531679983176, -0.030195756319057483, -0.02457987099269715]",17.964609161595348,1.9760674186252631,8f4e61b768d67fd6
merge,exact_store_sort,5000,128,8,16,contiguous,0,20265910,460100,0.4601,5015,10899804.39,617056,5000,,,,
finalize,exact_store_sort,5000,128,8,16,contiguous,0,20265910,24495800,24.4958,5000,204116.624,617056,5000,"[-0.013566955834783975, 0.00018188746385008173, -0.028382763973453518, -0.01596686009347982, -0.015164078104198423, -0.024434531679983176, -0.030195756319057483, -0.02457987099269715]",17.964609161595348,1.9760674186252631,8f4e61b768d67fd6
merge,naive_full_recompute,5000,128,8,16,contiguous,0,20265910,196500,0.1965,5015,25521628.499,645249,5000,,,,
finalize,naive_full_recompute,5000,128,8,16,contiguous,0,20265910,27063800,27.0638,5000,184748.631,645249,5000,"[-0.013566955834783975, 0.00018188746385008173, -0.028382763973453518, -0.01596686009347982, -0.015164078104198423, -0.024434531679983176, -0.030195756319057483, -0.02457987099269715]",17.964609161595348,1.9760674186252631,8f4e61b768d67fd6
merge,exact_store_sort,5000,128,8,16,interleaved,0,20265910,549000,0.549,5015,9134790.528,617504,5000,,,,
finalize,exact_store_sort,5000,128,8,16,interleaved,0,20265910,24770400,24.7704,5000,201853.826,617504,5000,"[-0.013566955834783975, 0.00018188746385008173, -0.028382763973453518, -0.01596686009347982, -0.015164078104198423, -0.024434531679983176, -0.030195756319057483, -0.02457987099269715]",17.964609161595348,1.9760674186252631,8f4e61b768d67fd6
merge,naive_full_recompute,5000,128,8,16,interleaved,0,20265910,139400,0.1394,5015,35975609.756,645249,5000,,,,
finalize,naive_full_recompute,5000,128,8,16,interleaved,0,20265910,28025900,28.0259,5000,178406.403,645249,5000,"[-0.013566955834783975, 0.00018188746385008173, -0.028382763973453518, -0.01596686009347982, -0.015164078104198423, -0.024434531679983176, -0.030195756319057483, -0.02457987099269715]",17.964609161595348,1.9760674186252631,8f4e61b768d67fd6
merge,compact_ordered,5000,128,8,16,contiguous,1,20265910,37907100,37.9071,5015,132297.116,264527,5000,,,,
finalize,compact_ordered,5000,128,8,16,contiguous,1,20265910,2574900,2.5749,5000,1941822.983,264527,5000,"[-0.013566955834783975, 0.00018188746385008173, -0.028382763973453518, -0.01596686009347982, -0.015164078104198423, -0.024434531679983176, -0.030195756319057483, -0.02457987099269715]",17.964609161595348,1.9760674186252631,8f4e61b768d67fd6
merge,exact_store_sort,5000,128,8,16,contiguous,1,20265910,393000,0.393,5015,12760814.249,617056,5000,,,,
finalize,exact_store_sort,5000,128,8,16,contiguous,1,20265910,24577600,24.5776,5000,203437.276,617056,5000,"[-0.013566955834783975, 0.00018188746385008173, -0.028382763973453518, -0.01596686009347982, -0.015164078104198423, -0.024434531679983176, -0.030195756319057483, -0.02457987099269715]",17.964609161595348,1.9760674186252631,8f4e61b768d67fd6
merge,naive_full_recompute,5000,128,8,16,contiguous,1,20265910,136800,0.1368,5015,36659356.725,645249,5000,,,,
finalize,naive_full_recompute,5000,128,8,16,contiguous,1,20265910,28266200,28.2662,5000,176889.713,645249,5000,"[-0.013566955834783975, 0.00018188746385008173, -0.028382763973453518, -0.01596686009347982, -0.015164078104198423, -0.024434531679983176, -0.030195756319057483, -0.02457987099269715]",17.964609161595348,1.9760674186252631,8f4e61b768d67fd6
merge,exact_store_sort,5000,128,8,16,interleaved,1,20265910,523100,0.5231,5015,9587077.041,617504,5000,,,,
finalize,exact_store_sort,5000,128,8,16,interleaved,1,20265910,24702400,24.7024,5000,202409.482,617504,5000,"[-0.013566955834783975, 0.00018188746385008173, -0.028382763973453518, -0.01596686009347982, -0.015164078104198423, -0.024434531679983176, -0.030195756319057483, -0.02457987099269715]",17.964609161595348,1.9760674186252631,8f4e61b768d67fd6
merge,naive_full_recompute,5000,128,8,16,interleaved,1,20265910,121100,0.1211,5015,41412056.152,645249,5000,,,,
finalize,naive_full_recompute,5000,128,8,16,interleaved,1,20265910,28914300,28.9143,5000,172924.816,645249,5000,"[-0.013566955834783975, 0.00018188746385008173, -0.028382763973453518, -0.01596686009347982, -0.015164078104198423, -0.024434531679983176, -0.030195756319057483, -0.02457987099269715]",17.964609161595348,1.9760674186252631,8f4e61b768d67fd6
merge,compact_ordered,5000,128,64,1,contiguous,0,20265910,3100,0.0031,5000,1612903225.806,625607,5000,,,,
finalize,compact_ordered,5000,128,64,1,contiguous,0,20265910,15943200,15.9432,5000,313613.327,625607,5000,"[-0.013566955834783975, 0.00018188746385008173, -0.028382763973453518, -0.01596686009347982, -0.015164078104198423, -0.024434531679983176, -0.030195756319057483, -0.02457987099269715, -0.014526131201352882, -0.02277006201910474, -0.04201799335735973, -0.031836884911371356, -0.021976062911074987, -0.0143506913578924, 0.0012255483924065445, -0.01171658043859952, -0.015102845426333326, -0.015293408606528341, -0.013052996062502585, -0.024964476756503932, -0.0010370151311012291, -0.01997948307598043, -0.019817783603064982, -0.009381448108806045, -0.015062845627596303, -0.0020647134849724937, -0.00931469846562652, -0.006508174832129305, 0.002056899961621706, -0.004248753215074397, -0.009199054332780317, -0.008285667257164439, -0.006554667426585554, -0.0006245184391075871, -0.008837070467711884, -0.004658199812890305, -0.004038646854058552, -0.0005555925864132401, -0.0003117457901887133, 0.002688497185761182, -0.0007349804012197811, 0.0016812872040122423, -0.0013616358257221624, 0.0015207228192053322, 0.00166346844643124, 0.001066687854326833, 0.0007993416898995502, -0.0010268136278644264, 0.0005445810490339817, -0.00011418088848126227, 0.0004084264620878513, 7.121661297568744e-05, -0.00023319392152816438, -7.777045692923722e-06, -5.390882663261571e-05, 2.9539530587401854e-06, 0.0, 0.0, 0.0, 0.0, 0.0, 0.0, 0.0, 0.0]",54.041736883773844,1.9760674186252631,9fc737c7e695649b
merge,exact_store_sort,5000,128,64,1,contiguous,0,20265910,3300,0.0033,5000,1515151515.152,616928,5000,,,,
finalize,exact_store_sort,5000,128,64,1,contiguous,0,20265910,55275500,55.2755,5000,90455.989,616928,5000,"[-0.013566955834783975, 0.00018188746385008173, -0.028382763973453518, -0.01596686009347982, -0.015164078104198423, -0.024434531679983176, -0.030195756319057483, -0.02457987099269715, -0.014526131201352882, -0.02277006201910474, -0.04201799335735973, -0.031836884911371356, -0.021976062911074987, -0.0143506913578924, 0.0012255483924065445, -0.01171658043859952, -0.015102845426333326, -0.015293408606528341, -0.013052996062502585, -0.024964476756503932, -0.0010370151311012291, -0.01997948307598043, -0.019817783603064982, -0.009381448108806045, -0.015062845627596303, -0.0020647134849724937, -0.00931469846562652, -0.006508174832129305, 0.002056899961621706, -0.004248753215074397, -0.009199054332780317, -0.008285667257164439, -0.006554667426585554, -0.0006245184391075871, -0.008837070467711884, -0.004658199812890305, -0.004038646854058552, -0.0005555925864132401, -0.0003117457901887133, 0.002688497185761182, -0.0007349804012197811, 0.0016812872040122423, -0.0013616358257221624, 0.0015207228192053322, 0.00166346844643124, 0.001066687854326833, 0.0007993416898995502, -0.0010268136278644264, 0.0005445810490339817, -0.00011418088848126227, 0.0004084264620878513, 7.121661297568744e-05, -0.00023319392152816438, -7.777045692923722e-06, -5.390882663261571e-05, 2.9539530587401854e-06, 0.0, 0.0, 0.0, 0.0, 0.0, 0.0, 0.0, 0.0]",54.041736883773844,1.9760674186252631,9fc737c7e695649b
merge,naive_full_recompute,5000,128,64,1,contiguous,0,20265910,2400,0.0024,5000,2083333333.333,642049,5000,,,,
finalize,naive_full_recompute,5000,128,64,1,contiguous,0,20265910,59308200,59.3082,5000,84305.374,642049,5000,"[-0.013566955834783975, 0.00018188746385008173, -0.028382763973453518, -0.01596686009347982, -0.015164078104198423, -0.024434531679983176, -0.030195756319057483, -0.02457987099269715, -0.014526131201352882, -0.02277006201910474, -0.04201799335735973, -0.031836884911371356, -0.021976062911074987, -0.0143506913578924, 0.0012255483924065445, -0.01171658043859952, -0.015102845426333326, -0.015293408606528341, -0.013052996062502585, -0.024964476756503932, -0.0010370151311012291, -0.01997948307598043, -0.019817783603064982, -0.009381448108806045, -0.015062845627596303, -0.0020647134849724937, -0.00931469846562652, -0.006508174832129305, 0.002056899961621706, -0.004248753215074397, -0.009199054332780317, -0.008285667257164439, -0.006554667426585554, -0.0006245184391075871, -0.008837070467711884, -0.004658199812890305, -0.004038646854058552, -0.0005555925864132401, -0.0003117457901887133, 0.002688497185761182, -0.0007349804012197811, 0.0016812872040122423, -0.0013616358257221624, 0.0015207228192053322, 0.00166346844643124, 0.001066687854326833, 0.0007993416898995502, -0.0010268136278644264, 0.0005445810490339817, -0.00011418088848126227, 0.0004084264620878513, 7.121661297568744e-05, -0.00023319392152816438, -7.777045692923722e-06, -5.390882663261571e-05, 2.9539530587401854e-06, 0.0, 0.0, 0.0, 0.0, 0.0, 0.0, 0.0, 0.0]",54.041736883773844,1.9760674186252631,9fc737c7e695649b
merge,exact_store_sort,5000,128,64,1,interleaved,0,20265910,2500,0.0025,5000,2000000000.0,616928,5000,,,,
finalize,exact_store_sort,5000,128,64,1,interleaved,0,20265910,61047500,61.0475,5000,81903.436,616928,5000,"[-0.013566955834783975, 0.00018188746385008173, -0.028382763973453518, -0.01596686009347982, -0.015164078104198423, -0.024434531679983176, -0.030195756319057483, -0.02457987099269715, -0.014526131201352882, -0.02277006201910474, -0.04201799335735973, -0.031836884911371356, -0.021976062911074987, -0.0143506913578924, 0.0012255483924065445, -0.01171658043859952, -0.015102845426333326, -0.015293408606528341, -0.013052996062502585, -0.024964476756503932, -0.0010370151311012291, -0.01997948307598043, -0.019817783603064982, -0.009381448108806045, -0.015062845627596303, -0.0020647134849724937, -0.00931469846562652, -0.006508174832129305, 0.002056899961621706, -0.004248753215074397, -0.009199054332780317, -0.008285667257164439, -0.006554667426585554, -0.0006245184391075871, -0.008837070467711884, -0.004658199812890305, -0.004038646854058552, -0.0005555925864132401, -0.0003117457901887133, 0.002688497185761182, -0.0007349804012197811, 0.0016812872040122423, -0.0013616358257221624, 0.0015207228192053322, 0.00166346844643124, 0.001066687854326833, 0.0007993416898995502, -0.0010268136278644264, 0.0005445810490339817, -0.00011418088848126227, 0.0004084264620878513, 7.121661297568744e-05, -0.00023319392152816438, -7.777045692923722e-06, -5.390882663261571e-05, 2.9539530587401854e-06, 0.0, 0.0, 0.0, 0.0, 0.0, 0.0, 0.0, 0.0]",54.041736883773844,1.9760674186252631,9fc737c7e695649b
merge,naive_full_recompute,5000,128,64,1,interleaved,0,20265910,2200,0.0022,5000,2272727272.727,642049,5000,,,,
finalize,naive_full_recompute,5000,128,64,1,interleaved,0,20265910,58037200,58.0372,5000,86151.641,642049,5000,"[-0.013566955834783975, 0.00018188746385008173, -0.028382763973453518, -0.01596686009347982, -0.015164078104198423, -0.024434531679983176, -0.030195756319057483, -0.02457987099269715, -0.014526131201352882, -0.02277006201910474, -0.04201799335735973, -0.031836884911371356, -0.021976062911074987, -0.0143506913578924, 0.0012255483924065445, -0.01171658043859952, -0.015102845426333326, -0.015293408606528341, -0.013052996062502585, -0.024964476756503932, -0.0010370151311012291, -0.01997948307598043, -0.019817783603064982, -0.009381448108806045, -0.015062845627596303, -0.0020647134849724937, -0.00931469846562652, -0.006508174832129305, 0.002056899961621706, -0.004248753215074397, -0.009199054332780317, -0.008285667257164439, -0.006554667426585554, -0.0006245184391075871, -0.008837070467711884, -0.004658199812890305, -0.004038646854058552, -0.0005555925864132401, -0.0003117457901887133, 0.002688497185761182, -0.0007349804012197811, 0.0016812872040122423, -0.0013616358257221624, 0.0015207228192053322, 0.00166346844643124, 0.001066687854326833, 0.0007993416898995502, -0.0010268136278644264, 0.0005445810490339817, -0.00011418088848126227, 0.0004084264620878513, 7.121661297568744e-05, -0.00023319392152816438, -7.777045692923722e-06, -5.390882663261571e-05, 2.9539530587401854e-06, 0.0, 0.0, 0.0, 0.0, 0.0, 0.0, 0.0, 0.0]",54.041736883773844,1.9760674186252631,9fc737c7e695649b
merge,compact_ordered,5000,128,64,1,contiguous,1,20265910,68900,0.0689,5000,72568940.493,625607,5000,,,,
finalize,compact_ordered,5000,128,64,1,contiguous,1,20265910,16302300,16.3023,5000,306705.189,625607,5000,"[-0.013566955834783975, 0.00018188746385008173, -0.028382763973453518, -0.01596686009347982, -0.015164078104198423, -0.024434531679983176, -0.030195756319057483, -0.02457987099269715, -0.014526131201352882, -0.02277006201910474, -0.04201799335735973, -0.031836884911371356, -0.021976062911074987, -0.0143506913578924, 0.0012255483924065445, -0.01171658043859952, -0.015102845426333326, -0.015293408606528341, -0.013052996062502585, -0.024964476756503932, -0.0010370151311012291, -0.01997948307598043, -0.019817783603064982, -0.009381448108806045, -0.015062845627596303, -0.0020647134849724937, -0.00931469846562652, -0.006508174832129305, 0.002056899961621706, -0.004248753215074397, -0.009199054332780317, -0.008285667257164439, -0.006554667426585554, -0.0006245184391075871, -0.008837070467711884, -0.004658199812890305, -0.004038646854058552, -0.0005555925864132401, -0.0003117457901887133, 0.002688497185761182, -0.0007349804012197811, 0.0016812872040122423, -0.0013616358257221624, 0.0015207228192053322, 0.00166346844643124, 0.001066687854326833, 0.0007993416898995502, -0.0010268136278644264, 0.0005445810490339817, -0.00011418088848126227, 0.0004084264620878513, 7.121661297568744e-05, -0.00023319392152816438, -7.777045692923722e-06, -5.390882663261571e-05, 2.9539530587401854e-06, 0.0, 0.0, 0.0, 0.0, 0.0, 0.0, 0.0, 0.0]",54.041736883773844,1.9760674186252631,9fc737c7e695649b
merge,exact_store_sort,5000,128,64,1,contiguous,1,20265910,2300,0.0023,5000,2173913043.478,616928,5000,,,,
finalize,exact_store_sort,5000,128,64,1,contiguous,1,20265910,59456800,59.4568,5000,84094.67,616928,5000,"[-0.013566955834783975, 0.00018188746385008173, -0.028382763973453518, -0.01596686009347982, -0.015164078104198423, -0.024434531679983176, -0.030195756319057483, -0.02457987099269715, -0.014526131201352882, -0.02277006201910474, -0.04201799335735973, -0.031836884911371356, -0.021976062911074987, -0.0143506913578924, 0.0012255483924065445, -0.01171658043859952, -0.015102845426333326, -0.015293408606528341, -0.013052996062502585, -0.024964476756503932, -0.0010370151311012291, -0.01997948307598043, -0.019817783603064982, -0.009381448108806045, -0.015062845627596303, -0.0020647134849724937, -0.00931469846562652, -0.006508174832129305, 0.002056899961621706, -0.004248753215074397, -0.009199054332780317, -0.008285667257164439, -0.006554667426585554, -0.0006245184391075871, -0.008837070467711884, -0.004658199812890305, -0.004038646854058552, -0.0005555925864132401, -0.0003117457901887133, 0.002688497185761182, -0.0007349804012197811, 0.0016812872040122423, -0.0013616358257221624, 0.0015207228192053322, 0.00166346844643124, 0.001066687854326833, 0.0007993416898995502, -0.0010268136278644264, 0.0005445810490339817, -0.00011418088848126227, 0.0004084264620878513, 7.121661297568744e-05, -0.00023319392152816438, -7.777045692923722e-06, -5.390882663261571e-05, 2.9539530587401854e-06, 0.0, 0.0, 0.0, 0.0, 0.0, 0.0, 0.0, 0.0]",54.041736883773844,1.9760674186252631,9fc737c7e695649b
merge,naive_full_recompute,5000,128,64,1,contiguous,1,20265910,2700,0.0027,5000,1851851851.852,642049,5000,,,,
finalize,naive_full_recompute,5000,128,64,1,contiguous,1,20265910,59978900,59.9789,5000,83362.649,642049,5000,"[-0.013566955834783975, 0.00018188746385008173, -0.028382763973453518, -0.01596686009347982, -0.015164078104198423, -0.024434531679983176, -0.030195756319057483, -0.02457987099269715, -0.014526131201352882, -0.02277006201910474, -0.04201799335735973, -0.031836884911371356, -0.021976062911074987, -0.0143506913578924, 0.0012255483924065445, -0.01171658043859952, -0.015102845426333326, -0.015293408606528341, -0.013052996062502585, -0.024964476756503932, -0.0010370151311012291, -0.01997948307598043, -0.019817783603064982, -0.009381448108806045, -0.015062845627596303, -0.0020647134849724937, -0.00931469846562652, -0.006508174832129305, 0.002056899961621706, -0.004248753215074397, -0.009199054332780317, -0.008285667257164439, -0.006554667426585554, -0.0006245184391075871, -0.008837070467711884, -0.004658199812890305, -0.004038646854058552, -0.0005555925864132401, -0.0003117457901887133, 0.002688497185761182, -0.0007349804012197811, 0.0016812872040122423, -0.0013616358257221624, 0.0015207228192053322, 0.00166346844643124, 0.001066687854326833, 0.0007993416898995502, -0.0010268136278644264, 0.0005445810490339817, -0.00011418088848126227, 0.0004084264620878513, 7.121661297568744e-05, -0.00023319392152816438, -7.777045692923722e-06, -5.390882663261571e-05, 2.9539530587401854e-06, 0.0, 0.0, 0.0, 0.0, 0.0, 0.0, 0.0, 0.0]",54.041736883773844,1.9760674186252631,9fc737c7e695649b
merge,exact_store_sort,5000,128,64,1,interleaved,1,20265910,3000,0.003,5000,1666666666.667,616928,5000,,,,
finalize,exact_store_sort,5000,128,64,1,interleaved,1,20265910,55018400,55.0184,5000,90878.688,616928,5000,"[-0.013566955834783975, 0.00018188746385008173, -0.028382763973453518, -0.01596686009347982, -0.015164078104198423, -0.024434531679983176, -0.030195756319057483, -0.02457987099269715, -0.014526131201352882, -0.02277006201910474, -0.04201799335735973, -0.031836884911371356, -0.021976062911074987, -0.0143506913578924, 0.0012255483924065445, -0.01171658043859952, -0.015102845426333326, -0.015293408606528341, -0.013052996062502585, -0.024964476756503932, -0.0010370151311012291, -0.01997948307598043, -0.019817783603064982, -0.009381448108806045, -0.015062845627596303, -0.0020647134849724937, -0.00931469846562652, -0.006508174832129305, 0.002056899961621706, -0.004248753215074397, -0.009199054332780317, -0.008285667257164439, -0.006554667426585554, -0.0006245184391075871, -0.008837070467711884, -0.004658199812890305, -0.004038646854058552, -0.0005555925864132401, -0.0003117457901887133, 0.002688497185761182, -0.0007349804012197811, 0.0016812872040122423, -0.0013616358257221624, 0.0015207228192053322, 0.00166346844643124, 0.001066687854326833, 0.0007993416898995502, -0.0010268136278644264, 0.0005445810490339817, -0.00011418088848126227, 0.0004084264620878513, 7.121661297568744e-05, -0.00023319392152816438, -7.777045692923722e-06, -5.390882663261571e-05, 2.9539530587401854e-06, 0.0, 0.0, 0.0, 0.0, 0.0, 0.0, 0.0, 0.0]",54.041736883773844,1.9760674186252631,9fc737c7e695649b
merge,naive_full_recompute,5000,128,64,1,interleaved,1,20265910,2300,0.0023,5000,2173913043.478,642049,5000,,,,
finalize,naive_full_recompute,5000,128,64,1,interleaved,1,20265910,58802400,58.8024,5000,85030.543,642049,5000,"[-0.013566955834783975, 0.00018188746385008173, -0.028382763973453518, -0.01596686009347982, -0.015164078104198423, -0.024434531679983176, -0.030195756319057483, -0.02457987099269715, -0.014526131201352882, -0.02277006201910474, -0.04201799335735973, -0.031836884911371356, -0.021976062911074987, -0.0143506913578924, 0.0012255483924065445, -0.01171658043859952, -0.015102845426333326, -0.015293408606528341, -0.013052996062502585, -0.024964476756503932, -0.0010370151311012291, -0.01997948307598043, -0.019817783603064982, -0.009381448108806045, -0.015062845627596303, -0.0020647134849724937, -0.00931469846562652, -0.006508174832129305, 0.002056899961621706, -0.004248753215074397, -0.009199054332780317, -0.008285667257164439, -0.006554667426585554, -0.0006245184391075871, -0.008837070467711884, -0.004658199812890305, -0.004038646854058552, -0.0005555925864132401, -0.0003117457901887133, 0.002688497185761182, -0.0007349804012197811, 0.0016812872040122423, -0.0013616358257221624, 0.0015207228192053322, 0.00166346844643124, 0.001066687854326833, 0.0007993416898995502, -0.0010268136278644264, 0.0005445810490339817, -0.00011418088848126227, 0.0004084264620878513, 7.121661297568744e-05, -0.00023319392152816438, -7.777045692923722e-06, -5.390882663261571e-05, 2.9539530587401854e-06, 0.0, 0.0, 0.0, 0.0, 0.0, 0.0, 0.0, 0.0]",54.041736883773844,1.9760674186252631,9fc737c7e695649b
merge,compact_ordered,5000,128,64,4,contiguous,0,20265910,69654800,69.6548,5003,71825.632,559463,5000,,,,
finalize,compact_ordered,5000,128,64,4,contiguous,0,20265910,16432700,16.4327,5000,304271.361,559463,5000,"[-0.013566955834783975, 0.00018188746385008173, -0.028382763973453518, -0.01596686009347982, -0.015164078104198423, -0.024434531679983176, -0.030195756319057483, -0.02457987099269715, -0.014526131201352882, -0.02277006201910474, -0.04201799335735973, -0.031836884911371356, -0.021976062911074987, -0.0143506913578924, 0.0012255483924065445, -0.01171658043859952, -0.015102845426333326, -0.015293408606528341, -0.013052996062502585, -0.024964476756503932, -0.0010370151311012291, -0.01997948307598043, -0.019817783603064982, -0.009381448108806045, -0.015062845627596303, -0.0020647134849724937, -0.00931469846562652, -0.006508174832129305, 0.002056899961621706, -0.004248753215074397, -0.009199054332780317, -0.008285667257164439, -0.006554667426585554, -0.0006245184391075871, -0.008837070467711884, -0.004658199812890305, -0.004038646854058552, -0.0005555925864132401, -0.0003117457901887133, 0.002688497185761182, -0.0007349804012197811, 0.0016812872040122423, -0.0013616358257221624, 0.0015207228192053322, 0.00166346844643124, 0.001066687854326833, 0.0007993416898995502, -0.0010268136278644264, 0.0005445810490339817, -0.00011418088848126227, 0.0004084264620878513, 7.121661297568744e-05, -0.00023319392152816438, -7.777045692923722e-06, -5.390882663261571e-05, 2.9539530587401854e-06, 0.0, 0.0, 0.0, 0.0, 0.0, 0.0, 0.0, 0.0]",54.041736883773844,1.9760674186252631,9fc737c7e695649b
merge,exact_store_sort,5000,128,64,4,contiguous,0,20265910,140800,0.1408,5003,35532670.455,617024,5000,,,,
finalize,exact_store_sort,5000,128,64,4,contiguous,0,20265910,54229700,54.2297,5000,92200.399,617024,5000,"[-0.013566955834783975, 0.00018188746385008173, -0.028382763973453518, -0.01596686009347982, -0.015164078104198423, -0.024434531679983176, -0.030195756319057483, -0.02457987099269715, -0.014526131201352882, -0.02277006201910474, -0.04201799335735973, -0.031836884911371356, -0.021976062911074987, -0.0143506913578924, 0.0012255483924065445, -0.01171658043859952, -0.015102845426333326, -0.015293408606528341, -0.013052996062502585, -0.024964476756503932, -0.0010370151311012291, -0.01997948307598043, -0.019817783603064982, -0.009381448108806045, -0.015062845627596303, -0.0020647134849724937, -0.00931469846562652, -0.006508174832129305, 0.002056899961621706, -0.004248753215074397, -0.009199054332780317, -0.008285667257164439, -0.006554667426585554, -0.0006245184391075871, -0.008837070467711884, -0.004658199812890305, -0.004038646854058552, -0.0005555925864132401, -0.0003117457901887133, 0.002688497185761182, -0.0007349804012197811, 0.0016812872040122423, -0.0013616358257221624, 0.0015207228192053322, 0.00166346844643124, 0.001066687854326833, 0.0007993416898995502, -0.0010268136278644264, 0.0005445810490339817, -0.00011418088848126227, 0.0004084264620878513, 7.121661297568744e-05, -0.00023319392152816438, -7.777045692923722e-06, -5.390882663261571e-05, 2.9539530587401854e-06, 0.0, 0.0, 0.0, 0.0, 0.0, 0.0, 0.0, 0.0]",54.041736883773844,1.9760674186252631,9fc737c7e695649b
merge,naive_full_recompute,5000,128,64,4,contiguous,0,20265910,92100,0.0921,5003,54321389.794,640225,5000,,,,
finalize,naive_full_recompute,5000,128,64,4,contiguous,0,20265910,59178500,59.1785,5000,84490.144,640225,5000,"[-0.013566955834783975, 0.00018188746385008173, -0.028382763973453518, -0.01596686009347982, -0.015164078104198423, -0.024434531679983176, -0.030195756319057483, -0.02457987099269715, -0.014526131201352882, -0.02277006201910474, -0.04201799335735973, -0.031836884911371356, -0.021976062911074987, -0.0143506913578924, 0.0012255483924065445, -0.01171658043859952, -0.015102845426333326, -0.015293408606528341, -0.013052996062502585, -0.024964476756503932, -0.0010370151311012291, -0.01997948307598043, -0.019817783603064982, -0.009381448108806045, -0.015062845627596303, -0.0020647134849724937, -0.00931469846562652, -0.006508174832129305, 0.002056899961621706, -0.004248753215074397, -0.009199054332780317, -0.008285667257164439, -0.006554667426585554, -0.0006245184391075871, -0.008837070467711884, -0.004658199812890305, -0.004038646854058552, -0.0005555925864132401, -0.0003117457901887133, 0.002688497185761182, -0.0007349804012197811, 0.0016812872040122423, -0.0013616358257221624, 0.0015207228192053322, 0.00166346844643124, 0.001066687854326833, 0.0007993416898995502, -0.0010268136278644264, 0.0005445810490339817, -0.00011418088848126227, 0.0004084264620878513, 7.121661297568744e-05, -0.00023319392152816438, -7.777045692923722e-06, -5.390882663261571e-05, 2.9539530587401854e-06, 0.0, 0.0, 0.0, 0.0, 0.0, 0.0, 0.0, 0.0]",54.041736883773844,1.9760674186252631,9fc737c7e695649b
merge,exact_store_sort,5000,128,64,4,interleaved,0,20265910,140100,0.1401,5003,35710206.995,617024,5000,,,,
finalize,exact_store_sort,5000,128,64,4,interleaved,0,20265910,55658300,55.6583,5000,89833.861,617024,5000,"[-0.013566955834783975, 0.00018188746385008173, -0.028382763973453518, -0.01596686009347982, -0.015164078104198423, -0.024434531679983176, -0.030195756319057483, -0.02457987099269715, -0.014526131201352882, -0.02277006201910474, -0.04201799335735973, -0.031836884911371356, -0.021976062911074987, -0.0143506913578924, 0.0012255483924065445, -0.01171658043859952, -0.015102845426333326, -0.015293408606528341, -0.013052996062502585, -0.024964476756503932, -0.0010370151311012291, -0.01997948307598043, -0.019817783603064982, -0.009381448108806045, -0.015062845627596303, -0.0020647134849724937, -0.00931469846562652, -0.006508174832129305, 0.002056899961621706, -0.004248753215074397, -0.009199054332780317, -0.008285667257164439, -0.006554667426585554, -0.0006245184391075871, -0.008837070467711884, -0.004658199812890305, -0.004038646854058552, -0.0005555925864132401, -0.0003117457901887133, 0.002688497185761182, -0.0007349804012197811, 0.0016812872040122423, -0.0013616358257221624, 0.0015207228192053322, 0.00166346844643124, 0.001066687854326833, 0.0007993416898995502, -0.0010268136278644264, 0.0005445810490339817, -0.00011418088848126227, 0.0004084264620878513, 7.121661297568744e-05, -0.00023319392152816438, -7.777045692923722e-06, -5.390882663261571e-05, 2.9539530587401854e-06, 0.0, 0.0, 0.0, 0.0, 0.0, 0.0, 0.0, 0.0]",54.041736883773844,1.9760674186252631,9fc737c7e695649b
merge,naive_full_recompute,5000,128,64,4,interleaved,0,20265910,96400,0.0964,5003,51898340.249,640225,5000,,,,
finalize,naive_full_recompute,5000,128,64,4,interleaved,0,20265910,59823300,59.8233,5000,83579.475,640225,5000,"[-0.013566955834783975, 0.00018188746385008173, -0.028382763973453518, -0.01596686009347982, -0.015164078104198423, -0.024434531679983176, -0.030195756319057483, -0.02457987099269715, -0.014526131201352882, -0.02277006201910474, -0.04201799335735973, -0.031836884911371356, -0.021976062911074987, -0.0143506913578924, 0.0012255483924065445, -0.01171658043859952, -0.015102845426333326, -0.015293408606528341, -0.013052996062502585, -0.024964476756503932, -0.0010370151311012291, -0.01997948307598043, -0.019817783603064982, -0.009381448108806045, -0.015062845627596303, -0.0020647134849724937, -0.00931469846562652, -0.006508174832129305, 0.002056899961621706, -0.004248753215074397, -0.009199054332780317, -0.008285667257164439, -0.006554667426585554, -0.0006245184391075871, -0.008837070467711884, -0.004658199812890305, -0.004038646854058552, -0.0005555925864132401, -0.0003117457901887133, 0.002688497185761182, -0.0007349804012197811, 0.0016812872040122423, -0.0013616358257221624, 0.0015207228192053322, 0.00166346844643124, 0.001066687854326833, 0.0007993416898995502, -0.0010268136278644264, 0.0005445810490339817, -0.00011418088848126227, 0.0004084264620878513, 7.121661297568744e-05, -0.00023319392152816438, -7.777045692923722e-06, -5.390882663261571e-05, 2.9539530587401854e-06, 0.0, 0.0, 0.0, 0.0, 0.0, 0.0, 0.0, 0.0]",54.041736883773844,1.9760674186252631,9fc737c7e695649b
merge,compact_ordered,5000,128,64,4,contiguous,1,20265910,70242800,70.2428,5003,71224.382,559463,5000,,,,
finalize,compact_ordered,5000,128,64,4,contiguous,1,20265910,17524500,17.5245,5000,285314.845,559463,5000,"[-0.013566955834783975, 0.00018188746385008173, -0.028382763973453518, -0.01596686009347982, -0.015164078104198423, -0.024434531679983176, -0.030195756319057483, -0.02457987099269715, -0.014526131201352882, -0.02277006201910474, -0.04201799335735973, -0.031836884911371356, -0.021976062911074987, -0.0143506913578924, 0.0012255483924065445, -0.01171658043859952, -0.015102845426333326, -0.015293408606528341, -0.013052996062502585, -0.024964476756503932, -0.0010370151311012291, -0.01997948307598043, -0.019817783603064982, -0.009381448108806045, -0.015062845627596303, -0.0020647134849724937, -0.00931469846562652, -0.006508174832129305, 0.002056899961621706, -0.004248753215074397, -0.009199054332780317, -0.008285667257164439, -0.006554667426585554, -0.0006245184391075871, -0.008837070467711884, -0.004658199812890305, -0.004038646854058552, -0.0005555925864132401, -0.0003117457901887133, 0.002688497185761182, -0.0007349804012197811, 0.0016812872040122423, -0.0013616358257221624, 0.0015207228192053322, 0.00166346844643124, 0.001066687854326833, 0.0007993416898995502, -0.0010268136278644264, 0.0005445810490339817, -0.00011418088848126227, 0.0004084264620878513, 7.121661297568744e-05, -0.00023319392152816438, -7.777045692923722e-06, -5.390882663261571e-05, 2.9539530587401854e-06, 0.0, 0.0, 0.0, 0.0, 0.0, 0.0, 0.0, 0.0]",54.041736883773844,1.9760674186252631,9fc737c7e695649b
merge,exact_store_sort,5000,128,64,4,contiguous,1,20265910,149900,0.1499,5003,33375583.722,617024,5000,,,,
finalize,exact_store_sort,5000,128,64,4,contiguous,1,20265910,53289900,53.2899,5000,93826.41,617024,5000,"[-0.013566955834783975, 0.00018188746385008173, -0.028382763973453518, -0.01596686009347982, -0.015164078104198423, -0.024434531679983176, -0.030195756319057483, -0.02457987099269715, -0.014526131201352882, -0.02277006201910474, -0.04201799335735973, -0.031836884911371356, -0.021976062911074987, -0.0143506913578924, 0.0012255483924065445, -0.01171658043859952, -0.015102845426333326, -0.015293408606528341, -0.013052996062502585, -0.024964476756503932, -0.0010370151311012291, -0.01997948307598043, -0.019817783603064982, -0.009381448108806045, -0.015062845627596303, -0.0020647134849724937, -0.00931469846562652, -0.006508174832129305, 0.002056899961621706, -0.004248753215074397, -0.009199054332780317, -0.008285667257164439, -0.006554667426585554, -0.0006245184391075871, -0.008837070467711884, -0.004658199812890305, -0.004038646854058552, -0.0005555925864132401, -0.0003117457901887133, 0.002688497185761182, -0.0007349804012197811, 0.0016812872040122423, -0.0013616358257221624, 0.0015207228192053322, 0.00166346844643124, 0.001066687854326833, 0.0007993416898995502, -0.0010268136278644264, 0.0005445810490339817, -0.00011418088848126227, 0.0004084264620878513, 7.121661297568744e-05, -0.00023319392152816438, -7.777045692923722e-06, -5.390882663261571e-05, 2.9539530587401854e-06, 0.0, 0.0, 0.0, 0.0, 0.0, 0.0, 0.0, 0.0]",54.041736883773844,1.9760674186252631,9fc737c7e695649b
merge,naive_full_recompute,5000,128,64,4,contiguous,1,20265910,91700,0.0917,5003,54558342.421,640225,5000,,,,
finalize,naive_full_recompute,5000,128,64,4,contiguous,1,20265910,59509600,59.5096,5000,84020.057,640225,5000,"[-0.013566955834783975, 0.00018188746385008173, -0.028382763973453518, -0.01596686009347982, -0.015164078104198423, -0.024434531679983176, -0.030195756319057483, -0.02457987099269715, -0.014526131201352882, -0.02277006201910474, -0.04201799335735973, -0.031836884911371356, -0.021976062911074987, -0.0143506913578924, 0.0012255483924065445, -0.01171658043859952, -0.015102845426333326, -0.015293408606528341, -0.013052996062502585, -0.024964476756503932, -0.0010370151311012291, -0.01997948307598043, -0.019817783603064982, -0.009381448108806045, -0.015062845627596303, -0.0020647134849724937, -0.00931469846562652, -0.006508174832129305, 0.002056899961621706, -0.004248753215074397, -0.009199054332780317, -0.008285667257164439, -0.006554667426585554, -0.0006245184391075871, -0.008837070467711884, -0.004658199812890305, -0.004038646854058552, -0.0005555925864132401, -0.0003117457901887133, 0.002688497185761182, -0.0007349804012197811, 0.0016812872040122423, -0.0013616358257221624, 0.0015207228192053322, 0.00166346844643124, 0.001066687854326833, 0.0007993416898995502, -0.0010268136278644264, 0.0005445810490339817, -0.00011418088848126227, 0.0004084264620878513, 7.121661297568744e-05, -0.00023319392152816438, -7.777045692923722e-06, -5.390882663261571e-05, 2.9539530587401854e-06, 0.0, 0.0, 0.0, 0.0, 0.0, 0.0, 0.0, 0.0]",54.041736883773844,1.9760674186252631,9fc737c7e695649b
merge,exact_store_sort,5000,128,64,4,interleaved,1,20265910,131700,0.1317,5003,37987851.177,617024,5000,,,,
finalize,exact_store_sort,5000,128,64,4,interleaved,1,20265910,59835600,59.8356,5000,83562.294,617024,5000,"[-0.013566955834783975, 0.00018188746385008173, -0.028382763973453518, -0.01596686009347982, -0.015164078104198423, -0.024434531679983176, -0.030195756319057483, -0.02457987099269715, -0.014526131201352882, -0.02277006201910474, -0.04201799335735973, -0.031836884911371356, -0.021976062911074987, -0.0143506913578924, 0.0012255483924065445, -0.01171658043859952, -0.015102845426333326, -0.015293408606528341, -0.013052996062502585, -0.024964476756503932, -0.0010370151311012291, -0.01997948307598043, -0.019817783603064982, -0.009381448108806045, -0.015062845627596303, -0.0020647134849724937, -0.00931469846562652, -0.006508174832129305, 0.002056899961621706, -0.004248753215074397, -0.009199054332780317, -0.008285667257164439, -0.006554667426585554, -0.0006245184391075871, -0.008837070467711884, -0.004658199812890305, -0.004038646854058552, -0.0005555925864132401, -0.0003117457901887133, 0.002688497185761182, -0.0007349804012197811, 0.0016812872040122423, -0.0013616358257221624, 0.0015207228192053322, 0.00166346844643124, 0.001066687854326833, 0.0007993416898995502, -0.0010268136278644264, 0.0005445810490339817, -0.00011418088848126227, 0.0004084264620878513, 7.121661297568744e-05, -0.00023319392152816438, -7.777045692923722e-06, -5.390882663261571e-05, 2.9539530587401854e-06, 0.0, 0.0, 0.0, 0.0, 0.0, 0.0, 0.0, 0.0]",54.041736883773844,1.9760674186252631,9fc737c7e695649b
merge,naive_full_recompute,5000,128,64,4,interleaved,1,20265910,81700,0.0817,5003,61236230.11,640225,5000,,,,
finalize,naive_full_recompute,5000,128,64,4,interleaved,1,20265910,59105700,59.1057,5000,84594.21,640225,5000,"[-0.013566955834783975, 0.00018188746385008173, -0.028382763973453518, -0.01596686009347982, -0.015164078104198423, -0.024434531679983176, -0.030195756319057483, -0.02457987099269715, -0.014526131201352882, -0.02277006201910474, -0.04201799335735973, -0.031836884911371356, -0.021976062911074987, -0.0143506913578924, 0.0012255483924065445, -0.01171658043859952, -0.015102845426333326, -0.015293408606528341, -0.013052996062502585, -0.024964476756503932, -0.0010370151311012291, -0.01997948307598043, -0.019817783603064982, -0.009381448108806045, -0.015062845627596303, -0.0020647134849724937, -0.00931469846562652, -0.006508174832129305, 0.002056899961621706, -0.004248753215074397, -0.009199054332780317, -0.008285667257164439, -0.006554667426585554, -0.0006245184391075871, -0.008837070467711884, -0.004658199812890305, -0.004038646854058552, -0.0005555925864132401, -0.0003117457901887133, 0.002688497185761182, -0.0007349804012197811, 0.0016812872040122423, -0.0013616358257221624, 0.0015207228192053322, 0.00166346844643124, 0.001066687854326833, 0.0007993416898995502, -0.0010268136278644264, 0.0005445810490339817, -0.00011418088848126227, 0.0004084264620878513, 7.121661297568744e-05, -0.00023319392152816438, -7.777045692923722e-06, -5.390882663261571e-05, 2.9539530587401854e-06, 0.0, 0.0, 0.0, 0.0, 0.0, 0.0, 0.0, 0.0]",54.041736883773844,1.9760674186252631,9fc737c7e695649b
merge,compact_ordered,5000,128,64,16,contiguous,0,20265910,201743100,201.7431,5015,24858.347,559463,5000,,,,
finalize,compact_ordered,5000,128,64,16,contiguous,0,20265910,15820200,15.8202,5000,316051.63,559463,5000,"[-0.013566955834783975, 0.00018188746385008173, -0.028382763973453518, -0.01596686009347982, -0.015164078104198423, -0.024434531679983176, -0.030195756319057483, -0.02457987099269715, -0.014526131201352882, -0.02277006201910474, -0.04201799335735973, -0.031836884911371356, -0.021976062911074987, -0.0143506913578924, 0.0012255483924065445, -0.01171658043859952, -0.015102845426333326, -0.015293408606528341, -0.013052996062502585, -0.024964476756503932, -0.0010370151311012291, -0.01997948307598043, -0.019817783603064982, -0.009381448108806045, -0.015062845627596303, -0.0020647134849724937, -0.00931469846562652, -0.006508174832129305, 0.002056899961621706, -0.004248753215074397, -0.009199054332780317, -0.008285667257164439, -0.006554667426585554, -0.0006245184391075871, -0.008837070467711884, -0.004658199812890305, -0.004038646854058552, -0.0005555925864132401, -0.0003117457901887133, 0.002688497185761182, -0.0007349804012197811, 0.0016812872040122423, -0.0013616358257221624, 0.0015207228192053322, 0.00166346844643124, 0.001066687854326833, 0.0007993416898995502, -0.0010268136278644264, 0.0005445810490339817, -0.00011418088848126227, 0.0004084264620878513, 7.121661297568744e-05, -0.00023319392152816438, -7.777045692923722e-06, -5.390882663261571e-05, 2.9539530587401854e-06, 0.0, 0.0, 0.0, 0.0, 0.0, 0.0, 0.0, 0.0]",54.041736883773844,1.9760674186252631,9fc737c7e695649b
merge,exact_store_sort,5000,128,64,16,contiguous,0,20265910,452600,0.4526,5015,11080424.216,617056,5000,,,,
finalize,exact_store_sort,5000,128,64,16,contiguous,0,20265910,54768500,54.7685,5000,91293.353,617056,5000,"[-0.013566955834783975, 0.00018188746385008173, -0.028382763973453518, -0.01596686009347982, -0.015164078104198423, -0.024434531679983176, -0.030195756319057483, -0.02457987099269715, -0.014526131201352882, -0.02277006201910474, -0.04201799335735973, -0.031836884911371356, -0.021976062911074987, -0.0143506913578924, 0.0012255483924065445, -0.01171658043859952, -0.015102845426333326, -0.015293408606528341, -0.013052996062502585, -0.024964476756503932, -0.0010370151311012291, -0.01997948307598043, -0.019817783603064982, -0.009381448108806045, -0.015062845627596303, -0.0020647134849724937, -0.00931469846562652, -0.006508174832129305, 0.002056899961621706, -0.004248753215074397, -0.009199054332780317, -0.008285667257164439, -0.006554667426585554, -0.0006245184391075871, -0.008837070467711884, -0.004658199812890305, -0.004038646854058552, -0.0005555925864132401, -0.0003117457901887133, 0.002688497185761182, -0.0007349804012197811, 0.0016812872040122423, -0.0013616358257221624, 0.0015207228192053322, 0.00166346844643124, 0.001066687854326833, 0.0007993416898995502, -0.0010268136278644264, 0.0005445810490339817, -0.00011418088848126227, 0.0004084264620878513, 7.121661297568744e-05, -0.00023319392152816438, -7.777045692923722e-06, -5.390882663261571e-05, 2.9539530587401854e-06, 0.0, 0.0, 0.0, 0.0, 0.0, 0.0, 0.0, 0.0]",54.041736883773844,1.9760674186252631,9fc737c7e695649b
merge,naive_full_recompute,5000,128,64,16,contiguous,0,20265910,187200,0.1872,5015,26789529.915,645249,5000,,,,
finalize,naive_full_recompute,5000,128,64,16,contiguous,0,20265910,60240800,60.2408,5000,83000.226,645249,5000,"[-0.013566955834783975, 0.00018188746385008173, -0.028382763973453518, -0.01596686009347982, -0.015164078104198423, -0.024434531679983176, -0.030195756319057483, -0.02457987099269715, -0.014526131201352882, -0.02277006201910474, -0.04201799335735973, -0.031836884911371356, -0.021976062911074987, -0.0143506913578924, 0.0012255483924065445, -0.01171658043859952, -0.015102845426333326, -0.015293408606528341, -0.013052996062502585, -0.024964476756503932, -0.0010370151311012291, -0.01997948307598043, -0.019817783603064982, -0.009381448108806045, -0.015062845627596303, -0.0020647134849724937, -0.00931469846562652, -0.006508174832129305, 0.002056899961621706, -0.004248753215074397, -0.009199054332780317, -0.008285667257164439, -0.006554667426585554, -0.0006245184391075871, -0.008837070467711884, -0.004658199812890305, -0.004038646854058552, -0.0005555925864132401, -0.0003117457901887133, 0.002688497185761182, -0.0007349804012197811, 0.0016812872040122423, -0.0013616358257221624, 0.0015207228192053322, 0.00166346844643124, 0.001066687854326833, 0.0007993416898995502, -0.0010268136278644264, 0.0005445810490339817, -0.00011418088848126227, 0.0004084264620878513, 7.121661297568744e-05, -0.00023319392152816438, -7.777045692923722e-06, -5.390882663261571e-05, 2.9539530587401854e-06, 0.0, 0.0, 0.0, 0.0, 0.0, 0.0, 0.0, 0.0]",54.041736883773844,1.9760674186252631,9fc737c7e695649b
merge,exact_store_sort,5000,128,64,16,interleaved,0,20265910,613100,0.6131,5015,8179742.293,617504,5000,,,,
finalize,exact_store_sort,5000,128,64,16,interleaved,0,20265910,56477000,56.477,5000,88531.615,617504,5000,"[-0.013566955834783975, 0.00018188746385008173, -0.028382763973453518, -0.01596686009347982, -0.015164078104198423, -0.024434531679983176, -0.030195756319057483, -0.02457987099269715, -0.014526131201352882, -0.02277006201910474, -0.04201799335735973, -0.031836884911371356, -0.021976062911074987, -0.0143506913578924, 0.0012255483924065445, -0.01171658043859952, -0.015102845426333326, -0.015293408606528341, -0.013052996062502585, -0.024964476756503932, -0.0010370151311012291, -0.01997948307598043, -0.019817783603064982, -0.009381448108806045, -0.015062845627596303, -0.0020647134849724937, -0.00931469846562652, -0.006508174832129305, 0.002056899961621706, -0.004248753215074397, -0.009199054332780317, -0.008285667257164439, -0.006554667426585554, -0.0006245184391075871, -0.008837070467711884, -0.004658199812890305, -0.004038646854058552, -0.0005555925864132401, -0.0003117457901887133, 0.002688497185761182, -0.0007349804012197811, 0.0016812872040122423, -0.0013616358257221624, 0.0015207228192053322, 0.00166346844643124, 0.001066687854326833, 0.0007993416898995502, -0.0010268136278644264, 0.0005445810490339817, -0.00011418088848126227, 0.0004084264620878513, 7.121661297568744e-05, -0.00023319392152816438, -7.777045692923722e-06, -5.390882663261571e-05, 2.9539530587401854e-06, 0.0, 0.0, 0.0, 0.0, 0.0, 0.0, 0.0, 0.0]",54.041736883773844,1.9760674186252631,9fc737c7e695649b
merge,naive_full_recompute,5000,128,64,16,interleaved,0,20265910,148600,0.1486,5015,33748317.631,645249,5000,,,,
finalize,naive_full_recompute,5000,128,64,16,interleaved,0,20265910,61662700,61.6627,5000,81086.297,645249,5000,"[-0.013566955834783975, 0.00018188746385008173, -0.028382763973453518, -0.01596686009347982, -0.015164078104198423, -0.024434531679983176, -0.030195756319057483, -0.02457987099269715, -0.014526131201352882, -0.02277006201910474, -0.04201799335735973, -0.031836884911371356, -0.021976062911074987, -0.0143506913578924, 0.0012255483924065445, -0.01171658043859952, -0.015102845426333326, -0.015293408606528341, -0.013052996062502585, -0.024964476756503932, -0.0010370151311012291, -0.01997948307598043, -0.019817783603064982, -0.009381448108806045, -0.015062845627596303, -0.0020647134849724937, -0.00931469846562652, -0.006508174832129305, 0.002056899961621706, -0.004248753215074397, -0.009199054332780317, -0.008285667257164439, -0.006554667426585554, -0.0006245184391075871, -0.008837070467711884, -0.004658199812890305, -0.004038646854058552, -0.0005555925864132401, -0.0003117457901887133, 0.002688497185761182, -0.0007349804012197811, 0.0016812872040122423, -0.0013616358257221624, 0.0015207228192053322, 0.00166346844643124, 0.001066687854326833, 0.0007993416898995502, -0.0010268136278644264, 0.0005445810490339817, -0.00011418088848126227, 0.0004084264620878513, 7.121661297568744e-05, -0.00023319392152816438, -7.777045692923722e-06, -5.390882663261571e-05, 2.9539530587401854e-06, 0.0, 0.0, 0.0, 0.0, 0.0, 0.0, 0.0, 0.0]",54.041736883773844,1.9760674186252631,9fc737c7e695649b
merge,compact_ordered,5000,128,64,16,contiguous,1,20265910,201536200,201.5362,5015,24883.867,559463,5000,,,,
finalize,compact_ordered,5000,128,64,16,contiguous,1,20265910,15687200,15.6872,5000,318731.195,559463,5000,"[-0.013566955834783975, 0.00018188746385008173, -0.028382763973453518, -0.01596686009347982, -0.015164078104198423, -0.024434531679983176, -0.030195756319057483, -0.02457987099269715, -0.014526131201352882, -0.02277006201910474, -0.04201799335735973, -0.031836884911371356, -0.021976062911074987, -0.0143506913578924, 0.0012255483924065445, -0.01171658043859952, -0.015102845426333326, -0.015293408606528341, -0.013052996062502585, -0.024964476756503932, -0.0010370151311012291, -0.01997948307598043, -0.019817783603064982, -0.009381448108806045, -0.015062845627596303, -0.0020647134849724937, -0.00931469846562652, -0.006508174832129305, 0.002056899961621706, -0.004248753215074397, -0.009199054332780317, -0.008285667257164439, -0.006554667426585554, -0.0006245184391075871, -0.008837070467711884, -0.004658199812890305, -0.004038646854058552, -0.0005555925864132401, -0.0003117457901887133, 0.002688497185761182, -0.0007349804012197811, 0.0016812872040122423, -0.0013616358257221624, 0.0015207228192053322, 0.00166346844643124, 0.001066687854326833, 0.0007993416898995502, -0.0010268136278644264, 0.0005445810490339817, -0.00011418088848126227, 0.0004084264620878513, 7.121661297568744e-05, -0.00023319392152816438, -7.777045692923722e-06, -5.390882663261571e-05, 2.9539530587401854e-06, 0.0, 0.0, 0.0, 0.0, 0.0, 0.0, 0.0, 0.0]",54.041736883773844,1.9760674186252631,9fc737c7e695649b
merge,exact_store_sort,5000,128,64,16,contiguous,1,20265910,434500,0.4345,5015,11542002.301,617056,5000,,,,
finalize,exact_store_sort,5000,128,64,16,contiguous,1,20265910,54176000,54.176,5000,92291.79,617056,5000,"[-0.013566955834783975, 0.00018188746385008173, -0.028382763973453518, -0.01596686009347982, -0.015164078104198423, -0.024434531679983176, -0.030195756319057483, -0.02457987099269715, -0.014526131201352882, -0.02277006201910474, -0.04201799335735973, -0.031836884911371356, -0.021976062911074987, -0.0143506913578924, 0.0012255483924065445, -0.01171658043859952, -0.015102845426333326, -0.015293408606528341, -0.013052996062502585, -0.024964476756503932, -0.0010370151311012291, -0.01997948307598043, -0.019817783603064982, -0.009381448108806045, -0.015062845627596303, -0.0020647134849724937, -0.00931469846562652, -0.006508174832129305, 0.002056899961621706, -0.004248753215074397, -0.009199054332780317, -0.008285667257164439, -0.006554667426585554, -0.0006245184391075871, -0.008837070467711884, -0.004658199812890305, -0.004038646854058552, -0.0005555925864132401, -0.0003117457901887133, 0.002688497185761182, -0.0007349804012197811, 0.0016812872040122423, -0.0013616358257221624, 0.0015207228192053322, 0.00166346844643124, 0.001066687854326833, 0.0007993416898995502, -0.0010268136278644264, 0.0005445810490339817, -0.00011418088848126227, 0.0004084264620878513, 7.121661297568744e-05, -0.00023319392152816438, -7.777045692923722e-06, -5.390882663261571e-05, 2.9539530587401854e-06, 0.0, 0.0, 0.0, 0.0, 0.0, 0.0, 0.0, 0.0]",54.041736883773844,1.9760674186252631,9fc737c7e695649b
merge,naive_full_recompute,5000,128,64,16,contiguous,1,20265910,197900,0.1979,5015,25341081.354,645249,5000,,,,
finalize,naive_full_recompute,5000,128,64,16,contiguous,1,20265910,59344000,59.344,5000,84254.516,645249,5000,"[-0.013566955834783975, 0.00018188746385008173, -0.028382763973453518, -0.01596686009347982, -0.015164078104198423, -0.024434531679983176, -0.030195756319057483, -0.02457987099269715, -0.014526131201352882, -0.02277006201910474, -0.04201799335735973, -0.031836884911371356, -0.021976062911074987, -0.0143506913578924, 0.0012255483924065445, -0.01171658043859952, -0.015102845426333326, -0.015293408606528341, -0.013052996062502585, -0.024964476756503932, -0.0010370151311012291, -0.01997948307598043, -0.019817783603064982, -0.009381448108806045, -0.015062845627596303, -0.0020647134849724937, -0.00931469846562652, -0.006508174832129305, 0.002056899961621706, -0.004248753215074397, -0.009199054332780317, -0.008285667257164439, -0.006554667426585554, -0.0006245184391075871, -0.008837070467711884, -0.004658199812890305, -0.004038646854058552, -0.0005555925864132401, -0.0003117457901887133, 0.002688497185761182, -0.0007349804012197811, 0.0016812872040122423, -0.0013616358257221624, 0.0015207228192053322, 0.00166346844643124, 0.001066687854326833, 0.0007993416898995502, -0.0010268136278644264, 0.0005445810490339817, -0.00011418088848126227, 0.0004084264620878513, 7.121661297568744e-05, -0.00023319392152816438, -7.777045692923722e-06, -5.390882663261571e-05, 2.9539530587401854e-06, 0.0, 0.0, 0.0, 0.0, 0.0, 0.0, 0.0, 0.0]",54.041736883773844,1.9760674186252631,9fc737c7e695649b
merge,exact_store_sort,5000,128,64,16,interleaved,1,20265910,483900,0.4839,5015,10363711.511,617504,5000,,,,
finalize,exact_store_sort,5000,128,64,16,interleaved,1,20265910,55018300,55.0183,5000,90878.853,617504,5000,"[-0.013566955834783975, 0.00018188746385008173, -0.028382763973453518, -0.01596686009347982, -0.015164078104198423, -0.024434531679983176, -0.030195756319057483, -0.02457987099269715, -0.014526131201352882, -0.02277006201910474, -0.04201799335735973, -0.031836884911371356, -0.021976062911074987, -0.0143506913578924, 0.0012255483924065445, -0.01171658043859952, -0.015102845426333326, -0.015293408606528341, -0.013052996062502585, -0.024964476756503932, -0.0010370151311012291, -0.01997948307598043, -0.019817783603064982, -0.009381448108806045, -0.015062845627596303, -0.0020647134849724937, -0.00931469846562652, -0.006508174832129305, 0.002056899961621706, -0.004248753215074397, -0.009199054332780317, -0.008285667257164439, -0.006554667426585554, -0.0006245184391075871, -0.008837070467711884, -0.004658199812890305, -0.004038646854058552, -0.0005555925864132401, -0.0003117457901887133, 0.002688497185761182, -0.0007349804012197811, 0.0016812872040122423, -0.0013616358257221624, 0.0015207228192053322, 0.00166346844643124, 0.001066687854326833, 0.0007993416898995502, -0.0010268136278644264, 0.0005445810490339817, -0.00011418088848126227, 0.0004084264620878513, 7.121661297568744e-05, -0.00023319392152816438, -7.777045692923722e-06, -5.390882663261571e-05, 2.9539530587401854e-06, 0.0, 0.0, 0.0, 0.0, 0.0, 0.0, 0.0, 0.0]",54.041736883773844,1.9760674186252631,9fc737c7e695649b
merge,naive_full_recompute,5000,128,64,16,interleaved,1,20265910,118900,0.1189,5015,42178301.093,645249,5000,,,,
finalize,naive_full_recompute,5000,128,64,16,interleaved,1,20265910,59291200,59.2912,5000,84329.546,645249,5000,"[-0.013566955834783975, 0.00018188746385008173, -0.028382763973453518, -0.01596686009347982, -0.015164078104198423, -0.024434531679983176, -0.030195756319057483, -0.02457987099269715, -0.014526131201352882, -0.02277006201910474, -0.04201799335735973, -0.031836884911371356, -0.021976062911074987, -0.0143506913578924, 0.0012255483924065445, -0.01171658043859952, -0.015102845426333326, -0.015293408606528341, -0.013052996062502585, -0.024964476756503932, -0.0010370151311012291, -0.01997948307598043, -0.019817783603064982, -0.009381448108806045, -0.015062845627596303, -0.0020647134849724937, -0.00931469846562652, -0.006508174832129305, 0.002056899961621706, -0.004248753215074397, -0.009199054332780317, -0.008285667257164439, -0.006554667426585554, -0.0006245184391075871, -0.008837070467711884, -0.004658199812890305, -0.004038646854058552, -0.0005555925864132401, -0.0003117457901887133, 0.002688497185761182, -0.0007349804012197811, 0.0016812872040122423, -0.0013616358257221624, 0.0015207228192053322, 0.00166346844643124, 0.001066687854326833, 0.0007993416898995502, -0.0010268136278644264, 0.0005445810490339817, -0.00011418088848126227, 0.0004084264620878513, 7.121661297568744e-05, -0.00023319392152816438, -7.777045692923722e-06, -5.390882663261571e-05, 2.9539530587401854e-06, 0.0, 0.0, 0.0, 0.0, 0.0, 0.0, 0.0, 0.0]",54.041736883773844,1.9760674186252631,9fc737c7e695649b
add,compact_ordered,10000,128,64,1,contiguous,0,20270910,172209800,172.2098,10000,58068.705,898059,10000,,,,
finalize,compact_ordered,10000,128,64,1,contiguous,0,20270910,32559500,32.5595,10000,307130.023,898059,10000,"[-0.0038124969417313906, -0.011967810940520497, -0.0013506322995113583, 0.0025728885975041123, 0.0004785709370859925, -0.01354996733445429, -0.015563521701761557, -0.0068394141645426515, -0.003139907236441084, -0.009706357498832668, -0.013546302445634801, -0.0054249215946960425, -0.005486524996172923, -0.011230152655323736, -0.018157562701082097, -0.023941602260591013, -0.004367620068439536, -0.031771260465399354, -0.013313062241400019, -0.023506312184845897, -0.02192894591495067, 0.0013922358264646462, 0.006129925450571724, -0.0006609319790833303, -0.0018635545346022899, -0.013809212573405127, -0.005561847413990946, 0.0021691148190164746, -0.012446610195591495, -0.02384831770752934, -0.007335309307178369, -0.010838576112097409, -0.011861301924242744, -0.005868631021732142, -0.0003322213955768594, -0.011336991706884075, -0.009044556805615129, -0.014048256417781853, -0.02098785184312887, -0.005312669048030295, -0.0137269503433727, -0.001084721481240444, -0.009252664988416644, -0.014591134712177484, -0.0047092359470511545, -0.0021287507004916924, 0.0003238094845609656, 0.00016963410139977936, -0.0053446706883104956, -0.007765562558669982, -0.005791426216535205, -0.014222442327246461, 0.003841107054006475, -0.0027966147015044815, -0.008192138988822479, -0.002935066249579128, -0.0027330011904682767, -0.00697131118465113, -0.0009051522652410537, -0.002126247586141071, -0.001366820332545522, 0.002686773035552833, -0.0010037043359593662, -0.01002617149360718]",76.01618772201493,1.9825381586473183,714a80fb4a1dccfd
add,exact_store_sort,10000,128,64,1,contiguous,0,20270910,3349900,3.3499,10000,2985163.736,1218968,10000,,,,
finalize,exact_store_sort,10000,128,64,1,contiguous,0,20270910,159648500,159.6485,10000,62637.607,1218968,10000,"[-0.0038124969417313906, -0.011967810940520497, -0.0013506322995113583, 0.0025728885975041123, 0.0004785709370859925, -0.01354996733445429, -0.015563521701761557, -0.0068394141645426515, -0.003139907236441084, -0.009706357498832668, -0.013546302445634801, -0.0054249215946960425, -0.005486524996172923, -0.011230152655323736, -0.018157562701082097, -0.023941602260591013, -0.004367620068439536, -0.031771260465399354, -0.013313062241400019, -0.023506312184845897, -0.02192894591495067, 0.0013922358264646462, 0.006129925450571724, -0.0006609319790833303, -0.0018635545346022899, -0.013809212573405127, -0.005561847413990946, 0.0021691148190164746, -0.012446610195591495, -0.02384831770752934, -0.007335309307178369, -0.010838576112097409, -0.011861301924242744, -0.005868631021732142, -0.0003322213955768594, -0.011336991706884075, -0.009044556805615129, -0.014048256417781853, -0.02098785184312887, -0.005312669048030295, -0.0137269503433727, -0.001084721481240444, -0.009252664988416644, -0.014591134712177484, -0.0047092359470511545, -0.0021287507004916924, 0.0003238094845609656, 0.00016963410139977936, -0.0053446706883104956, -0.007765562558669982, -0.005791426216535205, -0.014222442327246461, 0.003841107054006475, -0.0027966147015044815, -0.008192138988822479, -0.002935066249579128, -0.0027330011904682767, -0.00697131118465113, -0.0009051522652410537, -0.002126247586141071, -0.001366820332545522, 0.002686773035552833, -0.0010037043359593662, -0.01002617149360718]",76.01618772201493,1.9825381586473183,714a80fb4a1dccfd
add,naive_full_recompute,10000,128,64,1,contiguous,0,20270910,1953500,1.9535,10000,5119017.149,1285401,10000,,,,
finalize,naive_full_recompute,10000,128,64,1,contiguous,0,20270910,168675300,168.6753,10000,59285.503,1285401,10000,"[-0.0038124969417313906, -0.011967810940520497, -0.0013506322995113583, 0.0025728885975041123, 0.0004785709370859925, -0.01354996733445429, -0.015563521701761557, -0.0068394141645426515, -0.003139907236441084, -0.009706357498832668, -0.013546302445634801, -0.0054249215946960425, -0.005486524996172923, -0.011230152655323736, -0.018157562701082097, -0.023941602260591013, -0.004367620068439536, -0.031771260465399354, -0.013313062241400019, -0.023506312184845897, -0.02192894591495067, 0.0013922358264646462, 0.006129925450571724, -0.0006609319790833303, -0.0018635545346022899, -0.013809212573405127, -0.005561847413990946, 0.0021691148190164746, -0.012446610195591495, -0.02384831770752934, -0.007335309307178369, -0.010838576112097409, -0.011861301924242744, -0.005868631021732142, -0.0003322213955768594, -0.011336991706884075, -0.009044556805615129, -0.014048256417781853, -0.02098785184312887, -0.005312669048030295, -0.0137269503433727, -0.001084721481240444, -0.009252664988416644, -0.014591134712177484, -0.0047092359470511545, -0.0021287507004916924, 0.0003238094845609656, 0.00016963410139977936, -0.0053446706883104956, -0.007765562558669982, -0.005791426216535205, -0.014222442327246461, 0.003841107054006475, -0.0027966147015044815, -0.008192138988822479, -0.002935066249579128, -0.0027330011904682767, -0.00697131118465113, -0.0009051522652410537, -0.002126247586141071, -0.001366820332545522, 0.002686773035552833, -0.0010037043359593662, -0.01002617149360718]",76.01618772201493,1.9825381586473183,714a80fb4a1dccfd
add,compact_ordered,10000,128,64,1,contiguous,1,20270910,171120900,171.1209,10000,58438.215,898059,10000,,,,
finalize,compact_ordered,10000,128,64,1,contiguous,1,20270910,32209800,32.2098,10000,310464.517,898059,10000,"[-0.0038124969417313906, -0.011967810940520497, -0.0013506322995113583, 0.0025728885975041123, 0.0004785709370859925, -0.01354996733445429, -0.015563521701761557, -0.0068394141645426515, -0.003139907236441084, -0.009706357498832668, -0.013546302445634801, -0.0054249215946960425, -0.005486524996172923, -0.011230152655323736, -0.018157562701082097, -0.023941602260591013, -0.004367620068439536, -0.031771260465399354, -0.013313062241400019, -0.023506312184845897, -0.02192894591495067, 0.0013922358264646462, 0.006129925450571724, -0.0006609319790833303, -0.0018635545346022899, -0.013809212573405127, -0.005561847413990946, 0.0021691148190164746, -0.012446610195591495, -0.02384831770752934, -0.007335309307178369, -0.010838576112097409, -0.011861301924242744, -0.005868631021732142, -0.0003322213955768594, -0.011336991706884075, -0.009044556805615129, -0.014048256417781853, -0.02098785184312887, -0.005312669048030295, -0.0137269503433727, -0.001084721481240444, -0.009252664988416644, -0.014591134712177484, -0.0047092359470511545, -0.0021287507004916924, 0.0003238094845609656, 0.00016963410139977936, -0.0053446706883104956, -0.007765562558669982, -0.005791426216535205, -0.014222442327246461, 0.003841107054006475, -0.0027966147015044815, -0.008192138988822479, -0.002935066249579128, -0.0027330011904682767, -0.00697131118465113, -0.0009051522652410537, -0.002126247586141071, -0.001366820332545522, 0.002686773035552833, -0.0010037043359593662, -0.01002617149360718]",76.01618772201493,1.9825381586473183,714a80fb4a1dccfd
add,exact_store_sort,10000,128,64,1,contiguous,1,20270910,3742600,3.7426,10000,2671939.294,1218968,10000,,,,
finalize,exact_store_sort,10000,128,64,1,contiguous,1,20270910,163877500,163.8775,10000,61021.19,1218968,10000,"[-0.0038124969417313906, -0.011967810940520497, -0.0013506322995113583, 0.0025728885975041123, 0.0004785709370859925, -0.01354996733445429, -0.015563521701761557, -0.0068394141645426515, -0.003139907236441084, -0.009706357498832668, -0.013546302445634801, -0.0054249215946960425, -0.005486524996172923, -0.011230152655323736, -0.018157562701082097, -0.023941602260591013, -0.004367620068439536, -0.031771260465399354, -0.013313062241400019, -0.023506312184845897, -0.02192894591495067, 0.0013922358264646462, 0.006129925450571724, -0.0006609319790833303, -0.0018635545346022899, -0.013809212573405127, -0.005561847413990946, 0.0021691148190164746, -0.012446610195591495, -0.02384831770752934, -0.007335309307178369, -0.010838576112097409, -0.011861301924242744, -0.005868631021732142, -0.0003322213955768594, -0.011336991706884075, -0.009044556805615129, -0.014048256417781853, -0.02098785184312887, -0.005312669048030295, -0.0137269503433727, -0.001084721481240444, -0.009252664988416644, -0.014591134712177484, -0.0047092359470511545, -0.0021287507004916924, 0.0003238094845609656, 0.00016963410139977936, -0.0053446706883104956, -0.007765562558669982, -0.005791426216535205, -0.014222442327246461, 0.003841107054006475, -0.0027966147015044815, -0.008192138988822479, -0.002935066249579128, -0.0027330011904682767, -0.00697131118465113, -0.0009051522652410537, -0.002126247586141071, -0.001366820332545522, 0.002686773035552833, -0.0010037043359593662, -0.01002617149360718]",76.01618772201493,1.9825381586473183,714a80fb4a1dccfd
add,naive_full_recompute,10000,128,64,1,contiguous,1,20270910,1691600,1.6916,10000,5911563.017,1285401,10000,,,,
finalize,naive_full_recompute,10000,128,64,1,contiguous,1,20270910,192326800,192.3268,10000,51994.834,1285401,10000,"[-0.0038124969417313906, -0.011967810940520497, -0.0013506322995113583, 0.0025728885975041123, 0.0004785709370859925, -0.01354996733445429, -0.015563521701761557, -0.0068394141645426515, -0.003139907236441084, -0.009706357498832668, -0.013546302445634801, -0.0054249215946960425, -0.005486524996172923, -0.011230152655323736, -0.018157562701082097, -0.023941602260591013, -0.004367620068439536, -0.031771260465399354, -0.013313062241400019, -0.023506312184845897, -0.02192894591495067, 0.0013922358264646462, 0.006129925450571724, -0.0006609319790833303, -0.0018635545346022899, -0.013809212573405127, -0.005561847413990946, 0.0021691148190164746, -0.012446610195591495, -0.02384831770752934, -0.007335309307178369, -0.010838576112097409, -0.011861301924242744, -0.005868631021732142, -0.0003322213955768594, -0.011336991706884075, -0.009044556805615129, -0.014048256417781853, -0.02098785184312887, -0.005312669048030295, -0.0137269503433727, -0.001084721481240444, -0.009252664988416644, -0.014591134712177484, -0.0047092359470511545, -0.0021287507004916924, 0.0003238094845609656, 0.00016963410139977936, -0.0053446706883104956, -0.007765562558669982, -0.005791426216535205, -0.014222442327246461, 0.003841107054006475, -0.0027966147015044815, -0.008192138988822479, -0.002935066249579128, -0.0027330011904682767, -0.00697131118465113, -0.0009051522652410537, -0.002126247586141071, -0.001366820332545522, 0.002686773035552833, -0.0010037043359593662, -0.01002617149360718]",76.01618772201493,1.9825381586473183,714a80fb4a1dccfd
merge,compact_ordered,10000,128,1,1,contiguous,0,20270910,4500,0.0045,10000,2222222222.222,174443,10000,,,,
finalize,compact_ordered,10000,128,1,1,contiguous,0,20270910,424800,0.4248,10000,23540489.642,174443,10000,[-0.0038124969417313906],0.14539493906688017,1.9825381586473183,a76078ebff4cce6e
merge,exact_store_sort,10000,128,1,1,contiguous,0,20270910,4800,0.0048,10000,2083333333.333,1218968,10000,,,,
finalize,exact_store_sort,10000,128,1,1,contiguous,0,20270910,24612900,24.6129,10000,406291.01,1218968,10000,[-0.0038124969417313906],0.14539493906688017,1.9825381586473183,a76078ebff4cce6e
merge,naive_full_recompute,10000,128,1,1,contiguous,0,20270910,2600,0.0026,10000,3846153846.154,1285401,10000,,,,
finalize,naive_full_recompute,10000,128,1,1,contiguous,0,20270910,32992000,32.992,10000,303103.783,1285401,10000,[-0.0038124969417313906],0.14539493906688017,1.9825381586473183,a76078ebff4cce6e
merge,exact_store_sort,10000,128,1,1,interleaved,0,20270910,2800,0.0028,10000,3571428571.429,1218968,10000,,,,
finalize,exact_store_sort,10000,128,1,1,interleaved,0,20270910,23825600,23.8256,10000,419716.607,1218968,10000,[-0.0038124969417313906],0.14539493906688017,1.9825381586473183,a76078ebff4cce6e
merge,naive_full_recompute,10000,128,1,1,interleaved,0,20270910,7400,0.0074,10000,1351351351.351,1285401,10000,,,,
finalize,naive_full_recompute,10000,128,1,1,interleaved,0,20270910,34328200,34.3282,10000,291305.69,1285401,10000,[-0.0038124969417313906],0.14539493906688017,1.9825381586473183,a76078ebff4cce6e
merge,compact_ordered,10000,128,1,1,contiguous,1,20270910,3400,0.0034,10000,2941176470.588,174443,10000,,,,
finalize,compact_ordered,10000,128,1,1,contiguous,1,20270910,439200,0.4392,10000,22768670.31,174443,10000,[-0.0038124969417313906],0.14539493906688017,1.9825381586473183,a76078ebff4cce6e
merge,exact_store_sort,10000,128,1,1,contiguous,1,20270910,1900,0.0019,10000,5263157894.737,1218968,10000,,,,
finalize,exact_store_sort,10000,128,1,1,contiguous,1,20270910,24097700,24.0977,10000,414977.363,1218968,10000,[-0.0038124969417313906],0.14539493906688017,1.9825381586473183,a76078ebff4cce6e
merge,naive_full_recompute,10000,128,1,1,contiguous,1,20270910,3800,0.0038,10000,2631578947.368,1285401,10000,,,,
finalize,naive_full_recompute,10000,128,1,1,contiguous,1,20270910,32861500,32.8615,10000,304307.472,1285401,10000,[-0.0038124969417313906],0.14539493906688017,1.9825381586473183,a76078ebff4cce6e
merge,exact_store_sort,10000,128,1,1,interleaved,1,20270910,3100,0.0031,10000,3225806451.613,1218968,10000,,,,
finalize,exact_store_sort,10000,128,1,1,interleaved,1,20270910,25113700,25.1137,10000,398189.036,1218968,10000,[-0.0038124969417313906],0.14539493906688017,1.9825381586473183,a76078ebff4cce6e
merge,naive_full_recompute,10000,128,1,1,interleaved,1,20270910,2900,0.0029,10000,3448275862.069,1285401,10000,,,,
finalize,naive_full_recompute,10000,128,1,1,interleaved,1,20270910,34099500,34.0995,10000,293259.432,1285401,10000,[-0.0038124969417313906],0.14539493906688017,1.9825381586473183,a76078ebff4cce6e
merge,compact_ordered,10000,128,1,4,contiguous,0,20270910,3052600,3.0526,10003,3276878.726,171371,10000,,,,
finalize,compact_ordered,10000,128,1,4,contiguous,0,20270910,429000,0.429,10000,23310023.31,171371,10000,[-0.0038124969417313906],0.14539493906688017,1.9825381586473183,a76078ebff4cce6e
merge,exact_store_sort,10000,128,1,4,contiguous,0,20270910,206400,0.2064,10003,48464147.287,1215096,10000,,,,
finalize,exact_store_sort,10000,128,1,4,contiguous,0,20270910,25160200,25.1602,10000,397453.12,1215096,10000,[-0.0038124969417313906],0.14539493906688017,1.9825381586473183,a76078ebff4cce6e
merge,naive_full_recompute,10000,128,1,4,contiguous,0,20270910,162200,0.1622,10003,61670776.819,1280281,10000,,,,
finalize,naive_full_recompute,10000,128,1,4,contiguous,0,20270910,31945900,31.9459,10000,313029.215,1280281,10000,[-0.0038124969417313906],0.14539493906688017,1.9825381586473183,a76078ebff4cce6e
merge,exact_store_sort,10000,128,1,4,interleaved,0,20270910,261600,0.2616,10003,38237767.584,1214808,10000,,,,
finalize,exact_store_sort,10000,128,1,4,interleaved,0,20270910,26311500,26.3115,10000,380061.95,1214808,10000,[-0.0038124969417313906],0.14539493906688017,1.9825381586473183,a76078ebff4cce6e
merge,naive_full_recompute,10000,128,1,4,interleaved,0,20270910,146100,0.1461,10003,68466803.559,1280281,10000,,,,
finalize,naive_full_recompute,10000,128,1,4,interleaved,0,20270910,35592400,35.5924,10000,280958.856,1280281,10000,[-0.0038124969417313906],0.14539493906688017,1.9825381586473183,a76078ebff4cce6e
merge,compact_ordered,10000,128,1,4,contiguous,1,20270910,3047000,3.047,10003,3282901.214,171371,10000,,,,
finalize,compact_ordered,10000,128,1,4,contiguous,1,20270910,433900,0.4339,10000,23046784.973,171371,10000,[-0.0038124969417313906],0.14539493906688017,1.9825381586473183,a76078ebff4cce6e
merge,exact_store_sort,10000,128,1,4,contiguous,1,20270910,204400,0.2044,10003,48938356.164,1215096,10000,,,,
finalize,exact_store_sort,10000,128,1,4,contiguous,1,20270910,24378000,24.378,10000,410205.923,1215096,10000,[-0.0038124969417313906],0.14539493906688017,1.9825381586473183,a76078ebff4cce6e
merge,naive_full_recompute,10000,128,1,4,contiguous,1,20270910,133400,0.1334,10003,74985007.496,1280281,10000,,,,
finalize,naive_full_recompute,10000,128,1,4,contiguous,1,20270910,32739200,32.7392,10000,305444.238,1280281,10000,[-0.0038124969417313906],0.14539493906688017,1.9825381586473183,a76078ebff4cce6e
merge,exact_store_sort,10000,128,1,4,interleaved,1,20270910,205400,0.2054,10003,48700097.371,1214808,10000,,,,
finalize,exact_store_sort,10000,128,1,4,interleaved,1,20270910,24866900,24.8669,10000,402140.999,1214808,10000,[-0.0038124969417313906],0.14539493906688017,1.9825381586473183,a76078ebff4cce6e
merge,naive_full_recompute,10000,128,1,4,interleaved,1,20270910,186500,0.1865,10003,53635388.74,1280281,10000,,,,
finalize,naive_full_recompute,10000,128,1,4,interleaved,1,20270910,34003000,34.003,10000,294091.698,1280281,10000,[-0.0038124969417313906],0.14539493906688017,1.9825381586473183,a76078ebff4cce6e
merge,compact_ordered,10000,128,1,16,contiguous,0,20270910,15133300,15.1333,10015,661785.599,171371,10000,,,,
finalize,compact_ordered,10000,128,1,16,contiguous,0,20270910,458300,0.4583,10000,21819768.71,171371,10000,[-0.0038124969417313906],0.14539493906688017,1.9825381586473183,a76078ebff4cce6e
merge,exact_store_sort,10000,128,1,16,contiguous,0,20270910,643000,0.643,10015,15575427.683,1220504,10000,,,,
finalize,exact_store_sort,10000,128,1,16,contiguous,0,20270910,24091200,24.0912,10000,415089.327,1220504,10000,[-0.0038124969417313906],0.14539493906688017,1.9825381586473183,a76078ebff4cce6e
merge,naive_full_recompute,10000,128,1,16,contiguous,0,20270910,215600,0.2156,10015,46451762.523,1290329,10000,,,,
finalize,naive_full_recompute,10000,128,1,16,contiguous,0,20270910,34585200,34.5852,10000,289141.02,1290329,10000,[-0.0038124969417313906],0.14539493906688017,1.9825381586473183,a76078ebff4cce6e
merge,exact_store_sort,10000,128,1,16,interleaved,0,20270910,596800,0.5968,10015,16781166.22,1221400,10000,,,,
finalize,exact_store_sort,10000,128,1,16,interleaved,0,20270910,25313200,25.3132,10000,395050.804,1221400,10000,[-0.0038124969417313906],0.14539493906688017,1.9825381586473183,a76078ebff4cce6e
merge,naive_full_recompute,10000,128,1,16,interleaved,0,20270910,276700,0.2767,10015,36194434.405,1290329,10000,,,,
finalize,naive_full_recompute,10000,128,1,16,interleaved,0,20270910,35826200,35.8262,10000,279125.333,1290329,10000,[-0.0038124969417313906],0.14539493906688017,1.9825381586473183,a76078ebff4cce6e
merge,compact_ordered,10000,128,1,16,contiguous,1,20270910,15612600,15.6126,10015,641469.07,171371,10000,,,,
finalize,compact_ordered,10000,128,1,16,contiguous,1,20270910,437800,0.4378,10000,22841480.128,171371,10000,[-0.0038124969417313906],0.14539493906688017,1.9825381586473183,a76078ebff4cce6e
merge,exact_store_sort,10000,128,1,16,contiguous,1,20270910,679100,0.6791,10015,14747459.873,1220504,10000,,,,
finalize,exact_store_sort,10000,128,1,16,contiguous,1,20270910,24816900,24.8169,10000,402951.215,1220504,10000,[-0.0038124969417313906],0.14539493906688017,1.9825381586473183,a76078ebff4cce6e
merge,naive_full_recompute,10000,128,1,16,contiguous,1,20270910,208700,0.2087,10015,47987541.926,1290329,10000,,,,
finalize,naive_full_recompute,10000,128,1,16,contiguous,1,20270910,32384300,32.3843,10000,308791.606,1290329,10000,[-0.0038124969417313906],0.14539493906688017,1.9825381586473183,a76078ebff4cce6e
merge,exact_store_sort,10000,128,1,16,interleaved,1,20270910,699400,0.6994,10015,14319416.643,1221400,10000,,,,
finalize,exact_store_sort,10000,128,1,16,interleaved,1,20270910,25941400,25.9414,10000,385484.207,1221400,10000,[-0.0038124969417313906],0.14539493906688017,1.9825381586473183,a76078ebff4cce6e
merge,naive_full_recompute,10000,128,1,16,interleaved,1,20270910,328000,0.328,10015,30533536.585,1290329,10000,,,,
finalize,naive_full_recompute,10000,128,1,16,interleaved,1,20270910,35231500,35.2315,10000,283836.907,1290329,10000,[-0.0038124969417313906],0.14539493906688017,1.9825381586473183,a76078ebff4cce6e
merge,compact_ordered,10000,128,8,1,contiguous,0,20270910,3200,0.0032,10000,3125000000.0,266667,10000,,,,
finalize,compact_ordered,10000,128,8,1,contiguous,0,20270910,2408600,2.4086,10000,4151789.421,266667,10000,"[-0.0038124969417313906, -0.011967810940520497, -0.0013506322995113583, 0.0025728885975041123, 0.0004785709370859925, -0.01354996733445429, -0.015563521701761557, -0.0068394141645426515]",6.395176819281642,1.9825381586473183,adce01f6ae841373
merge,exact_store_sort,10000,128,8,1,contiguous,0,20270910,2600,0.0026,10000,3846153846.154,1218968,10000,,,,
finalize,exact_store_sort,10000,128,8,1,contiguous,0,20270910,45533100,45.5331,10000,219620.452,1218968,10000,"[-0.0038124969417313906, -0.011967810940520497, -0.0013506322995113583, 0.0025728885975041123, 0.0004785709370859925, -0.01354996733445429, -0.015563521701761557, -0.0068394141645426515]",6.395176819281642,1.9825381586473183,adce01f6ae841373
merge,naive_full_recompute,10000,128,8,1,contiguous,0,20270910,3300,0.0033,10000,3030303030.303,1285401,10000,,,,
finalize,naive_full_recompute,10000,128,8,1,contiguous,0,20270910,60315700,60.3157,10000,165794.312,1285401,10000,"[-0.0038124969417313906, -0.011967810940520497, -0.0013506322995113583, 0.0025728885975041123, 0.0004785709370859925, -0.01354996733445429, -0.015563521701761557, -0.0068394141645426515]",6.395176819281642,1.9825381586473183,adce01f6ae841373
merge,exact_store_sort,10000,128,8,1,interleaved,0,20270910,4300,0.0043,10000,2325581395.349,1218968,10000,,,,
finalize,exact_store_sort,10000,128,8,1,interleaved,0,20270910,44798100,44.7981,10000,223223.753,1218968,10000,"[-0.0038124969417313906, -0.011967810940520497, -0.0013506322995113583, 0.0025728885975041123, 0.0004785709370859925, -0.01354996733445429, -0.015563521701761557, -0.0068394141645426515]",6.395176819281642,1.9825381586473183,adce01f6ae841373
merge,naive_full_recompute,10000,128,8,1,interleaved,0,20270910,3100,0.0031,10000,3225806451.613,1285401,10000,,,,
finalize,naive_full_recompute,10000,128,8,1,interleaved,0,20270910,54898900,54.8989,10000,182153.012,1285401,10000,"[-0.0038124969417313906, -0.011967810940520497, -0.0013506322995113583, 0.0025728885975041123, 0.0004785709370859925, -0.01354996733445429, -0.015563521701761557, -0.0068394141645426515]",6.395176819281642,1.9825381586473183,adce01f6ae841373
merge,compact_ordered,10000,128,8,1,contiguous,1,20270910,3800,0.0038,10000,2631578947.368,266667,10000,,,,
finalize,compact_ordered,10000,128,8,1,contiguous,1,20270910,2470200,2.4702,10000,4048255.202,266667,10000,"[-0.0038124969417313906, -0.011967810940520497, -0.0013506322995113583, 0.0025728885975041123, 0.0004785709370859925, -0.01354996733445429, -0.015563521701761557, -0.0068394141645426515]",6.395176819281642,1.9825381586473183,adce01f6ae841373
merge,exact_store_sort,10000,128,8,1,contiguous,1,20270910,3100,0.0031,10000,3225806451.613,1218968,10000,,,,
finalize,exact_store_sort,10000,128,8,1,contiguous,1,20270910,47719400,47.7194,10000,209558.377,1218968,10000,"[-0.0038124969417313906, -0.011967810940520497, -0.0013506322995113583, 0.0025728885975041123, 0.0004785709370859925, -0.01354996733445429, -0.015563521701761557, -0.0068394141645426515]",6.395176819281642,1.9825381586473183,adce01f6ae841373
merge,naive_full_recompute,10000,128,8,1,contiguous,1,20270910,2000,0.002,10000,5000000000.0,1285401,10000,,,,
finalize,naive_full_recompute,10000,128,8,1,contiguous,1,20270910,53810400,53.8104,10000,185837.682,1285401,10000,"[-0.0038124969417313906, -0.011967810940520497, -0.0013506322995113583, 0.0025728885975041123, 0.0004785709370859925, -0.01354996733445429, -0.015563521701761557, -0.0068394141645426515]",6.395176819281642,1.9825381586473183,adce01f6ae841373
merge,exact_store_sort,10000,128,8,1,interleaved,1,20270910,4000,0.004,10000,2500000000.0,1218968,10000,,,,
finalize,exact_store_sort,10000,128,8,1,interleaved,1,20270910,45507700,45.5077,10000,219743.032,1218968,10000,"[-0.0038124969417313906, -0.011967810940520497, -0.0013506322995113583, 0.0025728885975041123, 0.0004785709370859925, -0.01354996733445429, -0.015563521701761557, -0.0068394141645426515]",6.395176819281642,1.9825381586473183,adce01f6ae841373
merge,naive_full_recompute,10000,128,8,1,interleaved,1,20270910,7900,0.0079,10000,1265822784.81,1285401,10000,,,,
finalize,naive_full_recompute,10000,128,8,1,interleaved,1,20270910,57007400,57.0074,10000,175415.823,1285401,10000,"[-0.0038124969417313906, -0.011967810940520497, -0.0013506322995113583, 0.0025728885975041123, 0.0004785709370859925, -0.01354996733445429, -0.015563521701761557, -0.0068394141645426515]",6.395176819281642,1.9825381586473183,adce01f6ae841373
merge,compact_ordered,10000,128,8,4,contiguous,0,20270910,10311000,10.311,10003,970128.988,264555,10000,,,,
finalize,compact_ordered,10000,128,8,4,contiguous,0,20270910,2683900,2.6839,10000,3725921.234,264555,10000,"[-0.0038124969417313906, -0.011967810940520497, -0.0013506322995113583, 0.0025728885975041123, 0.0004785709370859925, -0.01354996733445429, -0.015563521701761557, -0.0068394141645426515]",6.395176819281642,1.9825381586473183,adce01f6ae841373
merge,exact_store_sort,10000,128,8,4,contiguous,0,20270910,215900,0.2159,10003,46331635.016,1215096,10000,,,,
finalize,exact_store_sort,10000,128,8,4,contiguous,0,20270910,47129500,47.1295,10000,212181.33,1215096,10000,"[-0.0038124969417313906, -0.011967810940520497, -0.0013506322995113583, 0.0025728885975041123, 0.0004785709370859925, -0.01354996733445429, -0.015563521701761557, -0.0068394141645426515]",6.395176819281642,1.9825381586473183,adce01f6ae841373
merge,naive_full_recompute,10000,128,8,4,contiguous,0,20270910,160600,0.1606,10003,62285180.573,1280281,10000,,,,
finalize,naive_full_recompute,10000,128,8,4,contiguous,0,20270910,55770800,55.7708,10000,179305.3,1280281,10000,"[-0.0038124969417313906, -0.011967810940520497, -0.0013506322995113583, 0.0025728885975041123, 0.0004785709370859925, -0.01354996733445429, -0.015563521701761557, -0.0068394141645426515]",6.395176819281642,1.9825381586473183,adce01f6ae841373
merge,exact_store_sort,10000,128,8,4,interleaved,0,20270910,452800,0.4528,10003,22091431.095,1214808,10000,,,,
finalize,exact_store_sort,10000,128,8,4,interleaved,0,20270910,53950400,53.9504,10000,185355.438,1214808,10000,"[-0.0038124969417313906, -0.011967810940520497, -0.0013506322995113583, 0.0025728885975041123, 0.0004785709370859925, -0.01354996733445429, -0.015563521701761557, -0.0068394141645426515]",6.395176819281642,1.9825381586473183,adce01f6ae841373
merge,naive_full_recompute,10000,128,8,4,interleaved,0,20270910,146700,0.1467,10003,68186775.733,1280281,10000,,,,
finalize,naive_full_recompute,10000,128,8,4,interleaved,0,20270910,58139200,58.1392,10000,172000.991,1280281,10000,"[-0.0038124969417313906, -0.011967810940520497, -0.0013506322995113583, 0.0025728885975041123, 0.0004785709370859925, -0.01354996733445429, -0.015563521701761557, -0.0068394141645426515]",6.395176819281642,1.9825381586473183,adce01f6ae841373
merge,compact_ordered,10000,128,8,4,contiguous,1,20270910,10253600,10.2536,10003,975559.803,264555,10000,,,,
finalize,compact_ordered,10000,128,8,4,contiguous,1,20270910,2333200,2.3332,10000,4285959.198,264555,10000,"[-0.0038124969417313906, -0.011967810940520497, -0.0013506322995113583, 0.0025728885975041123, 0.0004785709370859925, -0.01354996733445429, -0.015563521701761557, -0.0068394141645426515]",6.395176819281642,1.9825381586473183,adce01f6ae841373
merge,exact_store_sort,10000,128,8,4,contiguous,1,20270910,209100,0.2091,10003,47838354.854,1215096,10000,,,,
finalize,exact_store_sort,10000,128,8,4,contiguous,1,20270910,48124100,48.1241,10000,207796.094,1215096,10000,"[-0.0038124969417313906, -0.011967810940520497, -0.0013506322995113583, 0.0025728885975041123, 0.0004785709370859925, -0.01354996733445429, -0.015563521701761557, -0.0068394141645426515]",6.395176819281642,1.9825381586473183,adce01f6ae841373
merge,naive_full_recompute,10000,128,8,4,contiguous,1,20270910,187400,0.1874,10003,53377801.494,1280281,10000,,,,
finalize,naive_full_recompute,10000,128,8,4,contiguous,1,20270910,55795400,55.7954,10000,179226.244,1280281,10000,"[-0.0038124969417313906, -0.011967810940520497, -0.0013506322995113583, 0.0025728885975041123, 0.0004785709370859925, -0.01354996733445429, -0.015563521701761557, -0.0068394141645426515]",6.395176819281642,1.9825381586473183,adce01f6ae841373
merge,exact_store_sort,10000,128,8,4,interleaved,1,20270910,256400,0.2564,10003,39013260.53,1214808,10000,,,,
finalize,exact_store_sort,10000,128,8,4,interleaved,1,20270910,45461900,45.4619,10000,219964.41,1214808,10000,"[-0.0038124969417313906, -0.011967810940520497, -0.0013506322995113583, 0.0025728885975041123, 0.0004785709370859925, -0.01354996733445429, -0.015563521701761557, -0.0068394141645426515]",6.395176819281642,1.9825381586473183,adce01f6ae841373
merge,naive_full_recompute,10000,128,8,4,interleaved,1,20270910,150500,0.1505,10003,66465116.279,1280281,10000,,,,
finalize,naive_full_recompute,10000,128,8,4,interleaved,1,20270910,60589700,60.5897,10000,165044.554,1280281,10000,"[-0.0038124969417313906, -0.011967810940520497, -0.0013506322995113583, 0.0025728885975041123, 0.0004785709370859925, -0.01354996733445429, -0.015563521701761557, -0.0068394141645426515]",6.395176819281642,1.9825381586473183,adce01f6ae841373
merge,compact_ordered,10000,128,8,16,contiguous,0,20270910,53338800,53.3388,10015,187762.004,264555,10000,,,,
finalize,compact_ordered,10000,128,8,16,contiguous,0,20270910,2526400,2.5264,10000,3958201.393,264555,10000,"[-0.0038124969417313906, -0.011967810940520497, -0.0013506322995113583, 0.0025728885975041123, 0.0004785709370859925, -0.01354996733445429, -0.015563521701761557, -0.0068394141645426515]",6.395176819281642,1.9825381586473183,adce01f6ae841373
merge,exact_store_sort,10000,128,8,16,contiguous,0,20270910,609000,0.609,10015,16444991.79,1220504,10000,,,,
finalize,exact_store_sort,10000,128,8,16,contiguous,0,20270910,45135700,45.1357,10000,221554.113,1220504,10000,"[-0.0038124969417313906, -0.011967810940520497, -0.0013506322995113583, 0.0025728885975041123, 0.0004785709370859925, -0.01354996733445429, -0.015563521701761557, -0.0068394141645426515]",6.395176819281642,1.9825381586473183,adce01f6ae841373
merge,naive_full_recompute,10000,128,8,16,contiguous,0,20270910,504900,0.5049,10015,19835611.012,1290329,10000,,,,
finalize,naive_full_recompute,10000,128,8,16,contiguous,0,20270910,53960600,53.9606,10000,185320.4,1290329,10000,"[-0.0038124969417313906, -0.011967810940520497, -0.0013506322995113583, 0.0025728885975041123, 0.0004785709370859925, -0.01354996733445429, -0.015563521701761557, -0.0068394141645426515]",6.395176819281642,1.9825381586473183,adce01f6ae841373
merge,exact_store_sort,10000,128,8,16,interleaved,0,20270910,608800,0.6088,10015,16450394.218,1221400,10000,,,,
finalize,exact_store_sort,10000,128,8,16,interleaved,0,20270910,47198400,47.1984,10000,211871.589,1221400,10000,"[-0.0038124969417313906, -0.011967810940520497, -0.0013506322995113583, 0.0025728885975041123, 0.0004785709370859925, -0.01354996733445429, -0.015563521701761557, -0.0068394141645426515]",6.395176819281642,1.9825381586473183,adce01f6ae841373
merge,naive_full_recompute,10000,128,8,16,interleaved,0,20270910,546600,0.5466,10015,18322356.385,1290329,10000,,,,
finalize,naive_full_recompute,10000,128,8,16,interleaved,0,20270910,62155000,62.155,10000,160888.102,1290329,10000,"[-0.0038124969417313906, -0.011967810940520497, -0.0013506322995113583, 0.0025728885975041123, 0.0004785709370859925, -0.01354996733445429, -0.015563521701761557, -0.0068394141645426515]",6.395176819281642,1.9825381586473183,adce01f6ae841373
merge,compact_ordered,10000,128,8,16,contiguous,1,20270910,50124500,50.1245,10015,199802.492,264555,10000,,,,
finalize,compact_ordered,10000,128,8,16,contiguous,1,20270910,2391800,2.3918,10000,4180951.585,264555,10000,"[-0.0038124969417313906, -0.011967810940520497, -0.0013506322995113583, 0.0025728885975041123, 0.0004785709370859925, -0.01354996733445429, -0.015563521701761557, -0.0068394141645426515]",6.395176819281642,1.9825381586473183,adce01f6ae841373
merge,exact_store_sort,10000,128,8,16,contiguous,1,20270910,749100,0.7491,10015,13369376.585,1220504,10000,,,,
finalize,exact_store_sort,10000,128,8,16,contiguous,1,20270910,43598100,43.5981,10000,229367.794,1220504,10000,"[-0.0038124969417313906, -0.011967810940520497, -0.0013506322995113583, 0.0025728885975041123, 0.0004785709370859925, -0.01354996733445429, -0.015563521701761557, -0.0068394141645426515]",6.395176819281642,1.9825381586473183,adce01f6ae841373
merge,naive_full_recompute,10000,128,8,16,contiguous,1,20270910,192000,0.192,10015,52161458.333,1290329,10000,,,,
finalize,naive_full_recompute,10000,128,8,16,contiguous,1,20270910,53830400,53.8304,10000,185768.636,1290329,10000,"[-0.0038124969417313906, -0.011967810940520497, -0.0013506322995113583, 0.0025728885975041123, 0.0004785709370859925, -0.01354996733445429, -0.015563521701761557, -0.0068394141645426515]",6.395176819281642,1.9825381586473183,adce01f6ae841373
merge,exact_store_sort,10000,128,8,16,interleaved,1,20270910,835300,0.8353,10015,11989704.298,1221400,10000,,,,
finalize,exact_store_sort,10000,128,8,16,interleaved,1,20270910,45805700,45.8057,10000,218313.441,1221400,10000,"[-0.0038124969417313906, -0.011967810940520497, -0.0013506322995113583, 0.0025728885975041123, 0.0004785709370859925, -0.01354996733445429, -0.015563521701761557, -0.0068394141645426515]",6.395176819281642,1.9825381586473183,adce01f6ae841373
merge,naive_full_recompute,10000,128,8,16,interleaved,1,20270910,281400,0.2814,10015,35589907.605,1290329,10000,,,,
finalize,naive_full_recompute,10000,128,8,16,interleaved,1,20270910,58353800,58.3538,10000,171368.446,1290329,10000,"[-0.0038124969417313906, -0.011967810940520497, -0.0013506322995113583, 0.0025728885975041123, 0.0004785709370859925, -0.01354996733445429, -0.015563521701761557, -0.0068394141645426515]",6.395176819281642,1.9825381586473183,adce01f6ae841373
merge,compact_ordered,10000,128,64,1,contiguous,0,20270910,3400,0.0034,10000,2941176470.588,898059,10000,,,,
finalize,compact_ordered,10000,128,64,1,contiguous,0,20270910,31829700,31.8297,10000,314171.984,898059,10000,"[-0.0038124969417313906, -0.011967810940520497, -0.0013506322995113583, 0.0025728885975041123, 0.0004785709370859925, -0.01354996733445429, -0.015563521701761557, -0.0068394141645426515, -0.003139907236441084, -0.009706357498832668, -0.013546302445634801, -0.0054249215946960425, -0.005486524996172923, -0.011230152655323736, -0.018157562701082097, -0.023941602260591013, -0.004367620068439536, -0.031771260465399354, -0.013313062241400019, -0.023506312184845897, -0.02192894591495067, 0.0013922358264646462, 0.006129925450571724, -0.0006609319790833303, -0.0018635545346022899, -0.013809212573405127, -0.005561847413990946, 0.0021691148190164746, -0.012446610195591495, -0.02384831770752934, -0.007335309307178369, -0.010838576112097409, -0.011861301924242744, -0.005868631021732142, -0.0003322213955768594, -0.011336991706884075, -0.009044556805615129, -0.014048256417781853, -0.02098785184312887, -0.005312669048030295, -0.0137269503433727, -0.001084721481240444, -0.009252664988416644, -0.014591134712177484, -0.0047092359470511545, -0.0021287507004916924, 0.0003238094845609656, 0.00016963410139977936, -0.0053446706883104956, -0.007765562558669982, -0.005791426216535205, -0.014222442327246461, 0.003841107054006475, -0.0027966147015044815, -0.008192138988822479, -0.002935066249579128, -0.0027330011904682767, -0.00697131118465113, -0.0009051522652410537, -0.002126247586141071, -0.001366820332545522, 0.002686773035552833, -0.0010037043359593662, -0.01002617149360718]",76.01618772201493,1.9825381586473183,714a80fb4a1dccfd
merge,exact_store_sort,10000,128,64,1,contiguous,0,20270910,4000,0.004,10000,2500000000.0,1218968,10000,,,,
finalize,exact_store_sort,10000,128,64,1,contiguous,0,20270910,163377200,163.3772,10000,61208.051,1218968,10000,"[-0.0038124969417313906, -0.011967810940520497, -0.0013506322995113583, 0.0025728885975041123, 0.0004785709370859925, -0.01354996733445429, -0.015563521701761557, -0.0068394141645426515, -0.003139907236441084, -0.009706357498832668, -0.013546302445634801, -0.0054249215946960425, -0.005486524996172923, -0.011230152655323736, -0.018157562701082097, -0.023941602260591013, -0.004367620068439536, -0.031771260465399354, -0.013313062241400019, -0.023506312184845897, -0.02192894591495067, 0.0013922358264646462, 0.006129925450571724, -0.0006609319790833303, -0.0018635545346022899, -0.013809212573405127, -0.005561847413990946, 0.0021691148190164746, -0.012446610195591495, -0.02384831770752934, -0.007335309307178369, -0.010838576112097409, -0.011861301924242744, -0.005868631021732142, -0.0003322213955768594, -0.011336991706884075, -0.009044556805615129, -0.014048256417781853, -0.02098785184312887, -0.005312669048030295, -0.0137269503433727, -0.001084721481240444, -0.009252664988416644, -0.014591134712177484, -0.0047092359470511545, -0.0021287507004916924, 0.0003238094845609656, 0.00016963410139977936, -0.0053446706883104956, -0.007765562558669982, -0.005791426216535205, -0.014222442327246461, 0.003841107054006475, -0.0027966147015044815, -0.008192138988822479, -0.002935066249579128, -0.0027330011904682767, -0.00697131118465113, -0.0009051522652410537, -0.002126247586141071, -0.001366820332545522, 0.002686773035552833, -0.0010037043359593662, -0.01002617149360718]",76.01618772201493,1.9825381586473183,714a80fb4a1dccfd
merge,naive_full_recompute,10000,128,64,1,contiguous,0,20270910,3900,0.0039,10000,2564102564.103,1285401,10000,,,,
finalize,naive_full_recompute,10000,128,64,1,contiguous,0,20270910,165677800,165.6778,10000,60358.117,1285401,10000,"[-0.0038124969417313906, -0.011967810940520497, -0.0013506322995113583, 0.0025728885975041123, 0.0004785709370859925, -0.01354996733445429, -0.015563521701761557, -0.0068394141645426515, -0.003139907236441084, -0.009706357498832668, -0.013546302445634801, -0.0054249215946960425, -0.005486524996172923, -0.011230152655323736, -0.018157562701082097, -0.023941602260591013, -0.004367620068439536, -0.031771260465399354, -0.013313062241400019, -0.023506312184845897, -0.02192894591495067, 0.0013922358264646462, 0.006129925450571724, -0.0006609319790833303, -0.0018635545346022899, -0.013809212573405127, -0.005561847413990946, 0.0021691148190164746, -0.012446610195591495, -0.02384831770752934, -0.007335309307178369, -0.010838576112097409, -0.011861301924242744, -0.005868631021732142, -0.0003322213955768594, -0.011336991706884075, -0.009044556805615129, -0.014048256417781853, -0.02098785184312887, -0.005312669048030295, -0.0137269503433727, -0.001084721481240444, -0.009252664988416644, -0.014591134712177484, -0.0047092359470511545, -0.0021287507004916924, 0.0003238094845609656, 0.00016963410139977936, -0.0053446706883104956, -0.007765562558669982, -0.005791426216535205, -0.014222442327246461, 0.003841107054006475, -0.0027966147015044815, -0.008192138988822479, -0.002935066249579128, -0.0027330011904682767, -0.00697131118465113, -0.0009051522652410537, -0.002126247586141071, -0.001366820332545522, 0.002686773035552833, -0.0010037043359593662, -0.01002617149360718]",76.01618772201493,1.9825381586473183,714a80fb4a1dccfd
merge,exact_store_sort,10000,128,64,1,interleaved,0,20270910,3800,0.0038,10000,2631578947.368,1218968,10000,,,,
finalize,exact_store_sort,10000,128,64,1,interleaved,0,20270910,156901400,156.9014,10000,63734.294,1218968,10000,"[-0.0038124969417313906, -0.011967810940520497, -0.0013506322995113583, 0.0025728885975041123, 0.0004785709370859925, -0.01354996733445429, -0.015563521701761557, -0.0068394141645426515, -0.003139907236441084, -0.009706357498832668, -0.013546302445634801, -0.0054249215946960425, -0.005486524996172923, -0.011230152655323736, -0.018157562701082097, -0.023941602260591013, -0.004367620068439536, -0.031771260465399354, -0.013313062241400019, -0.023506312184845897, -0.02192894591495067, 0.0013922358264646462, 0.006129925450571724, -0.0006609319790833303, -0.0018635545346022899, -0.013809212573405127, -0.005561847413990946, 0.0021691148190164746, -0.012446610195591495, -0.02384831770752934, -0.007335309307178369, -0.010838576112097409, -0.011861301924242744, -0.005868631021732142, -0.0003322213955768594, -0.011336991706884075, -0.009044556805615129, -0.014048256417781853, -0.02098785184312887, -0.005312669048030295, -0.0137269503433727, -0.001084721481240444, -0.009252664988416644, -0.014591134712177484, -0.0047092359470511545, -0.0021287507004916924, 0.0003238094845609656, 0.00016963410139977936, -0.0053446706883104956, -0.007765562558669982, -0.005791426216535205, -0.014222442327246461, 0.003841107054006475, -0.0027966147015044815, -0.008192138988822479, -0.002935066249579128, -0.0027330011904682767, -0.00697131118465113, -0.0009051522652410537, -0.002126247586141071, -0.001366820332545522, 0.002686773035552833, -0.0010037043359593662, -0.01002617149360718]",76.01618772201493,1.9825381586473183,714a80fb4a1dccfd
merge,naive_full_recompute,10000,128,64,1,interleaved,0,20270910,3300,0.0033,10000,3030303030.303,1285401,10000,,,,
finalize,naive_full_recompute,10000,128,64,1,interleaved,0,20270910,165769300,165.7693,10000,60324.801,1285401,10000,"[-0.0038124969417313906, -0.011967810940520497, -0.0013506322995113583, 0.0025728885975041123, 0.0004785709370859925, -0.01354996733445429, -0.015563521701761557, -0.0068394141645426515, -0.003139907236441084, -0.009706357498832668, -0.013546302445634801, -0.0054249215946960425, -0.005486524996172923, -0.011230152655323736, -0.018157562701082097, -0.023941602260591013, -0.004367620068439536, -0.031771260465399354, -0.013313062241400019, -0.023506312184845897, -0.02192894591495067, 0.0013922358264646462, 0.006129925450571724, -0.0006609319790833303, -0.0018635545346022899, -0.013809212573405127, -0.005561847413990946, 0.0021691148190164746, -0.012446610195591495, -0.02384831770752934, -0.007335309307178369, -0.010838576112097409, -0.011861301924242744, -0.005868631021732142, -0.0003322213955768594, -0.011336991706884075, -0.009044556805615129, -0.014048256417781853, -0.02098785184312887, -0.005312669048030295, -0.0137269503433727, -0.001084721481240444, -0.009252664988416644, -0.014591134712177484, -0.0047092359470511545, -0.0021287507004916924, 0.0003238094845609656, 0.00016963410139977936, -0.0053446706883104956, -0.007765562558669982, -0.005791426216535205, -0.014222442327246461, 0.003841107054006475, -0.0027966147015044815, -0.008192138988822479, -0.002935066249579128, -0.0027330011904682767, -0.00697131118465113, -0.0009051522652410537, -0.002126247586141071, -0.001366820332545522, 0.002686773035552833, -0.0010037043359593662, -0.01002617149360718]",76.01618772201493,1.9825381586473183,714a80fb4a1dccfd
merge,compact_ordered,10000,128,64,1,contiguous,1,20270910,3500,0.0035,10000,2857142857.143,898059,10000,,,,
finalize,compact_ordered,10000,128,64,1,contiguous,1,20270910,32264400,32.2644,10000,309939.128,898059,10000,"[-0.0038124969417313906, -0.011967810940520497, -0.0013506322995113583, 0.0025728885975041123, 0.0004785709370859925, -0.01354996733445429, -0.015563521701761557, -0.0068394141645426515, -0.003139907236441084, -0.009706357498832668, -0.013546302445634801, -0.0054249215946960425, -0.005486524996172923, -0.011230152655323736, -0.018157562701082097, -0.023941602260591013, -0.004367620068439536, -0.031771260465399354, -0.013313062241400019, -0.023506312184845897, -0.02192894591495067, 0.0013922358264646462, 0.006129925450571724, -0.0006609319790833303, -0.0018635545346022899, -0.013809212573405127, -0.005561847413990946, 0.0021691148190164746, -0.012446610195591495, -0.02384831770752934, -0.007335309307178369, -0.010838576112097409, -0.011861301924242744, -0.005868631021732142, -0.0003322213955768594, -0.011336991706884075, -0.009044556805615129, -0.014048256417781853, -0.02098785184312887, -0.005312669048030295, -0.0137269503433727, -0.001084721481240444, -0.009252664988416644, -0.014591134712177484, -0.0047092359470511545, -0.0021287507004916924, 0.0003238094845609656, 0.00016963410139977936, -0.0053446706883104956, -0.007765562558669982, -0.005791426216535205, -0.014222442327246461, 0.003841107054006475, -0.0027966147015044815, -0.008192138988822479, -0.002935066249579128, -0.0027330011904682767, -0.00697131118465113, -0.0009051522652410537, -0.002126247586141071, -0.001366820332545522, 0.002686773035552833, -0.0010037043359593662, -0.01002617149360718]",76.01618772201493,1.9825381586473183,714a80fb4a1dccfd
merge,exact_store_sort,10000,128,64,1,contiguous,1,20270910,2200,0.0022,10000,4545454545.455,1218968,10000,,,,
finalize,exact_store_sort,10000,128,64,1,contiguous,1,20270910,154912800,154.9128,10000,64552.445,1218968,10000,"[-0.0038124969417313906, -0.011967810940520497, -0.0013506322995113583, 0.0025728885975041123, 0.0004785709370859925, -0.01354996733445429, -0.015563521701761557, -0.0068394141645426515, -0.003139907236441084, -0.009706357498832668, -0.013546302445634801, -0.0054249215946960425, -0.005486524996172923, -0.011230152655323736, -0.018157562701082097, -0.023941602260591013, -0.004367620068439536, -0.031771260465399354, -0.013313062241400019, -0.023506312184845897, -0.02192894591495067, 0.0013922358264646462, 0.006129925450571724, -0.0006609319790833303, -0.0018635545346022899, -0.013809212573405127, -0.005561847413990946, 0.0021691148190164746, -0.012446610195591495, -0.02384831770752934, -0.007335309307178369, -0.010838576112097409, -0.011861301924242744, -0.005868631021732142, -0.0003322213955768594, -0.011336991706884075, -0.009044556805615129, -0.014048256417781853, -0.02098785184312887, -0.005312669048030295, -0.0137269503433727, -0.001084721481240444, -0.009252664988416644, -0.014591134712177484, -0.0047092359470511545, -0.0021287507004916924, 0.0003238094845609656, 0.00016963410139977936, -0.0053446706883104956, -0.007765562558669982, -0.005791426216535205, -0.014222442327246461, 0.003841107054006475, -0.0027966147015044815, -0.008192138988822479, -0.002935066249579128, -0.0027330011904682767, -0.00697131118465113, -0.0009051522652410537, -0.002126247586141071, -0.001366820332545522, 0.002686773035552833, -0.0010037043359593662, -0.01002617149360718]",76.01618772201493,1.9825381586473183,714a80fb4a1dccfd
merge,naive_full_recompute,10000,128,64,1,contiguous,1,20270910,3700,0.0037,10000,2702702702.703,1285401,10000,,,,
finalize,naive_full_recompute,10000,128,64,1,contiguous,1,20270910,176963500,176.9635,10000,56508.828,1285401,10000,"[-0.0038124969417313906, -0.011967810940520497, -0.0013506322995113583, 0.0025728885975041123, 0.0004785709370859925, -0.01354996733445429, -0.015563521701761557, -0.0068394141645426515, -0.003139907236441084, -0.009706357498832668, -0.013546302445634801, -0.0054249215946960425, -0.005486524996172923, -0.011230152655323736, -0.018157562701082097, -0.023941602260591013, -0.004367620068439536, -0.031771260465399354, -0.013313062241400019, -0.023506312184845897, -0.02192894591495067, 0.0013922358264646462, 0.006129925450571724, -0.0006609319790833303, -0.0018635545346022899, -0.013809212573405127, -0.005561847413990946, 0.0021691148190164746, -0.012446610195591495, -0.02384831770752934, -0.007335309307178369, -0.010838576112097409, -0.011861301924242744, -0.005868631021732142, -0.0003322213955768594, -0.011336991706884075, -0.009044556805615129, -0.014048256417781853, -0.02098785184312887, -0.005312669048030295, -0.0137269503433727, -0.001084721481240444, -0.009252664988416644, -0.014591134712177484, -0.0047092359470511545, -0.0021287507004916924, 0.0003238094845609656, 0.00016963410139977936, -0.0053446706883104956, -0.007765562558669982, -0.005791426216535205, -0.014222442327246461, 0.003841107054006475, -0.0027966147015044815, -0.008192138988822479, -0.002935066249579128, -0.0027330011904682767, -0.00697131118465113, -0.0009051522652410537, -0.002126247586141071, -0.001366820332545522, 0.002686773035552833, -0.0010037043359593662, -0.01002617149360718]",76.01618772201493,1.9825381586473183,714a80fb4a1dccfd
merge,exact_store_sort,10000,128,64,1,interleaved,1,20270910,4900,0.0049,10000,2040816326.531,1218968,10000,,,,
finalize,exact_store_sort,10000,128,64,1,interleaved,1,20270910,158947400,158.9474,10000,62913.895,1218968,10000,"[-0.0038124969417313906, -0.011967810940520497, -0.0013506322995113583, 0.0025728885975041123, 0.0004785709370859925, -0.01354996733445429, -0.015563521701761557, -0.0068394141645426515, -0.003139907236441084, -0.009706357498832668, -0.013546302445634801, -0.0054249215946960425, -0.005486524996172923, -0.011230152655323736, -0.018157562701082097, -0.023941602260591013, -0.004367620068439536, -0.031771260465399354, -0.013313062241400019, -0.023506312184845897, -0.02192894591495067, 0.0013922358264646462, 0.006129925450571724, -0.0006609319790833303, -0.0018635545346022899, -0.013809212573405127, -0.005561847413990946, 0.0021691148190164746, -0.012446610195591495, -0.02384831770752934, -0.007335309307178369, -0.010838576112097409, -0.011861301924242744, -0.005868631021732142, -0.0003322213955768594, -0.011336991706884075, -0.009044556805615129, -0.014048256417781853, -0.02098785184312887, -0.005312669048030295, -0.0137269503433727, -0.001084721481240444, -0.009252664988416644, -0.014591134712177484, -0.0047092359470511545, -0.0021287507004916924, 0.0003238094845609656, 0.00016963410139977936, -0.0053446706883104956, -0.007765562558669982, -0.005791426216535205, -0.014222442327246461, 0.003841107054006475, -0.0027966147015044815, -0.008192138988822479, -0.002935066249579128, -0.0027330011904682767, -0.00697131118465113, -0.0009051522652410537, -0.002126247586141071, -0.001366820332545522, 0.002686773035552833, -0.0010037043359593662, -0.01002617149360718]",76.01618772201493,1.9825381586473183,714a80fb4a1dccfd
merge,naive_full_recompute,10000,128,64,1,interleaved,1,20270910,4200,0.0042,10000,2380952380.952,1285401,10000,,,,
finalize,naive_full_recompute,10000,128,64,1,interleaved,1,20270910,172354400,172.3544,10000,58019.987,1285401,10000,"[-0.0038124969417313906, -0.011967810940520497, -0.0013506322995113583, 0.0025728885975041123, 0.0004785709370859925, -0.01354996733445429, -0.015563521701761557, -0.0068394141645426515, -0.003139907236441084, -0.009706357498832668, -0.013546302445634801, -0.0054249215946960425, -0.005486524996172923, -0.011230152655323736, -0.018157562701082097, -0.023941602260591013, -0.004367620068439536, -0.031771260465399354, -0.013313062241400019, -0.023506312184845897, -0.02192894591495067, 0.0013922358264646462, 0.006129925450571724, -0.0006609319790833303, -0.0018635545346022899, -0.013809212573405127, -0.005561847413990946, 0.0021691148190164746, -0.012446610195591495, -0.02384831770752934, -0.007335309307178369, -0.010838576112097409, -0.011861301924242744, -0.005868631021732142, -0.0003322213955768594, -0.011336991706884075, -0.009044556805615129, -0.014048256417781853, -0.02098785184312887, -0.005312669048030295, -0.0137269503433727, -0.001084721481240444, -0.009252664988416644, -0.014591134712177484, -0.0047092359470511545, -0.0021287507004916924, 0.0003238094845609656, 0.00016963410139977936, -0.0053446706883104956, -0.007765562558669982, -0.005791426216535205, -0.014222442327246461, 0.003841107054006475, -0.0027966147015044815, -0.008192138988822479, -0.002935066249579128, -0.0027330011904682767, -0.00697131118465113, -0.0009051522652410537, -0.002126247586141071, -0.001366820332545522, 0.002686773035552833, -0.0010037043359593662, -0.01002617149360718]",76.01618772201493,1.9825381586473183,714a80fb4a1dccfd
merge,compact_ordered,10000,128,64,4,contiguous,0,20270910,129320100,129.3201,10003,77350.698,894747,10000,,,,
finalize,compact_ordered,10000,128,64,4,contiguous,0,20270910,32467100,32.4671,10000,308004.103,894747,10000,"[-0.0038124969417313906, -0.011967810940520497, -0.0013506322995113583, 0.0025728885975041123, 0.0004785709370859925, -0.01354996733445429, -0.015563521701761557, -0.0068394141645426515, -0.003139907236441084, -0.009706357498832668, -0.013546302445634801, -0.0054249215946960425, -0.005486524996172923, -0.011230152655323736, -0.018157562701082097, -0.023941602260591013, -0.004367620068439536, -0.031771260465399354, -0.013313062241400019, -0.023506312184845897, -0.02192894591495067, 0.0013922358264646462, 0.006129925450571724, -0.0006609319790833303, -0.0018635545346022899, -0.013809212573405127, -0.005561847413990946, 0.0021691148190164746, -0.012446610195591495, -0.02384831770752934, -0.007335309307178369, -0.010838576112097409, -0.011861301924242744, -0.005868631021732142, -0.0003322213955768594, -0.011336991706884075, -0.009044556805615129, -0.014048256417781853, -0.02098785184312887, -0.005312669048030295, -0.0137269503433727, -0.001084721481240444, -0.009252664988416644, -0.014591134712177484, -0.0047092359470511545, -0.0021287507004916924, 0.0003238094845609656, 0.00016963410139977936, -0.0053446706883104956, -0.007765562558669982, -0.005791426216535205, -0.014222442327246461, 0.003841107054006475, -0.0027966147015044815, -0.008192138988822479, -0.002935066249579128, -0.0027330011904682767, -0.00697131118465113, -0.0009051522652410537, -0.002126247586141071, -0.001366820332545522, 0.002686773035552833, -0.0010037043359593662, -0.01002617149360718]",76.01618772201493,1.9825381586473183,714a80fb4a1dccfd
merge,exact_store_sort,10000,128,64,4,contiguous,0,20270910,208700,0.2087,10003,47930043.124,1215096,10000,,,,
finalize,exact_store_sort,10000,128,64,4,contiguous,0,20270910,165399000,165.399,10000,60459.858,1215096,10000,"[-0.0038124969417313906, -0.011967810940520497, -0.0013506322995113583, 0.0025728885975041123, 0.0004785709370859925, -0.01354996733445429, -0.015563521701761557, -0.0068394141645426515, -0.003139907236441084, -0.009706357498832668, -0.013546302445634801, -0.0054249215946960425, -0.005486524996172923, -0.011230152655323736, -0.018157562701082097, -0.023941602260591013, -0.004367620068439536, -0.031771260465399354, -0.013313062241400019, -0.023506312184845897, -0.02192894591495067, 0.0013922358264646462, 0.006129925450571724, -0.0006609319790833303, -0.0018635545346022899, -0.013809212573405127, -0.005561847413990946, 0.0021691148190164746, -0.012446610195591495, -0.02384831770752934, -0.007335309307178369, -0.010838576112097409, -0.011861301924242744, -0.005868631021732142, -0.0003322213955768594, -0.011336991706884075, -0.009044556805615129, -0.014048256417781853, -0.02098785184312887, -0.005312669048030295, -0.0137269503433727, -0.001084721481240444, -0.009252664988416644, -0.014591134712177484, -0.0047092359470511545, -0.0021287507004916924, 0.0003238094845609656, 0.00016963410139977936, -0.0053446706883104956, -0.007765562558669982, -0.005791426216535205, -0.014222442327246461, 0.003841107054006475, -0.0027966147015044815, -0.008192138988822479, -0.002935066249579128, -0.0027330011904682767, -0.00697131118465113, -0.0009051522652410537, -0.002126247586141071, -0.001366820332545522, 0.002686773035552833, -0.0010037043359593662, -0.01002617149360718]",76.01618772201493,1.9825381586473183,714a80fb4a1dccfd
merge,naive_full_recompute,10000,128,64,4,contiguous,0,20270910,95300,0.0953,10003,104963273.872,1280281,10000,,,,
finalize,naive_full_recompute,10000,128,64,4,contiguous,0,20270910,167322600,167.3226,10000,59764.79,1280281,10000,"[-0.0038124969417313906, -0.011967810940520497, -0.0013506322995113583, 0.0025728885975041123, 0.0004785709370859925, -0.01354996733445429, -0.015563521701761557, -0.0068394141645426515, -0.003139907236441084, -0.009706357498832668, -0.013546302445634801, -0.0054249215946960425, -0.005486524996172923, -0.011230152655323736, -0.018157562701082097, -0.023941602260591013, -0.004367620068439536, -0.031771260465399354, -0.013313062241400019, -0.023506312184845897, -0.02192894591495067, 0.0013922358264646462, 0.006129925450571724, -0.0006609319790833303, -0.0018635545346022899, -0.013809212573405127, -0.005561847413990946, 0.0021691148190164746, -0.012446610195591495, -0.02384831770752934, -0.007335309307178369, -0.010838576112097409, -0.011861301924242744, -0.005868631021732142, -0.0003322213955768594, -0.011336991706884075, -0.009044556805615129, -0.014048256417781853, -0.02098785184312887, -0.005312669048030295, -0.0137269503433727, -0.001084721481240444, -0.009252664988416644, -0.014591134712177484, -0.0047092359470511545, -0.0021287507004916924, 0.0003238094845609656, 0.00016963410139977936, -0.0053446706883104956, -0.007765562558669982, -0.005791426216535205, -0.014222442327246461, 0.003841107054006475, -0.0027966147015044815, -0.008192138988822479, -0.002935066249579128, -0.0027330011904682767, -0.00697131118465113, -0.0009051522652410537, -0.002126247586141071, -0.001366820332545522, 0.002686773035552833, -0.0010037043359593662, -0.01002617149360718]",76.01618772201493,1.9825381586473183,714a80fb4a1dccfd
merge,exact_store_sort,10000,128,64,4,interleaved,0,20270910,200600,0.2006,10003,49865403.789,1214808,10000,,,,
finalize,exact_store_sort,10000,128,64,4,interleaved,0,20270910,156356600,156.3566,10000,63956.366,1214808,10000,"[-0.0038124969417313906, -0.011967810940520497, -0.0013506322995113583, 0.0025728885975041123, 0.0004785709370859925, -0.01354996733445429, -0.015563521701761557, -0.0068394141645426515, -0.003139907236441084, -0.009706357498832668, -0.013546302445634801, -0.0054249215946960425, -0.005486524996172923, -0.011230152655323736, -0.018157562701082097, -0.023941602260591013, -0.004367620068439536, -0.031771260465399354, -0.013313062241400019, -0.023506312184845897, -0.02192894591495067, 0.0013922358264646462, 0.006129925450571724, -0.0006609319790833303, -0.0018635545346022899, -0.013809212573405127, -0.005561847413990946, 0.0021691148190164746, -0.012446610195591495, -0.02384831770752934, -0.007335309307178369, -0.010838576112097409, -0.011861301924242744, -0.005868631021732142, -0.0003322213955768594, -0.011336991706884075, -0.009044556805615129, -0.014048256417781853, -0.02098785184312887, -0.005312669048030295, -0.0137269503433727, -0.001084721481240444, -0.009252664988416644, -0.014591134712177484, -0.0047092359470511545, -0.0021287507004916924, 0.0003238094845609656, 0.00016963410139977936, -0.0053446706883104956, -0.007765562558669982, -0.005791426216535205, -0.014222442327246461, 0.003841107054006475, -0.0027966147015044815, -0.008192138988822479, -0.002935066249579128, -0.0027330011904682767, -0.00697131118465113, -0.0009051522652410537, -0.002126247586141071, -0.001366820332545522, 0.002686773035552833, -0.0010037043359593662, -0.01002617149360718]",76.01618772201493,1.9825381586473183,714a80fb4a1dccfd
merge,naive_full_recompute,10000,128,64,4,interleaved,0,20270910,145800,0.1458,10003,68607681.756,1280281,10000,,,,
finalize,naive_full_recompute,10000,128,64,4,interleaved,0,20270910,171956400,171.9564,10000,58154.276,1280281,10000,"[-0.0038124969417313906, -0.011967810940520497, -0.0013506322995113583, 0.0025728885975041123, 0.0004785709370859925, -0.01354996733445429, -0.015563521701761557, -0.0068394141645426515, -0.003139907236441084, -0.009706357498832668, -0.013546302445634801, -0.0054249215946960425, -0.005486524996172923, -0.011230152655323736, -0.018157562701082097, -0.023941602260591013, -0.004367620068439536, -0.031771260465399354, -0.013313062241400019, -0.023506312184845897, -0.02192894591495067, 0.0013922358264646462, 0.006129925450571724, -0.0006609319790833303, -0.0018635545346022899, -0.013809212573405127, -0.005561847413990946, 0.0021691148190164746, -0.012446610195591495, -0.02384831770752934, -0.007335309307178369, -0.010838576112097409, -0.011861301924242744, -0.005868631021732142, -0.0003322213955768594, -0.011336991706884075, -0.009044556805615129, -0.014048256417781853, -0.02098785184312887, -0.005312669048030295, -0.0137269503433727, -0.001084721481240444, -0.009252664988416644, -0.014591134712177484, -0.0047092359470511545, -0.0021287507004916924, 0.0003238094845609656, 0.00016963410139977936, -0.0053446706883104956, -0.007765562558669982, -0.005791426216535205, -0.014222442327246461, 0.003841107054006475, -0.0027966147015044815, -0.008192138988822479, -0.002935066249579128, -0.0027330011904682767, -0.00697131118465113, -0.0009051522652410537, -0.002126247586141071, -0.001366820332545522, 0.002686773035552833, -0.0010037043359593662, -0.01002617149360718]",76.01618772201493,1.9825381586473183,714a80fb4a1dccfd
merge,compact_ordered,10000,128,64,4,contiguous,1,20270910,121274600,121.2746,10003,82482.235,894747,10000,,,,
finalize,compact_ordered,10000,128,64,4,contiguous,1,20270910,32275000,32.275,10000,309837.335,894747,10000,"[-0.0038124969417313906, -0.011967810940520497, -0.0013506322995113583, 0.0025728885975041123, 0.0004785709370859925, -0.01354996733445429, -0.015563521701761557, -0.0068394141645426515, -0.003139907236441084, -0.009706357498832668, -0.013546302445634801, -0.0054249215946960425, -0.005486524996172923, -0.011230152655323736, -0.018157562701082097, -0.023941602260591013, -0.004367620068439536, -0.031771260465399354, -0.013313062241400019, -0.023506312184845897, -0.02192894591495067, 0.0013922358264646462, 0.006129925450571724, -0.0006609319790833303, -0.0018635545346022899, -0.013809212573405127, -0.005561847413990946, 0.0021691148190164746, -0.012446610195591495, -0.02384831770752934, -0.007335309307178369, -0.010838576112097409, -0.011861301924242744, -0.005868631021732142, -0.0003322213955768594, -0.011336991706884075, -0.009044556805615129, -0.014048256417781853, -0.02098785184312887, -0.005312669048030295, -0.0137269503433727, -0.001084721481240444, -0.009252664988416644, -0.014591134712177484, -0.0047092359470511545, -0.0021287507004916924, 0.0003238094845609656, 0.00016963410139977936, -0.0053446706883104956, -0.007765562558669982, -0.005791426216535205, -0.014222442327246461, 0.003841107054006475, -0.0027966147015044815, -0.008192138988822479, -0.002935066249579128, -0.0027330011904682767, -0.00697131118465113, -0.0009051522652410537, -0.002126247586141071, -0.001366820332545522, 0.002686773035552833, -0.0010037043359593662, -0.01002617149360718]",76.01618772201493,1.9825381586473183,714a80fb4a1dccfd
merge,exact_store_sort,10000,128,64,4,contiguous,1,20270910,186500,0.1865,10003,53635388.74,1215096,10000,,,,
finalize,exact_store_sort,10000,128,64,4,contiguous,1,20270910,159870000,159.87,10000,62550.823,1215096,10000,"[-0.0038124969417313906, -0.011967810940520497, -0.0013506322995113583, 0.0025728885975041123, 0.0004785709370859925, -0.01354996733445429, -0.015563521701761557, -0.0068394141645426515, -0.003139907236441084, -0.009706357498832668, -0.013546302445634801, -0.0054249215946960425, -0.005486524996172923, -0.011230152655323736, -0.018157562701082097, -0.023941602260591013, -0.004367620068439536, -0.031771260465399354, -0.013313062241400019, -0.023506312184845897, -0.02192894591495067, 0.0013922358264646462, 0.006129925450571724, -0.0006609319790833303, -0.0018635545346022899, -0.013809212573405127, -0.005561847413990946, 0.0021691148190164746, -0.012446610195591495, -0.02384831770752934, -0.007335309307178369, -0.010838576112097409, -0.011861301924242744, -0.005868631021732142, -0.0003322213955768594, -0.011336991706884075, -0.009044556805615129, -0.014048256417781853, -0.02098785184312887, -0.005312669048030295, -0.0137269503433727, -0.001084721481240444, -0.009252664988416644, -0.014591134712177484, -0.0047092359470511545, -0.0021287507004916924, 0.0003238094845609656, 0.00016963410139977936, -0.0053446706883104956, -0.007765562558669982, -0.005791426216535205, -0.014222442327246461, 0.003841107054006475, -0.0027966147015044815, -0.008192138988822479, -0.002935066249579128, -0.0027330011904682767, -0.00697131118465113, -0.0009051522652410537, -0.002126247586141071, -0.001366820332545522, 0.002686773035552833, -0.0010037043359593662, -0.01002617149360718]",76.01618772201493,1.9825381586473183,714a80fb4a1dccfd
merge,naive_full_recompute,10000,128,64,4,contiguous,1,20270910,101400,0.1014,10003,98648915.187,1280281,10000,,,,
finalize,naive_full_recompute,10000,128,64,4,contiguous,1,20270910,166409100,166.4091,10000,60092.868,1280281,10000,"[-0.0038124969417313906, -0.011967810940520497, -0.0013506322995113583, 0.0025728885975041123, 0.0004785709370859925, -0.01354996733445429, -0.015563521701761557, -0.0068394141645426515, -0.003139907236441084, -0.009706357498832668, -0.013546302445634801, -0.0054249215946960425, -0.005486524996172923, -0.011230152655323736, -0.018157562701082097, -0.023941602260591013, -0.004367620068439536, -0.031771260465399354, -0.013313062241400019, -0.023506312184845897, -0.02192894591495067, 0.0013922358264646462, 0.006129925450571724, -0.0006609319790833303, -0.0018635545346022899, -0.013809212573405127, -0.005561847413990946, 0.0021691148190164746, -0.012446610195591495, -0.02384831770752934, -0.007335309307178369, -0.010838576112097409, -0.011861301924242744, -0.005868631021732142, -0.0003322213955768594, -0.011336991706884075, -0.009044556805615129, -0.014048256417781853, -0.02098785184312887, -0.005312669048030295, -0.0137269503433727, -0.001084721481240444, -0.009252664988416644, -0.014591134712177484, -0.0047092359470511545, -0.0021287507004916924, 0.0003238094845609656, 0.00016963410139977936, -0.0053446706883104956, -0.007765562558669982, -0.005791426216535205, -0.014222442327246461, 0.003841107054006475, -0.0027966147015044815, -0.008192138988822479, -0.002935066249579128, -0.0027330011904682767, -0.00697131118465113, -0.0009051522652410537, -0.002126247586141071, -0.001366820332545522, 0.002686773035552833, -0.0010037043359593662, -0.01002617149360718]",76.01618772201493,1.9825381586473183,714a80fb4a1dccfd
merge,exact_store_sort,10000,128,64,4,interleaved,1,20270910,255000,0.255,10003,39227450.98,1214808,10000,,,,
finalize,exact_store_sort,10000,128,64,4,interleaved,1,20270910,158407100,158.4071,10000,63128.484,1214808,10000,"[-0.0038124969417313906, -0.011967810940520497, -0.0013506322995113583, 0.0025728885975041123, 0.0004785709370859925, -0.01354996733445429, -0.015563521701761557, -0.0068394141645426515, -0.003139907236441084, -0.009706357498832668, -0.013546302445634801, -0.0054249215946960425, -0.005486524996172923, -0.011230152655323736, -0.018157562701082097, -0.023941602260591013, -0.004367620068439536, -0.031771260465399354, -0.013313062241400019, -0.023506312184845897, -0.02192894591495067, 0.0013922358264646462, 0.006129925450571724, -0.0006609319790833303, -0.0018635545346022899, -0.013809212573405127, -0.005561847413990946, 0.0021691148190164746, -0.012446610195591495, -0.02384831770752934, -0.007335309307178369, -0.010838576112097409, -0.011861301924242744, -0.005868631021732142, -0.0003322213955768594, -0.011336991706884075, -0.009044556805615129, -0.014048256417781853, -0.02098785184312887, -0.005312669048030295, -0.0137269503433727, -0.001084721481240444, -0.009252664988416644, -0.014591134712177484, -0.0047092359470511545, -0.0021287507004916924, 0.0003238094845609656, 0.00016963410139977936, -0.0053446706883104956, -0.007765562558669982, -0.005791426216535205, -0.014222442327246461, 0.003841107054006475, -0.0027966147015044815, -0.008192138988822479, -0.002935066249579128, -0.0027330011904682767, -0.00697131118465113, -0.0009051522652410537, -0.002126247586141071, -0.001366820332545522, 0.002686773035552833, -0.0010037043359593662, -0.01002617149360718]",76.01618772201493,1.9825381586473183,714a80fb4a1dccfd
merge,naive_full_recompute,10000,128,64,4,interleaved,1,20270910,81200,0.0812,10003,123189655.172,1280281,10000,,,,
finalize,naive_full_recompute,10000,128,64,4,interleaved,1,20270910,167854700,167.8547,10000,59575.335,1280281,10000,"[-0.0038124969417313906, -0.011967810940520497, -0.0013506322995113583, 0.0025728885975041123, 0.0004785709370859925, -0.01354996733445429, -0.015563521701761557, -0.0068394141645426515, -0.003139907236441084, -0.009706357498832668, -0.013546302445634801, -0.0054249215946960425, -0.005486524996172923, -0.011230152655323736, -0.018157562701082097, -0.023941602260591013, -0.004367620068439536, -0.031771260465399354, -0.013313062241400019, -0.023506312184845897, -0.02192894591495067, 0.0013922358264646462, 0.006129925450571724, -0.0006609319790833303, -0.0018635545346022899, -0.013809212573405127, -0.005561847413990946, 0.0021691148190164746, -0.012446610195591495, -0.02384831770752934, -0.007335309307178369, -0.010838576112097409, -0.011861301924242744, -0.005868631021732142, -0.0003322213955768594, -0.011336991706884075, -0.009044556805615129, -0.014048256417781853, -0.02098785184312887, -0.005312669048030295, -0.0137269503433727, -0.001084721481240444, -0.009252664988416644, -0.014591134712177484, -0.0047092359470511545, -0.0021287507004916924, 0.0003238094845609656, 0.00016963410139977936, -0.0053446706883104956, -0.007765562558669982, -0.005791426216535205, -0.014222442327246461, 0.003841107054006475, -0.0027966147015044815, -0.008192138988822479, -0.002935066249579128, -0.0027330011904682767, -0.00697131118465113, -0.0009051522652410537, -0.002126247586141071, -0.001366820332545522, 0.002686773035552833, -0.0010037043359593662, -0.01002617149360718]",76.01618772201493,1.9825381586473183,714a80fb4a1dccfd
merge,compact_ordered,10000,128,64,16,contiguous,0,20270910,323633900,323.6339,10015,30945.46,894747,10000,,,,
finalize,compact_ordered,10000,128,64,16,contiguous,0,20270910,30160000,30.16,10000,331564.987,894747,10000,"[-0.0038124969417313906, -0.011967810940520497, -0.0013506322995113583, 0.0025728885975041123, 0.0004785709370859925, -0.01354996733445429, -0.015563521701761557, -0.0068394141645426515, -0.003139907236441084, -0.009706357498832668, -0.013546302445634801, -0.0054249215946960425, -0.005486524996172923, -0.011230152655323736, -0.018157562701082097, -0.023941602260591013, -0.004367620068439536, -0.031771260465399354, -0.013313062241400019, -0.023506312184845897, -0.02192894591495067, 0.0013922358264646462, 0.006129925450571724, -0.0006609319790833303, -0.0018635545346022899, -0.013809212573405127, -0.005561847413990946, 0.0021691148190164746, -0.012446610195591495, -0.02384831770752934, -0.007335309307178369, -0.010838576112097409, -0.011861301924242744, -0.005868631021732142, -0.0003322213955768594, -0.011336991706884075, -0.009044556805615129, -0.014048256417781853, -0.02098785184312887, -0.005312669048030295, -0.0137269503433727, -0.001084721481240444, -0.009252664988416644, -0.014591134712177484, -0.0047092359470511545, -0.0021287507004916924, 0.0003238094845609656, 0.00016963410139977936, -0.0053446706883104956, -0.007765562558669982, -0.005791426216535205, -0.014222442327246461, 0.003841107054006475, -0.0027966147015044815, -0.008192138988822479, -0.002935066249579128, -0.0027330011904682767, -0.00697131118465113, -0.0009051522652410537, -0.002126247586141071, -0.001366820332545522, 0.002686773035552833, -0.0010037043359593662, -0.01002617149360718]",76.01618772201493,1.9825381586473183,714a80fb4a1dccfd
merge,exact_store_sort,10000,128,64,16,contiguous,0,20270910,672700,0.6727,10015,14887765.72,1220504,10000,,,,
finalize,exact_store_sort,10000,128,64,16,contiguous,0,20270910,161771100,161.7711,10000,61815.738,1220504,10000,"[-0.0038124969417313906, -0.011967810940520497, -0.0013506322995113583, 0.0025728885975041123, 0.0004785709370859925, -0.01354996733445429, -0.015563521701761557, -0.0068394141645426515, -0.003139907236441084, -0.009706357498832668, -0.013546302445634801, -0.0054249215946960425, -0.005486524996172923, -0.011230152655323736, -0.018157562701082097, -0.023941602260591013, -0.004367620068439536, -0.031771260465399354, -0.013313062241400019, -0.023506312184845897, -0.02192894591495067, 0.0013922358264646462, 0.006129925450571724, -0.0006609319790833303, -0.0018635545346022899, -0.013809212573405127, -0.005561847413990946, 0.0021691148190164746, -0.012446610195591495, -0.02384831770752934, -0.007335309307178369, -0.010838576112097409, -0.011861301924242744, -0.005868631021732142, -0.0003322213955768594, -0.011336991706884075, -0.009044556805615129, -0.014048256417781853, -0.02098785184312887, -0.005312669048030295, -0.0137269503433727, -0.001084721481240444, -0.009252664988416644, -0.014591134712177484, -0.0047092359470511545, -0.0021287507004916924, 0.0003238094845609656, 0.00016963410139977936, -0.0053446706883104956, -0.007765562558669982, -0.005791426216535205, -0.014222442327246461, 0.003841107054006475, -0.0027966147015044815, -0.008192138988822479, -0.002935066249579128, -0.0027330011904682767, -0.00697131118465113, -0.0009051522652410537, -0.002126247586141071, -0.001366820332545522, 0.002686773035552833, -0.0010037043359593662, -0.01002617149360718]",76.01618772201493,1.9825381586473183,714a80fb4a1dccfd
merge,naive_full_recompute,10000,128,64,16,contiguous,0,20270910,719900,0.7199,10015,13911654.396,1290329,10000,,,,
finalize,naive_full_recompute,10000,128,64,16,contiguous,0,20270910,182570600,182.5706,10000,54773.332,1290329,10000,"[-0.0038124969417313906, -0.011967810940520497, -0.0013506322995113583, 0.0025728885975041123, 0.0004785709370859925, -0.01354996733445429, -0.015563521701761557, -0.0068394141645426515, -0.003139907236441084, -0.009706357498832668, -0.013546302445634801, -0.0054249215946960425, -0.005486524996172923, -0.011230152655323736, -0.018157562701082097, -0.023941602260591013, -0.004367620068439536, -0.031771260465399354, -0.013313062241400019, -0.023506312184845897, -0.02192894591495067, 0.0013922358264646462, 0.006129925450571724, -0.0006609319790833303, -0.0018635545346022899, -0.013809212573405127, -0.005561847413990946, 0.0021691148190164746, -0.012446610195591495, -0.02384831770752934, -0.007335309307178369, -0.010838576112097409, -0.011861301924242744, -0.005868631021732142, -0.0003322213955768594, -0.011336991706884075, -0.009044556805615129, -0.014048256417781853, -0.02098785184312887, -0.005312669048030295, -0.0137269503433727, -0.001084721481240444, -0.009252664988416644, -0.014591134712177484, -0.0047092359470511545, -0.0021287507004916924, 0.0003238094845609656, 0.00016963410139977936, -0.0053446706883104956, -0.007765562558669982, -0.005791426216535205, -0.014222442327246461, 0.003841107054006475, -0.0027966147015044815, -0.008192138988822479, -0.002935066249579128, -0.0027330011904682767, -0.00697131118465113, -0.0009051522652410537, -0.002126247586141071, -0.001366820332545522, 0.002686773035552833, -0.0010037043359593662, -0.01002617149360718]",76.01618772201493,1.9825381586473183,714a80fb4a1dccfd
merge,exact_store_sort,10000,128,64,16,interleaved,0,20270910,731900,0.7319,10015,13683563.328,1221400,10000,,,,
finalize,exact_store_sort,10000,128,64,16,interleaved,0,20270910,238767400,238.7674,10000,41881.764,1221400,10000,"[-0.0038124969417313906, -0.011967810940520497, -0.0013506322995113583, 0.0025728885975041123, 0.0004785709370859925, -0.01354996733445429, -0.015563521701761557, -0.0068394141645426515, -0.003139907236441084, -0.009706357498832668, -0.013546302445634801, -0.0054249215946960425, -0.005486524996172923, -0.011230152655323736, -0.018157562701082097, -0.023941602260591013, -0.004367620068439536, -0.031771260465399354, -0.013313062241400019, -0.023506312184845897, -0.02192894591495067, 0.0013922358264646462, 0.006129925450571724, -0.0006609319790833303, -0.0018635545346022899, -0.013809212573405127, -0.005561847413990946, 0.0021691148190164746, -0.012446610195591495, -0.02384831770752934, -0.007335309307178369, -0.010838576112097409, -0.011861301924242744, -0.005868631021732142, -0.0003322213955768594, -0.011336991706884075, -0.009044556805615129, -0.014048256417781853, -0.02098785184312887, -0.005312669048030295, -0.0137269503433727, -0.001084721481240444, -0.009252664988416644, -0.014591134712177484, -0.0047092359470511545, -0.0021287507004916924, 0.0003238094845609656, 0.00016963410139977936, -0.0053446706883104956, -0.007765562558669982, -0.005791426216535205, -0.014222442327246461, 0.003841107054006475, -0.0027966147015044815, -0.008192138988822479, -0.002935066249579128, -0.0027330011904682767, -0.00697131118465113, -0.0009051522652410537, -0.002126247586141071, -0.001366820332545522, 0.002686773035552833, -0.0010037043359593662, -0.01002617149360718]",76.01618772201493,1.9825381586473183,714a80fb4a1dccfd
merge,naive_full_recompute,10000,128,64,16,interleaved,0,20270910,250200,0.2502,10015,40027977.618,1290329,10000,,,,
finalize,naive_full_recompute,10000,128,64,16,interleaved,0,20270910,211603600,211.6036,10000,47258.175,1290329,10000,"[-0.0038124969417313906, -0.011967810940520497, -0.0013506322995113583, 0.0025728885975041123, 0.0004785709370859925, -0.01354996733445429, -0.015563521701761557, -0.0068394141645426515, -0.003139907236441084, -0.009706357498832668, -0.013546302445634801, -0.0054249215946960425, -0.005486524996172923, -0.011230152655323736, -0.018157562701082097, -0.023941602260591013, -0.004367620068439536, -0.031771260465399354, -0.013313062241400019, -0.023506312184845897, -0.02192894591495067, 0.0013922358264646462, 0.006129925450571724, -0.0006609319790833303, -0.0018635545346022899, -0.013809212573405127, -0.005561847413990946, 0.0021691148190164746, -0.012446610195591495, -0.02384831770752934, -0.007335309307178369, -0.010838576112097409, -0.011861301924242744, -0.005868631021732142, -0.0003322213955768594, -0.011336991706884075, -0.009044556805615129, -0.014048256417781853, -0.02098785184312887, -0.005312669048030295, -0.0137269503433727, -0.001084721481240444, -0.009252664988416644, -0.014591134712177484, -0.0047092359470511545, -0.0021287507004916924, 0.0003238094845609656, 0.00016963410139977936, -0.0053446706883104956, -0.007765562558669982, -0.005791426216535205, -0.014222442327246461, 0.003841107054006475, -0.0027966147015044815, -0.008192138988822479, -0.002935066249579128, -0.0027330011904682767, -0.00697131118465113, -0.0009051522652410537, -0.002126247586141071, -0.001366820332545522, 0.002686773035552833, -0.0010037043359593662, -0.01002617149360718]",76.01618772201493,1.9825381586473183,714a80fb4a1dccfd
merge,compact_ordered,10000,128,64,16,contiguous,1,20270910,325205000,325.205,10015,30795.959,894747,10000,,,,
finalize,compact_ordered,10000,128,64,16,contiguous,1,20270910,30438900,30.4389,10000,328526.984,894747,10000,"[-0.0038124969417313906, -0.011967810940520497, -0.0013506322995113583, 0.0025728885975041123, 0.0004785709370859925, -0.01354996733445429, -0.015563521701761557, -0.0068394141645426515, -0.003139907236441084, -0.009706357498832668, -0.013546302445634801, -0.0054249215946960425, -0.005486524996172923, -0.011230152655323736, -0.018157562701082097, -0.023941602260591013, -0.004367620068439536, -0.031771260465399354, -0.013313062241400019, -0.023506312184845897, -0.02192894591495067, 0.0013922358264646462, 0.006129925450571724, -0.0006609319790833303, -0.0018635545346022899, -0.013809212573405127, -0.005561847413990946, 0.0021691148190164746, -0.012446610195591495, -0.02384831770752934, -0.007335309307178369, -0.010838576112097409, -0.011861301924242744, -0.005868631021732142, -0.0003322213955768594, -0.011336991706884075, -0.009044556805615129, -0.014048256417781853, -0.02098785184312887, -0.005312669048030295, -0.0137269503433727, -0.001084721481240444, -0.009252664988416644, -0.014591134712177484, -0.0047092359470511545, -0.0021287507004916924, 0.0003238094845609656, 0.00016963410139977936, -0.0053446706883104956, -0.007765562558669982, -0.005791426216535205, -0.014222442327246461, 0.003841107054006475, -0.0027966147015044815, -0.008192138988822479, -0.002935066249579128, -0.0027330011904682767, -0.00697131118465113, -0.0009051522652410537, -0.002126247586141071, -0.001366820332545522, 0.002686773035552833, -0.0010037043359593662, -0.01002617149360718]",76.01618772201493,1.9825381586473183,714a80fb4a1dccfd
merge,exact_store_sort,10000,128,64,16,contiguous,1,20270910,599300,0.5993,10015,16711163.024,1220504,10000,,,,
finalize,exact_store_sort,10000,128,64,16,contiguous,1,20270910,153884200,153.8842,10000,64983.929,1220504,10000,"[-0.0038124969417313906, -0.011967810940520497, -0.0013506322995113583, 0.0025728885975041123, 0.0004785709370859925, -0.01354996733445429, -0.015563521701761557, -0.0068394141645426515, -0.003139907236441084, -0.009706357498832668, -0.013546302445634801, -0.0054249215946960425, -0.005486524996172923, -0.011230152655323736, -0.018157562701082097, -0.023941602260591013, -0.004367620068439536, -0.031771260465399354, -0.013313062241400019, -0.023506312184845897, -0.02192894591495067, 0.0013922358264646462, 0.006129925450571724, -0.0006609319790833303, -0.0018635545346022899, -0.013809212573405127, -0.005561847413990946, 0.0021691148190164746, -0.012446610195591495, -0.02384831770752934, -0.007335309307178369, -0.010838576112097409, -0.011861301924242744, -0.005868631021732142, -0.0003322213955768594, -0.011336991706884075, -0.009044556805615129, -0.014048256417781853, -0.02098785184312887, -0.005312669048030295, -0.0137269503433727, -0.001084721481240444, -0.009252664988416644, -0.014591134712177484, -0.0047092359470511545, -0.0021287507004916924, 0.0003238094845609656, 0.00016963410139977936, -0.0053446706883104956, -0.007765562558669982, -0.005791426216535205, -0.014222442327246461, 0.003841107054006475, -0.0027966147015044815, -0.008192138988822479, -0.002935066249579128, -0.0027330011904682767, -0.00697131118465113, -0.0009051522652410537, -0.002126247586141071, -0.001366820332545522, 0.002686773035552833, -0.0010037043359593662, -0.01002617149360718]",76.01618772201493,1.9825381586473183,714a80fb4a1dccfd
merge,naive_full_recompute,10000,128,64,16,contiguous,1,20270910,251900,0.2519,10015,39757840.413,1290329,10000,,,,
finalize,naive_full_recompute,10000,128,64,16,contiguous,1,20270910,177123200,177.1232,10000,56457.878,1290329,10000,"[-0.0038124969417313906, -0.011967810940520497, -0.0013506322995113583, 0.0025728885975041123, 0.0004785709370859925, -0.01354996733445429, -0.015563521701761557, -0.0068394141645426515, -0.003139907236441084, -0.009706357498832668, -0.013546302445634801, -0.0054249215946960425, -0.005486524996172923, -0.011230152655323736, -0.018157562701082097, -0.023941602260591013, -0.004367620068439536, -0.031771260465399354, -0.013313062241400019, -0.023506312184845897, -0.02192894591495067, 0.0013922358264646462, 0.006129925450571724, -0.0006609319790833303, -0.0018635545346022899, -0.013809212573405127, -0.005561847413990946, 0.0021691148190164746, -0.012446610195591495, -0.02384831770752934, -0.007335309307178369, -0.010838576112097409, -0.011861301924242744, -0.005868631021732142, -0.0003322213955768594, -0.011336991706884075, -0.009044556805615129, -0.014048256417781853, -0.02098785184312887, -0.005312669048030295, -0.0137269503433727, -0.001084721481240444, -0.009252664988416644, -0.014591134712177484, -0.0047092359470511545, -0.0021287507004916924, 0.0003238094845609656, 0.00016963410139977936, -0.0053446706883104956, -0.007765562558669982, -0.005791426216535205, -0.014222442327246461, 0.003841107054006475, -0.0027966147015044815, -0.008192138988822479, -0.002935066249579128, -0.0027330011904682767, -0.00697131118465113, -0.0009051522652410537, -0.002126247586141071, -0.001366820332545522, 0.002686773035552833, -0.0010037043359593662, -0.01002617149360718]",76.01618772201493,1.9825381586473183,714a80fb4a1dccfd
merge,exact_store_sort,10000,128,64,16,interleaved,1,20270910,803500,0.8035,10015,12464219.042,1221400,10000,,,,
finalize,exact_store_sort,10000,128,64,16,interleaved,1,20270910,163120200,163.1202,10000,61304.486,1221400,10000,"[-0.0038124969417313906, -0.011967810940520497, -0.0013506322995113583, 0.0025728885975041123, 0.0004785709370859925, -0.01354996733445429, -0.015563521701761557, -0.0068394141645426515, -0.003139907236441084, -0.009706357498832668, -0.013546302445634801, -0.0054249215946960425, -0.005486524996172923, -0.011230152655323736, -0.018157562701082097, -0.023941602260591013, -0.004367620068439536, -0.031771260465399354, -0.013313062241400019, -0.023506312184845897, -0.02192894591495067, 0.0013922358264646462, 0.006129925450571724, -0.0006609319790833303, -0.0018635545346022899, -0.013809212573405127, -0.005561847413990946, 0.0021691148190164746, -0.012446610195591495, -0.02384831770752934, -0.007335309307178369, -0.010838576112097409, -0.011861301924242744, -0.005868631021732142, -0.0003322213955768594, -0.011336991706884075, -0.009044556805615129, -0.014048256417781853, -0.02098785184312887, -0.005312669048030295, -0.0137269503433727, -0.001084721481240444, -0.009252664988416644, -0.014591134712177484, -0.0047092359470511545, -0.0021287507004916924, 0.0003238094845609656, 0.00016963410139977936, -0.0053446706883104956, -0.007765562558669982, -0.005791426216535205, -0.014222442327246461, 0.003841107054006475, -0.0027966147015044815, -0.008192138988822479, -0.002935066249579128, -0.0027330011904682767, -0.00697131118465113, -0.0009051522652410537, -0.002126247586141071, -0.001366820332545522, 0.002686773035552833, -0.0010037043359593662, -0.01002617149360718]",76.01618772201493,1.9825381586473183,714a80fb4a1dccfd
merge,naive_full_recompute,10000,128,64,16,interleaved,1,20270910,265100,0.2651,10015,37778196.907,1290329,10000,,,,
finalize,naive_full_recompute,10000,128,64,16,interleaved,1,20270910,173802700,173.8027,10000,57536.505,1290329,10000,"[-0.0038124969417313906, -0.011967810940520497, -0.0013506322995113583, 0.0025728885975041123, 0.0004785709370859925, -0.01354996733445429, -0.015563521701761557, -0.0068394141645426515, -0.003139907236441084, -0.009706357498832668, -0.013546302445634801, -0.0054249215946960425, -0.005486524996172923, -0.011230152655323736, -0.018157562701082097, -0.023941602260591013, -0.004367620068439536, -0.031771260465399354, -0.013313062241400019, -0.023506312184845897, -0.02192894591495067, 0.0013922358264646462, 0.006129925450571724, -0.0006609319790833303, -0.0018635545346022899, -0.013809212573405127, -0.005561847413990946, 0.0021691148190164746, -0.012446610195591495, -0.02384831770752934, -0.007335309307178369, -0.010838576112097409, -0.011861301924242744, -0.005868631021732142, -0.0003322213955768594, -0.011336991706884075, -0.009044556805615129, -0.014048256417781853, -0.02098785184312887, -0.005312669048030295, -0.0137269503433727, -0.001084721481240444, -0.009252664988416644, -0.014591134712177484, -0.0047092359470511545, -0.0021287507004916924, 0.0003238094845609656, 0.00016963410139977936, -0.0053446706883104956, -0.007765562558669982, -0.005791426216535205, -0.014222442327246461, 0.003841107054006475, -0.0027966147015044815, -0.008192138988822479, -0.002935066249579128, -0.0027330011904682767, -0.00697131118465113, -0.0009051522652410537, -0.002126247586141071, -0.001366820332545522, 0.002686773035552833, -0.0010037043359593662, -0.01002617149360718]",76.01618772201493,1.9825381586473183,714a80fb4a1dccfd
