[0/2] Re-checking globbed directories...
[1/6838] Generating embedded SQL Console resources
[2/6838] Building CXX object base/base/CMakeFiles/common.dir/coverage.cpp.o
[3/6838] Generating ClickStack embedded resources
[4/6838] Building CXX object src/CMakeFiles/clickhouse_malloc.dir/Common/malloc.cpp.o
[5/6838] Building CXX object contrib/libunwind-cmake/CMakeFiles/unwind.dir/__/llvm-project/libunwind/src/Unwind-EHABI.cpp.o
[6/6838] Building CXX object contrib/libunwind-cmake/CMakeFiles/unwind.dir/__/llvm-project/libunwind/src/Unwind-seh.cpp.o
[7/6838] Building C object contrib/libunwind-cmake/CMakeFiles/unwind.dir/__/llvm-project/libunwind/src/UnwindLevel1.c.o
[8/6838] Building C object contrib/libunwind-cmake/CMakeFiles/unwind.dir/__/llvm-project/libunwind/src/UnwindLevel1-gcc-ext.c.o
[9/6838] Building C object contrib/libunwind-cmake/CMakeFiles/unwind.dir/__/llvm-project/libunwind/src/Unwind-sjlj.c.o
[10/6838] Building CXX object base/base/CMakeFiles/common.dir/cgroupsv2.cpp.o
[11/6838] Building C object contrib/libunwind-cmake/CMakeFiles/unwind.dir/unwind-override.c.o
[12/6838] Building ASM object contrib/libunwind-cmake/CMakeFiles/unwind.dir/__/llvm-project/libunwind/src/UnwindRegistersRestore.S.o
[13/6838] Building ASM object contrib/libunwind-cmake/CMakeFiles/unwind.dir/__/llvm-project/libunwind/src/UnwindRegistersSave.S.o
[14/6838] Building CXX object contrib/libunwind-cmake/CMakeFiles/unwind.dir/__/llvm-project/libunwind/src/libunwind.cpp.o
[15/6838] Linking CXX static library contrib/libunwind-cmake/libunwind.a
[16/6838] Building CXX object contrib/libcxxabi-cmake/CMakeFiles/cxxabi.dir/__/llvm-project/libcxxabi/src/abort_message.cpp.o
[17/6838] Building CXX object contrib/libcxxabi-cmake/CMakeFiles/cxxabi.dir/__/llvm-project/libcxxabi/src/cxa_aux_runtime.cpp.o
[18/6838] Building CXX object contrib/libcxxabi-cmake/CMakeFiles/cxxabi.dir/__/llvm-project/libcxxabi/src/cxa_default_handlers.cpp.o
[19/6838] Building CXX object base/base/CMakeFiles/common.dir/argsToConfig.cpp.o
[20/6838] Building CXX object contrib/libcxxabi-cmake/CMakeFiles/cxxabi.dir/__/llvm-project/libcxxabi/src/cxa_exception.cpp.o
[21/6838] Building CXX object contrib/libcxxabi-cmake/CMakeFiles/cxxabi.dir/__/llvm-project/libcxxabi/src/cxa_exception_storage.cpp.o
[22/6838] Building CXX object contrib/libcxxabi-cmake/CMakeFiles/cxxabi.dir/__/llvm-project/libcxxabi/src/cxa_personality.cpp.o
[23/6838] Building CXX object contrib/libcxxabi-cmake/CMakeFiles/cxxabi.dir/__/llvm-project/libcxxabi/src/cxa_handlers.cpp.o
[24/6838] Building CXX object contrib/libcxxabi-cmake/CMakeFiles/cxxabi.dir/__/llvm-project/libcxxabi/src/cxa_guard.cpp.o
[25/6838] Building CXX object contrib/libcxxabi-cmake/CMakeFiles/cxxabi.dir/__/llvm-project/libcxxabi/src/cxa_virtual.cpp.o
[26/6838] Building CXX object contrib/libcxxabi-cmake/CMakeFiles/cxxabi.dir/__/llvm-project/libcxxabi/src/cxa_thread_atexit.cpp.o
[27/6838] Building CXX object contrib/libcxxabi-cmake/CMakeFiles/cxxabi.dir/__/llvm-project/libcxxabi/src/cxa_vector.cpp.o
[28/6838] Building CXX object contrib/libcxxabi-cmake/CMakeFiles/cxxabi.dir/__/llvm-project/libcxxabi/src/stdlib_exception.cpp.o
[29/6838] Building CXX object contrib/libcxxabi-cmake/CMakeFiles/cxxabi.dir/__/llvm-project/libcxxabi/src/fallback_malloc.cpp.o
[30/6838] Building CXX object contrib/libcxxabi-cmake/CMakeFiles/cxxabi.dir/__/llvm-project/libcxxabi/src/private_typeinfo.cpp.o
[31/6838] Building CXX object contrib/libcxxabi-cmake/CMakeFiles/cxxabi.dir/__/llvm-project/libcxxabi/src/stdlib_new_delete.cpp.o
[32/6838] Building CXX object contrib/libcxxabi-cmake/CMakeFiles/cxxabi.dir/__/llvm-project/libcxxabi/src/stdlib_typeinfo.cpp.o
[33/6838] Building CXX object contrib/libcxx-cmake/CMakeFiles/cxx.dir/__/llvm-project/libcxx/src/any.cpp.o
[34/6838] Building CXX object contrib/libcxxabi-cmake/CMakeFiles/cxxabi.dir/__/llvm-project/libcxxabi/src/stdlib_stdexcept.cpp.o
[35/6838] Building CXX object contrib/libcxx-cmake/CMakeFiles/cxx.dir/__/llvm-project/libcxx/src/expected.cpp.o
[36/6838] Building CXX object contrib/libcxx-cmake/CMakeFiles/cxx.dir/__/llvm-project/libcxx/src/atomic.cpp.o
[37/6838] Building CXX object contrib/libcxx-cmake/CMakeFiles/cxx.dir/__/llvm-project/libcxx/src/barrier.cpp.o
[38/6838] Building CXX object contrib/libcxx-cmake/CMakeFiles/cxx.dir/__/llvm-project/libcxx/src/call_once.cpp.o
[39/6838] Building CXX object contrib/libcxx-cmake/CMakeFiles/cxx.dir/__/llvm-project/libcxx/src/bind.cpp.o
[40/6838] Building CXX object contrib/libcxx-cmake/CMakeFiles/cxx.dir/__/llvm-project/libcxx/src/charconv.cpp.o
[41/6838] Building CXX object contrib/libcxxabi-cmake/CMakeFiles/cxxabi.dir/__/llvm-project/libcxxabi/src/cxa_demangle.cpp.o
[42/6838] Linking CXX static library contrib/libcxxabi-cmake/libcxxabi.a
[43/6838] Building CXX object contrib/libcxx-cmake/CMakeFiles/cxx.dir/__/llvm-project/libcxx/src/condition_variable_destructor.cpp.o
[44/6838] Building CXX object contrib/libcxx-cmake/CMakeFiles/cxx.dir/__/llvm-project/libcxx/src/chrono.cpp.o
[45/6838] Building CXX object contrib/libcxx-cmake/CMakeFiles/cxx.dir/__/llvm-project/libcxx/src/exception.cpp.o
[46/6838] Building CXX object contrib/libcxx-cmake/CMakeFiles/cxx.dir/__/llvm-project/libcxx/src/experimental/keep.cpp.o
[47/6838] Building CXX object contrib/libcxx-cmake/CMakeFiles/cxx.dir/__/llvm-project/libcxx/src/error_category.cpp.o
[48/6838] Building CXX object contrib/libcxx-cmake/CMakeFiles/cxx.dir/__/llvm-project/libcxx/src/algorithm.cpp.o
[49/6838] Building CXX object contrib/libcxx-cmake/CMakeFiles/cxx.dir/__/llvm-project/libcxx/src/condition_variable.cpp.o
[50/6838] Building CXX object contrib/libcxx-cmake/CMakeFiles/cxx.dir/__/llvm-project/libcxx/src/filesystem/filesystem_error.cpp.o
[51/6838] Building CXX object contrib/libcxx-cmake/CMakeFiles/cxx.dir/__/llvm-project/libcxx/src/filesystem/int128_builtins.cpp.o
[52/6838] Building CXX object contrib/libcxx-cmake/CMakeFiles/cxx.dir/__/llvm-project/libcxx/src/filesystem/directory_entry.cpp.o
[53/6838] Building CXX object contrib/libcxx-cmake/CMakeFiles/cxx.dir/__/llvm-project/libcxx/src/filesystem/filesystem_clock.cpp.o
[54/6838] Building CXX object contrib/libcxx-cmake/CMakeFiles/cxx.dir/__/llvm-project/libcxx/src/filesystem/directory_iterator.cpp.o
[55/6838] Building CXX object contrib/libcxx-cmake/CMakeFiles/cxx.dir/__/llvm-project/libcxx/src/fstream.cpp.o
[56/6838] Building CXX object contrib/libcxx-cmake/CMakeFiles/cxx.dir/__/llvm-project/libcxx/src/functional.cpp.o
[57/6838] Building CXX object contrib/libcxx-cmake/CMakeFiles/cxx.dir/__/llvm-project/libcxx/src/filesystem/path.cpp.o
[58/6838] Building CXX object contrib/libcxx-cmake/CMakeFiles/cxx.dir/__/llvm-project/libcxx/src/future.cpp.o
[59/6838] Building CXX object contrib/libcxx-cmake/CMakeFiles/cxx.dir/__/llvm-project/libcxx/src/hash.cpp.o
[60/6838] Building CXX object contrib/libcxx-cmake/CMakeFiles/cxx.dir/__/llvm-project/libcxx/src/filesystem/operations.cpp.o
[61/6838] Building CXX object contrib/libcxx-cmake/CMakeFiles/cxx.dir/__/llvm-project/libcxx/src/ios.cpp.o
[62/6838] Building CXX object contrib/libcxx-cmake/CMakeFiles/cxx.dir/__/llvm-project/libcxx/src/iostream.cpp.o
[63/6838] Building CXX object contrib/libcxx-cmake/CMakeFiles/cxx.dir/__/llvm-project/libcxx/src/memory.cpp.o
[64/6838] Building CXX object contrib/libcxx-cmake/CMakeFiles/cxx.dir/__/llvm-project/libcxx/src/memory_resource.cpp.o
[65/6838] Building CXX object contrib/libcxx-cmake/CMakeFiles/cxx.dir/__/llvm-project/libcxx/src/mutex_destructor.cpp.o
[66/6838] Building CXX object contrib/libcxx-cmake/CMakeFiles/cxx.dir/__/llvm-project/libcxx/src/new.cpp.o
[67/6838] Building CXX object contrib/libcxx-cmake/CMakeFiles/cxx.dir/__/llvm-project/libcxx/src/mutex.cpp.o
[68/6838] Building CXX object contrib/libcxx-cmake/CMakeFiles/cxx.dir/__/llvm-project/libcxx/src/new_helpers.cpp.o
[69/6838] Building CXX object contrib/libcxx-cmake/CMakeFiles/cxx.dir/__/llvm-project/libcxx/src/new_handler.cpp.o
[70/6838] Building CXX object contrib/libcxx-cmake/CMakeFiles/cxx.dir/__/llvm-project/libcxx/src/optional.cpp.o
[71/6838] Building CXX object contrib/libcxx-cmake/CMakeFiles/cxx.dir/__/llvm-project/libcxx/src/ios.instantiations.cpp.o
[72/6838] Building CXX object contrib/libcxx-cmake/CMakeFiles/cxx.dir/__/llvm-project/libcxx/src/random.cpp.o
[73/6838] Building CXX object contrib/libcxx-cmake/CMakeFiles/cxx.dir/__/llvm-project/libcxx/src/ostream.cpp.o
[74/6838] Building CXX object contrib/libcxx-cmake/CMakeFiles/cxx.dir/__/llvm-project/libcxx/src/print.cpp.o
[75/6838] Building CXX object contrib/libcxx-cmake/CMakeFiles/cxx.dir/__/llvm-project/libcxx/src/ryu/d2fixed.cpp.o
[76/6838] Building CXX object contrib/libcxx-cmake/CMakeFiles/cxx.dir/__/llvm-project/libcxx/src/ryu/d2s.cpp.o
[77/6838] Building CXX object contrib/libcxx-cmake/CMakeFiles/cxx.dir/__/llvm-project/libcxx/src/random_shuffle.cpp.o
[78/6838] Building CXX object contrib/libcxx-cmake/CMakeFiles/cxx.dir/__/llvm-project/libcxx/src/shared_mutex.cpp.o
[79/6838] Building CXX object contrib/libcxx-cmake/CMakeFiles/cxx.dir/__/llvm-project/libcxx/src/ryu/f2s.cpp.o
[80/6838] Building CXX object contrib/libcxx-cmake/CMakeFiles/cxx.dir/__/llvm-project/libcxx/src/regex.cpp.o
[81/6838] Building CXX object contrib/libcxx-cmake/CMakeFiles/cxx.dir/__/llvm-project/libcxx/src/stdexcept.cpp.o
[82/6838] Building CXX object contrib/libcxx-cmake/CMakeFiles/cxx.dir/__/llvm-project/libcxx/src/system_error.cpp.o
[83/6838] Building CXX object contrib/libcxx-cmake/CMakeFiles/cxx.dir/__/llvm-project/libcxx/src/strstream.cpp.o
[84/6838] Building CXX object contrib/libcxx-cmake/CMakeFiles/cxx.dir/__/llvm-project/libcxx/src/typeinfo.cpp.o
[85/6838] Building CXX object contrib/libcxx-cmake/CMakeFiles/cxx.dir/__/llvm-project/libcxx/src/string.cpp.o
[86/6838] Building CXX object contrib/libcxx-cmake/CMakeFiles/cxx.dir/__/llvm-project/libcxx/src/valarray.cpp.o
[87/6838] Building CXX object contrib/libcxx-cmake/CMakeFiles/cxx.dir/__/llvm-project/libcxx/src/variant.cpp.o
[88/6838] Building CXX object contrib/libcxx-cmake/CMakeFiles/cxx.dir/__/llvm-project/libcxx/src/verbose_abort.cpp.o
[89/6838] Building C object base/glibc-compatibility/CMakeFiles/glibc-compatibility.dir/glibc-compatibility.c.o
[90/6838] Building C object base/glibc-compatibility/CMakeFiles/glibc-compatibility.dir/musl/__math_divzero.c.o
[91/6838] Building C object base/glibc-compatibility/CMakeFiles/glibc-compatibility.dir/musl/__math_divzerof.c.o
[92/6838] Building C object base/glibc-compatibility/CMakeFiles/glibc-compatibility.dir/musl/__math_invalid.c.o
[93/6838] Building C object base/glibc-compatibility/CMakeFiles/glibc-compatibility.dir/musl/__math_invalidf.c.o
[94/6838] Building C object base/glibc-compatibility/CMakeFiles/glibc-compatibility.dir/musl/__math_oflow.c.o
[95/6838] Building C object base/glibc-compatibility/CMakeFiles/glibc-compatibility.dir/musl/__math_oflowf.c.o
[96/6838] Building CXX object contrib/libcxx-cmake/CMakeFiles/cxx.dir/__/llvm-project/libcxx/src/thread.cpp.o
[97/6838] Building C object base/glibc-compatibility/CMakeFiles/glibc-compatibility.dir/musl/__math_uflow.c.o
[98/6838] Building C object base/glibc-compatibility/CMakeFiles/glibc-compatibility.dir/musl/__math_uflowf.c.o
[99/6838] Building CXX object contrib/libcxx-cmake/CMakeFiles/cxx.dir/__/llvm-project/libcxx/src/vector.cpp.o
[100/6838] Building C object base/glibc-compatibility/CMakeFiles/glibc-compatibility.dir/musl/__math_xflow.c.o
[101/6838] Building C object base/glibc-compatibility/CMakeFiles/glibc-compatibility.dir/musl/__math_xflowf.c.o
[102/6838] Building C object base/glibc-compatibility/CMakeFiles/glibc-compatibility.dir/musl/__polevll.c.o
[103/6838] Building C object base/glibc-compatibility/CMakeFiles/glibc-compatibility.dir/musl/clock_getres.c.o
[104/6838] Building C object base/glibc-compatibility/CMakeFiles/glibc-compatibility.dir/musl/accept4.c.o
[105/6838] Building C object base/glibc-compatibility/CMakeFiles/glibc-compatibility.dir/musl/clock_nanosleep.c.o
[106/6838] Building C object base/glibc-compatibility/CMakeFiles/glibc-compatibility.dir/musl/clock_gettime.c.o
[107/6838] Building C object base/glibc-compatibility/CMakeFiles/glibc-compatibility.dir/musl/dup3.c.o
[108/6838] Building C object base/glibc-compatibility/CMakeFiles/glibc-compatibility.dir/musl/eventfd.c.o
[109/6838] Building C object base/glibc-compatibility/CMakeFiles/glibc-compatibility.dir/musl/epoll.c.o
[110/6838] Building C object base/glibc-compatibility/CMakeFiles/glibc-compatibility.dir/musl/exp.c.o
[111/6838] Building C object base/glibc-compatibility/CMakeFiles/glibc-compatibility.dir/musl/exp2f.c.o
[112/6838] Building C object base/glibc-compatibility/CMakeFiles/glibc-compatibility.dir/musl/exp2.c.o
[113/6838] Building C object base/glibc-compatibility/CMakeFiles/glibc-compatibility.dir/musl/exp2f_data.c.o
[114/6838] Building C object base/glibc-compatibility/CMakeFiles/glibc-compatibility.dir/musl/exp_data.c.o
[115/6838] Building C object base/glibc-compatibility/CMakeFiles/glibc-compatibility.dir/musl/expf.c.o
[116/6838] Building C object base/glibc-compatibility/CMakeFiles/glibc-compatibility.dir/musl/fcntl.c.o
[117/6838] Building C object base/glibc-compatibility/CMakeFiles/glibc-compatibility.dir/musl/fallocate.c.o
[118/6838] Building C object base/glibc-compatibility/CMakeFiles/glibc-compatibility.dir/musl/futimens.c.o
[119/6838] Building C object base/glibc-compatibility/CMakeFiles/glibc-compatibility.dir/musl/getauxval.c.o
[120/6838] Building C object base/glibc-compatibility/CMakeFiles/glibc-compatibility.dir/musl/getentropy.c.o
[121/6838] Building C object base/glibc-compatibility/CMakeFiles/glibc-compatibility.dir/musl/getrandom.c.o
[122/6838] Building C object base/glibc-compatibility/CMakeFiles/glibc-compatibility.dir/musl/inotify.c.o
[123/6838] Building C object base/glibc-compatibility/CMakeFiles/glibc-compatibility.dir/musl/lgamma.c.o
[124/6838] Building C object base/glibc-compatibility/CMakeFiles/glibc-compatibility.dir/musl/glob.c.o
[125/6838] Building C object base/glibc-compatibility/CMakeFiles/glibc-compatibility.dir/musl/lgammal.c.o
[126/6838] Building C object base/glibc-compatibility/CMakeFiles/glibc-compatibility.dir/musl/log.c.o
[127/6838] Building C object base/glibc-compatibility/CMakeFiles/glibc-compatibility.dir/musl/log2_data.c.o
[128/6838] Building C object base/glibc-compatibility/CMakeFiles/glibc-compatibility.dir/musl/log2.c.o
[129/6838] Building C object base/glibc-compatibility/CMakeFiles/glibc-compatibility.dir/musl/log2f_data.c.o
[130/6838] Building C object base/glibc-compatibility/CMakeFiles/glibc-compatibility.dir/musl/log2f.c.o
[131/6838] Building C object base/glibc-compatibility/CMakeFiles/glibc-compatibility.dir/musl/log_data.c.o
[132/6838] Building C object base/glibc-compatibility/CMakeFiles/glibc-compatibility.dir/musl/logf_data.c.o
[133/6838] Building C object base/glibc-compatibility/CMakeFiles/glibc-compatibility.dir/musl/logf.c.o
[134/6838] Building C object base/glibc-compatibility/CMakeFiles/glibc-compatibility.dir/musl/pipe2.c.o
[135/6838] Building C object base/glibc-compatibility/CMakeFiles/glibc-compatibility.dir/musl/mkstemps.c.o
[136/6838] Building C object base/glibc-compatibility/CMakeFiles/glibc-compatibility.dir/musl/pow_data.c.o
[137/6838] Building C object base/glibc-compatibility/CMakeFiles/glibc-compatibility.dir/musl/posix_spawn.c.o
[138/6838] Building C object base/glibc-compatibility/CMakeFiles/glibc-compatibility.dir/musl/pow.c.o
[139/6838] Building C object base/glibc-compatibility/CMakeFiles/glibc-compatibility.dir/musl/powf_data.c.o
[140/6838] Building C object base/glibc-compatibility/CMakeFiles/glibc-compatibility.dir/musl/powf.c.o
[141/6838] Building C object base/glibc-compatibility/CMakeFiles/glibc-compatibility.dir/musl/pwritev.c.o
[142/6838] Building C object base/glibc-compatibility/CMakeFiles/glibc-compatibility.dir/musl/powl.c.o
[143/6838] Building C object base/glibc-compatibility/CMakeFiles/glibc-compatibility.dir/musl/scalbnf.c.o
[144/6838] Building C object base/glibc-compatibility/CMakeFiles/glibc-compatibility.dir/musl/sched_cpucount.c.o
[145/6838] Building C object base/glibc-compatibility/CMakeFiles/glibc-compatibility.dir/musl/secure_getenv.c.o
[146/6838] Building C object base/glibc-compatibility/CMakeFiles/glibc-compatibility.dir/musl/sched_getcpu.c.o
[147/6838] Building C object base/glibc-compatibility/CMakeFiles/glibc-compatibility.dir/musl/strsignal.c.o
[148/6838] Building C object base/glibc-compatibility/CMakeFiles/glibc-compatibility.dir/musl/syscall_ret.c.o
[149/6838] Building C object base/glibc-compatibility/CMakeFiles/glibc-compatibility.dir/musl/sync_file_range.c.o
[150/6838] Building C object base/glibc-compatibility/CMakeFiles/glibc-compatibility.dir/musl/timerfd.c.o
[151/6838] Building C object base/glibc-compatibility/CMakeFiles/glibc-compatibility.dir/musl/timespec_get.c.o
[152/6838] Building C object base/glibc-compatibility/CMakeFiles/glibc-compatibility.dir/musl/utimensat.c.o
[153/6838] Building ASM object base/glibc-compatibility/CMakeFiles/glibc-compatibility.dir/musl/x86_64/syscall.s.o
[154/6838] Building C object base/glibc-compatibility/CMakeFiles/glibc-compatibility.dir/musl/vasprintf.c.o
[155/6838] Building ASM object base/glibc-compatibility/CMakeFiles/glibc-compatibility.dir/musl/x86_64/longjmp.s.o
[156/6838] Building C object base/harmful/CMakeFiles/harmful.dir/harmful.c.o
[157/6838] Building C object base/glibc-compatibility/CMakeFiles/glibc-compatibility.dir/musl/vdso.c.o
[158/6838] Linking C static library base/harmful/libharmful.a
[159/6838] Building C object contrib/openssl-cmake/CMakeFiles/crypto.dir/common/providers/der_digests_gen.c.o
[160/6838] Linking C static library base/glibc-compatibility/libglibc-compatibility.a
[161/6838] Building C object contrib/openssl-cmake/CMakeFiles/crypto.dir/common/providers/der_dsa_gen.c.o
[162/6838] Building C object contrib/openssl-cmake/CMakeFiles/crypto.dir/common/providers/der_ecx_gen.c.o
[163/6838] Building C object contrib/openssl-cmake/CMakeFiles/crypto.dir/common/providers/der_ml_dsa_gen.c.o
[164/6838] Building C object contrib/openssl-cmake/CMakeFiles/crypto.dir/common/providers/der_ec_gen.c.o
[165/6838] Building C object contrib/openssl-cmake/CMakeFiles/crypto.dir/common/providers/der_rsa_gen.c.o
[166/6838] Building C object contrib/openssl-cmake/CMakeFiles/crypto.dir/common/providers/der_slh_dsa_gen.c.o
[167/6838] Building CXX object contrib/libcxx-cmake/CMakeFiles/cxx.dir/__/llvm-project/libcxx/src/locale.cpp.o
[168/6838] Building C object contrib/openssl-cmake/CMakeFiles/crypto.dir/common/providers/der_sm2_gen.c.o
[169/6838] Building C object contrib/openssl-cmake/CMakeFiles/crypto.dir/common/providers/der_wrap_gen.c.o
[170/6838] Linking CXX static library contrib/libcxx-cmake/libcxx.a
[171/6838] Building C object contrib/openssl-cmake/CMakeFiles/crypto.dir/__/openssl/crypto/aes/aes_cfb.c.o
[172/6838] Building C object contrib/openssl-cmake/CMakeFiles/crypto.dir/__/openssl/crypto/aes/aes_ecb.c.o
[173/6838] Building C object contrib/openssl-cmake/CMakeFiles/crypto.dir/__/openssl/crypto/aes/aes_misc.c.o
[174/6838] Building C object contrib/openssl-cmake/CMakeFiles/crypto.dir/__/openssl/crypto/aes/aes_ofb.c.o
[175/6838] Building C object contrib/openssl-cmake/CMakeFiles/crypto.dir/__/openssl/crypto/aes/aes_wrap.c.o
[176/6838] Building C object contrib/openssl-cmake/CMakeFiles/crypto.dir/__/openssl/crypto/aes/aes_ige.c.o
[177/6838] Building C object contrib/openssl-cmake/CMakeFiles/crypto.dir/common/params_idx.c.o
[178/6838] Building C object contrib/openssl-cmake/CMakeFiles/crypto.dir/__/openssl/crypto/aria/aria.c.o
[179/6838] Building C object contrib/openssl-cmake/CMakeFiles/crypto.dir/__/openssl/crypto/asn1/a_bitstr.c.o
[180/6838] Building C object contrib/openssl-cmake/CMakeFiles/crypto.dir/__/openssl/crypto/asn1/a_d2i_fp.c.o
[181/6838] Building C object contrib/openssl-cmake/CMakeFiles/crypto.dir/__/openssl/crypto/asn1/a_digest.c.o
[182/6838] Building C object contrib/openssl-cmake/CMakeFiles/crypto.dir/__/openssl/crypto/asn1/a_dup.c.o
[183/6838] Building C object contrib/openssl-cmake/CMakeFiles/crypto.dir/__/openssl/crypto/asn1/a_gentm.c.o
[184/6838] Building C object contrib/openssl-cmake/CMakeFiles/crypto.dir/__/openssl/crypto/asn1/a_i2d_fp.c.o
[185/6838] Building C object contrib/openssl-cmake/CMakeFiles/crypto.dir/__/openssl/crypto/asn1/a_octet.c.o
[186/6838] Building C object contrib/openssl-cmake/CMakeFiles/crypto.dir/__/openssl/crypto/asn1/a_mbstr.c.o
[187/6838] Building C object contrib/openssl-cmake/CMakeFiles/crypto.dir/__/openssl/crypto/asn1/a_object.c.o
[188/6838] Building C object contrib/openssl-cmake/CMakeFiles/crypto.dir/__/openssl/crypto/asn1/a_int.c.o
[189/6838] Building C object contrib/openssl-cmake/CMakeFiles/crypto.dir/__/openssl/crypto/asn1/a_print.c.o
[190/6838] Building C object contrib/openssl-cmake/CMakeFiles/crypto.dir/__/openssl/crypto/asn1/a_sign.c.o
[191/6838] Building C object contrib/openssl-cmake/CMakeFiles/crypto.dir/__/openssl/crypto/asn1/a_strnid.c.o
[192/6838] Building C object contrib/openssl-cmake/CMakeFiles/crypto.dir/__/openssl/crypto/asn1/a_strex.c.o
[193/6838] Building C object contrib/openssl-cmake/CMakeFiles/crypto.dir/__/openssl/crypto/asn1/a_type.c.o
[194/6838] Building C object contrib/openssl-cmake/CMakeFiles/crypto.dir/__/openssl/crypto/asn1/a_time.c.o
[195/6838] Building C object contrib/openssl-cmake/CMakeFiles/crypto.dir/__/openssl/crypto/asn1/a_utctm.c.o
[196/6838] Building C object contrib/openssl-cmake/CMakeFiles/crypto.dir/__/openssl/crypto/asn1/asn1_err.c.o
[197/6838] Building C object contrib/openssl-cmake/CMakeFiles/crypto.dir/__/openssl/crypto/asn1/a_utf8.c.o
[198/6838] Building C object contrib/openssl-cmake/CMakeFiles/crypto.dir/__/openssl/crypto/asn1/a_verify.c.o
[199/6838] Building C object contrib/openssl-cmake/CMakeFiles/crypto.dir/__/openssl/crypto/asn1/ameth_lib.c.o
[200/6838] Building C object contrib/openssl-cmake/CMakeFiles/crypto.dir/__/openssl/crypto/asn1/asn1_item_list.c.o
[201/6838] Building C object contrib/openssl-cmake/CMakeFiles/crypto.dir/__/openssl/crypto/asn1/asn1_gen.c.o
[202/6838] Building C object contrib/openssl-cmake/CMakeFiles/crypto.dir/__/openssl/crypto/asn1/asn1_parse.c.o
[203/6838] Building C object contrib/openssl-cmake/CMakeFiles/crypto.dir/__/openssl/crypto/asn1/asn1_lib.c.o
[204/6838] Building C object contrib/openssl-cmake/CMakeFiles/crypto.dir/__/openssl/crypto/asn1/asn_pack.c.o
[205/6838] Building C object contrib/openssl-cmake/CMakeFiles/crypto.dir/__/openssl/crypto/asn1/asn_moid.c.o
[206/6838] Building C object contrib/openssl-cmake/CMakeFiles/crypto.dir/__/openssl/crypto/asn1/asn_mstbl.c.o
[207/6838] Building C object contrib/openssl-cmake/CMakeFiles/crypto.dir/__/openssl/crypto/asn1/bio_ndef.c.o
[208/6838] Building C object contrib/openssl-cmake/CMakeFiles/crypto.dir/__/openssl/crypto/asn1/bio_asn1.c.o
[209/6838] Building C object contrib/openssl-cmake/CMakeFiles/crypto.dir/__/openssl/crypto/asn1/asn_mime.c.o
[210/6838] Building C object contrib/openssl-cmake/CMakeFiles/crypto.dir/__/openssl/crypto/asn1/d2i_param.c.o
[211/6838] Building C object contrib/openssl-cmake/CMakeFiles/crypto.dir/__/openssl/crypto/asn1/d2i_pu.c.o
[212/6838] Building C object contrib/openssl-cmake/CMakeFiles/crypto.dir/__/openssl/crypto/asn1/evp_asn1.c.o
[213/6838] Building C object contrib/openssl-cmake/CMakeFiles/crypto.dir/__/openssl/crypto/asn1/d2i_pr.c.o
[214/6838] Building C object contrib/openssl-cmake/CMakeFiles/crypto.dir/__/openssl/crypto/asn1/f_int.c.o
[215/6838] Building C object contrib/openssl-cmake/CMakeFiles/crypto.dir/__/openssl/crypto/asn1/f_string.c.o
[216/6838] Building C object contrib/openssl-cmake/CMakeFiles/crypto.dir/__/openssl/crypto/asn1/n_pkey.c.o
[217/6838] Building C object contrib/openssl-cmake/CMakeFiles/crypto.dir/__/openssl/crypto/asn1/nsseq.c.o
[218/6838] Building C object contrib/openssl-cmake/CMakeFiles/crypto.dir/__/openssl/crypto/asn1/i2d_evp.c.o
[219/6838] Building C object contrib/openssl-cmake/CMakeFiles/crypto.dir/__/openssl/crypto/asn1/p5_pbe.c.o
[220/6838] Building C object contrib/openssl-cmake/CMakeFiles/crypto.dir/__/openssl/crypto/asn1/p5_pbev2.c.o
[221/6838] Building C object contrib/openssl-cmake/CMakeFiles/crypto.dir/__/openssl/crypto/asn1/p8_pkey.c.o
[222/6838] Building C object contrib/openssl-cmake/CMakeFiles/crypto.dir/__/openssl/crypto/asn1/p5_scrypt.c.o
[223/6838] Building C object contrib/openssl-cmake/CMakeFiles/crypto.dir/__/openssl/crypto/asn1/t_bitst.c.o
[224/6838] Building C object contrib/openssl-cmake/CMakeFiles/crypto.dir/__/openssl/crypto/asn1/t_pkey.c.o
[225/6838] Building C object contrib/openssl-cmake/CMakeFiles/crypto.dir/__/openssl/crypto/asn1/t_spki.c.o
[226/6838] Building C object contrib/openssl-cmake/CMakeFiles/crypto.dir/__/openssl/crypto/asn1/tasn_fre.c.o
[227/6838] Building C object contrib/openssl-cmake/CMakeFiles/crypto.dir/__/openssl/crypto/asn1/tasn_new.c.o
[228/6838] Building C object contrib/openssl-cmake/CMakeFiles/crypto.dir/__/openssl/crypto/asn1/tasn_enc.c.o
[229/6838] Building C object contrib/openssl-cmake/CMakeFiles/crypto.dir/__/openssl/crypto/asn1/tasn_dec.c.o
[230/6838] Building C object contrib/openssl-cmake/CMakeFiles/crypto.dir/__/openssl/crypto/asn1/tasn_typ.c.o
[231/6838] Building C object contrib/openssl-cmake/CMakeFiles/crypto.dir/__/openssl/crypto/asn1/tasn_utl.c.o
[232/6838] Building C object contrib/openssl-cmake/CMakeFiles/crypto.dir/__/openssl/crypto/asn1/tasn_prn.c.o
[233/6838] Building C object contrib/openssl-cmake/CMakeFiles/crypto.dir/__/openssl/crypto/asn1/tasn_scn.c.o
[234/6838] Building C object contrib/openssl-cmake/CMakeFiles/crypto.dir/__/openssl/crypto/asn1/x_bignum.c.o
[235/6838] Building C object contrib/openssl-cmake/CMakeFiles/crypto.dir/__/openssl/crypto/asn1/x_info.c.o
[236/6838] Building C object contrib/openssl-cmake/CMakeFiles/crypto.dir/__/openssl/crypto/asn1/x_int64.c.o
[237/6838] Building C object contrib/openssl-cmake/CMakeFiles/crypto.dir/__/openssl/crypto/asn1/x_algor.c.o
[238/6838] Building C object contrib/openssl-cmake/CMakeFiles/crypto.dir/__/openssl/crypto/asn1/x_long.c.o
[239/6838] Building C object contrib/openssl-cmake/CMakeFiles/crypto.dir/__/openssl/crypto/asn1/x_pkey.c.o
[240/6838] Building C object contrib/openssl-cmake/CMakeFiles/crypto.dir/__/openssl/crypto/asn1/x_spki.c.o
[241/6838] Building C object contrib/openssl-cmake/CMakeFiles/crypto.dir/__/openssl/crypto/asn1/x_sig.c.o
[242/6838] Building C object contrib/openssl-cmake/CMakeFiles/crypto.dir/__/openssl/crypto/asn1/x_val.c.o
[243/6838] Building C object contrib/openssl-cmake/CMakeFiles/crypto.dir/__/openssl/crypto/async/arch/async_null.c.o
[244/6838] Building C object contrib/openssl-cmake/CMakeFiles/crypto.dir/__/openssl/crypto/async/arch/async_posix.c.o
[245/6838] Building C object contrib/openssl-cmake/CMakeFiles/crypto.dir/__/openssl/crypto/asn1_dsa.c.o
[246/6838] Building C object contrib/openssl-cmake/CMakeFiles/crypto.dir/__/openssl/crypto/async/arch/async_win.c.o
[247/6838] Building C object contrib/openssl-cmake/CMakeFiles/crypto.dir/__/openssl/crypto/async/async_err.c.o
[248/6838] Building C object contrib/openssl-cmake/CMakeFiles/crypto.dir/__/openssl/crypto/bf/bf_cfb64.c.o
[249/6838] Building C object contrib/openssl-cmake/CMakeFiles/crypto.dir/__/openssl/crypto/async/async_wait.c.o
[250/6838] Building C object contrib/openssl-cmake/CMakeFiles/crypto.dir/__/openssl/crypto/async/async.c.o
[251/6838] Building C object contrib/openssl-cmake/CMakeFiles/crypto.dir/__/openssl/crypto/bf/bf_ecb.c.o
[252/6838] Building C object contrib/openssl-cmake/CMakeFiles/crypto.dir/__/openssl/crypto/bf/bf_ofb64.c.o
[253/6838] Building C object contrib/openssl-cmake/CMakeFiles/crypto.dir/__/openssl/crypto/bf/bf_skey.c.o
[254/6838] Building C object contrib/openssl-cmake/CMakeFiles/crypto.dir/__/openssl/crypto/bf/bf_enc.c.o
[255/6838] Building C object contrib/openssl-cmake/CMakeFiles/crypto.dir/__/openssl/crypto/bio/bf_buff.c.o
[256/6838] Building C object contrib/openssl-cmake/CMakeFiles/crypto.dir/__/openssl/crypto/bio/bf_nbio.c.o
[257/6838] Building C object contrib/openssl-cmake/CMakeFiles/crypto.dir/__/openssl/crypto/bio/bf_null.c.o
[258/6838] Building C object contrib/openssl-cmake/CMakeFiles/crypto.dir/__/openssl/crypto/bio/bf_lbuf.c.o
[259/6838] Building C object contrib/openssl-cmake/CMakeFiles/crypto.dir/__/openssl/crypto/bio/bf_prefix.c.o
[260/6838] Building C object contrib/openssl-cmake/CMakeFiles/crypto.dir/__/openssl/crypto/bio/bf_readbuff.c.o
[261/6838] Building C object contrib/openssl-cmake/CMakeFiles/crypto.dir/__/openssl/crypto/bio/bio_cb.c.o
[262/6838] Building C object contrib/openssl-cmake/CMakeFiles/crypto.dir/__/openssl/crypto/bio/bio_addr.c.o
[263/6838] Building C object contrib/openssl-cmake/CMakeFiles/crypto.dir/__/openssl/crypto/bio/bio_err.c.o
[264/6838] Building C object contrib/openssl-cmake/CMakeFiles/crypto.dir/__/openssl/crypto/bio/bio_dump.c.o
[265/6838] Building C object contrib/openssl-cmake/CMakeFiles/crypto.dir/__/openssl/crypto/bio/bio_meth.c.o
[266/6838] Building C object contrib/openssl-cmake/CMakeFiles/crypto.dir/__/openssl/crypto/bio/bio_sock.c.o
[267/6838] Building C object contrib/openssl-cmake/CMakeFiles/crypto.dir/__/openssl/crypto/bio/bio_lib.c.o
[268/6838] Building C object contrib/openssl-cmake/CMakeFiles/crypto.dir/__/openssl/crypto/bio/bio_sock2.c.o
[269/6838] Building C object contrib/openssl-cmake/CMakeFiles/crypto.dir/__/openssl/crypto/bio/bss_acpt.c.o
[270/6838] Building C object contrib/openssl-cmake/CMakeFiles/crypto.dir/__/openssl/crypto/bio/bio_print.c.o
[271/6838] Building C object contrib/openssl-cmake/CMakeFiles/crypto.dir/__/openssl/crypto/bio/bss_bio.c.o
[272/6838] Building C object contrib/openssl-cmake/CMakeFiles/crypto.dir/__/openssl/crypto/bio/bss_conn.c.o
[273/6838] Building C object contrib/openssl-cmake/CMakeFiles/crypto.dir/__/openssl/crypto/bio/bss_core.c.o
[274/6838] Building C object contrib/openssl-cmake/CMakeFiles/crypto.dir/__/openssl/crypto/bio/bss_dgram.c.o
[275/6838] Building C object contrib/openssl-cmake/CMakeFiles/crypto.dir/__/openssl/crypto/bio/bss_fd.c.o
[276/6838] Building C object contrib/openssl-cmake/CMakeFiles/crypto.dir/__/openssl/crypto/bio/bss_file.c.o
[277/6838] Building C object contrib/openssl-cmake/CMakeFiles/crypto.dir/__/openssl/crypto/bio/bss_dgram_pair.c.o
[278/6838] Building C object contrib/openssl-cmake/CMakeFiles/crypto.dir/__/openssl/crypto/bio/bss_log.c.o
[279/6838] Building C object contrib/openssl-cmake/CMakeFiles/crypto.dir/__/openssl/crypto/bio/bss_null.c.o
[280/6838] Building C object contrib/openssl-cmake/CMakeFiles/crypto.dir/__/openssl/crypto/bio/bss_mem.c.o
[281/6838] Building C object contrib/openssl-cmake/CMakeFiles/crypto.dir/__/openssl/crypto/bio/bss_sock.c.o
[282/6838] Building C object contrib/openssl-cmake/CMakeFiles/crypto.dir/__/openssl/crypto/bio/ossl_core_bio.c.o
[283/6838] Building C object contrib/openssl-cmake/CMakeFiles/crypto.dir/__/openssl/crypto/bn/bn_const.c.o
[284/6838] Building C object contrib/openssl-cmake/CMakeFiles/crypto.dir/__/openssl/crypto/bn/bn_blind.c.o
[285/6838] Building C object contrib/openssl-cmake/CMakeFiles/crypto.dir/__/openssl/crypto/bn/bn_add.c.o
[286/6838] Building C object contrib/openssl-cmake/CMakeFiles/crypto.dir/__/openssl/crypto/bn/bn_depr.c.o
[287/6838] Building C object contrib/openssl-cmake/CMakeFiles/crypto.dir/__/openssl/crypto/bn/bn_dh.c.o
[288/6838] Building C object contrib/openssl-cmake/CMakeFiles/crypto.dir/__/openssl/crypto/bn/bn_conv.c.o
[289/6838] Building C object contrib/openssl-cmake/CMakeFiles/crypto.dir/__/openssl/crypto/bn/bn_ctx.c.o
[290/6838] Building C object contrib/openssl-cmake/CMakeFiles/crypto.dir/__/openssl/crypto/bn/bn_err.c.o
[291/6838] Building C object contrib/openssl-cmake/CMakeFiles/crypto.dir/__/openssl/crypto/bn/bn_div.c.o
[292/6838] Building C object contrib/openssl-cmake/CMakeFiles/crypto.dir/__/openssl/crypto/bn/bn_exp2.c.o
[293/6838] Building C object contrib/openssl-cmake/CMakeFiles/crypto.dir/__/openssl/crypto/bn/bn_gcd.c.o
[294/6838] Building C object contrib/openssl-cmake/CMakeFiles/crypto.dir/__/openssl/crypto/bn/bn_intern.c.o
[295/6838] Building C object contrib/openssl-cmake/CMakeFiles/crypto.dir/__/openssl/crypto/bn/bn_kron.c.o
[296/6838] Building C object contrib/openssl-cmake/CMakeFiles/crypto.dir/__/openssl/crypto/bn/bn_exp.c.o
[297/6838] Building C object contrib/openssl-cmake/CMakeFiles/crypto.dir/__/openssl/crypto/bn/bn_mod.c.o
[298/6838] Building C object contrib/openssl-cmake/CMakeFiles/crypto.dir/__/openssl/crypto/bn/bn_mont.c.o
[299/6838] Building C object contrib/openssl-cmake/CMakeFiles/crypto.dir/__/openssl/crypto/bn/bn_gf2m.c.o
[300/6838] Building C object contrib/openssl-cmake/CMakeFiles/crypto.dir/__/openssl/crypto/bn/bn_mpi.c.o
[301/6838] Building C object contrib/openssl-cmake/CMakeFiles/crypto.dir/__/openssl/crypto/bn/bn_lib.c.o
[302/6838] Building C object contrib/openssl-cmake/CMakeFiles/crypto.dir/__/openssl/crypto/bn/bn_mul.c.o
[303/6838] Building C object contrib/openssl-cmake/CMakeFiles/crypto.dir/__/openssl/crypto/bn/bn_print.c.o
[304/6838] Building C object contrib/openssl-cmake/CMakeFiles/crypto.dir/__/openssl/crypto/bn/bn_nist.c.o
[305/6838] Building C object contrib/openssl-cmake/CMakeFiles/crypto.dir/__/openssl/crypto/bn/bn_prime.c.o
[306/6838] Building C object contrib/openssl-cmake/CMakeFiles/crypto.dir/__/openssl/crypto/bn/bn_recp.c.o
[307/6838] Building C object contrib/openssl-cmake/CMakeFiles/crypto.dir/__/openssl/crypto/bn/bn_rand.c.o
[308/6838] Building C object contrib/openssl-cmake/CMakeFiles/crypto.dir/__/openssl/crypto/bn/bn_rsa_fips186_4.c.o
[309/6838] Building C object contrib/openssl-cmake/CMakeFiles/crypto.dir/__/openssl/crypto/bn/bn_sqr.c.o
[310/6838] Building C object contrib/openssl-cmake/CMakeFiles/crypto.dir/__/openssl/crypto/bn/bn_shift.c.o
[311/6838] Building C object contrib/openssl-cmake/CMakeFiles/crypto.dir/__/openssl/crypto/bn/bn_sqrt.c.o
[312/6838] Building C object contrib/openssl-cmake/CMakeFiles/crypto.dir/__/openssl/crypto/bn/bn_word.c.o
[313/6838] Building C object contrib/openssl-cmake/CMakeFiles/crypto.dir/__/openssl/crypto/bn/bn_x931p.c.o
[314/6838] Building C object contrib/openssl-cmake/CMakeFiles/crypto.dir/__/openssl/crypto/buffer/buf_err.c.o
[315/6838] Building C object contrib/openssl-cmake/CMakeFiles/crypto.dir/__/openssl/crypto/bsearch.c.o
[316/6838] Building C object contrib/openssl-cmake/CMakeFiles/crypto.dir/__/openssl/crypto/camellia/cmll_cfb.c.o
[317/6838] Building C object contrib/openssl-cmake/CMakeFiles/crypto.dir/__/openssl/crypto/camellia/cmll_ctr.c.o
[318/6838] Building C object contrib/openssl-cmake/CMakeFiles/crypto.dir/__/openssl/crypto/camellia/cmll_ecb.c.o
[319/6838] Building C object contrib/openssl-cmake/CMakeFiles/crypto.dir/__/openssl/crypto/camellia/cmll_misc.c.o
[320/6838] Building C object contrib/openssl-cmake/CMakeFiles/crypto.dir/__/openssl/crypto/buffer/buffer.c.o
[321/6838] Building C object contrib/openssl-cmake/CMakeFiles/crypto.dir/__/openssl/crypto/camellia/cmll_ofb.c.o
[322/6838] Building C object contrib/openssl-cmake/CMakeFiles/crypto.dir/__/openssl/crypto/cast/c_ecb.c.o
[323/6838] Building C object contrib/openssl-cmake/CMakeFiles/crypto.dir/__/openssl/crypto/cast/c_cfb64.c.o
[324/6838] Building C object contrib/openssl-cmake/CMakeFiles/crypto.dir/__/openssl/crypto/cast/c_ofb64.c.o
[325/6838] Building C object contrib/openssl-cmake/CMakeFiles/crypto.dir/__/openssl/crypto/cast/c_enc.c.o
[326/6838] Building C object contrib/openssl-cmake/CMakeFiles/crypto.dir/__/openssl/crypto/cast/c_skey.c.o
[327/6838] Building C object contrib/openssl-cmake/CMakeFiles/crypto.dir/__/openssl/crypto/cmac/cmac.c.o
[328/6838] Building C object contrib/openssl-cmake/CMakeFiles/crypto.dir/__/openssl/crypto/cmp/cmp_err.c.o
[329/6838] Building C object contrib/openssl-cmake/CMakeFiles/crypto.dir/__/openssl/crypto/cmp/cmp_client.c.o
[330/6838] Building C object contrib/openssl-cmake/CMakeFiles/crypto.dir/__/openssl/crypto/cmp/cmp_asn.c.o
[331/6838] Building C object contrib/openssl-cmake/CMakeFiles/crypto.dir/__/openssl/crypto/cmp/cmp_ctx.c.o
[332/6838] Building C object contrib/openssl-cmake/CMakeFiles/crypto.dir/__/openssl/crypto/cmp/cmp_genm.c.o
[333/6838] Building C object contrib/openssl-cmake/CMakeFiles/crypto.dir/__/openssl/crypto/cmp/cmp_http.c.o
[334/6838] Building C object contrib/openssl-cmake/CMakeFiles/crypto.dir/__/openssl/crypto/cmp/cmp_hdr.c.o
[335/6838] Building C object contrib/openssl-cmake/CMakeFiles/crypto.dir/__/openssl/crypto/cmp/cmp_protect.c.o
[336/6838] Building C object contrib/openssl-cmake/CMakeFiles/crypto.dir/__/openssl/crypto/cmp/cmp_status.c.o
[337/6838] Building C object contrib/openssl-cmake/CMakeFiles/crypto.dir/__/openssl/crypto/cmp/cmp_msg.c.o
[338/6838] Building C object contrib/openssl-cmake/CMakeFiles/crypto.dir/__/openssl/crypto/cmp/cmp_server.c.o
[339/6838] Building C object contrib/openssl-cmake/CMakeFiles/crypto.dir/__/openssl/crypto/cmp/cmp_util.c.o
[340/6838] Building C object contrib/openssl-cmake/CMakeFiles/crypto.dir/__/openssl/crypto/cms/cms_asn1.c.o
[341/6838] Building C object contrib/openssl-cmake/CMakeFiles/crypto.dir/__/openssl/crypto/cms/cms_att.c.o
[342/6838] Building C object contrib/openssl-cmake/CMakeFiles/crypto.dir/__/openssl/crypto/cms/cms_cd.c.o
[343/6838] Building C object contrib/openssl-cmake/CMakeFiles/crypto.dir/__/openssl/crypto/cmp/cmp_vfy.c.o
[344/6838] Building C object contrib/openssl-cmake/CMakeFiles/crypto.dir/__/openssl/crypto/cms/cms_dd.c.o
[345/6838] Building C object contrib/openssl-cmake/CMakeFiles/crypto.dir/__/openssl/crypto/cms/cms_dh.c.o
[346/6838] Building C object contrib/openssl-cmake/CMakeFiles/crypto.dir/__/openssl/crypto/cms/cms_ec.c.o
[347/6838] Building C object contrib/openssl-cmake/CMakeFiles/crypto.dir/__/openssl/crypto/cms/cms_enc.c.o
[348/6838] Building C object contrib/openssl-cmake/CMakeFiles/crypto.dir/__/openssl/crypto/cms/cms_err.c.o
[349/6838] Building C object contrib/openssl-cmake/CMakeFiles/crypto.dir/__/openssl/crypto/cms/cms_io.c.o
[350/6838] Building C object contrib/openssl-cmake/CMakeFiles/crypto.dir/__/openssl/crypto/cms/cms_ess.c.o
[351/6838] Building C object contrib/openssl-cmake/CMakeFiles/crypto.dir/__/openssl/crypto/cms/cms_kari.c.o
[352/6838] Building C object contrib/openssl-cmake/CMakeFiles/crypto.dir/__/openssl/crypto/cms/cms_env.c.o
[353/6838] Building C object contrib/openssl-cmake/CMakeFiles/crypto.dir/__/openssl/crypto/cms/cms_pwri.c.o
[354/6838] Building C object contrib/openssl-cmake/CMakeFiles/crypto.dir/__/openssl/crypto/cms/cms_rsa.c.o
[355/6838] Building C object contrib/openssl-cmake/CMakeFiles/crypto.dir/__/openssl/crypto/cms/cms_lib.c.o
[356/6838] Building C object contrib/openssl-cmake/CMakeFiles/crypto.dir/__/openssl/crypto/comp/c_brotli.c.o
[357/6838] Building C object contrib/openssl-cmake/CMakeFiles/crypto.dir/__/openssl/crypto/comp/c_zlib.c.o
[358/6838] Building C object contrib/openssl-cmake/CMakeFiles/crypto.dir/__/openssl/crypto/comp/comp_err.c.o
[359/6838] Building C object contrib/openssl-cmake/CMakeFiles/crypto.dir/__/openssl/crypto/comp/c_zstd.c.o
[360/6838] Building C object contrib/openssl-cmake/CMakeFiles/crypto.dir/__/openssl/crypto/cms/cms_sd.c.o
[361/6838] Building C object contrib/openssl-cmake/CMakeFiles/crypto.dir/__/openssl/crypto/comp/comp_lib.c.o
[362/6838] Building C object contrib/openssl-cmake/CMakeFiles/crypto.dir/__/openssl/crypto/comp_methods.c.o
[363/6838] Building C object contrib/openssl-cmake/CMakeFiles/crypto.dir/__/openssl/crypto/cms/cms_smime.c.o
[364/6838] Building C object contrib/openssl-cmake/CMakeFiles/crypto.dir/__/openssl/crypto/conf/conf_api.c.o
[365/6838] Building C object contrib/openssl-cmake/CMakeFiles/crypto.dir/__/openssl/crypto/conf/conf_err.c.o
[366/6838] Building C object contrib/openssl-cmake/CMakeFiles/crypto.dir/__/openssl/crypto/conf/conf_lib.c.o
[367/6838] Building C object contrib/openssl-cmake/CMakeFiles/crypto.dir/__/openssl/crypto/conf/conf_mall.c.o
[368/6838] Building C object contrib/openssl-cmake/CMakeFiles/crypto.dir/__/openssl/crypto/conf/conf_def.c.o
[369/6838] Building C object contrib/openssl-cmake/CMakeFiles/crypto.dir/__/openssl/crypto/conf/conf_ssl.c.o
[370/6838] Building C object contrib/openssl-cmake/CMakeFiles/crypto.dir/__/openssl/crypto/conf/conf_mod.c.o
[371/6838] Building C object contrib/openssl-cmake/CMakeFiles/crypto.dir/__/openssl/crypto/conf/conf_sap.c.o
[372/6838] Building C object contrib/openssl-cmake/CMakeFiles/crypto.dir/__/openssl/crypto/core_algorithm.c.o
[373/6838] Building C object contrib/openssl-cmake/CMakeFiles/crypto.dir/__/openssl/crypto/core_fetch.c.o
[374/6838] Building C object contrib/openssl-cmake/CMakeFiles/crypto.dir/__/openssl/crypto/context.c.o
[375/6838] Building C object contrib/openssl-cmake/CMakeFiles/crypto.dir/__/openssl/crypto/cpt_err.c.o
[376/6838] Building C object contrib/openssl-cmake/CMakeFiles/crypto.dir/__/openssl/crypto/core_namemap.c.o
[377/6838] Building C object contrib/openssl-cmake/CMakeFiles/crypto.dir/__/openssl/crypto/cpuid.c.o
[378/6838] Building C object contrib/openssl-cmake/CMakeFiles/crypto.dir/__/openssl/crypto/crmf/crmf_err.c.o
[379/6838] Building C object contrib/openssl-cmake/CMakeFiles/crypto.dir/__/openssl/crypto/cryptlib.c.o
[380/6838] Building C object contrib/openssl-cmake/CMakeFiles/crypto.dir/__/openssl/crypto/crmf/crmf_asn.c.o
[381/6838] Building C object contrib/openssl-cmake/CMakeFiles/crypto.dir/__/openssl/crypto/crmf/crmf_pbm.c.o
[382/6838] Building C object contrib/openssl-cmake/CMakeFiles/crypto.dir/__/openssl/crypto/ct/ct_err.c.o
[383/6838] Building C object contrib/openssl-cmake/CMakeFiles/crypto.dir/__/openssl/crypto/ct/ct_b64.c.o
[384/6838] Building C object contrib/openssl-cmake/CMakeFiles/crypto.dir/__/openssl/crypto/ct/ct_log.c.o
[385/6838] Building C object contrib/openssl-cmake/CMakeFiles/crypto.dir/__/openssl/crypto/crmf/crmf_lib.c.o
[386/6838] Building C object contrib/openssl-cmake/CMakeFiles/crypto.dir/__/openssl/crypto/ct/ct_oct.c.o
[387/6838] Building C object contrib/openssl-cmake/CMakeFiles/crypto.dir/__/openssl/crypto/ct/ct_policy.c.o
[388/6838] Building C object contrib/openssl-cmake/CMakeFiles/crypto.dir/__/openssl/crypto/ct/ct_prn.c.o
[389/6838] Building C object contrib/openssl-cmake/CMakeFiles/crypto.dir/__/openssl/crypto/ct/ct_sct.c.o
[390/6838] Building C object contrib/openssl-cmake/CMakeFiles/crypto.dir/__/openssl/crypto/ct/ct_sct_ctx.c.o
[391/6838] Building C object contrib/openssl-cmake/CMakeFiles/crypto.dir/__/openssl/crypto/ctype.c.o
[392/6838] Building C object contrib/openssl-cmake/CMakeFiles/crypto.dir/__/openssl/crypto/ct/ct_vfy.c.o
[393/6838] Building C object contrib/openssl-cmake/CMakeFiles/crypto.dir/__/openssl/crypto/ct/ct_x509v3.c.o
[394/6838] Building C object contrib/openssl-cmake/CMakeFiles/crypto.dir/__/openssl/crypto/defaults.c.o
[395/6838] Building C object contrib/openssl-cmake/CMakeFiles/crypto.dir/__/openssl/crypto/cversion.c.o
[396/6838] Building C object contrib/openssl-cmake/CMakeFiles/crypto.dir/__/openssl/crypto/des/cbc_cksm.c.o
[397/6838] Building C object contrib/openssl-cmake/CMakeFiles/crypto.dir/__/openssl/crypto/der_writer.c.o
[398/6838] Building C object contrib/openssl-cmake/CMakeFiles/crypto.dir/__/openssl/crypto/des/cfb64enc.c.o
[399/6838] Building C object contrib/openssl-cmake/CMakeFiles/crypto.dir/__/openssl/crypto/des/cbc_enc.c.o
[400/6838] Building C object contrib/openssl-cmake/CMakeFiles/crypto.dir/__/openssl/crypto/des/cfb64ede.c.o
[401/6838] Building C object contrib/openssl-cmake/CMakeFiles/crypto.dir/__/openssl/crypto/des/ecb3_enc.c.o
[402/6838] Building C object contrib/openssl-cmake/CMakeFiles/crypto.dir/__/openssl/crypto/des/cfb_enc.c.o
[403/6838] Building C object contrib/openssl-cmake/CMakeFiles/crypto.dir/__/openssl/crypto/des/ecb_enc.c.o
[404/6838] Building C object contrib/openssl-cmake/CMakeFiles/crypto.dir/__/openssl/crypto/des/fcrypt.c.o
[405/6838] Building C object contrib/openssl-cmake/CMakeFiles/crypto.dir/__/openssl/crypto/des/ofb64ede.c.o
[406/6838] Building C object contrib/openssl-cmake/CMakeFiles/crypto.dir/__/openssl/crypto/des/fcrypt_b.c.o
[407/6838] Building C object contrib/openssl-cmake/CMakeFiles/crypto.dir/__/openssl/crypto/des/ofb64enc.c.o
[408/6838] Building C object contrib/openssl-cmake/CMakeFiles/crypto.dir/__/openssl/crypto/des/ofb_enc.c.o
[409/6838] Building C object contrib/openssl-cmake/CMakeFiles/crypto.dir/__/openssl/crypto/des/qud_cksm.c.o
[410/6838] Building C object contrib/openssl-cmake/CMakeFiles/crypto.dir/__/openssl/crypto/des/pcbc_enc.c.o
[411/6838] Building C object contrib/openssl-cmake/CMakeFiles/crypto.dir/__/openssl/crypto/des/des_enc.c.o
[412/6838] Building C object contrib/openssl-cmake/CMakeFiles/crypto.dir/__/openssl/crypto/des/rand_key.c.o
[413/6838] Building C object contrib/openssl-cmake/CMakeFiles/crypto.dir/__/openssl/crypto/des/str2key.c.o
[414/6838] Building C object contrib/openssl-cmake/CMakeFiles/crypto.dir/__/openssl/crypto/des/set_key.c.o
[415/6838] Building C object contrib/openssl-cmake/CMakeFiles/crypto.dir/__/openssl/crypto/des/xcbc_enc.c.o
[416/6838] Building C object contrib/openssl-cmake/CMakeFiles/crypto.dir/__/openssl/crypto/deterministic_nonce.c.o
[417/6838] Building C object contrib/openssl-cmake/CMakeFiles/crypto.dir/__/openssl/crypto/dh/dh_asn1.c.o
[418/6838] Building C object contrib/openssl-cmake/CMakeFiles/crypto.dir/__/openssl/crypto/dh/dh_ameth.c.o
[419/6838] Building C object contrib/openssl-cmake/CMakeFiles/crypto.dir/__/openssl/crypto/dh/dh_backend.c.o
[420/6838] Building C object contrib/openssl-cmake/CMakeFiles/crypto.dir/__/openssl/crypto/dh/dh_check.c.o
[421/6838] Building C object contrib/openssl-cmake/CMakeFiles/crypto.dir/__/openssl/crypto/dh/dh_depr.c.o
[422/6838] Building C object contrib/openssl-cmake/CMakeFiles/crypto.dir/__/openssl/crypto/dh/dh_err.c.o
[423/6838] Building C object contrib/openssl-cmake/CMakeFiles/crypto.dir/__/openssl/crypto/dh/dh_gen.c.o
[424/6838] Building C object contrib/openssl-cmake/CMakeFiles/crypto.dir/__/openssl/crypto/dh/dh_kdf.c.o
[425/6838] Building C object contrib/openssl-cmake/CMakeFiles/crypto.dir/__/openssl/crypto/dh/dh_group_params.c.o
[426/6838] Building C object contrib/openssl-cmake/CMakeFiles/crypto.dir/__/openssl/crypto/dh/dh_key.c.o
[427/6838] Building C object contrib/openssl-cmake/CMakeFiles/crypto.dir/__/openssl/crypto/dh/dh_meth.c.o
[428/6838] Building C object contrib/openssl-cmake/CMakeFiles/crypto.dir/__/openssl/crypto/dh/dh_lib.c.o
[429/6838] Building C object contrib/openssl-cmake/CMakeFiles/crypto.dir/__/openssl/crypto/dh/dh_prn.c.o
[430/6838] Building C object contrib/openssl-cmake/CMakeFiles/crypto.dir/__/openssl/crypto/dh/dh_pmeth.c.o
[431/6838] Building C object contrib/openssl-cmake/CMakeFiles/crypto.dir/__/openssl/crypto/dh/dh_rfc5114.c.o
[432/6838] Building C object contrib/openssl-cmake/CMakeFiles/crypto.dir/__/openssl/crypto/dsa/dsa_asn1.c.o
[433/6838] Building C object contrib/openssl-cmake/CMakeFiles/crypto.dir/__/openssl/crypto/dsa/dsa_ameth.c.o
[434/6838] Building C object contrib/openssl-cmake/CMakeFiles/crypto.dir/__/openssl/crypto/dsa/dsa_check.c.o
[435/6838] Building C object contrib/openssl-cmake/CMakeFiles/crypto.dir/__/openssl/crypto/dsa/dsa_backend.c.o
[436/6838] Building C object contrib/openssl-cmake/CMakeFiles/crypto.dir/__/openssl/crypto/dsa/dsa_err.c.o
[437/6838] Building C object contrib/openssl-cmake/CMakeFiles/crypto.dir/__/openssl/crypto/dsa/dsa_depr.c.o
[438/6838] Building C object contrib/openssl-cmake/CMakeFiles/crypto.dir/__/openssl/crypto/dsa/dsa_gen.c.o
[439/6838] Building C object contrib/openssl-cmake/CMakeFiles/crypto.dir/__/openssl/crypto/dsa/dsa_key.c.o
[440/6838] Building C object contrib/openssl-cmake/CMakeFiles/crypto.dir/__/openssl/crypto/dsa/dsa_meth.c.o
[441/6838] Building C object contrib/openssl-cmake/CMakeFiles/crypto.dir/__/openssl/crypto/dsa/dsa_lib.c.o
[442/6838] Building C object contrib/openssl-cmake/CMakeFiles/crypto.dir/__/openssl/crypto/dsa/dsa_ossl.c.o
[443/6838] Building C object contrib/openssl-cmake/CMakeFiles/crypto.dir/__/openssl/crypto/dsa/dsa_prn.c.o
[444/6838] Building C object contrib/openssl-cmake/CMakeFiles/crypto.dir/__/openssl/crypto/dsa/dsa_pmeth.c.o
[445/6838] Building C object contrib/openssl-cmake/CMakeFiles/crypto.dir/__/openssl/crypto/dsa/dsa_sign.c.o
[446/6838] Building C object contrib/openssl-cmake/CMakeFiles/crypto.dir/__/openssl/crypto/dso/dso_dl.c.o
[447/6838] Building C object contrib/openssl-cmake/CMakeFiles/crypto.dir/__/openssl/crypto/dsa/dsa_vrf.c.o
[448/6838] Building C object contrib/openssl-cmake/CMakeFiles/crypto.dir/__/openssl/crypto/dso/dso_err.c.o
[449/6838] Building C object contrib/openssl-cmake/CMakeFiles/crypto.dir/__/openssl/crypto/dso/dso_dlfcn.c.o
[450/6838] Building C object contrib/openssl-cmake/CMakeFiles/crypto.dir/__/openssl/crypto/dso/dso_openssl.c.o
[451/6838] Building C object contrib/openssl-cmake/CMakeFiles/crypto.dir/__/openssl/crypto/dso/dso_vms.c.o
[452/6838] Building C object contrib/openssl-cmake/CMakeFiles/crypto.dir/__/openssl/crypto/dso/dso_win32.c.o
[453/6838] Building C object contrib/openssl-cmake/CMakeFiles/crypto.dir/__/openssl/crypto/dso/dso_lib.c.o
[454/6838] Building C object contrib/openssl-cmake/CMakeFiles/crypto.dir/__/openssl/crypto/ebcdic.c.o
[455/6838] Building C object contrib/openssl-cmake/CMakeFiles/crypto.dir/__/openssl/crypto/ec/curve448/arch_32/f_impl32.c.o
[456/6838] Building C object contrib/openssl-cmake/CMakeFiles/crypto.dir/__/openssl/crypto/ec/curve448/curve448_tables.c.o
[457/6838] Building C object contrib/openssl-cmake/CMakeFiles/crypto.dir/__/openssl/crypto/ec/curve448/arch_64/f_impl64.c.o
[458/6838] Building C object contrib/openssl-cmake/CMakeFiles/crypto.dir/__/openssl/crypto/ec/curve448/eddsa.c.o
[459/6838] Building C object contrib/openssl-cmake/CMakeFiles/crypto.dir/__/openssl/crypto/ec/curve448/f_generic.c.o
[460/6838] Building C object contrib/openssl-cmake/CMakeFiles/crypto.dir/__/openssl/crypto/ec/curve448/curve448.c.o
[461/6838] Building C object contrib/openssl-cmake/CMakeFiles/crypto.dir/__/openssl/crypto/ec/ec2_oct.c.o
[462/6838] Building C object contrib/openssl-cmake/CMakeFiles/crypto.dir/__/openssl/crypto/ec/curve448/scalar.c.o
[463/6838] Building C object contrib/openssl-cmake/CMakeFiles/crypto.dir/__/openssl/crypto/ec/ec2_smpl.c.o
[464/6838] Building C object contrib/openssl-cmake/CMakeFiles/crypto.dir/__/openssl/crypto/ec/ec_ameth.c.o
[465/6838] Building C object contrib/openssl-cmake/CMakeFiles/crypto.dir/__/openssl/crypto/ec/ec_asn1.c.o
[466/6838] Building C object contrib/openssl-cmake/CMakeFiles/crypto.dir/__/openssl/crypto/ec/ec_check.c.o
[467/6838] Building C object contrib/openssl-cmake/CMakeFiles/crypto.dir/__/openssl/crypto/ec/curve25519.c.o
[468/6838] Building C object contrib/openssl-cmake/CMakeFiles/crypto.dir/__/openssl/crypto/ec/ec_backend.c.o
[469/6838] Building C object contrib/openssl-cmake/CMakeFiles/crypto.dir/__/openssl/crypto/ec/ec_deprecated.c.o
[470/6838] Building C object contrib/openssl-cmake/CMakeFiles/crypto.dir/__/openssl/crypto/ec/ec_curve.c.o
[471/6838] Building C object contrib/openssl-cmake/CMakeFiles/crypto.dir/__/openssl/crypto/ec/ec_cvt.c.o
[472/6838] Building C object contrib/openssl-cmake/CMakeFiles/crypto.dir/__/openssl/crypto/ec/ec_err.c.o
[473/6838] Building C object contrib/openssl-cmake/CMakeFiles/crypto.dir/__/openssl/crypto/ec/ec_kmeth.c.o
[474/6838] Building C object contrib/openssl-cmake/CMakeFiles/crypto.dir/__/openssl/crypto/ec/ec_key.c.o
[475/6838] Building C object contrib/openssl-cmake/CMakeFiles/crypto.dir/__/openssl/crypto/ec/ec_mult.c.o
[476/6838] Building C object contrib/openssl-cmake/CMakeFiles/crypto.dir/__/openssl/crypto/ec/ec_oct.c.o
[477/6838] Building C object contrib/openssl-cmake/CMakeFiles/crypto.dir/__/openssl/crypto/ec/ec_lib.c.o
[478/6838] Building C object contrib/openssl-cmake/CMakeFiles/crypto.dir/__/openssl/crypto/ec/ecdh_kdf.c.o
[479/6838] Building C object contrib/openssl-cmake/CMakeFiles/crypto.dir/__/openssl/crypto/ec/ec_print.c.o
[480/6838] Building C object contrib/openssl-cmake/CMakeFiles/crypto.dir/__/openssl/crypto/ec/ec_pmeth.c.o
[481/6838] Building C object contrib/openssl-cmake/CMakeFiles/crypto.dir/__/openssl/crypto/ec/ecdh_ossl.c.o
[482/6838] Building C object contrib/openssl-cmake/CMakeFiles/crypto.dir/__/openssl/crypto/ec/ecdsa_sign.c.o
[483/6838] Building C object contrib/openssl-cmake/CMakeFiles/crypto.dir/__/openssl/crypto/ec/ecdsa_vrf.c.o
[484/6838] Building C object contrib/openssl-cmake/CMakeFiles/crypto.dir/__/openssl/crypto/ec/ecdsa_ossl.c.o
[485/6838] Building C object contrib/openssl-cmake/CMakeFiles/crypto.dir/__/openssl/crypto/ec/eck_prn.c.o
[486/6838] Building C object contrib/openssl-cmake/CMakeFiles/crypto.dir/__/openssl/crypto/ec/ecp_nist.c.o
[487/6838] Building C object contrib/openssl-cmake/CMakeFiles/crypto.dir/__/openssl/crypto/ec/ecp_mont.c.o
[488/6838] Building C object contrib/openssl-cmake/CMakeFiles/crypto.dir/__/openssl/crypto/ec/ecp_oct.c.o
[489/6838] Building C object contrib/openssl-cmake/CMakeFiles/crypto.dir/__/openssl/crypto/ec/ecx_key.c.o
[490/6838] Building C object contrib/openssl-cmake/CMakeFiles/crypto.dir/__/openssl/crypto/ec/ecx_backend.c.o
[491/6838] Building C object contrib/openssl-cmake/CMakeFiles/crypto.dir/__/openssl/crypto/encode_decode/decoder_err.c.o
[492/6838] Building C object contrib/openssl-cmake/CMakeFiles/crypto.dir/__/openssl/crypto/ec/ecp_smpl.c.o
[493/6838] Building C object contrib/openssl-cmake/CMakeFiles/crypto.dir/__/openssl/crypto/ec/ecx_meth.c.o
[494/6838] Building C object contrib/openssl-cmake/CMakeFiles/crypto.dir/__/openssl/crypto/encode_decode/decoder_meth.c.o
[495/6838] Building C object contrib/openssl-cmake/CMakeFiles/crypto.dir/__/openssl/crypto/encode_decode/decoder_lib.c.o
[496/6838] Building C object contrib/openssl-cmake/CMakeFiles/crypto.dir/__/openssl/crypto/encode_decode/encoder_err.c.o
[497/6838] Building C object contrib/openssl-cmake/CMakeFiles/crypto.dir/__/openssl/crypto/encode_decode/decoder_pkey.c.o
[498/6838] Building C object contrib/openssl-cmake/CMakeFiles/crypto.dir/__/openssl/crypto/encode_decode/encoder_lib.c.o
[499/6838] Building C object contrib/openssl-cmake/CMakeFiles/crypto.dir/__/openssl/crypto/encode_decode/encoder_pkey.c.o
[500/6838] Building C object contrib/openssl-cmake/CMakeFiles/crypto.dir/__/openssl/crypto/encode_decode/encoder_meth.c.o
[501/6838] Building C object contrib/openssl-cmake/CMakeFiles/crypto.dir/__/openssl/crypto/err/err_all_legacy.c.o
[502/6838] Building C object contrib/openssl-cmake/CMakeFiles/crypto.dir/__/openssl/crypto/err/err_all.c.o
[503/6838] Building C object contrib/openssl-cmake/CMakeFiles/crypto.dir/__/openssl/crypto/err/err_blocks.c.o
[504/6838] Building C object contrib/openssl-cmake/CMakeFiles/crypto.dir/__/openssl/crypto/err/err_mark.c.o
[505/6838] Building C object contrib/openssl-cmake/CMakeFiles/crypto.dir/__/openssl/crypto/err/err.c.o
[506/6838] Building C object contrib/openssl-cmake/CMakeFiles/crypto.dir/__/openssl/crypto/err/err_prn.c.o
[507/6838] Building C object contrib/openssl-cmake/CMakeFiles/crypto.dir/__/openssl/crypto/err/err_save.c.o
[508/6838] Building C object contrib/openssl-cmake/CMakeFiles/crypto.dir/__/openssl/crypto/ess/ess_err.c.o
[509/6838] Building C object contrib/openssl-cmake/CMakeFiles/crypto.dir/__/openssl/crypto/ess/ess_asn1.c.o
[510/6838] Building C object contrib/openssl-cmake/CMakeFiles/crypto.dir/__/openssl/crypto/ess/ess_lib.c.o
[511/6838] Building C object contrib/openssl-cmake/CMakeFiles/crypto.dir/__/openssl/crypto/evp/bio_b64.c.o
[512/6838] Building C object contrib/openssl-cmake/CMakeFiles/crypto.dir/__/openssl/crypto/evp/asymcipher.c.o
[513/6838] Building C object contrib/openssl-cmake/CMakeFiles/crypto.dir/__/openssl/crypto/evp/bio_enc.c.o
[514/6838] Building C object contrib/openssl-cmake/CMakeFiles/crypto.dir/__/openssl/crypto/evp/bio_md.c.o
[515/6838] Building C object contrib/openssl-cmake/CMakeFiles/crypto.dir/__/openssl/crypto/evp/c_allc.c.o
[516/6838] Building C object contrib/openssl-cmake/CMakeFiles/crypto.dir/__/openssl/crypto/evp/c_alld.c.o
[517/6838] Building C object contrib/openssl-cmake/CMakeFiles/crypto.dir/__/openssl/crypto/evp/bio_ok.c.o
[518/6838] Building C object contrib/openssl-cmake/CMakeFiles/crypto.dir/__/openssl/crypto/evp/cmeth_lib.c.o
[519/6838] Building C object contrib/openssl-cmake/CMakeFiles/crypto.dir/__/openssl/crypto/evp/dh_support.c.o
[520/6838] Building C object contrib/openssl-cmake/CMakeFiles/crypto.dir/__/openssl/crypto/evp/dh_ctrl.c.o
[521/6838] Building C object contrib/openssl-cmake/CMakeFiles/crypto.dir/__/openssl/crypto/evp/dsa_ctrl.c.o
[522/6838] Building C object contrib/openssl-cmake/CMakeFiles/crypto.dir/__/openssl/crypto/evp/digest.c.o
[523/6838] Building C object contrib/openssl-cmake/CMakeFiles/crypto.dir/__/openssl/crypto/evp/ctrl_params_translate.c.o
[524/6838] Building C object contrib/openssl-cmake/CMakeFiles/crypto.dir/__/openssl/crypto/evp/e_aes.c.o
[525/6838] Building C object contrib/openssl-cmake/CMakeFiles/crypto.dir/__/openssl/crypto/evp/e_aes_cbc_hmac_sha1.c.o
[526/6838] Building C object contrib/openssl-cmake/CMakeFiles/crypto.dir/__/openssl/crypto/evp/e_bf.c.o
[527/6838] Building C object contrib/openssl-cmake/CMakeFiles/crypto.dir/__/openssl/crypto/evp/e_aes_cbc_hmac_sha256.c.o
[528/6838] Building C object contrib/openssl-cmake/CMakeFiles/crypto.dir/__/openssl/crypto/evp/e_camellia.c.o
[529/6838] Building C object contrib/openssl-cmake/CMakeFiles/crypto.dir/__/openssl/crypto/evp/e_aria.c.o
[530/6838] Building C object contrib/openssl-cmake/CMakeFiles/crypto.dir/__/openssl/crypto/evp/e_cast.c.o
[531/6838] Building C object contrib/openssl-cmake/CMakeFiles/crypto.dir/__/openssl/crypto/evp/e_des.c.o
[532/6838] Building C object contrib/openssl-cmake/CMakeFiles/crypto.dir/__/openssl/crypto/evp/e_chacha20_poly1305.c.o
[533/6838] Building C object contrib/openssl-cmake/CMakeFiles/crypto.dir/__/openssl/crypto/evp/e_des3.c.o
[534/6838] Building C object contrib/openssl-cmake/CMakeFiles/crypto.dir/__/openssl/crypto/evp/e_idea.c.o
[535/6838] Building C object contrib/openssl-cmake/CMakeFiles/crypto.dir/__/openssl/crypto/evp/e_old.c.o
[536/6838] Building C object contrib/openssl-cmake/CMakeFiles/crypto.dir/__/openssl/crypto/evp/e_null.c.o
[537/6838] Building C object contrib/openssl-cmake/CMakeFiles/crypto.dir/__/openssl/crypto/evp/e_rc5.c.o
[538/6838] Building C object contrib/openssl-cmake/CMakeFiles/crypto.dir/__/openssl/crypto/evp/e_rc2.c.o
[539/6838] Building C object contrib/openssl-cmake/CMakeFiles/crypto.dir/__/openssl/crypto/evp/e_rc4.c.o
[540/6838] Building C object contrib/openssl-cmake/CMakeFiles/crypto.dir/__/openssl/crypto/evp/e_rc4_hmac_md5.c.o
[541/6838] Building C object contrib/openssl-cmake/CMakeFiles/crypto.dir/__/openssl/crypto/evp/e_xcbc_d.c.o
[542/6838] Building C object contrib/openssl-cmake/CMakeFiles/crypto.dir/__/openssl/crypto/evp/e_seed.c.o
[543/6838] Building C object contrib/openssl-cmake/CMakeFiles/crypto.dir/__/openssl/crypto/evp/e_sm4.c.o
[544/6838] Building C object contrib/openssl-cmake/CMakeFiles/crypto.dir/__/openssl/crypto/evp/ec_ctrl.c.o
[545/6838] Building C object contrib/openssl-cmake/CMakeFiles/crypto.dir/__/openssl/crypto/evp/ec_support.c.o
[546/6838] Building C object contrib/openssl-cmake/CMakeFiles/crypto.dir/__/openssl/crypto/evp/evp_cnf.c.o
[547/6838] Building C object contrib/openssl-cmake/CMakeFiles/crypto.dir/__/openssl/crypto/evp/evp_err.c.o
[548/6838] Building C object contrib/openssl-cmake/CMakeFiles/crypto.dir/__/openssl/crypto/evp/encode.c.o
[549/6838] Building C object contrib/openssl-cmake/CMakeFiles/crypto.dir/__/openssl/crypto/evp/evp_key.c.o
[550/6838] Building C object contrib/openssl-cmake/CMakeFiles/crypto.dir/__/openssl/crypto/evp/evp_fetch.c.o
[551/6838] Building C object contrib/openssl-cmake/CMakeFiles/crypto.dir/__/openssl/crypto/evp/evp_pbe.c.o
[552/6838] Building C object contrib/openssl-cmake/CMakeFiles/crypto.dir/__/openssl/crypto/evp/evp_pkey.c.o
[553/6838] Building C object contrib/openssl-cmake/CMakeFiles/crypto.dir/__/openssl/crypto/evp/evp_enc.c.o
[554/6838] Building C object contrib/openssl-cmake/CMakeFiles/crypto.dir/__/openssl/crypto/evp/evp_lib.c.o
[555/6838] Building C object contrib/openssl-cmake/CMakeFiles/crypto.dir/__/openssl/crypto/evp/evp_utils.c.o
[556/6838] Building C object contrib/openssl-cmake/CMakeFiles/crypto.dir/__/openssl/crypto/evp/exchange.c.o
[557/6838] Building C object contrib/openssl-cmake/CMakeFiles/crypto.dir/__/openssl/crypto/evp/kdf_lib.c.o
[558/6838] Building C object contrib/openssl-cmake/CMakeFiles/crypto.dir/__/openssl/crypto/evp/evp_rand.c.o
[559/6838] Building C object contrib/openssl-cmake/CMakeFiles/crypto.dir/__/openssl/crypto/evp/kdf_meth.c.o
[560/6838] Building C object contrib/openssl-cmake/CMakeFiles/crypto.dir/__/openssl/crypto/evp/legacy_blake2.c.o
[561/6838] Building C object contrib/openssl-cmake/CMakeFiles/crypto.dir/__/openssl/crypto/evp/kem.c.o
[562/6838] Building C object contrib/openssl-cmake/CMakeFiles/crypto.dir/__/openssl/crypto/evp/keymgmt_lib.c.o
[563/6838] Building C object contrib/openssl-cmake/CMakeFiles/crypto.dir/__/openssl/crypto/evp/keymgmt_meth.c.o
[564/6838] Building C object contrib/openssl-cmake/CMakeFiles/crypto.dir/__/openssl/crypto/evp/legacy_md4.c.o
[565/6838] Building C object contrib/openssl-cmake/CMakeFiles/crypto.dir/__/openssl/crypto/evp/legacy_md5.c.o
[566/6838] Building C object contrib/openssl-cmake/CMakeFiles/crypto.dir/__/openssl/crypto/evp/legacy_md5_sha1.c.o
[567/6838] Building C object contrib/openssl-cmake/CMakeFiles/crypto.dir/__/openssl/crypto/evp/legacy_mdc2.c.o
[568/6838] Building C object contrib/openssl-cmake/CMakeFiles/crypto.dir/__/openssl/crypto/evp/legacy_ripemd.c.o
[569/6838] Building C object contrib/openssl-cmake/CMakeFiles/crypto.dir/__/openssl/crypto/evp/legacy_wp.c.o
[570/6838] Building C object contrib/openssl-cmake/CMakeFiles/crypto.dir/__/openssl/crypto/evp/legacy_sha.c.o
[571/6838] Building C object contrib/openssl-cmake/CMakeFiles/crypto.dir/__/openssl/crypto/evp/m_null.c.o
[572/6838] Building C object contrib/openssl-cmake/CMakeFiles/crypto.dir/__/openssl/crypto/evp/mac_lib.c.o
[573/6838] Building C object contrib/openssl-cmake/CMakeFiles/crypto.dir/__/openssl/crypto/evp/mac_meth.c.o
[574/6838] Building C object contrib/openssl-cmake/CMakeFiles/crypto.dir/__/openssl/crypto/evp/m_sigver.c.o
[575/6838] Building C object contrib/openssl-cmake/CMakeFiles/crypto.dir/__/openssl/crypto/evp/names.c.o
[576/6838] Building C object contrib/openssl-cmake/CMakeFiles/crypto.dir/__/openssl/crypto/evp/p5_crpt.c.o
[577/6838] Building C object contrib/openssl-cmake/CMakeFiles/crypto.dir/__/openssl/crypto/evp/p_legacy.c.o
[578/6838] Building C object contrib/openssl-cmake/CMakeFiles/crypto.dir/__/openssl/crypto/evp/p5_crpt2.c.o
[579/6838] Building C object contrib/openssl-cmake/CMakeFiles/crypto.dir/__/openssl/crypto/evp/p_open.c.o
[580/6838] Building C object contrib/openssl-cmake/CMakeFiles/crypto.dir/__/openssl/crypto/evp/p_seal.c.o
[581/6838] Building C object contrib/openssl-cmake/CMakeFiles/crypto.dir/__/openssl/crypto/evp/p_sign.c.o
[582/6838] Building C object contrib/openssl-cmake/CMakeFiles/crypto.dir/__/openssl/crypto/evp/p_verify.c.o
[583/6838] Building C object contrib/openssl-cmake/CMakeFiles/crypto.dir/__/openssl/crypto/evp/pbe_scrypt.c.o
[584/6838] Building C object contrib/openssl-cmake/CMakeFiles/crypto.dir/__/openssl/crypto/evp/pmeth_check.c.o
[585/6838] Building C object contrib/openssl-cmake/CMakeFiles/crypto.dir/__/openssl/crypto/evp/p_lib.c.o
[586/6838] Building C object contrib/openssl-cmake/CMakeFiles/crypto.dir/__/openssl/crypto/evp/pmeth_gn.c.o
[587/6838] Building C object contrib/openssl-cmake/CMakeFiles/crypto.dir/__/openssl/crypto/evp/s_lib.c.o
[588/6838] Building C object contrib/openssl-cmake/CMakeFiles/crypto.dir/__/openssl/crypto/evp/skeymgmt_meth.c.o
[589/6838] Building C object contrib/openssl-cmake/CMakeFiles/crypto.dir/__/openssl/crypto/ex_data.c.o
[590/6838] Building C object contrib/openssl-cmake/CMakeFiles/crypto.dir/__/openssl/crypto/evp/pmeth_lib.c.o
[591/6838] Building C object contrib/openssl-cmake/CMakeFiles/crypto.dir/__/openssl/crypto/ffc/ffc_backend.c.o
[592/6838] Building C object contrib/openssl-cmake/CMakeFiles/crypto.dir/__/openssl/crypto/evp/signature.c.o
[593/6838] Building C object contrib/openssl-cmake/CMakeFiles/crypto.dir/__/openssl/crypto/ffc/ffc_dh.c.o
[594/6838] Building C object contrib/openssl-cmake/CMakeFiles/crypto.dir/__/openssl/crypto/ffc/ffc_key_generate.c.o
[595/6838] Building C object contrib/openssl-cmake/CMakeFiles/crypto.dir/__/openssl/crypto/ffc/ffc_key_validate.c.o
[596/6838] Building C object contrib/openssl-cmake/CMakeFiles/crypto.dir/__/openssl/crypto/ffc/ffc_params.c.o
[597/6838] Building C object contrib/openssl-cmake/CMakeFiles/crypto.dir/__/openssl/crypto/getenv.c.o
[598/6838] Building C object contrib/openssl-cmake/CMakeFiles/crypto.dir/__/openssl/crypto/ffc/ffc_params_validate.c.o
[599/6838] Building C object contrib/openssl-cmake/CMakeFiles/crypto.dir/__/openssl/crypto/hashtable/hashfunc.c.o
[600/6838] Building C object contrib/openssl-cmake/CMakeFiles/crypto.dir/__/openssl/crypto/ffc/ffc_params_generate.c.o
[601/6838] Building C object contrib/openssl-cmake/CMakeFiles/crypto.dir/__/openssl/crypto/hmac/hmac.c.o
[602/6838] Building C object contrib/openssl-cmake/CMakeFiles/crypto.dir/__/openssl/crypto/hashtable/hashtable.c.o
[603/6838] Building C object contrib/openssl-cmake/CMakeFiles/crypto.dir/__/openssl/crypto/hpke/hpke_util.c.o
[604/6838] Building C object contrib/openssl-cmake/CMakeFiles/crypto.dir/__/openssl/crypto/http/http_err.c.o
[605/6838] Building C object contrib/openssl-cmake/CMakeFiles/crypto.dir/__/openssl/crypto/hpke/hpke.c.o
[606/6838] Building C object contrib/openssl-cmake/CMakeFiles/crypto.dir/__/openssl/crypto/idea/i_cfb64.c.o
[607/6838] Building C object contrib/openssl-cmake/CMakeFiles/crypto.dir/__/openssl/crypto/idea/i_cbc.c.o
[608/6838] Building C object contrib/openssl-cmake/CMakeFiles/crypto.dir/__/openssl/crypto/idea/i_ecb.c.o
[609/6838] Building C object contrib/openssl-cmake/CMakeFiles/crypto.dir/__/openssl/crypto/http/http_lib.c.o
[610/6838] Building C object contrib/openssl-cmake/CMakeFiles/crypto.dir/__/openssl/crypto/idea/i_ofb64.c.o
[611/6838] Building C object contrib/openssl-cmake/CMakeFiles/crypto.dir/__/openssl/crypto/idea/i_skey.c.o
[612/6838] Building C object contrib/openssl-cmake/CMakeFiles/crypto.dir/__/openssl/crypto/http/http_client.c.o
[613/6838] Building C object contrib/openssl-cmake/CMakeFiles/crypto.dir/__/openssl/crypto/indicator_core.c.o
[614/6838] Building C object contrib/openssl-cmake/CMakeFiles/crypto.dir/__/openssl/crypto/kdf/kdf_err.c.o
[615/6838] Building C object contrib/openssl-cmake/CMakeFiles/crypto.dir/__/openssl/crypto/info.c.o
[616/6838] Building C object contrib/openssl-cmake/CMakeFiles/crypto.dir/__/openssl/crypto/lhash/lh_stats.c.o
[617/6838] Building C object contrib/openssl-cmake/CMakeFiles/crypto.dir/__/openssl/crypto/initthread.c.o
[618/6838] Building C object contrib/openssl-cmake/CMakeFiles/crypto.dir/__/openssl/crypto/init.c.o
[619/6838] Building C object contrib/openssl-cmake/CMakeFiles/crypto.dir/__/openssl/crypto/lhash/lhash.c.o
[620/6838] Building C object contrib/openssl-cmake/CMakeFiles/crypto.dir/__/openssl/crypto/md4/md4_one.c.o
[621/6838] Building C object contrib/openssl-cmake/CMakeFiles/crypto.dir/__/openssl/crypto/md5/md5_dgst.c.o
[622/6838] Building C object contrib/openssl-cmake/CMakeFiles/crypto.dir/__/openssl/crypto/md5/md5_one.c.o
[623/6838] Building C object contrib/openssl-cmake/CMakeFiles/crypto.dir/__/openssl/crypto/md4/md4_dgst.c.o
[624/6838] Building C object contrib/openssl-cmake/CMakeFiles/crypto.dir/__/openssl/crypto/md5/md5_sha1.c.o
[625/6838] Building C object contrib/openssl-cmake/CMakeFiles/crypto.dir/__/openssl/crypto/mdc2/mdc2_one.c.o
[626/6838] Building C object contrib/openssl-cmake/CMakeFiles/crypto.dir/__/openssl/crypto/mdc2/mdc2dgst.c.o
[627/6838] Building C object contrib/openssl-cmake/CMakeFiles/crypto.dir/__/openssl/crypto/mem.c.o
[628/6838] Building C object contrib/openssl-cmake/CMakeFiles/crypto.dir/__/openssl/crypto/ml_dsa/ml_dsa_key_compress.c.o
[629/6838] Building C object contrib/openssl-cmake/CMakeFiles/crypto.dir/__/openssl/crypto/mem_sec.c.o
[630/6838] Building C object contrib/openssl-cmake/CMakeFiles/crypto.dir/__/openssl/crypto/ml_dsa/ml_dsa_matrix.c.o
[631/6838] Building C object contrib/openssl-cmake/CMakeFiles/crypto.dir/__/openssl/crypto/ml_dsa/ml_dsa_key.c.o
[632/6838] Building C object contrib/openssl-cmake/CMakeFiles/crypto.dir/__/openssl/crypto/ml_dsa/ml_dsa_params.c.o
[633/6838] Building C object contrib/openssl-cmake/CMakeFiles/crypto.dir/__/openssl/crypto/ml_dsa/ml_dsa_ntt.c.o
[634/6838] Building C object contrib/openssl-cmake/CMakeFiles/crypto.dir/__/openssl/crypto/ml_dsa/ml_dsa_encoders.c.o
[635/6838] Building C object contrib/openssl-cmake/CMakeFiles/crypto.dir/__/openssl/crypto/ml_dsa/ml_dsa_sample.c.o
[636/6838] Building C object contrib/openssl-cmake/CMakeFiles/crypto.dir/__/openssl/crypto/modes/cbc128.c.o
[637/6838] Building C object contrib/openssl-cmake/CMakeFiles/crypto.dir/__/openssl/crypto/modes/cfb128.c.o
[638/6838] Building C object contrib/openssl-cmake/CMakeFiles/crypto.dir/__/openssl/crypto/modes/ccm128.c.o
[639/6838] Building C object contrib/openssl-cmake/CMakeFiles/crypto.dir/__/openssl/crypto/ml_dsa/ml_dsa_sign.c.o
[640/6838] Building C object contrib/openssl-cmake/CMakeFiles/crypto.dir/__/openssl/crypto/modes/ctr128.c.o
[641/6838] Building C object contrib/openssl-cmake/CMakeFiles/crypto.dir/__/openssl/crypto/modes/cts128.c.o
[642/6838] Building C object contrib/openssl-cmake/CMakeFiles/crypto.dir/__/openssl/crypto/modes/ofb128.c.o
[643/6838] Building C object contrib/openssl-cmake/CMakeFiles/crypto.dir/__/openssl/crypto/modes/ocb128.c.o
[644/6838] Building C object contrib/openssl-cmake/CMakeFiles/crypto.dir/__/openssl/crypto/modes/siv128.c.o
[645/6838] Building C object contrib/openssl-cmake/CMakeFiles/crypto.dir/__/openssl/crypto/modes/gcm128.c.o
[646/6838] Building C object contrib/openssl-cmake/CMakeFiles/crypto.dir/__/openssl/crypto/modes/xts128gb.c.o
[647/6838] Building C object contrib/openssl-cmake/CMakeFiles/crypto.dir/__/openssl/crypto/modes/xts128.c.o
[648/6838] Building C object contrib/openssl-cmake/CMakeFiles/crypto.dir/__/openssl/crypto/modes/wrap128.c.o
[649/6838] Building C object contrib/openssl-cmake/CMakeFiles/crypto.dir/__/openssl/crypto/o_dir.c.o
[650/6838] Building C object contrib/openssl-cmake/CMakeFiles/crypto.dir/__/openssl/crypto/o_init.c.o
[651/6838] Building C object contrib/openssl-cmake/CMakeFiles/crypto.dir/__/openssl/crypto/o_fopen.c.o
[652/6838] Building C object contrib/openssl-cmake/CMakeFiles/crypto.dir/__/openssl/crypto/o_time.c.o
[653/6838] Building C object contrib/openssl-cmake/CMakeFiles/crypto.dir/__/openssl/crypto/ml_kem/ml_kem.c.o
[654/6838] Building C object contrib/openssl-cmake/CMakeFiles/crypto.dir/__/openssl/crypto/objects/o_names.c.o
[655/6838] Building C object contrib/openssl-cmake/CMakeFiles/crypto.dir/__/openssl/crypto/o_str.c.o
[656/6838] Building C object contrib/openssl-cmake/CMakeFiles/crypto.dir/__/openssl/crypto/objects/obj_err.c.o
[657/6838] Building C object contrib/openssl-cmake/CMakeFiles/crypto.dir/__/openssl/crypto/objects/obj_lib.c.o
[658/6838] Building C object contrib/openssl-cmake/CMakeFiles/crypto.dir/__/openssl/crypto/objects/obj_xref.c.o
[659/6838] Building C object contrib/openssl-cmake/CMakeFiles/crypto.dir/__/openssl/crypto/ocsp/ocsp_err.c.o
[660/6838] Building C object contrib/openssl-cmake/CMakeFiles/crypto.dir/__/openssl/crypto/objects/obj_dat.c.o
[661/6838] Building C object contrib/openssl-cmake/CMakeFiles/crypto.dir/__/openssl/crypto/ocsp/ocsp_asn.c.o
[662/6838] Building C object contrib/openssl-cmake/CMakeFiles/crypto.dir/__/openssl/crypto/ocsp/ocsp_cl.c.o
[663/6838] Building C object contrib/openssl-cmake/CMakeFiles/crypto.dir/__/openssl/crypto/ocsp/ocsp_http.c.o
[664/6838] Building C object contrib/openssl-cmake/CMakeFiles/crypto.dir/__/openssl/crypto/ocsp/ocsp_lib.c.o
[665/6838] Building C object contrib/openssl-cmake/CMakeFiles/crypto.dir/__/openssl/crypto/ocsp/ocsp_ext.c.o
[666/6838] Building C object contrib/openssl-cmake/CMakeFiles/crypto.dir/__/openssl/crypto/ocsp/ocsp_prn.c.o
[667/6838] Building C object contrib/openssl-cmake/CMakeFiles/crypto.dir/__/openssl/crypto/ocsp/ocsp_srv.c.o
[668/6838] Building C object contrib/openssl-cmake/CMakeFiles/crypto.dir/__/openssl/crypto/ocsp/ocsp_vfy.c.o
[669/6838] Building C object contrib/openssl-cmake/CMakeFiles/crypto.dir/__/openssl/crypto/ocsp/v3_ocsp.c.o
[670/6838] Building C object contrib/openssl-cmake/CMakeFiles/crypto.dir/__/openssl/crypto/packet.c.o
[671/6838] Building C object contrib/openssl-cmake/CMakeFiles/crypto.dir/__/openssl/crypto/param_build_set.c.o
[672/6838] Building C object contrib/openssl-cmake/CMakeFiles/crypto.dir/__/openssl/crypto/param_build.c.o
[673/6838] Building C object contrib/openssl-cmake/CMakeFiles/crypto.dir/__/openssl/crypto/params_dup.c.o
[674/6838] Building C object contrib/openssl-cmake/CMakeFiles/crypto.dir/__/openssl/crypto/params_from_text.c.o
[675/6838] Building C object contrib/openssl-cmake/CMakeFiles/crypto.dir/__/openssl/crypto/pem/pem_err.c.o
[676/6838] Building C object contrib/openssl-cmake/CMakeFiles/crypto.dir/__/openssl/crypto/passphrase.c.o
[677/6838] Building C object contrib/openssl-cmake/CMakeFiles/crypto.dir/__/openssl/crypto/params.c.o
[678/6838] Building C object contrib/openssl-cmake/CMakeFiles/crypto.dir/__/openssl/crypto/pem/pem_all.c.o
[679/6838] Building C object contrib/openssl-cmake/CMakeFiles/crypto.dir/__/openssl/crypto/pem/pem_info.c.o
[680/6838] Building C object contrib/openssl-cmake/CMakeFiles/crypto.dir/__/openssl/crypto/pem/pem_oth.c.o
[681/6838] Building C object contrib/openssl-cmake/CMakeFiles/crypto.dir/__/openssl/crypto/pem/pem_sign.c.o
[682/6838] Building C object contrib/openssl-cmake/CMakeFiles/crypto.dir/__/openssl/crypto/pem/pem_pk8.c.o
[683/6838] Building C object contrib/openssl-cmake/CMakeFiles/crypto.dir/__/openssl/crypto/pem/pem_lib.c.o
[684/6838] Building C object contrib/openssl-cmake/CMakeFiles/crypto.dir/__/openssl/crypto/pem/pem_pkey.c.o
[685/6838] Building C object contrib/openssl-cmake/CMakeFiles/crypto.dir/__/openssl/crypto/pem/pem_x509.c.o
[686/6838] Building C object contrib/openssl-cmake/CMakeFiles/crypto.dir/__/openssl/crypto/pem/pem_xaux.c.o
[687/6838] Building C object contrib/openssl-cmake/CMakeFiles/crypto.dir/__/openssl/crypto/pkcs12/p12_add.c.o
[688/6838] Building C object contrib/openssl-cmake/CMakeFiles/crypto.dir/__/openssl/crypto/pkcs12/p12_asn.c.o
[689/6838] Building C object contrib/openssl-cmake/CMakeFiles/crypto.dir/__/openssl/crypto/pkcs12/p12_attr.c.o
[690/6838] Building C object contrib/openssl-cmake/CMakeFiles/crypto.dir/__/openssl/crypto/pem/pvkfmt.c.o
[691/6838] Building C object contrib/openssl-cmake/CMakeFiles/crypto.dir/__/openssl/crypto/pkcs12/p12_crpt.c.o
[692/6838] Building C object contrib/openssl-cmake/CMakeFiles/crypto.dir/__/openssl/crypto/pkcs12/p12_decr.c.o
[693/6838] Building C object contrib/openssl-cmake/CMakeFiles/crypto.dir/__/openssl/crypto/pkcs12/p12_crt.c.o
[694/6838] Building C object contrib/openssl-cmake/CMakeFiles/crypto.dir/__/openssl/crypto/pkcs12/p12_init.c.o
[695/6838] Building C object contrib/openssl-cmake/CMakeFiles/crypto.dir/__/openssl/crypto/pkcs12/p12_key.c.o
[696/6838] Building C object contrib/openssl-cmake/CMakeFiles/crypto.dir/__/openssl/crypto/pkcs12/p12_kiss.c.o
[697/6838] Building C object contrib/openssl-cmake/CMakeFiles/crypto.dir/__/openssl/crypto/pkcs12/p12_npas.c.o
[698/6838] Building C object contrib/openssl-cmake/CMakeFiles/crypto.dir/__/openssl/crypto/pkcs12/p12_mutl.c.o
[699/6838] Building C object contrib/openssl-cmake/CMakeFiles/crypto.dir/__/openssl/crypto/pkcs12/p12_p8d.c.o
[700/6838] Building C object contrib/openssl-cmake/CMakeFiles/crypto.dir/__/openssl/crypto/pkcs12/pk12err.c.o
[701/6838] Building C object contrib/openssl-cmake/CMakeFiles/crypto.dir/__/openssl/crypto/pkcs12/p12_p8e.c.o
[702/6838] Building C object contrib/openssl-cmake/CMakeFiles/crypto.dir/__/openssl/crypto/pkcs12/p12_sbag.c.o
[703/6838] Building C object contrib/openssl-cmake/CMakeFiles/crypto.dir/__/openssl/crypto/pkcs7/bio_pk7.c.o
[704/6838] Building C object contrib/openssl-cmake/CMakeFiles/crypto.dir/__/openssl/crypto/pkcs12/p12_utl.c.o
[705/6838] Building C object contrib/openssl-cmake/CMakeFiles/crypto.dir/__/openssl/crypto/pkcs7/pk7_asn1.c.o
[706/6838] Building C object contrib/openssl-cmake/CMakeFiles/crypto.dir/__/openssl/crypto/pkcs7/pk7_attr.c.o
[707/6838] Building C object contrib/openssl-cmake/CMakeFiles/crypto.dir/__/openssl/crypto/pkcs7/pk7_mime.c.o
[708/6838] Building C object contrib/openssl-cmake/CMakeFiles/crypto.dir/__/openssl/crypto/pkcs7/pk7_lib.c.o
[709/6838] Building C object contrib/openssl-cmake/CMakeFiles/crypto.dir/__/openssl/crypto/pkcs7/pkcs7err.c.o
[710/6838] Building C object contrib/openssl-cmake/CMakeFiles/crypto.dir/__/openssl/crypto/pkcs7/pk7_doit.c.o
[711/6838] Building C object contrib/openssl-cmake/CMakeFiles/crypto.dir/__/openssl/crypto/pkcs7/pk7_smime.c.o
[712/6838] Building C object contrib/openssl-cmake/CMakeFiles/crypto.dir/__/openssl/crypto/poly1305/poly1305.c.o
[713/6838] Building C object contrib/openssl-cmake/CMakeFiles/crypto.dir/__/openssl/crypto/property/defn_cache.c.o
[714/6838] Building C object contrib/openssl-cmake/CMakeFiles/crypto.dir/__/openssl/crypto/property/property_err.c.o
[715/6838] Building C object contrib/openssl-cmake/CMakeFiles/crypto.dir/__/openssl/crypto/property/property_query.c.o
[716/6838] Building C object contrib/openssl-cmake/CMakeFiles/crypto.dir/__/openssl/crypto/property/property_string.c.o
[717/6838] Building C object contrib/openssl-cmake/CMakeFiles/crypto.dir/__/openssl/crypto/property/property.c.o
[718/6838] Building C object contrib/openssl-cmake/CMakeFiles/crypto.dir/__/openssl/crypto/provider.c.o
[719/6838] Building C object contrib/openssl-cmake/CMakeFiles/crypto.dir/__/openssl/crypto/property/property_parse.c.o
[720/6838] Building C object contrib/openssl-cmake/CMakeFiles/crypto.dir/__/openssl/crypto/provider_predefined.c.o
[721/6838] Building C object contrib/openssl-cmake/CMakeFiles/crypto.dir/__/openssl/crypto/provider_child.c.o
[722/6838] Building C object contrib/openssl-cmake/CMakeFiles/crypto.dir/__/openssl/crypto/provider_conf.c.o
[723/6838] Building C object contrib/openssl-cmake/CMakeFiles/crypto.dir/__/openssl/crypto/quic_vlint.c.o
[724/6838] Building C object contrib/openssl-cmake/CMakeFiles/crypto.dir/__/openssl/crypto/punycode.c.o
[725/6838] Building C object contrib/openssl-cmake/CMakeFiles/crypto.dir/__/openssl/crypto/rand/rand_err.c.o
[726/6838] Building C object contrib/openssl-cmake/CMakeFiles/crypto.dir/__/openssl/crypto/rand/rand_deprecated.c.o
[727/6838] Building C object contrib/openssl-cmake/CMakeFiles/crypto.dir/__/openssl/crypto/rand/prov_seed.c.o
[728/6838] Building C object contrib/openssl-cmake/CMakeFiles/crypto.dir/__/openssl/crypto/rand/rand_uniform.c.o
[729/6838] Building C object contrib/openssl-cmake/CMakeFiles/crypto.dir/__/openssl/crypto/rand/rand_pool.c.o
[730/6838] Building C object contrib/openssl-cmake/CMakeFiles/crypto.dir/__/openssl/crypto/provider_core.c.o
[731/6838] Building C object contrib/openssl-cmake/CMakeFiles/crypto.dir/__/openssl/crypto/rand/rand_lib.c.o
[732/6838] Building C object contrib/openssl-cmake/CMakeFiles/crypto.dir/__/openssl/crypto/rand/randfile.c.o
[733/6838] Building C object contrib/openssl-cmake/CMakeFiles/crypto.dir/__/openssl/crypto/rc2/rc2_ecb.c.o
[734/6838] Building C object contrib/openssl-cmake/CMakeFiles/crypto.dir/__/openssl/crypto/rc2/rc2_cbc.c.o
[735/6838] Building C object contrib/openssl-cmake/CMakeFiles/crypto.dir/__/openssl/crypto/rc2/rc2_skey.c.o
[736/6838] Building C object contrib/openssl-cmake/CMakeFiles/crypto.dir/__/openssl/crypto/rc2/rc2cfb64.c.o
[737/6838] Building C object contrib/openssl-cmake/CMakeFiles/crypto.dir/__/openssl/crypto/rc2/rc2ofb64.c.o
[738/6838] Building C object contrib/openssl-cmake/CMakeFiles/crypto.dir/__/openssl/crypto/ripemd/rmd_one.c.o
[739/6838] Building C object contrib/openssl-cmake/CMakeFiles/crypto.dir/__/openssl/crypto/rsa/rsa_asn1.c.o
[740/6838] Building C object contrib/openssl-cmake/CMakeFiles/crypto.dir/__/openssl/crypto/ripemd/rmd_dgst.c.o
[741/6838] Building C object contrib/openssl-cmake/CMakeFiles/crypto.dir/__/openssl/crypto/rsa/rsa_ameth.c.o
[742/6838] Building C object contrib/openssl-cmake/CMakeFiles/crypto.dir/__/openssl/crypto/rsa/rsa_chk.c.o
[743/6838] Building C object contrib/openssl-cmake/CMakeFiles/crypto.dir/__/openssl/crypto/rsa/rsa_backend.c.o
[744/6838] Building C object contrib/openssl-cmake/CMakeFiles/crypto.dir/__/openssl/crypto/rsa/rsa_err.c.o
[745/6838] Building C object contrib/openssl-cmake/CMakeFiles/crypto.dir/__/openssl/crypto/rsa/rsa_crpt.c.o
[746/6838] Building C object contrib/openssl-cmake/CMakeFiles/crypto.dir/__/openssl/crypto/rsa/rsa_depr.c.o
[747/6838] Building C object contrib/openssl-cmake/CMakeFiles/crypto.dir/__/openssl/crypto/rsa/rsa_meth.c.o
[748/6838] Building C object contrib/openssl-cmake/CMakeFiles/crypto.dir/__/openssl/crypto/rsa/rsa_mp.c.o
[749/6838] Building C object contrib/openssl-cmake/CMakeFiles/crypto.dir/__/openssl/crypto/rsa/rsa_gen.c.o
[750/6838] Building C object contrib/openssl-cmake/CMakeFiles/crypto.dir/__/openssl/crypto/rsa/rsa_mp_names.c.o
[751/6838] Building C object contrib/openssl-cmake/CMakeFiles/crypto.dir/__/openssl/crypto/rsa/rsa_none.c.o
[752/6838] Building C object contrib/openssl-cmake/CMakeFiles/crypto.dir/__/openssl/crypto/rsa/rsa_lib.c.o
[753/6838] Building C object contrib/openssl-cmake/CMakeFiles/crypto.dir/__/openssl/crypto/rsa/rsa_oaep.c.o
[754/6838] Building C object contrib/openssl-cmake/CMakeFiles/crypto.dir/__/openssl/crypto/rsa/rsa_ossl.c.o
[755/6838] Building C object contrib/openssl-cmake/CMakeFiles/crypto.dir/__/openssl/crypto/rsa/rsa_pk1.c.o
[756/6838] Building C object contrib/openssl-cmake/CMakeFiles/crypto.dir/__/openssl/crypto/rsa/rsa_prn.c.o
[757/6838] Building C object contrib/openssl-cmake/CMakeFiles/crypto.dir/__/openssl/crypto/rsa/rsa_schemes.c.o
[758/6838] Building C object contrib/openssl-cmake/CMakeFiles/crypto.dir/__/openssl/crypto/rsa/rsa_saos.c.o
[759/6838] Building C object contrib/openssl-cmake/CMakeFiles/crypto.dir/__/openssl/crypto/rsa/rsa_pmeth.c.o
[760/6838] Building C object contrib/openssl-cmake/CMakeFiles/crypto.dir/__/openssl/crypto/rsa/rsa_pss.c.o
[761/6838] Building C object contrib/openssl-cmake/CMakeFiles/crypto.dir/__/openssl/crypto/rsa/rsa_x931.c.o
[762/6838] Building C object contrib/openssl-cmake/CMakeFiles/crypto.dir/__/openssl/crypto/rsa/rsa_sign.c.o
[763/6838] Building C object contrib/openssl-cmake/CMakeFiles/crypto.dir/__/openssl/crypto/rsa/rsa_sp800_56b_check.c.o
[764/6838] Building C object contrib/openssl-cmake/CMakeFiles/crypto.dir/__/openssl/crypto/rsa/rsa_sp800_56b_gen.c.o
[765/6838] Building C object contrib/openssl-cmake/CMakeFiles/crypto.dir/__/openssl/crypto/seed/seed_cbc.c.o
[766/6838] Building C object contrib/openssl-cmake/CMakeFiles/crypto.dir/__/openssl/crypto/seed/seed_cfb.c.o
[767/6838] Building C object contrib/openssl-cmake/CMakeFiles/crypto.dir/__/openssl/crypto/seed/seed_ecb.c.o
[768/6838] Building C object contrib/openssl-cmake/CMakeFiles/crypto.dir/__/openssl/crypto/seed/seed_ofb.c.o
[769/6838] Building C object contrib/openssl-cmake/CMakeFiles/crypto.dir/__/openssl/crypto/self_test_core.c.o
[770/6838] Building C object contrib/openssl-cmake/CMakeFiles/crypto.dir/__/openssl/crypto/sha/sha1_one.c.o
[771/6838] Building C object contrib/openssl-cmake/CMakeFiles/crypto.dir/__/openssl/crypto/sha/sha3.c.o
[772/6838] Building C object contrib/openssl-cmake/CMakeFiles/crypto.dir/__/openssl/crypto/sha/sha1dgst.c.o
[773/6838] Building C object contrib/openssl-cmake/CMakeFiles/crypto.dir/__/openssl/crypto/sha/sha256.c.o
[774/6838] Building C object contrib/openssl-cmake/CMakeFiles/crypto.dir/__/openssl/crypto/seed/seed.c.o
[775/6838] Building C object contrib/openssl-cmake/CMakeFiles/crypto.dir/__/openssl/crypto/sleep.c.o
[776/6838] Building C object contrib/openssl-cmake/CMakeFiles/crypto.dir/__/openssl/crypto/slh_dsa/slh_adrs.c.o
[777/6838] Building C object contrib/openssl-cmake/CMakeFiles/crypto.dir/__/openssl/crypto/sha/sha512.c.o
[778/6838] Building C object contrib/openssl-cmake/CMakeFiles/crypto.dir/__/openssl/crypto/siphash/siphash.c.o
[779/6838] Building C object contrib/openssl-cmake/CMakeFiles/crypto.dir/__/openssl/crypto/slh_dsa/slh_dsa_hash_ctx.c.o
[780/6838] Building C object contrib/openssl-cmake/CMakeFiles/crypto.dir/__/openssl/crypto/slh_dsa/slh_dsa.c.o
[781/6838] Building C object contrib/openssl-cmake/CMakeFiles/crypto.dir/__/openssl/crypto/slh_dsa/slh_fors.c.o
[782/6838] Building C object contrib/openssl-cmake/CMakeFiles/crypto.dir/__/openssl/crypto/slh_dsa/slh_dsa_key.c.o
[783/6838] Building C object contrib/openssl-cmake/CMakeFiles/crypto.dir/__/openssl/crypto/slh_dsa/slh_params.c.o
[784/6838] Building C object contrib/openssl-cmake/CMakeFiles/crypto.dir/__/openssl/crypto/slh_dsa/slh_hypertree.c.o
[785/6838] Building C object contrib/openssl-cmake/CMakeFiles/crypto.dir/__/openssl/crypto/slh_dsa/slh_hash.c.o
[786/6838] Building C object contrib/openssl-cmake/CMakeFiles/crypto.dir/__/openssl/crypto/slh_dsa/slh_xmss.c.o
[787/6838] Building C object contrib/openssl-cmake/CMakeFiles/crypto.dir/__/openssl/crypto/sm2/sm2_err.c.o
[788/6838] Building C object contrib/openssl-cmake/CMakeFiles/crypto.dir/__/openssl/crypto/slh_dsa/slh_wots.c.o
[789/6838] Building C object contrib/openssl-cmake/CMakeFiles/crypto.dir/__/openssl/crypto/sm2/sm2_key.c.o
[790/6838] Building C object contrib/openssl-cmake/CMakeFiles/crypto.dir/__/openssl/crypto/sm2/sm2_crypt.c.o
[791/6838] Building C object contrib/openssl-cmake/CMakeFiles/crypto.dir/__/openssl/crypto/sm3/legacy_sm3.c.o
[792/6838] Building C object contrib/openssl-cmake/CMakeFiles/crypto.dir/__/openssl/crypto/sm2/sm2_sign.c.o
[793/6838] Building C object contrib/openssl-cmake/CMakeFiles/crypto.dir/__/openssl/crypto/ssl_err.c.o
[794/6838] Building C object contrib/openssl-cmake/CMakeFiles/crypto.dir/__/openssl/crypto/sparse_array.c.o
[795/6838] Building C object contrib/openssl-cmake/CMakeFiles/crypto.dir/__/openssl/crypto/sm4/sm4.c.o
[796/6838] Building C object contrib/openssl-cmake/CMakeFiles/crypto.dir/__/openssl/crypto/store/store_err.c.o
[797/6838] Building C object contrib/openssl-cmake/CMakeFiles/crypto.dir/__/openssl/crypto/stack/stack.c.o
[798/6838] Building C object contrib/openssl-cmake/CMakeFiles/crypto.dir/__/openssl/crypto/store/store_meth.c.o
[799/6838] Building C object contrib/openssl-cmake/CMakeFiles/crypto.dir/__/openssl/crypto/store/store_lib.c.o
[800/6838] Building C object contrib/openssl-cmake/CMakeFiles/crypto.dir/__/openssl/crypto/store/store_strings.c.o
[801/6838] Building C object contrib/openssl-cmake/CMakeFiles/crypto.dir/__/openssl/crypto/store/store_result.c.o
[802/6838] Building C object contrib/openssl-cmake/CMakeFiles/crypto.dir/__/openssl/crypto/thread/api.c.o
[803/6838] Building C object contrib/openssl-cmake/CMakeFiles/crypto.dir/__/openssl/crypto/sm3/sm3.c.o
[804/6838] Building C object contrib/openssl-cmake/CMakeFiles/crypto.dir/__/openssl/crypto/thread/arch.c.o
[805/6838] Building C object contrib/openssl-cmake/CMakeFiles/crypto.dir/__/openssl/crypto/thread/arch/thread_none.c.o
[806/6838] Building C object contrib/openssl-cmake/CMakeFiles/crypto.dir/__/openssl/crypto/thread/arch/thread_posix.c.o
[807/6838] Building C object contrib/openssl-cmake/CMakeFiles/crypto.dir/__/openssl/crypto/thread/arch/thread_win.c.o
[808/6838] Building C object contrib/openssl-cmake/CMakeFiles/crypto.dir/__/openssl/crypto/threads_lib.c.o
[809/6838] Building C object contrib/openssl-cmake/CMakeFiles/crypto.dir/__/openssl/crypto/thread/internal.c.o
[810/6838] Building C object contrib/openssl-cmake/CMakeFiles/crypto.dir/__/openssl/crypto/threads_none.c.o
[811/6838] Building C object contrib/openssl-cmake/CMakeFiles/crypto.dir/__/openssl/crypto/threads_win.c.o
[812/6838] Building C object contrib/openssl-cmake/CMakeFiles/crypto.dir/__/openssl/crypto/time.c.o
[813/6838] Building C object contrib/openssl-cmake/CMakeFiles/crypto.dir/__/openssl/crypto/threads_pthread.c.o
[814/6838] Building C object contrib/openssl-cmake/CMakeFiles/crypto.dir/__/openssl/crypto/trace.c.o
[815/6838] Building C object contrib/openssl-cmake/CMakeFiles/crypto.dir/__/openssl/crypto/ts/ts_err.c.o
[816/6838] Building C object contrib/openssl-cmake/CMakeFiles/crypto.dir/__/openssl/crypto/ts/ts_asn1.c.o
[817/6838] Building C object contrib/openssl-cmake/CMakeFiles/crypto.dir/__/openssl/crypto/ts/ts_lib.c.o
[818/6838] Building C object contrib/openssl-cmake/CMakeFiles/crypto.dir/__/openssl/crypto/ts/ts_conf.c.o
[819/6838] Building C object contrib/openssl-cmake/CMakeFiles/crypto.dir/__/openssl/crypto/ts/ts_req_print.c.o
[820/6838] Building C object contrib/openssl-cmake/CMakeFiles/crypto.dir/__/openssl/crypto/ts/ts_req_utils.c.o
[821/6838] Building C object contrib/openssl-cmake/CMakeFiles/crypto.dir/__/openssl/crypto/ts/ts_rsp_print.c.o
[822/6838] Building C object contrib/openssl-cmake/CMakeFiles/crypto.dir/__/openssl/crypto/ts/ts_rsp_utils.c.o
[823/6838] Building C object contrib/openssl-cmake/CMakeFiles/crypto.dir/__/openssl/crypto/ts/ts_rsp_sign.c.o
[824/6838] Building C object contrib/openssl-cmake/CMakeFiles/crypto.dir/__/openssl/crypto/ts/ts_verify_ctx.c.o
[825/6838] Building C object contrib/openssl-cmake/CMakeFiles/crypto.dir/__/openssl/crypto/ts/ts_rsp_verify.c.o
[826/6838] Building C object contrib/openssl-cmake/CMakeFiles/crypto.dir/__/openssl/crypto/ui/ui_err.c.o
[827/6838] Building C object contrib/openssl-cmake/CMakeFiles/crypto.dir/__/openssl/crypto/txt_db/txt_db.c.o
[828/6838] Building C object contrib/openssl-cmake/CMakeFiles/crypto.dir/__/openssl/crypto/ui/ui_null.c.o
[829/6838] Building C object contrib/openssl-cmake/CMakeFiles/crypto.dir/__/openssl/crypto/ui/ui_util.c.o
[830/6838] Building C object contrib/openssl-cmake/CMakeFiles/crypto.dir/__/openssl/crypto/uid.c.o
[831/6838] Building C object contrib/openssl-cmake/CMakeFiles/crypto.dir/__/openssl/crypto/ui/ui_openssl.c.o
[832/6838] Building C object contrib/openssl-cmake/CMakeFiles/crypto.dir/__/openssl/crypto/ui/ui_lib.c.o
[833/6838] Building C object contrib/openssl-cmake/CMakeFiles/crypto.dir/__/openssl/crypto/whrlpool/wp_dgst.c.o
[834/6838] Building C object contrib/openssl-cmake/CMakeFiles/crypto.dir/__/openssl/crypto/x509/by_file.c.o
[835/6838] Building C object contrib/openssl-cmake/CMakeFiles/crypto.dir/__/openssl/crypto/x509/by_dir.c.o
[836/6838] Building C object contrib/openssl-cmake/CMakeFiles/crypto.dir/__/openssl/crypto/x509/by_store.c.o
[837/6838] Building C object contrib/openssl-cmake/CMakeFiles/crypto.dir/__/openssl/crypto/x509/pcy_cache.c.o
[838/6838] Building C object contrib/openssl-cmake/CMakeFiles/crypto.dir/__/openssl/crypto/x509/pcy_data.c.o
[839/6838] Building C object contrib/openssl-cmake/CMakeFiles/crypto.dir/__/openssl/crypto/x509/pcy_lib.c.o
[840/6838] Building C object contrib/openssl-cmake/CMakeFiles/crypto.dir/__/openssl/crypto/x509/pcy_map.c.o
[841/6838] Building C object contrib/openssl-cmake/CMakeFiles/crypto.dir/__/openssl/crypto/x509/pcy_node.c.o
[842/6838] Building C object contrib/openssl-cmake/CMakeFiles/crypto.dir/__/openssl/crypto/x509/t_crl.c.o
[843/6838] Building C object contrib/openssl-cmake/CMakeFiles/crypto.dir/__/openssl/crypto/x509/t_acert.c.o
[844/6838] Building C object contrib/openssl-cmake/CMakeFiles/crypto.dir/__/openssl/crypto/x509/pcy_tree.c.o
[845/6838] Building C object contrib/openssl-cmake/CMakeFiles/crypto.dir/__/openssl/crypto/x509/t_req.c.o
[846/6838] Building C object contrib/openssl-cmake/CMakeFiles/crypto.dir/__/openssl/crypto/x509/v3_aaa.c.o
[847/6838] Building C object contrib/openssl-cmake/CMakeFiles/crypto.dir/__/openssl/crypto/x509/v3_ac_tgt.c.o
[848/6838] Building C object contrib/openssl-cmake/CMakeFiles/crypto.dir/__/openssl/crypto/x509/t_x509.c.o
[849/6838] Building C object contrib/openssl-cmake/CMakeFiles/crypto.dir/__/openssl/crypto/x509/v3_admis.c.o
[850/6838] Building C object contrib/openssl-cmake/CMakeFiles/crypto.dir/__/openssl/crypto/x509/v3_akeya.c.o
[851/6838] Building C object contrib/openssl-cmake/CMakeFiles/crypto.dir/__/openssl/crypto/x509/v3_akid.c.o
[852/6838] Building C object contrib/openssl-cmake/CMakeFiles/crypto.dir/__/openssl/crypto/x509/v3_addr.c.o
[853/6838] Building C object contrib/openssl-cmake/CMakeFiles/crypto.dir/__/openssl/crypto/x509/v3_attrdesc.c.o
[854/6838] Building C object contrib/openssl-cmake/CMakeFiles/crypto.dir/__/openssl/crypto/x509/v3_attrmap.c.o
[855/6838] Building C object contrib/openssl-cmake/CMakeFiles/crypto.dir/__/openssl/crypto/x509/v3_audit_id.c.o
[856/6838] Building C object contrib/openssl-cmake/CMakeFiles/crypto.dir/__/openssl/crypto/x509/v3_asid.c.o
[857/6838] Building C object contrib/openssl-cmake/CMakeFiles/crypto.dir/__/openssl/crypto/x509/v3_authattid.c.o
[858/6838] Building C object contrib/openssl-cmake/CMakeFiles/crypto.dir/__/openssl/crypto/x509/v3_battcons.c.o
[859/6838] Building C object contrib/openssl-cmake/CMakeFiles/crypto.dir/__/openssl/crypto/x509/v3_bcons.c.o
[860/6838] Building C object contrib/openssl-cmake/CMakeFiles/crypto.dir/__/openssl/crypto/x509/v3_bitst.c.o
[861/6838] Building C object contrib/openssl-cmake/CMakeFiles/crypto.dir/__/openssl/crypto/x509/v3_conf.c.o
[862/6838] Building C object contrib/openssl-cmake/CMakeFiles/crypto.dir/__/openssl/crypto/x509/v3_enum.c.o
[863/6838] Building C object contrib/openssl-cmake/CMakeFiles/crypto.dir/__/openssl/crypto/x509/v3_cpols.c.o
[864/6838] Building C object contrib/openssl-cmake/CMakeFiles/crypto.dir/__/openssl/crypto/x509/v3_extku.c.o
[865/6838] Building C object contrib/openssl-cmake/CMakeFiles/crypto.dir/__/openssl/crypto/x509/v3_crld.c.o
[866/6838] Building C object contrib/openssl-cmake/CMakeFiles/crypto.dir/__/openssl/crypto/x509/v3_group_ac.c.o
[867/6838] Building C object contrib/openssl-cmake/CMakeFiles/crypto.dir/__/openssl/crypto/x509/v3_genn.c.o
[868/6838] Building C object contrib/openssl-cmake/CMakeFiles/crypto.dir/__/openssl/crypto/x509/v3_ind_iss.c.o
[869/6838] Building C object contrib/openssl-cmake/CMakeFiles/crypto.dir/__/openssl/crypto/x509/v3_ia5.c.o
[870/6838] Building C object contrib/openssl-cmake/CMakeFiles/crypto.dir/__/openssl/crypto/x509/v3_int.c.o
[871/6838] Building C object contrib/openssl-cmake/CMakeFiles/crypto.dir/__/openssl/crypto/x509/v3_info.c.o
[872/6838] Building C object contrib/openssl-cmake/CMakeFiles/crypto.dir/__/openssl/crypto/x509/v3_iobo.c.o
[873/6838] Building C object contrib/openssl-cmake/CMakeFiles/crypto.dir/__/openssl/crypto/x509/v3_ist.c.o
[874/6838] Building C object contrib/openssl-cmake/CMakeFiles/crypto.dir/__/openssl/crypto/x509/v3_lib.c.o
[875/6838] Building C object contrib/openssl-cmake/CMakeFiles/crypto.dir/__/openssl/crypto/x509/v3_no_ass.c.o
[876/6838] Building C object contrib/openssl-cmake/CMakeFiles/crypto.dir/__/openssl/crypto/x509/v3_no_rev_avail.c.o
[877/6838] Building C object contrib/openssl-cmake/CMakeFiles/crypto.dir/__/openssl/crypto/x509/v3_ncons.c.o
[878/6838] Building C object contrib/openssl-cmake/CMakeFiles/crypto.dir/__/openssl/crypto/x509/v3_pcia.c.o
[879/6838] Building C object contrib/openssl-cmake/CMakeFiles/crypto.dir/__/openssl/crypto/x509/v3_pci.c.o
[880/6838] Building C object contrib/openssl-cmake/CMakeFiles/crypto.dir/__/openssl/crypto/x509/v3_pcons.c.o
[881/6838] Building C object contrib/openssl-cmake/CMakeFiles/crypto.dir/__/openssl/crypto/x509/v3_pku.c.o
[882/6838] Building C object contrib/openssl-cmake/CMakeFiles/crypto.dir/__/openssl/crypto/x509/v3_pmaps.c.o
[883/6838] Building C object contrib/openssl-cmake/CMakeFiles/crypto.dir/__/openssl/crypto/x509/v3_prn.c.o
[884/6838] Building C object contrib/openssl-cmake/CMakeFiles/crypto.dir/__/openssl/crypto/x509/v3_rolespec.c.o
[885/6838] Building C object contrib/openssl-cmake/CMakeFiles/crypto.dir/__/openssl/crypto/x509/v3_sda.c.o
[886/6838] Building C object contrib/openssl-cmake/CMakeFiles/crypto.dir/__/openssl/crypto/x509/v3_san.c.o
[887/6838] Building C object contrib/openssl-cmake/CMakeFiles/crypto.dir/__/openssl/crypto/x509/v3_single_use.c.o
[888/6838] Building C object contrib/openssl-cmake/CMakeFiles/crypto.dir/__/openssl/crypto/x509/v3_purp.c.o
[889/6838] Building C object contrib/openssl-cmake/CMakeFiles/crypto.dir/__/openssl/crypto/x509/v3_skid.c.o
[890/6838] Building C object contrib/openssl-cmake/CMakeFiles/crypto.dir/__/openssl/crypto/x509/v3_soa_id.c.o
[891/6838] Building C object contrib/openssl-cmake/CMakeFiles/crypto.dir/__/openssl/crypto/x509/v3_sxnet.c.o
[892/6838] Building C object contrib/openssl-cmake/CMakeFiles/crypto.dir/__/openssl/crypto/x509/v3_tlsf.c.o
[893/6838] Building C object contrib/openssl-cmake/CMakeFiles/crypto.dir/__/openssl/crypto/x509/v3_timespec.c.o
[894/6838] Building C object contrib/openssl-cmake/CMakeFiles/crypto.dir/__/openssl/crypto/x509/v3_usernotice.c.o
[895/6838] Building C object contrib/openssl-cmake/CMakeFiles/crypto.dir/__/openssl/crypto/x509/v3_utf8.c.o
[896/6838] Building C object contrib/openssl-cmake/CMakeFiles/crypto.dir/__/openssl/crypto/x509/v3err.c.o
[897/6838] Building C object contrib/openssl-cmake/CMakeFiles/crypto.dir/__/openssl/crypto/x509/x509_acert.c.o
[898/6838] Building C object contrib/openssl-cmake/CMakeFiles/crypto.dir/__/openssl/crypto/x509/x509_att.c.o
[899/6838] Building C object contrib/openssl-cmake/CMakeFiles/crypto.dir/__/openssl/crypto/x509/x509_cmp.c.o
[900/6838] Building C object contrib/openssl-cmake/CMakeFiles/crypto.dir/__/openssl/crypto/x509/x509_d2.c.o
[901/6838] Building C object contrib/openssl-cmake/CMakeFiles/crypto.dir/__/openssl/crypto/x509/x509_err.c.o
[902/6838] Building C object contrib/openssl-cmake/CMakeFiles/crypto.dir/__/openssl/crypto/x509/v3_utl.c.o
[903/6838] Building C object contrib/openssl-cmake/CMakeFiles/crypto.dir/__/openssl/crypto/x509/x509_def.c.o
[904/6838] Building C object contrib/openssl-cmake/CMakeFiles/crypto.dir/__/openssl/crypto/x509/x509_ext.c.o
[905/6838] Building C object contrib/openssl-cmake/CMakeFiles/crypto.dir/__/openssl/crypto/x509/x509_meth.c.o
[906/6838] Building C object contrib/openssl-cmake/CMakeFiles/crypto.dir/__/openssl/crypto/x509/x509_obj.c.o
[907/6838] Building C object contrib/openssl-cmake/CMakeFiles/crypto.dir/__/openssl/crypto/x509/x509_r2x.c.o
[908/6838] Building C object contrib/openssl-cmake/CMakeFiles/crypto.dir/__/openssl/crypto/x509/x509_lu.c.o
[909/6838] Building C object contrib/openssl-cmake/CMakeFiles/crypto.dir/__/openssl/crypto/x509/x509_req.c.o
[910/6838] Building C object contrib/openssl-cmake/CMakeFiles/crypto.dir/__/openssl/crypto/x509/x509_set.c.o
[911/6838] Building C object contrib/openssl-cmake/CMakeFiles/crypto.dir/__/openssl/crypto/x509/x509_txt.c.o
[912/6838] Building C object contrib/openssl-cmake/CMakeFiles/crypto.dir/__/openssl/crypto/x509/x509_trust.c.o
[913/6838] Building C object contrib/openssl-cmake/CMakeFiles/crypto.dir/__/openssl/crypto/x509/x509_v3.c.o
[914/6838] Building C object contrib/openssl-cmake/CMakeFiles/crypto.dir/__/openssl/crypto/x509/x509cset.c.o
[915/6838] Building C object contrib/openssl-cmake/CMakeFiles/crypto.dir/__/openssl/crypto/x509/x509_vpm.c.o
[916/6838] Building C object contrib/openssl-cmake/CMakeFiles/crypto.dir/__/openssl/crypto/x509/x509rset.c.o
[917/6838] Building C object contrib/openssl-cmake/CMakeFiles/crypto.dir/__/openssl/crypto/x509/x509name.c.o
[918/6838] Building C object contrib/openssl-cmake/CMakeFiles/crypto.dir/__/openssl/crypto/x509/x509spki.c.o
[919/6838] Building C object contrib/openssl-cmake/CMakeFiles/crypto.dir/__/openssl/crypto/x509/x_attrib.c.o
[920/6838] Building C object contrib/openssl-cmake/CMakeFiles/crypto.dir/__/openssl/crypto/x509/x_all.c.o
[921/6838] Building C object contrib/openssl-cmake/CMakeFiles/crypto.dir/__/openssl/crypto/x509/x_crl.c.o
[922/6838] Building C object contrib/openssl-cmake/CMakeFiles/crypto.dir/__/openssl/crypto/x509/x_exten.c.o
[923/6838] Building C object contrib/openssl-cmake/CMakeFiles/crypto.dir/__/openssl/crypto/x509/x509_vfy.c.o
[924/6838] Building C object contrib/openssl-cmake/CMakeFiles/crypto.dir/__/openssl/crypto/x509/x_req.c.o
[925/6838] Building C object contrib/openssl-cmake/CMakeFiles/crypto.dir/__/openssl/crypto/x509/x_name.c.o
[926/6838] Building C object contrib/openssl-cmake/CMakeFiles/crypto.dir/__/openssl/crypto/x509/x_pubkey.c.o
[927/6838] Building C object contrib/openssl-cmake/CMakeFiles/crypto.dir/__/openssl/providers/baseprov.c.o
[928/6838] Building C object contrib/openssl-cmake/CMakeFiles/crypto.dir/__/openssl/crypto/x509/x_x509.c.o
[929/6838] Building C object contrib/openssl-cmake/CMakeFiles/crypto.dir/__/openssl/crypto/x509/x_x509a.c.o
[930/6838] Building C object contrib/openssl-cmake/CMakeFiles/crypto.dir/__/openssl/providers/common/der/der_dsa_key.c.o
[931/6838] Building C object contrib/openssl-cmake/CMakeFiles/crypto.dir/__/openssl/providers/common/bio_prov.c.o
[932/6838] Building C object contrib/openssl-cmake/CMakeFiles/crypto.dir/__/openssl/providers/common/der/der_dsa_sig.c.o
[933/6838] Building C object contrib/openssl-cmake/CMakeFiles/crypto.dir/__/openssl/providers/common/capabilities.c.o
[934/6838] Building C object contrib/openssl-cmake/CMakeFiles/crypto.dir/__/openssl/providers/common/der/der_ecx_key.c.o
[935/6838] Building C object contrib/openssl-cmake/CMakeFiles/crypto.dir/__/openssl/providers/common/der/der_ec_key.c.o
[936/6838] Building C object contrib/openssl-cmake/CMakeFiles/crypto.dir/__/openssl/providers/common/der/der_ec_sig.c.o
[937/6838] Building C object contrib/openssl-cmake/CMakeFiles/crypto.dir/__/openssl/providers/common/der/der_ml_dsa_key.c.o
[938/6838] Building C object contrib/openssl-cmake/CMakeFiles/crypto.dir/__/openssl/providers/common/der/der_rsa_sig.c.o
[939/6838] Building C object contrib/openssl-cmake/CMakeFiles/crypto.dir/__/openssl/providers/common/der/der_slh_dsa_key.c.o
[940/6838] Building C object contrib/openssl-cmake/CMakeFiles/crypto.dir/__/openssl/providers/common/der/der_rsa_key.c.o
[941/6838] Building C object contrib/openssl-cmake/CMakeFiles/crypto.dir/__/openssl/providers/common/der/der_sm2_key.c.o
[942/6838] Building C object contrib/openssl-cmake/CMakeFiles/crypto.dir/__/openssl/providers/common/der/der_sm2_sig.c.o
[943/6838] Building C object contrib/openssl-cmake/CMakeFiles/crypto.dir/__/openssl/providers/common/provider_err.c.o
[944/6838] Building C object contrib/openssl-cmake/CMakeFiles/crypto.dir/__/openssl/providers/common/provider_ctx.c.o
[945/6838] Building C object contrib/openssl-cmake/CMakeFiles/crypto.dir/__/openssl/providers/common/digest_to_nid.c.o
[946/6838] Building C object contrib/openssl-cmake/CMakeFiles/crypto.dir/__/openssl/providers/common/securitycheck_default.c.o
[947/6838] Building C object contrib/openssl-cmake/CMakeFiles/crypto.dir/__/openssl/providers/common/provider_seeding.c.o
[948/6838] Building C object contrib/openssl-cmake/CMakeFiles/crypto.dir/__/openssl/providers/common/securitycheck.c.o
[949/6838] Building C object contrib/openssl-cmake/CMakeFiles/crypto.dir/__/openssl/providers/common/provider_util.c.o
[950/6838] Building C object contrib/openssl-cmake/CMakeFiles/crypto.dir/__/openssl/providers/defltprov.c.o
[951/6838] Building C object contrib/openssl-cmake/CMakeFiles/crypto.dir/__/openssl/providers/implementations/asymciphers/sm2_enc.c.o
[952/6838] Building C object contrib/openssl-cmake/CMakeFiles/crypto.dir/__/openssl/providers/implementations/asymciphers/rsa_enc.c.o
[953/6838] Building C object contrib/openssl-cmake/CMakeFiles/crypto.dir/__/openssl/providers/implementations/ciphers/cipher_aes.c.o
[954/6838] Building C object contrib/openssl-cmake/CMakeFiles/crypto.dir/__/openssl/providers/implementations/ciphers/cipher_aes_cbc_hmac_sha.c.o
[955/6838] Building C object contrib/openssl-cmake/CMakeFiles/crypto.dir/__/openssl/providers/implementations/ciphers/cipher_aes_ccm.c.o
[956/6838] Building C object contrib/openssl-cmake/CMakeFiles/crypto.dir/__/openssl/providers/implementations/ciphers/cipher_aes_ccm_hw.c.o
[957/6838] Building C object contrib/openssl-cmake/CMakeFiles/crypto.dir/__/openssl/providers/implementations/ciphers/cipher_aes_cbc_hmac_sha1_hw.c.o
[958/6838] Building C object contrib/openssl-cmake/CMakeFiles/crypto.dir/__/openssl/providers/implementations/ciphers/cipher_aes_gcm.c.o
[959/6838] Building C object contrib/openssl-cmake/CMakeFiles/crypto.dir/__/openssl/providers/implementations/ciphers/cipher_aes_cbc_hmac_sha256_hw.c.o
[960/6838] Building C object contrib/openssl-cmake/CMakeFiles/crypto.dir/__/openssl/providers/implementations/ciphers/cipher_aes_gcm_hw.c.o
[961/6838] Building C object contrib/openssl-cmake/CMakeFiles/crypto.dir/__/openssl/providers/implementations/ciphers/cipher_aes_gcm_siv.c.o
[962/6838] Building C object contrib/openssl-cmake/CMakeFiles/crypto.dir/__/openssl/providers/implementations/ciphers/cipher_aes_gcm_siv_polyval.c.o
[963/6838] Building C object contrib/openssl-cmake/CMakeFiles/crypto.dir/__/openssl/providers/implementations/ciphers/cipher_aes_gcm_siv_hw.c.o
[964/6838] Building C object contrib/openssl-cmake/CMakeFiles/crypto.dir/__/openssl/providers/implementations/ciphers/cipher_aes_hw.c.o
[965/6838] Building C object contrib/openssl-cmake/CMakeFiles/crypto.dir/__/openssl/providers/implementations/ciphers/cipher_aes_ocb_hw.c.o
[966/6838] Building C object contrib/openssl-cmake/CMakeFiles/crypto.dir/__/openssl/providers/implementations/ciphers/cipher_aes_ocb.c.o
[967/6838] Building C object contrib/openssl-cmake/CMakeFiles/crypto.dir/__/openssl/providers/implementations/ciphers/cipher_aes_siv_hw.c.o
[968/6838] Building C object contrib/openssl-cmake/CMakeFiles/crypto.dir/__/openssl/providers/implementations/ciphers/cipher_aes_siv.c.o
[969/6838] Building C object contrib/openssl-cmake/CMakeFiles/crypto.dir/__/openssl/providers/implementations/ciphers/cipher_aes_xts_fips.c.o
[970/6838] Building C object contrib/openssl-cmake/CMakeFiles/crypto.dir/__/openssl/providers/implementations/ciphers/cipher_aes_xts.c.o
[971/6838] Building C object contrib/openssl-cmake/CMakeFiles/crypto.dir/__/openssl/providers/implementations/ciphers/cipher_aes_wrp.c.o
[972/6838] Building C object contrib/openssl-cmake/CMakeFiles/crypto.dir/__/openssl/providers/implementations/ciphers/cipher_aes_xts_hw.c.o
[973/6838] Building C object contrib/openssl-cmake/CMakeFiles/crypto.dir/__/openssl/providers/implementations/ciphers/cipher_aria_ccm_hw.c.o
[974/6838] Building C object contrib/openssl-cmake/CMakeFiles/crypto.dir/__/openssl/providers/implementations/ciphers/cipher_aria_ccm.c.o
[975/6838] Building C object contrib/openssl-cmake/CMakeFiles/crypto.dir/__/openssl/providers/implementations/ciphers/cipher_aria_gcm.c.o
[976/6838] Building C object contrib/openssl-cmake/CMakeFiles/crypto.dir/__/openssl/providers/implementations/ciphers/cipher_aria.c.o
[977/6838] Building C object contrib/openssl-cmake/CMakeFiles/crypto.dir/__/openssl/providers/implementations/ciphers/cipher_aria_gcm_hw.c.o
[978/6838] Building C object contrib/openssl-cmake/CMakeFiles/crypto.dir/__/openssl/providers/implementations/ciphers/cipher_aria_hw.c.o
[979/6838] Building C object contrib/openssl-cmake/CMakeFiles/crypto.dir/__/openssl/providers/implementations/ciphers/cipher_blowfish.c.o
[980/6838] Building C object contrib/openssl-cmake/CMakeFiles/crypto.dir/__/openssl/providers/implementations/ciphers/cipher_blowfish_hw.c.o
[981/6838] Building C object contrib/openssl-cmake/CMakeFiles/crypto.dir/__/openssl/providers/implementations/ciphers/cipher_camellia_hw.c.o
[982/6838] Building C object contrib/openssl-cmake/CMakeFiles/crypto.dir/__/openssl/providers/implementations/ciphers/cipher_cast5.c.o
[983/6838] Building C object contrib/openssl-cmake/CMakeFiles/crypto.dir/__/openssl/providers/implementations/ciphers/cipher_cast5_hw.c.o
[984/6838] Building C object contrib/openssl-cmake/CMakeFiles/crypto.dir/__/openssl/providers/implementations/ciphers/cipher_camellia.c.o
[985/6838] Building C object contrib/openssl-cmake/CMakeFiles/crypto.dir/__/openssl/providers/implementations/ciphers/cipher_chacha20.c.o
[986/6838] Building C object contrib/openssl-cmake/CMakeFiles/crypto.dir/__/openssl/providers/implementations/ciphers/cipher_chacha20_hw.c.o
[987/6838] Building C object contrib/openssl-cmake/CMakeFiles/crypto.dir/__/openssl/providers/implementations/ciphers/cipher_chacha20_poly1305.c.o
[988/6838] Building C object contrib/openssl-cmake/CMakeFiles/crypto.dir/__/openssl/providers/implementations/ciphers/cipher_chacha20_poly1305_hw.c.o
[989/6838] Building C object contrib/openssl-cmake/CMakeFiles/crypto.dir/__/openssl/providers/implementations/ciphers/cipher_cts.c.o
[990/6838] Building C object contrib/openssl-cmake/CMakeFiles/crypto.dir/__/openssl/providers/implementations/ciphers/cipher_desx.c.o
[991/6838] Building C object contrib/openssl-cmake/CMakeFiles/crypto.dir/__/openssl/providers/implementations/ciphers/cipher_des.c.o
[992/6838] Building C object contrib/openssl-cmake/CMakeFiles/crypto.dir/__/openssl/providers/implementations/ciphers/cipher_des_hw.c.o
[993/6838] Building C object contrib/openssl-cmake/CMakeFiles/crypto.dir/__/openssl/providers/implementations/ciphers/cipher_desx_hw.c.o
[994/6838] Building C object contrib/openssl-cmake/CMakeFiles/crypto.dir/__/openssl/providers/implementations/ciphers/cipher_idea.c.o
[995/6838] Building C object contrib/openssl-cmake/CMakeFiles/crypto.dir/__/openssl/providers/implementations/ciphers/cipher_idea_hw.c.o
[996/6838] Building C object contrib/openssl-cmake/CMakeFiles/crypto.dir/__/openssl/providers/implementations/ciphers/cipher_null.c.o
[997/6838] Building C object contrib/openssl-cmake/CMakeFiles/crypto.dir/__/openssl/providers/implementations/ciphers/cipher_rc2.c.o
[998/6838] Building C object contrib/openssl-cmake/CMakeFiles/crypto.dir/__/openssl/providers/implementations/ciphers/cipher_rc2_hw.c.o
[999/6838] Building C object contrib/openssl-cmake/CMakeFiles/crypto.dir/__/openssl/providers/implementations/ciphers/cipher_rc4.c.o
[1000/6838] Building C object contrib/openssl-cmake/CMakeFiles/crypto.dir/__/openssl/providers/implementations/ciphers/cipher_rc4_hmac_md5.c.o
[1001/6838] Building C object contrib/openssl-cmake/CMakeFiles/crypto.dir/__/openssl/providers/implementations/ciphers/cipher_rc4_hw.c.o
[1002/6838] Building C object contrib/openssl-cmake/CMakeFiles/crypto.dir/__/openssl/providers/implementations/ciphers/cipher_rc4_hmac_md5_hw.c.o
[1003/6838] Building C object contrib/openssl-cmake/CMakeFiles/crypto.dir/__/openssl/providers/implementations/ciphers/cipher_seed.c.o
[1004/6838] Building C object contrib/openssl-cmake/CMakeFiles/crypto.dir/__/openssl/providers/implementations/ciphers/cipher_seed_hw.c.o
[1005/6838] Building C object contrib/openssl-cmake/CMakeFiles/crypto.dir/__/openssl/providers/implementations/ciphers/cipher_sm4.c.o
[1006/6838] Building C object contrib/openssl-cmake/CMakeFiles/crypto.dir/__/openssl/providers/implementations/ciphers/cipher_sm4_ccm_hw.c.o
[1007/6838] Building C object contrib/openssl-cmake/CMakeFiles/crypto.dir/__/openssl/providers/implementations/ciphers/cipher_sm4_ccm.c.o
[1008/6838] Building C object contrib/openssl-cmake/CMakeFiles/crypto.dir/__/openssl/providers/implementations/ciphers/cipher_sm4_gcm.c.o
[1009/6838] Building C object contrib/openssl-cmake/CMakeFiles/crypto.dir/__/openssl/providers/implementations/ciphers/cipher_sm4_gcm_hw.c.o
[1010/6838] Building C object contrib/openssl-cmake/CMakeFiles/crypto.dir/__/openssl/providers/implementations/ciphers/cipher_sm4_hw.c.o
[1011/6838] Building C object contrib/openssl-cmake/CMakeFiles/crypto.dir/__/openssl/providers/implementations/ciphers/cipher_sm4_xts.c.o
[1012/6838] Building C object contrib/openssl-cmake/CMakeFiles/crypto.dir/__/openssl/providers/implementations/ciphers/cipher_sm4_xts_hw.c.o
[1013/6838] Building C object contrib/openssl-cmake/CMakeFiles/crypto.dir/__/openssl/providers/implementations/ciphers/cipher_tdes.c.o
[1014/6838] Building C object contrib/openssl-cmake/CMakeFiles/crypto.dir/__/openssl/providers/implementations/ciphers/cipher_tdes_common.c.o
[1015/6838] Building C object contrib/openssl-cmake/CMakeFiles/crypto.dir/__/openssl/providers/implementations/ciphers/cipher_tdes_default.c.o
[1016/6838] Building C object contrib/openssl-cmake/CMakeFiles/crypto.dir/__/openssl/providers/implementations/ciphers/cipher_tdes_default_hw.c.o
[1017/6838] Building C object contrib/openssl-cmake/CMakeFiles/crypto.dir/__/openssl/providers/implementations/ciphers/cipher_tdes_hw.c.o
[1018/6838] Building C object contrib/openssl-cmake/CMakeFiles/crypto.dir/__/openssl/providers/implementations/ciphers/cipher_tdes_wrap_hw.c.o
[1019/6838] Building C object contrib/openssl-cmake/CMakeFiles/crypto.dir/__/openssl/providers/implementations/ciphers/cipher_tdes_wrap.c.o
[1020/6838] Building C object contrib/openssl-cmake/CMakeFiles/crypto.dir/__/openssl/providers/implementations/ciphers/ciphercommon_block.c.o
[1021/6838] Building C object contrib/openssl-cmake/CMakeFiles/crypto.dir/__/openssl/providers/implementations/ciphers/ciphercommon.c.o
[1022/6838] Building C object contrib/openssl-cmake/CMakeFiles/crypto.dir/__/openssl/providers/implementations/ciphers/ciphercommon_ccm_hw.c.o
[1023/6838] Building C object contrib/openssl-cmake/CMakeFiles/crypto.dir/__/openssl/providers/implementations/ciphers/ciphercommon_ccm.c.o
[1024/6838] Building C object contrib/openssl-cmake/CMakeFiles/crypto.dir/__/openssl/providers/implementations/ciphers/ciphercommon_gcm_hw.c.o
[1025/6838] Building C object contrib/openssl-cmake/CMakeFiles/crypto.dir/__/openssl/providers/implementations/ciphers/ciphercommon_gcm.c.o
[1026/6838] Building C object contrib/openssl-cmake/CMakeFiles/crypto.dir/__/openssl/providers/implementations/ciphers/ciphercommon_hw.c.o
[1027/6838] Building C object contrib/openssl-cmake/CMakeFiles/crypto.dir/__/openssl/providers/implementations/digests/blake2_prov.c.o
[1028/6838] Building C object contrib/openssl-cmake/CMakeFiles/crypto.dir/__/openssl/providers/implementations/digests/digestcommon.c.o
[1029/6838] Building C object contrib/openssl-cmake/CMakeFiles/crypto.dir/__/openssl/providers/implementations/digests/md4_prov.c.o
[1030/6838] Building C object contrib/openssl-cmake/CMakeFiles/crypto.dir/__/openssl/providers/implementations/digests/md5_prov.c.o
[1031/6838] Building C object contrib/openssl-cmake/CMakeFiles/crypto.dir/__/openssl/providers/implementations/digests/md5_sha1_prov.c.o
[1032/6838] Building C object contrib/openssl-cmake/CMakeFiles/crypto.dir/__/openssl/providers/implementations/digests/mdc2_prov.c.o
[1033/6838] Building C object contrib/openssl-cmake/CMakeFiles/crypto.dir/__/openssl/providers/implementations/digests/blake2s_prov.c.o
[1034/6838] Building C object contrib/openssl-cmake/CMakeFiles/crypto.dir/__/openssl/providers/implementations/digests/blake2b_prov.c.o
[1035/6838] Building C object contrib/openssl-cmake/CMakeFiles/crypto.dir/__/openssl/providers/implementations/digests/null_prov.c.o
[1036/6838] Building C object contrib/openssl-cmake/CMakeFiles/crypto.dir/__/openssl/providers/implementations/digests/ripemd_prov.c.o
[1037/6838] Building C object contrib/openssl-cmake/CMakeFiles/crypto.dir/__/openssl/providers/implementations/digests/sm3_prov.c.o
[1038/6838] Building C object contrib/openssl-cmake/CMakeFiles/crypto.dir/__/openssl/providers/implementations/digests/sha3_prov.c.o
[1039/6838] Building C object contrib/openssl-cmake/CMakeFiles/crypto.dir/__/openssl/providers/implementations/digests/wp_prov.c.o
[1040/6838] Building C object contrib/openssl-cmake/CMakeFiles/crypto.dir/__/openssl/providers/implementations/digests/sha2_prov.c.o
[1041/6838] Building C object contrib/openssl-cmake/CMakeFiles/crypto.dir/__/openssl/providers/implementations/encode_decode/decode_epki2pki.c.o
[1042/6838] Building C object contrib/openssl-cmake/CMakeFiles/crypto.dir/__/openssl/providers/implementations/encode_decode/decode_msblob2key.c.o
[1043/6838] Building C object contrib/openssl-cmake/CMakeFiles/crypto.dir/__/openssl/providers/implementations/encode_decode/decode_pem2der.c.o
[1044/6838] Building C object contrib/openssl-cmake/CMakeFiles/crypto.dir/__/openssl/providers/implementations/encode_decode/decode_spki2typespki.c.o
[1045/6838] Building C object contrib/openssl-cmake/CMakeFiles/crypto.dir/__/openssl/providers/implementations/encode_decode/decode_pvk2key.c.o
[1046/6838] Building C object contrib/openssl-cmake/CMakeFiles/crypto.dir/__/openssl/providers/implementations/encode_decode/decode_der2key.c.o
[1047/6838] Building C object contrib/openssl-cmake/CMakeFiles/crypto.dir/__/openssl/providers/implementations/encode_decode/encode_key2blob.c.o
[1048/6838] Building C object contrib/openssl-cmake/CMakeFiles/crypto.dir/__/openssl/providers/implementations/encode_decode/encode_key2ms.c.o
[1049/6838] Building C object contrib/openssl-cmake/CMakeFiles/crypto.dir/__/openssl/providers/implementations/encode_decode/endecoder_common.c.o
[1050/6838] Building C object contrib/openssl-cmake/CMakeFiles/crypto.dir/__/openssl/providers/implementations/encode_decode/ml_common_codecs.c.o
[1051/6838] Building C object contrib/openssl-cmake/CMakeFiles/crypto.dir/__/openssl/providers/implementations/encode_decode/encode_key2text.c.o
[1052/6838] Building C object contrib/openssl-cmake/CMakeFiles/crypto.dir/__/openssl/providers/implementations/encode_decode/ml_dsa_codecs.c.o
[1053/6838] Building C object contrib/openssl-cmake/CMakeFiles/crypto.dir/__/openssl/providers/implementations/encode_decode/ml_kem_codecs.c.o
[1054/6838] Building C object contrib/openssl-cmake/CMakeFiles/crypto.dir/__/openssl/providers/implementations/exchange/dh_exch.c.o
[1055/6838] Building C object contrib/openssl-cmake/CMakeFiles/crypto.dir/__/openssl/providers/implementations/exchange/ecdh_exch.c.o
[1056/6838] Building C object contrib/openssl-cmake/CMakeFiles/crypto.dir/__/openssl/providers/implementations/exchange/ecx_exch.c.o
[1057/6838] Building C object contrib/openssl-cmake/CMakeFiles/crypto.dir/__/openssl/providers/implementations/exchange/kdf_exch.c.o
[1058/6838] Building C object contrib/openssl-cmake/CMakeFiles/crypto.dir/__/openssl/providers/implementations/kdfs/hmacdrbg_kdf.c.o
[1059/6838] Building C object contrib/openssl-cmake/CMakeFiles/crypto.dir/__/openssl/providers/implementations/kdfs/hkdf.c.o
[1060/6838] Building C object contrib/openssl-cmake/CMakeFiles/crypto.dir/__/openssl/providers/implementations/kdfs/kbkdf.c.o
[1061/6838] Building C object contrib/openssl-cmake/CMakeFiles/crypto.dir/__/openssl/providers/implementations/kdfs/krb5kdf.c.o
[1062/6838] Building C object contrib/openssl-cmake/CMakeFiles/crypto.dir/__/openssl/providers/implementations/kdfs/argon2.c.o
[1063/6838] Building C object contrib/openssl-cmake/CMakeFiles/crypto.dir/__/openssl/providers/implementations/kdfs/pbkdf2_fips.c.o
[1064/6838] Building C object contrib/openssl-cmake/CMakeFiles/crypto.dir/__/openssl/providers/implementations/kdfs/pbkdf1.c.o
[1065/6838] Building C object contrib/openssl-cmake/CMakeFiles/crypto.dir/__/openssl/providers/implementations/kdfs/pbkdf2.c.o
[1066/6838] Building C object contrib/openssl-cmake/CMakeFiles/crypto.dir/__/openssl/providers/implementations/kdfs/pvkkdf.c.o
[1067/6838] Building C object contrib/openssl-cmake/CMakeFiles/crypto.dir/__/openssl/providers/implementations/kdfs/pkcs12kdf.c.o
[1068/6838] Building C object contrib/openssl-cmake/CMakeFiles/crypto.dir/__/openssl/providers/implementations/kdfs/sshkdf.c.o
[1069/6838] Building C object contrib/openssl-cmake/CMakeFiles/crypto.dir/__/openssl/providers/implementations/kdfs/scrypt.c.o
[1070/6838] Building C object contrib/openssl-cmake/CMakeFiles/crypto.dir/__/openssl/providers/implementations/kdfs/sskdf.c.o
[1071/6838] Building C object contrib/openssl-cmake/CMakeFiles/crypto.dir/__/openssl/providers/implementations/kdfs/tls1_prf.c.o
[1072/6838] Building C object contrib/openssl-cmake/CMakeFiles/crypto.dir/__/openssl/providers/implementations/kdfs/x942kdf.c.o
[1073/6838] Building C object contrib/openssl-cmake/CMakeFiles/crypto.dir/__/openssl/providers/implementations/kem/kem_util.c.o
[1074/6838] Building C object contrib/openssl-cmake/CMakeFiles/crypto.dir/__/openssl/providers/implementations/kem/ec_kem.c.o
[1075/6838] Building C object contrib/openssl-cmake/CMakeFiles/crypto.dir/__/openssl/providers/implementations/kem/ecx_kem.c.o
[1076/6838] Building C object contrib/openssl-cmake/CMakeFiles/crypto.dir/__/openssl/providers/implementations/kem/ml_kem_kem.c.o
[1077/6838] Building C object contrib/openssl-cmake/CMakeFiles/crypto.dir/__/openssl/providers/implementations/kem/mlx_kem.c.o
[1078/6838] Building C object contrib/openssl-cmake/CMakeFiles/crypto.dir/__/openssl/providers/implementations/encode_decode/encode_key2any.c.o
[1079/6838] Building C object contrib/openssl-cmake/CMakeFiles/crypto.dir/__/openssl/providers/implementations/kem/rsa_kem.c.o
[1080/6838] Building C object contrib/openssl-cmake/CMakeFiles/crypto.dir/__/openssl/providers/implementations/kem/template_kem.c.o
[1081/6838] Building C object contrib/openssl-cmake/CMakeFiles/crypto.dir/__/openssl/providers/implementations/keymgmt/dh_kmgmt.c.o
[1082/6838] Building C object contrib/openssl-cmake/CMakeFiles/crypto.dir/__/openssl/providers/implementations/keymgmt/dsa_kmgmt.c.o
[1083/6838] Building C object contrib/openssl-cmake/CMakeFiles/crypto.dir/__/openssl/providers/implementations/keymgmt/ecx_kmgmt.c.o
[1084/6838] Building C object contrib/openssl-cmake/CMakeFiles/crypto.dir/__/openssl/providers/implementations/keymgmt/kdf_legacy_kmgmt.c.o
[1085/6838] Building C object contrib/openssl-cmake/CMakeFiles/crypto.dir/__/openssl/providers/implementations/keymgmt/ec_kmgmt.c.o
[1086/6838] Building C object contrib/openssl-cmake/CMakeFiles/crypto.dir/__/openssl/providers/implementations/keymgmt/mac_legacy_kmgmt.c.o
[1087/6838] Building C object contrib/openssl-cmake/CMakeFiles/crypto.dir/__/openssl/providers/implementations/keymgmt/ml_dsa_kmgmt.c.o
[1088/6838] Building C object contrib/openssl-cmake/CMakeFiles/crypto.dir/__/openssl/providers/implementations/keymgmt/ml_kem_kmgmt.c.o
[1089/6838] Building C object contrib/openssl-cmake/CMakeFiles/crypto.dir/__/openssl/providers/implementations/keymgmt/mlx_kmgmt.c.o
[1090/6838] Building C object contrib/openssl-cmake/CMakeFiles/crypto.dir/__/openssl/providers/implementations/keymgmt/rsa_kmgmt.c.o
[1091/6838] Building C object contrib/openssl-cmake/CMakeFiles/crypto.dir/__/openssl/providers/implementations/keymgmt/slh_dsa_kmgmt.c.o
[1092/6838] Building C object contrib/openssl-cmake/CMakeFiles/crypto.dir/__/openssl/providers/implementations/macs/blake2b_mac.c.o
[1093/6838] Building C object contrib/openssl-cmake/CMakeFiles/crypto.dir/__/openssl/providers/implementations/macs/blake2s_mac.c.o
[1094/6838] Building C object contrib/openssl-cmake/CMakeFiles/crypto.dir/__/openssl/providers/implementations/macs/cmac_prov.c.o
[1095/6838] Building C object contrib/openssl-cmake/CMakeFiles/crypto.dir/__/openssl/providers/implementations/macs/gmac_prov.c.o
[1096/6838] Building C object contrib/openssl-cmake/CMakeFiles/crypto.dir/__/openssl/providers/implementations/macs/hmac_prov.c.o
[1097/6838] Building C object contrib/openssl-cmake/CMakeFiles/crypto.dir/__/openssl/providers/implementations/macs/poly1305_prov.c.o
[1098/6838] Building C object contrib/openssl-cmake/CMakeFiles/crypto.dir/__/openssl/providers/implementations/macs/siphash_prov.c.o
[1099/6838] Building C object contrib/openssl-cmake/CMakeFiles/crypto.dir/__/openssl/providers/implementations/macs/kmac_prov.c.o
[1100/6838] Building C object contrib/openssl-cmake/CMakeFiles/crypto.dir/__/openssl/providers/implementations/rands/drbg.c.o
[1101/6838] Building C object contrib/openssl-cmake/CMakeFiles/crypto.dir/__/openssl/providers/implementations/rands/drbg_hash.c.o
[1102/6838] Building C object contrib/openssl-cmake/CMakeFiles/crypto.dir/__/openssl/providers/implementations/rands/drbg_hmac.c.o
[1103/6838] Building C object contrib/openssl-cmake/CMakeFiles/crypto.dir/__/openssl/providers/implementations/rands/seed_src.c.o
[1104/6838] Building C object contrib/openssl-cmake/CMakeFiles/crypto.dir/__/openssl/providers/implementations/rands/drbg_ctr.c.o
[1105/6838] Building C object contrib/openssl-cmake/CMakeFiles/crypto.dir/__/openssl/providers/implementations/rands/seeding/rand_cpu_x86.c.o
[1106/6838] Building C object contrib/openssl-cmake/CMakeFiles/crypto.dir/__/openssl/providers/implementations/rands/seeding/rand_tsc.c.o
[1107/6838] Building C object contrib/openssl-cmake/CMakeFiles/crypto.dir/__/openssl/providers/implementations/rands/seeding/rand_win.c.o
[1108/6838] Building C object contrib/openssl-cmake/CMakeFiles/crypto.dir/__/openssl/providers/implementations/rands/seeding/rand_unix.c.o
[1109/6838] Building C object contrib/openssl-cmake/CMakeFiles/crypto.dir/__/openssl/providers/implementations/rands/test_rng.c.o
[1110/6838] Building C object contrib/openssl-cmake/CMakeFiles/crypto.dir/__/openssl/providers/implementations/signature/dsa_sig.c.o
[1111/6838] Building C object contrib/openssl-cmake/CMakeFiles/crypto.dir/__/openssl/providers/implementations/signature/mac_legacy_sig.c.o
[1112/6838] Building C object contrib/openssl-cmake/CMakeFiles/crypto.dir/__/openssl/providers/implementations/signature/eddsa_sig.c.o
[1113/6838] Building C object contrib/openssl-cmake/CMakeFiles/crypto.dir/__/openssl/providers/implementations/signature/ecdsa_sig.c.o
[1114/6838] Building C object contrib/openssl-cmake/CMakeFiles/crypto.dir/__/openssl/providers/implementations/signature/ml_dsa_sig.c.o
[1115/6838] Building C object contrib/openssl-cmake/CMakeFiles/crypto.dir/__/openssl/providers/implementations/signature/slh_dsa_sig.c.o
[1116/6838] Building C object contrib/openssl-cmake/CMakeFiles/crypto.dir/__/openssl/providers/implementations/skeymgmt/aes_skmgmt.c.o
[1117/6838] Building C object contrib/openssl-cmake/CMakeFiles/crypto.dir/__/openssl/providers/implementations/signature/sm2_sig.c.o
[1118/6838] Building C object contrib/openssl-cmake/CMakeFiles/crypto.dir/__/openssl/providers/implementations/skeymgmt/generic.c.o
[1119/6838] Building C object contrib/openssl-cmake/CMakeFiles/crypto.dir/__/openssl/providers/nullprov.c.o
[1120/6838] Building C object contrib/openssl-cmake/CMakeFiles/crypto.dir/__/openssl/providers/implementations/signature/rsa_sig.c.o
[1121/6838] Building C object contrib/openssl-cmake/CMakeFiles/crypto.dir/__/openssl/providers/implementations/storemgmt/file_store_any2obj.c.o
[1122/6838] Building C object contrib/openssl-cmake/CMakeFiles/crypto.dir/__/openssl/providers/prov_running.c.o
[1123/6838] Building C object contrib/openssl-cmake/CMakeFiles/crypto.dir/__/openssl/providers/implementations/storemgmt/file_store.c.o
[1124/6838] Building ASM object contrib/openssl-cmake/CMakeFiles/crypto.dir/asm/crypto/aes/aes-x86_64.s.o
[1125/6838] Building ASM object contrib/openssl-cmake/CMakeFiles/crypto.dir/asm/crypto/aes/aesni-mb-x86_64.s.o
[1126/6838] Building C object contrib/openssl-cmake/CMakeFiles/crypto.dir/__/openssl/providers/legacyprov.c.o
[1127/6838] Building ASM object contrib/openssl-cmake/CMakeFiles/crypto.dir/asm/crypto/aes/aesni-sha1-x86_64.s.o
[1128/6838] Building C object contrib/openssl-cmake/CMakeFiles/crypto.dir/__/openssl/ssl/record/methods/ssl3_cbc.c.o
[1129/6838] Building ASM object contrib/openssl-cmake/CMakeFiles/crypto.dir/asm/crypto/aes/aesni-sha256-x86_64.s.o
[1130/6838] Building ASM object contrib/openssl-cmake/CMakeFiles/crypto.dir/asm/crypto/aes/aesni-x86_64.s.o
[1131/6838] Building C object contrib/openssl-cmake/CMakeFiles/crypto.dir/__/openssl/ssl/record/methods/tls_pad.c.o
[1132/6838] Building ASM object contrib/openssl-cmake/CMakeFiles/crypto.dir/asm/crypto/aes/bsaes-x86_64.s.o
[1133/6838] Building ASM object contrib/openssl-cmake/CMakeFiles/crypto.dir/asm/crypto/aes/vpaes-x86_64.s.o
[1134/6838] Building ASM object contrib/openssl-cmake/CMakeFiles/crypto.dir/asm/crypto/aes/aesni-xts-avx512.s.o
[1135/6838] Building ASM object contrib/openssl-cmake/CMakeFiles/crypto.dir/asm/crypto/bn/rsaz-2k-avx512.s.o
[1136/6838] Building ASM object contrib/openssl-cmake/CMakeFiles/crypto.dir/asm/crypto/bn/rsaz-2k-avxifma.s.o
[1137/6838] Building ASM object contrib/openssl-cmake/CMakeFiles/crypto.dir/asm/crypto/bn/rsaz-3k-avx512.s.o
[1138/6838] Building ASM object contrib/openssl-cmake/CMakeFiles/crypto.dir/asm/crypto/bn/rsaz-3k-avxifma.s.o
[1139/6838] Building ASM object contrib/openssl-cmake/CMakeFiles/crypto.dir/asm/crypto/bn/rsaz-4k-avx512.s.o
[1140/6838] Building ASM object contrib/openssl-cmake/CMakeFiles/crypto.dir/asm/crypto/bn/rsaz-4k-avxifma.s.o
[1141/6838] Building ASM object contrib/openssl-cmake/CMakeFiles/crypto.dir/asm/crypto/bn/rsaz-avx2.s.o
[1142/6838] Building ASM object contrib/openssl-cmake/CMakeFiles/crypto.dir/asm/crypto/bn/rsaz-x86_64.s.o
[1143/6838] Building ASM object contrib/openssl-cmake/CMakeFiles/crypto.dir/asm/crypto/bn/x86_64-gf2m.s.o
[1144/6838] Building ASM object contrib/openssl-cmake/CMakeFiles/crypto.dir/asm/crypto/bn/x86_64-mont.s.o
[1145/6838] Building ASM object contrib/openssl-cmake/CMakeFiles/crypto.dir/asm/crypto/bn/x86_64-mont5.s.o
[1146/6838] Building ASM object contrib/openssl-cmake/CMakeFiles/crypto.dir/asm/crypto/camellia/cmll-x86_64.s.o
[1147/6838] Building ASM object contrib/openssl-cmake/CMakeFiles/crypto.dir/asm/crypto/chacha/chacha-x86_64.s.o
[1148/6838] Building ASM object contrib/openssl-cmake/CMakeFiles/crypto.dir/asm/crypto/ec/x25519-x86_64.s.o
[1149/6838] Building ASM object contrib/openssl-cmake/CMakeFiles/crypto.dir/asm/crypto/md5/md5-x86_64.s.o
[1150/6838] Building ASM object contrib/openssl-cmake/CMakeFiles/crypto.dir/asm/crypto/modes/aesni-gcm-x86_64.s.o
[1151/6838] Building ASM object contrib/openssl-cmake/CMakeFiles/crypto.dir/asm/crypto/ec/ecp_nistz256-x86_64.s.o
[1152/6838] Building ASM object contrib/openssl-cmake/CMakeFiles/crypto.dir/asm/crypto/modes/ghash-x86_64.s.o
[1153/6838] Building ASM object contrib/openssl-cmake/CMakeFiles/crypto.dir/asm/crypto/rc4/rc4-md5-x86_64.s.o
[1154/6838] Building ASM object contrib/openssl-cmake/CMakeFiles/crypto.dir/asm/crypto/poly1305/poly1305-x86_64.s.o
[1155/6838] Building ASM object contrib/openssl-cmake/CMakeFiles/crypto.dir/asm/crypto/rc4/rc4-x86_64.s.o
[1156/6838] Building ASM object contrib/openssl-cmake/CMakeFiles/crypto.dir/asm/crypto/sha/keccak1600-x86_64.s.o
[1157/6838] Building ASM object contrib/openssl-cmake/CMakeFiles/crypto.dir/asm/crypto/sha/sha1-mb-x86_64.s.o
[1158/6838] Building ASM object contrib/openssl-cmake/CMakeFiles/crypto.dir/asm/crypto/sha/sha1-x86_64.s.o
[1159/6838] Building ASM object contrib/openssl-cmake/CMakeFiles/crypto.dir/asm/crypto/sha/sha256-mb-x86_64.s.o
[1160/6838] Building ASM object contrib/openssl-cmake/CMakeFiles/crypto.dir/asm/crypto/sha/sha256-x86_64.s.o
[1161/6838] Building ASM object contrib/openssl-cmake/CMakeFiles/crypto.dir/asm/crypto/sha/sha512-x86_64.s.o
[1162/6838] Building ASM object contrib/openssl-cmake/CMakeFiles/crypto.dir/asm/crypto/whrlpool/wp-x86_64.s.o
[1163/6838] Building ASM object contrib/openssl-cmake/CMakeFiles/crypto.dir/asm/crypto/x86_64cpuid.s.o
[1164/6838] Building C object contrib/openssl-cmake/CMakeFiles/crypto.dir/__/openssl/crypto/bn/rsaz_exp.c.o
[1165/6838] Building ASM object contrib/openssl-cmake/CMakeFiles/crypto.dir/asm/crypto/modes/aes-gcm-avx512.s.o
[1166/6838] Building C object contrib/openssl-cmake/CMakeFiles/crypto.dir/__/openssl/crypto/bn/asm/x86_64-gcc.c.o
[1167/6838] Building C object contrib/openssl-cmake/CMakeFiles/crypto.dir/__/openssl/crypto/bn/rsaz_exp_x2.c.o
[1168/6838] Building C object contrib/openssl-cmake/CMakeFiles/ssl.dir/__/openssl/ssl/bio_ssl.c.o
[1169/6838] Building C object contrib/openssl-cmake/CMakeFiles/ssl.dir/__/openssl/ssl/d1_msg.c.o
[1170/6838] Building C object contrib/openssl-cmake/CMakeFiles/crypto.dir/__/openssl/crypto/ec/ecp_nistz256.c.o
[1171/6838] Building C object contrib/openssl-cmake/CMakeFiles/ssl.dir/__/openssl/ssl/d1_lib.c.o
[1172/6838] Building C object contrib/openssl-cmake/CMakeFiles/ssl.dir/__/openssl/ssl/d1_srtp.c.o
[1173/6838] Building C object contrib/openssl-cmake/CMakeFiles/ssl.dir/__/openssl/ssl/methods.c.o
[1174/6838] Building C object contrib/openssl-cmake/CMakeFiles/ssl.dir/__/openssl/ssl/pqueue.c.o
[1175/6838] Building C object contrib/openssl-cmake/CMakeFiles/ssl.dir/__/openssl/ssl/priority_queue.c.o
[1176/6838] Building C object contrib/openssl-cmake/CMakeFiles/ssl.dir/__/openssl/ssl/quic/cc_newreno.c.o
[1177/6838] Building C object contrib/openssl-cmake/CMakeFiles/ssl.dir/__/openssl/ssl/quic/json_enc.c.o
[1178/6838] Building C object contrib/openssl-cmake/CMakeFiles/ssl.dir/__/openssl/ssl/quic/qlog.c.o
[1179/6838] Building C object contrib/openssl-cmake/CMakeFiles/ssl.dir/__/openssl/ssl/quic/qlog_event_helpers.c.o
[1180/6838] Building C object contrib/openssl-cmake/CMakeFiles/ssl.dir/__/openssl/ssl/quic/quic_cfq.c.o
[1181/6838] Building C object contrib/openssl-cmake/CMakeFiles/ssl.dir/__/openssl/ssl/quic/quic_demux.c.o
[1182/6838] Building C object contrib/openssl-cmake/CMakeFiles/ssl.dir/__/openssl/ssl/quic/quic_ackm.c.o
[1183/6838] Building C object contrib/openssl-cmake/CMakeFiles/ssl.dir/__/openssl/ssl/quic/quic_engine.c.o
[1184/6838] Building C object contrib/openssl-cmake/CMakeFiles/ssl.dir/__/openssl/ssl/quic/quic_fc.c.o
[1185/6838] Building C object contrib/openssl-cmake/CMakeFiles/ssl.dir/__/openssl/ssl/quic/quic_fifd.c.o
[1186/6838] Building C object contrib/openssl-cmake/CMakeFiles/ssl.dir/__/openssl/ssl/quic/quic_lcidm.c.o
[1187/6838] Building C object contrib/openssl-cmake/CMakeFiles/ssl.dir/__/openssl/ssl/quic/quic_method.c.o
[1188/6838] Building C object contrib/openssl-cmake/CMakeFiles/ssl.dir/__/openssl/ssl/quic/quic_channel.c.o
[1189/6838] Building C object contrib/openssl-cmake/CMakeFiles/ssl.dir/__/openssl/ssl/quic/quic_obj.c.o
[1190/6838] Building C object contrib/openssl-cmake/CMakeFiles/ssl.dir/__/openssl/ssl/quic/quic_rcidm.c.o
[1191/6838] Building C object contrib/openssl-cmake/CMakeFiles/ssl.dir/__/openssl/ssl/quic/quic_reactor.c.o
[1192/6838] Building C object contrib/openssl-cmake/CMakeFiles/ssl.dir/__/openssl/ssl/quic/quic_port.c.o
[1193/6838] Building C object contrib/openssl-cmake/CMakeFiles/ssl.dir/__/openssl/ssl/quic/quic_reactor_wait_ctx.c.o
[1194/6838] Building C object contrib/openssl-cmake/CMakeFiles/ssl.dir/__/openssl/ssl/quic/quic_impl.c.o
[1195/6838] Building C object contrib/openssl-cmake/CMakeFiles/ssl.dir/__/openssl/ssl/quic/quic_record_shared.c.o
[1196/6838] Building C object contrib/openssl-cmake/CMakeFiles/ssl.dir/__/openssl/ssl/quic/quic_record_rx.c.o
[1197/6838] Building C object contrib/openssl-cmake/CMakeFiles/ssl.dir/__/openssl/ssl/quic/quic_record_tx.c.o
[1198/6838] Building C object contrib/openssl-cmake/CMakeFiles/ssl.dir/__/openssl/ssl/quic/quic_record_util.c.o
[1199/6838] Building C object contrib/openssl-cmake/CMakeFiles/ssl.dir/__/openssl/ssl/quic/quic_rstream.c.o
[1200/6838] Building C object contrib/openssl-cmake/CMakeFiles/ssl.dir/__/openssl/ssl/quic/quic_srt_gen.c.o
[1201/6838] Building C object contrib/openssl-cmake/CMakeFiles/ssl.dir/__/openssl/ssl/quic/quic_sf_list.c.o
[1202/6838] Building C object contrib/openssl-cmake/CMakeFiles/ssl.dir/__/openssl/ssl/quic/quic_srtm.c.o
[1203/6838] Building C object contrib/openssl-cmake/CMakeFiles/ssl.dir/__/openssl/ssl/quic/quic_rx_depack.c.o
[1204/6838] Building C object contrib/openssl-cmake/CMakeFiles/ssl.dir/__/openssl/ssl/quic/quic_statm.c.o
[1205/6838] Building C object contrib/openssl-cmake/CMakeFiles/ssl.dir/__/openssl/ssl/quic/quic_sstream.c.o
[1206/6838] Building C object contrib/openssl-cmake/CMakeFiles/ssl.dir/__/openssl/ssl/quic/quic_thread_assist.c.o
[1207/6838] Building C object contrib/openssl-cmake/CMakeFiles/ssl.dir/__/openssl/ssl/quic/quic_stream_map.c.o
[1208/6838] Building C object contrib/openssl-cmake/CMakeFiles/ssl.dir/__/openssl/ssl/quic/quic_tls.c.o
[1209/6838] Building C object contrib/openssl-cmake/CMakeFiles/ssl.dir/__/openssl/ssl/quic/quic_tls_api.c.o
[1210/6838] Building C object contrib/openssl-cmake/CMakeFiles/ssl.dir/__/openssl/ssl/quic/quic_txpim.c.o
[1211/6838] Building C object contrib/openssl-cmake/CMakeFiles/ssl.dir/__/openssl/ssl/quic/quic_trace.c.o
[1212/6838] Building C object contrib/openssl-cmake/CMakeFiles/ssl.dir/__/openssl/ssl/quic/quic_tserver.c.o
[1213/6838] Building C object contrib/openssl-cmake/CMakeFiles/ssl.dir/__/openssl/ssl/quic/quic_types.c.o
[1214/6838] Building C object contrib/openssl-cmake/CMakeFiles/ssl.dir/__/openssl/ssl/quic/uint_set.c.o
[1215/6838] Building C object contrib/openssl-cmake/CMakeFiles/ssl.dir/__/openssl/ssl/quic/quic_wire_pkt.c.o
[1216/6838] Building C object contrib/openssl-cmake/CMakeFiles/ssl.dir/__/openssl/ssl/quic/quic_wire.c.o
[1217/6838] Building C object contrib/openssl-cmake/CMakeFiles/ssl.dir/__/openssl/ssl/record/methods/dtls_meth.c.o
[1218/6838] Building C object contrib/openssl-cmake/CMakeFiles/ssl.dir/__/openssl/ssl/quic/quic_txp.c.o
[1219/6838] Building C object contrib/openssl-cmake/CMakeFiles/ssl.dir/__/openssl/ssl/record/methods/ssl3_meth.c.o
[1220/6838] Building C object contrib/openssl-cmake/CMakeFiles/ssl.dir/__/openssl/ssl/record/methods/tls13_meth.c.o
[1221/6838] Building C object contrib/openssl-cmake/CMakeFiles/ssl.dir/__/openssl/ssl/record/methods/tls_multib.c.o
[1222/6838] Building C object contrib/openssl-cmake/CMakeFiles/ssl.dir/__/openssl/ssl/record/methods/tls1_meth.c.o
[1223/6838] Building C object contrib/openssl-cmake/CMakeFiles/ssl.dir/__/openssl/ssl/record/methods/tlsany_meth.c.o
[1224/6838] Building C object contrib/openssl-cmake/CMakeFiles/ssl.dir/__/openssl/ssl/rio/poll_builder.c.o
[1225/6838] Building C object contrib/openssl-cmake/CMakeFiles/ssl.dir/__/openssl/ssl/record/methods/tls_common.c.o
[1226/6838] Building C object contrib/openssl-cmake/CMakeFiles/ssl.dir/__/openssl/ssl/record/rec_layer_d1.c.o
[1227/6838] Building C object contrib/openssl-cmake/CMakeFiles/ssl.dir/__/openssl/ssl/rio/rio_notifier.c.o
[1228/6838] Building C object contrib/openssl-cmake/CMakeFiles/ssl.dir/__/openssl/ssl/record/rec_layer_s3.c.o
[1229/6838] Building C object contrib/openssl-cmake/CMakeFiles/ssl.dir/__/openssl/ssl/s3_enc.c.o
[1230/6838] Building C object contrib/openssl-cmake/CMakeFiles/ssl.dir/__/openssl/ssl/rio/poll_immediate.c.o
[1231/6838] Building C object contrib/openssl-cmake/CMakeFiles/ssl.dir/__/openssl/ssl/s3_msg.c.o
[1232/6838] Building C object contrib/openssl-cmake/CMakeFiles/ssl.dir/__/openssl/ssl/ssl_asn1.c.o
[1233/6838] Building C object contrib/openssl-cmake/CMakeFiles/ssl.dir/__/openssl/ssl/s3_lib.c.o
[1234/6838] Building C object contrib/openssl-cmake/CMakeFiles/ssl.dir/__/openssl/ssl/ssl_cert_comp.c.o
[1235/6838] Building C object contrib/openssl-cmake/CMakeFiles/ssl.dir/__/openssl/ssl/ssl_err_legacy.c.o
[1236/6838] Building C object contrib/openssl-cmake/CMakeFiles/ssl.dir/__/openssl/ssl/ssl_cert.c.o
[1237/6838] Building C object contrib/openssl-cmake/CMakeFiles/ssl.dir/__/openssl/ssl/ssl_init.c.o
[1238/6838] Building C object contrib/openssl-cmake/CMakeFiles/ssl.dir/__/openssl/ssl/ssl_conf.c.o
[1239/6838] Building C object contrib/openssl-cmake/CMakeFiles/ssl.dir/__/openssl/ssl/ssl_ciph.c.o
[1240/6838] Building C object contrib/openssl-cmake/CMakeFiles/ssl.dir/__/openssl/ssl/ssl_mcnf.c.o
[1241/6838] Building C object contrib/openssl-cmake/CMakeFiles/ssl.dir/__/openssl/ssl/ssl_stat.c.o
[1242/6838] Building C object contrib/openssl-cmake/CMakeFiles/ssl.dir/__/openssl/ssl/ssl_rsa.c.o
[1243/6838] Building C object contrib/openssl-cmake/CMakeFiles/ssl.dir/__/openssl/ssl/ssl_sess.c.o
[1244/6838] Building C object contrib/openssl-cmake/CMakeFiles/ssl.dir/__/openssl/ssl/ssl_utst.c.o
[1245/6838] Building C object contrib/openssl-cmake/CMakeFiles/ssl.dir/__/openssl/ssl/ssl_txt.c.o
[1246/6838] Building C object contrib/openssl-cmake/CMakeFiles/ssl.dir/__/openssl/ssl/statem/extensions_cust.c.o
[1247/6838] Building C object contrib/openssl-cmake/CMakeFiles/ssl.dir/__/openssl/ssl/statem/extensions.c.o
[1248/6838] Building C object contrib/openssl-cmake/CMakeFiles/ssl.dir/__/openssl/ssl/statem/extensions_clnt.c.o
[1249/6838] Building C object contrib/openssl-cmake/CMakeFiles/ssl.dir/__/openssl/ssl/statem/statem.c.o
[1250/6838] Building C object contrib/openssl-cmake/CMakeFiles/ssl.dir/__/openssl/ssl/statem/extensions_srvr.c.o
[1251/6838] Building C object contrib/openssl-cmake/CMakeFiles/ssl.dir/__/openssl/ssl/statem/statem_dtls.c.o
[1252/6838] Building C object contrib/openssl-cmake/CMakeFiles/ssl.dir/__/openssl/ssl/ssl_lib.c.o
[1253/6838] Building C object contrib/openssl-cmake/CMakeFiles/ssl.dir/__/openssl/ssl/statem/statem_clnt.c.o
[1254/6838] Building C object contrib/openssl-cmake/CMakeFiles/ssl.dir/__/openssl/ssl/t1_enc.c.o
[1255/6838] Building C object contrib/openssl-cmake/CMakeFiles/ssl.dir/__/openssl/ssl/statem/statem_lib.c.o
[1256/6838] Building C object contrib/openssl-cmake/CMakeFiles/ssl.dir/__/openssl/ssl/statem/statem_srvr.c.o
[1257/6838] Building C object contrib/openssl-cmake/CMakeFiles/ssl.dir/__/openssl/ssl/tls13_enc.c.o
[1258/6838] Building C object contrib/openssl-cmake/CMakeFiles/ssl.dir/__/openssl/ssl/tls_depr.c.o
[1259/6838] Building C object contrib/openssl-cmake/CMakeFiles/ssl.dir/__/openssl/ssl/t1_trce.c.o
[1260/6838] Building CXX object contrib/abseil-cpp-cmake/CMakeFiles/absl_spinlock_wait.dir/__/abseil-cpp/absl/base/internal/spinlock_wait.cc.o
[1261/6838] Building C object contrib/openssl-cmake/CMakeFiles/ssl.dir/__/openssl/ssl/t1_lib.c.o
[1262/6838] Building CXX object contrib/abseil-cpp-cmake/CMakeFiles/absl_log_severity.dir/__/abseil-cpp/absl/base/log_severity.cc.o
[1263/6838] Building CXX object contrib/abseil-cpp-cmake/CMakeFiles/absl_base.dir/__/abseil-cpp/absl/base/internal/cycleclock.cc.o
[1264/6838] Building CXX object contrib/abseil-cpp-cmake/CMakeFiles/absl_raw_logging_internal.dir/__/abseil-cpp/absl/base/internal/raw_logging.cc.o
[1265/6838] Building CXX object contrib/abseil-cpp-cmake/CMakeFiles/absl_malloc_internal.dir/__/abseil-cpp/absl/base/internal/low_level_alloc.cc.o
[1266/6838] Building CXX object contrib/abseil-cpp-cmake/CMakeFiles/absl_base.dir/__/abseil-cpp/absl/base/internal/unscaledcycleclock.cc.o
[1267/6838] Building CXX object contrib/abseil-cpp-cmake/CMakeFiles/absl_base.dir/__/abseil-cpp/absl/base/internal/spinlock.cc.o
[1268/6838] Building CXX object contrib/abseil-cpp-cmake/CMakeFiles/absl_base.dir/__/abseil-cpp/absl/base/internal/thread_identity.cc.o
[1269/6838] Building CXX object contrib/abseil-cpp-cmake/CMakeFiles/absl_base.dir/__/abseil-cpp/absl/base/internal/sysinfo.cc.o
[1270/6838] Building CXX object contrib/abseil-cpp-cmake/CMakeFiles/absl_strerror.dir/__/abseil-cpp/absl/base/internal/strerror.cc.o
[1271/6838] Building CXX object contrib/abseil-cpp-cmake/CMakeFiles/absl_throw_delegate.dir/__/abseil-cpp/absl/base/throw_delegate.cc.o
[1272/6838] Building CXX object contrib/abseil-cpp-cmake/CMakeFiles/absl_crc_cpu_detect.dir/__/abseil-cpp/absl/crc/internal/cpu_detect.cc.o
[1273/6838] Building CXX object contrib/abseil-cpp-cmake/CMakeFiles/absl_hashtablez_sampler.dir/__/abseil-cpp/absl/container/internal/hashtablez_sampler_force_weak_definition.cc.o
[1274/6838] Building CXX object contrib/abseil-cpp-cmake/CMakeFiles/absl_hashtablez_sampler.dir/__/abseil-cpp/absl/container/internal/hashtablez_sampler.cc.o
[1275/6838] Building CXX object contrib/abseil-cpp-cmake/CMakeFiles/absl_crc_internal.dir/__/abseil-cpp/absl/crc/internal/crc.cc.o
[1276/6838] Building CXX object contrib/abseil-cpp-cmake/CMakeFiles/absl_crc_internal.dir/__/abseil-cpp/absl/crc/internal/crc_x86_arm_combined.cc.o
[1277/6838] Building CXX object contrib/abseil-cpp-cmake/CMakeFiles/absl_crc32c.dir/__/abseil-cpp/absl/crc/crc32c.cc.o
[1278/6838] Building CXX object contrib/abseil-cpp-cmake/CMakeFiles/absl_raw_hash_set.dir/__/abseil-cpp/absl/container/internal/raw_hash_set.cc.o
[1279/6838] Building CXX object contrib/abseil-cpp-cmake/CMakeFiles/absl_crc32c.dir/__/abseil-cpp/absl/crc/internal/crc_memcpy_fallback.cc.o
[1280/6838] Building CXX object contrib/abseil-cpp-cmake/CMakeFiles/absl_stacktrace.dir/__/abseil-cpp/absl/debugging/stacktrace.cc.o
[1281/6838] Building CXX object contrib/abseil-cpp-cmake/CMakeFiles/absl_crc32c.dir/__/abseil-cpp/absl/crc/internal/crc_memcpy_x86_arm_combined.cc.o
[1282/6838] Building CXX object contrib/abseil-cpp-cmake/CMakeFiles/absl_crc32c.dir/__/abseil-cpp/absl/crc/internal/crc_non_temporal_memcpy.cc.o
[1283/6838] Building CXX object contrib/abseil-cpp-cmake/CMakeFiles/absl_debugging_internal.dir/__/abseil-cpp/absl/debugging/internal/address_is_readable.cc.o
[1284/6838] Building CXX object contrib/abseil-cpp-cmake/CMakeFiles/absl_examine_stack.dir/__/abseil-cpp/absl/debugging/internal/examine_stack.cc.o
[1285/6838] Building CXX object contrib/abseil-cpp-cmake/CMakeFiles/absl_crc_cord_state.dir/__/abseil-cpp/absl/crc/internal/crc_cord_state.cc.o
[1286/6838] Building CXX object contrib/abseil-cpp-cmake/CMakeFiles/absl_symbolize.dir/__/abseil-cpp/absl/debugging/symbolize.cc.o
[1287/6838] Building CXX object contrib/abseil-cpp-cmake/CMakeFiles/absl_debugging_internal.dir/__/abseil-cpp/absl/debugging/internal/utf8_for_code_point.cc.o
[1288/6838] Building CXX object contrib/abseil-cpp-cmake/CMakeFiles/absl_debugging_internal.dir/__/abseil-cpp/absl/debugging/internal/elf_mem_image.cc.o
[1289/6838] Building CXX object contrib/abseil-cpp-cmake/CMakeFiles/absl_debugging_internal.dir/__/abseil-cpp/absl/debugging/internal/vdso_support.cc.o
[1290/6838] Building CXX object contrib/abseil-cpp-cmake/CMakeFiles/absl_leak_check.dir/__/abseil-cpp/absl/debugging/leak_check.cc.o
[1291/6838] Building CXX object contrib/abseil-cpp-cmake/CMakeFiles/absl_demangle_internal.dir/__/abseil-cpp/absl/debugging/internal/demangle_rust.cc.o
[1292/6838] Building CXX object contrib/abseil-cpp-cmake/CMakeFiles/absl_debugging_internal.dir/__/abseil-cpp/absl/debugging/internal/decode_rust_punycode.cc.o
[1293/6838] Building CXX object contrib/abseil-cpp-cmake/CMakeFiles/absl_flags_program_name.dir/__/abseil-cpp/absl/flags/internal/program_name.cc.o
[1294/6838] Building CXX object contrib/abseil-cpp-cmake/CMakeFiles/absl_flags_commandlineflag_internal.dir/__/abseil-cpp/absl/flags/internal/commandlineflag.cc.o
[1295/6838] Building CXX object contrib/abseil-cpp-cmake/CMakeFiles/absl_demangle_internal.dir/__/abseil-cpp/absl/debugging/internal/demangle.cc.o
[1296/6838] Building CXX object contrib/abseil-cpp-cmake/CMakeFiles/absl_flags_config.dir/__/abseil-cpp/absl/flags/usage_config.cc.o
[1297/6838] Building CXX object contrib/abseil-cpp-cmake/CMakeFiles/absl_flags_commandlineflag.dir/__/abseil-cpp/absl/flags/commandlineflag.cc.o
[1298/6838] Building CXX object contrib/abseil-cpp-cmake/CMakeFiles/absl_flags_private_handle_accessor.dir/__/abseil-cpp/absl/flags/internal/private_handle_accessor.cc.o
[1299/6838] Building CXX object contrib/abseil-cpp-cmake/CMakeFiles/absl_flags_marshalling.dir/__/abseil-cpp/absl/flags/marshalling.cc.o
[1300/6838] Building CXX object contrib/abseil-cpp-cmake/CMakeFiles/absl_city.dir/__/abseil-cpp/absl/hash/internal/city.cc.o
[1301/6838] Building CXX object contrib/abseil-cpp-cmake/CMakeFiles/absl_hash.dir/__/abseil-cpp/absl/hash/internal/hash.cc.o
[1302/6838] Building CXX object contrib/abseil-cpp-cmake/CMakeFiles/absl_flags_internal.dir/__/abseil-cpp/absl/flags/internal/flag.cc.o
[1303/6838] Building CXX object contrib/abseil-cpp-cmake/CMakeFiles/absl_log_internal_conditions.dir/__/abseil-cpp/absl/log/internal/conditions.cc.o
[1304/6838] Building CXX object contrib/abseil-cpp-cmake/CMakeFiles/absl_log_internal_globals.dir/__/abseil-cpp/absl/log/internal/globals.cc.o
[1305/6838] Building CXX object contrib/abseil-cpp-cmake/CMakeFiles/absl_log_internal_check_op.dir/__/abseil-cpp/absl/log/internal/check_op.cc.o
[1306/6838] Building CXX object contrib/abseil-cpp-cmake/CMakeFiles/absl_log_internal_format.dir/__/abseil-cpp/absl/log/internal/log_format.cc.o
[1307/6838] Building CXX object contrib/abseil-cpp-cmake/CMakeFiles/absl_flags_reflection.dir/__/abseil-cpp/absl/flags/reflection.cc.o
[1308/6838] Building CXX object contrib/abseil-cpp-cmake/CMakeFiles/absl_log_internal_nullguard.dir/__/abseil-cpp/absl/log/internal/nullguard.cc.o
[1309/6838] Building CXX object contrib/abseil-cpp-cmake/CMakeFiles/absl_log_internal_proto.dir/__/abseil-cpp/absl/log/internal/proto.cc.o
[1310/6838] Building CXX object contrib/abseil-cpp-cmake/CMakeFiles/absl_log_internal_log_sink_set.dir/__/abseil-cpp/absl/log/internal/log_sink_set.cc.o
[1311/6838] Building CXX object contrib/abseil-cpp-cmake/CMakeFiles/absl_log_sink.dir/__/abseil-cpp/absl/log/log_sink.cc.o
[1312/6838] Building CXX object contrib/abseil-cpp-cmake/CMakeFiles/absl_log_internal_message.dir/__/abseil-cpp/absl/log/internal/log_message.cc.o
[1313/6838] Building CXX object contrib/abseil-cpp-cmake/CMakeFiles/absl_log_globals.dir/__/abseil-cpp/absl/log/globals.cc.o
[1314/6838] Building CXX object contrib/abseil-cpp-cmake/CMakeFiles/absl_log_internal_fnmatch.dir/__/abseil-cpp/absl/log/internal/fnmatch.cc.o
[1315/6838] Building CXX object contrib/abseil-cpp-cmake/CMakeFiles/absl_log_internal_structured_proto.dir/__/abseil-cpp/absl/log/internal/structured_proto.cc.o
[1316/6838] Building CXX object contrib/abseil-cpp-cmake/CMakeFiles/absl_exponential_biased.dir/__/abseil-cpp/absl/profiling/internal/exponential_biased.cc.o
[1317/6838] Building CXX object contrib/abseil-cpp-cmake/CMakeFiles/absl_strings.dir/__/abseil-cpp/absl/strings/ascii.cc.o
[1318/6838] Building CXX object contrib/abseil-cpp-cmake/CMakeFiles/absl_int128.dir/__/abseil-cpp/absl/numeric/int128.cc.o
[1319/6838] Building CXX object contrib/abseil-cpp-cmake/CMakeFiles/absl_vlog_config_internal.dir/__/abseil-cpp/absl/log/internal/vlog_config.cc.o
[1320/6838] Building CXX object contrib/abseil-cpp-cmake/CMakeFiles/absl_strings.dir/__/abseil-cpp/absl/strings/charconv.cc.o
[1321/6838] Building CXX object contrib/abseil-cpp-cmake/CMakeFiles/absl_strings.dir/__/abseil-cpp/absl/strings/internal/charconv_parse.cc.o
[1322/6838] Building CXX object contrib/abseil-cpp-cmake/CMakeFiles/absl_strings.dir/__/abseil-cpp/absl/strings/internal/damerau_levenshtein_distance.cc.o
[1323/6838] Building CXX object contrib/abseil-cpp-cmake/CMakeFiles/absl_strings.dir/__/abseil-cpp/absl/strings/internal/charconv_bigint.cc.o
[1324/6838] Building CXX object contrib/abseil-cpp-cmake/CMakeFiles/absl_strings.dir/__/abseil-cpp/absl/strings/escaping.cc.o
[1325/6838] Building CXX object contrib/abseil-cpp-cmake/CMakeFiles/absl_strings.dir/__/abseil-cpp/absl/strings/internal/memutil.cc.o
[1326/6838] Building CXX object contrib/abseil-cpp-cmake/CMakeFiles/absl_strings.dir/__/abseil-cpp/absl/strings/internal/stringify_sink.cc.o
[1327/6838] Building CXX object contrib/abseil-cpp-cmake/CMakeFiles/absl_strings.dir/__/abseil-cpp/absl/strings/match.cc.o
[1328/6838] Building CXX object contrib/abseil-cpp-cmake/CMakeFiles/absl_strings.dir/__/abseil-cpp/absl/strings/str_cat.cc.o
[1329/6838] Building CXX object contrib/abseil-cpp-cmake/CMakeFiles/absl_strings.dir/__/abseil-cpp/absl/strings/str_replace.cc.o
[1330/6838] Building CXX object contrib/abseil-cpp-cmake/CMakeFiles/absl_strings.dir/__/abseil-cpp/absl/strings/str_split.cc.o
[1331/6838] Building CXX object contrib/abseil-cpp-cmake/CMakeFiles/absl_strings_internal.dir/__/abseil-cpp/absl/strings/internal/utf8.cc.o
[1332/6838] Building CXX object contrib/abseil-cpp-cmake/CMakeFiles/absl_strings.dir/__/abseil-cpp/absl/strings/numbers.cc.o
[1333/6838] Building CXX object contrib/abseil-cpp-cmake/CMakeFiles/absl_strings_internal.dir/__/abseil-cpp/absl/strings/internal/ostringstream.cc.o
[1334/6838] Building CXX object contrib/abseil-cpp-cmake/CMakeFiles/absl_strings_internal.dir/__/abseil-cpp/absl/strings/internal/escaping.cc.o
[1335/6838] Building CXX object contrib/abseil-cpp-cmake/CMakeFiles/absl_strings.dir/__/abseil-cpp/absl/strings/substitute.cc.o
[1336/6838] Building CXX object contrib/abseil-cpp-cmake/CMakeFiles/absl_str_format_internal.dir/__/abseil-cpp/absl/strings/internal/str_format/extension.cc.o
[1337/6838] Building CXX object contrib/abseil-cpp-cmake/CMakeFiles/absl_str_format_internal.dir/__/abseil-cpp/absl/strings/internal/str_format/arg.cc.o
[1338/6838] Building CXX object contrib/abseil-cpp-cmake/CMakeFiles/absl_str_format_internal.dir/__/abseil-cpp/absl/strings/internal/str_format/bind.cc.o
[1339/6838] Building CXX object contrib/abseil-cpp-cmake/CMakeFiles/absl_str_format_internal.dir/__/abseil-cpp/absl/strings/internal/str_format/output.cc.o
[1340/6838] Building CXX object contrib/abseil-cpp-cmake/CMakeFiles/absl_str_format_internal.dir/__/abseil-cpp/absl/strings/internal/str_format/parser.cc.o
[1341/6838] Building CXX object contrib/abseil-cpp-cmake/CMakeFiles/absl_str_format_internal.dir/__/abseil-cpp/absl/strings/internal/str_format/float_conversion.cc.o
[1342/6838] Building CXX object contrib/abseil-cpp-cmake/CMakeFiles/absl_cord_internal.dir/__/abseil-cpp/absl/strings/internal/cord_internal.cc.o
[1343/6838] Building CXX object contrib/abseil-cpp-cmake/CMakeFiles/absl_cord_internal.dir/__/abseil-cpp/absl/strings/internal/cord_rep_btree_navigator.cc.o
[1344/6838] Building CXX object contrib/abseil-cpp-cmake/CMakeFiles/absl_cord_internal.dir/__/abseil-cpp/absl/strings/internal/cord_rep_btree.cc.o
[1345/6838] Building CXX object contrib/abseil-cpp-cmake/CMakeFiles/absl_cord_internal.dir/__/abseil-cpp/absl/strings/internal/cord_rep_btree_reader.cc.o
[1346/6838] Building CXX object contrib/abseil-cpp-cmake/CMakeFiles/absl_cordz_functions.dir/__/abseil-cpp/absl/strings/internal/cordz_functions.cc.o
[1347/6838] Building CXX object contrib/abseil-cpp-cmake/CMakeFiles/absl_cord_internal.dir/__/abseil-cpp/absl/strings/internal/cord_rep_consume.cc.o
[1348/6838] Building CXX object contrib/abseil-cpp-cmake/CMakeFiles/absl_cord_internal.dir/__/abseil-cpp/absl/strings/internal/cord_rep_crc.cc.o
[1349/6838] Building CXX object contrib/abseil-cpp-cmake/CMakeFiles/absl_cordz_handle.dir/__/abseil-cpp/absl/strings/internal/cordz_handle.cc.o
[1350/6838] Building CXX object contrib/abseil-cpp-cmake/CMakeFiles/absl_graphcycles_internal.dir/__/abseil-cpp/absl/synchronization/internal/graphcycles.cc.o
[1351/6838] Building CXX object contrib/abseil-cpp-cmake/CMakeFiles/absl_cordz_info.dir/__/abseil-cpp/absl/strings/internal/cordz_info.cc.o
[1352/6838] Building CXX object contrib/abseil-cpp-cmake/CMakeFiles/absl_cord.dir/__/abseil-cpp/absl/strings/cord_analysis.cc.o
[1353/6838] Building CXX object contrib/abseil-cpp-cmake/CMakeFiles/absl_kernel_timeout_internal.dir/__/abseil-cpp/absl/synchronization/internal/kernel_timeout.cc.o
[1354/6838] Building CXX object contrib/abseil-cpp-cmake/CMakeFiles/absl_synchronization.dir/__/abseil-cpp/absl/synchronization/barrier.cc.o
[1355/6838] Building CXX object contrib/abseil-cpp-cmake/CMakeFiles/absl_synchronization.dir/__/abseil-cpp/absl/synchronization/blocking_counter.cc.o
[1356/6838] Building CXX object contrib/abseil-cpp-cmake/CMakeFiles/absl_cord.dir/__/abseil-cpp/absl/strings/cord.cc.o
[1357/6838] Building CXX object contrib/abseil-cpp-cmake/CMakeFiles/absl_synchronization.dir/__/abseil-cpp/absl/synchronization/internal/futex_waiter.cc.o
[1358/6838] Building CXX object contrib/abseil-cpp-cmake/CMakeFiles/absl_synchronization.dir/__/abseil-cpp/absl/synchronization/internal/create_thread_identity.cc.o
[1359/6838] Building CXX object contrib/abseil-cpp-cmake/CMakeFiles/absl_synchronization.dir/__/abseil-cpp/absl/synchronization/internal/per_thread_sem.cc.o
[1360/6838] Building CXX object contrib/abseil-cpp-cmake/CMakeFiles/absl_synchronization.dir/__/abseil-cpp/absl/synchronization/internal/pthread_waiter.cc.o
[1361/6838] Building CXX object contrib/abseil-cpp-cmake/CMakeFiles/absl_synchronization.dir/__/abseil-cpp/absl/synchronization/internal/win32_waiter.cc.o
[1362/6838] Building CXX object contrib/abseil-cpp-cmake/CMakeFiles/absl_synchronization.dir/__/abseil-cpp/absl/synchronization/internal/sem_waiter.cc.o
[1363/6838] Building CXX object contrib/abseil-cpp-cmake/CMakeFiles/absl_synchronization.dir/__/abseil-cpp/absl/synchronization/internal/stdcpp_waiter.cc.o
[1364/6838] Building CXX object contrib/abseil-cpp-cmake/CMakeFiles/absl_synchronization.dir/__/abseil-cpp/absl/synchronization/internal/waiter_base.cc.o
[1365/6838] Building CXX object contrib/abseil-cpp-cmake/CMakeFiles/absl_synchronization.dir/__/abseil-cpp/absl/synchronization/notification.cc.o
[1366/6838] Building CXX object contrib/abseil-cpp-cmake/CMakeFiles/absl_time.dir/__/abseil-cpp/absl/time/clock.cc.o
[1367/6838] Building CXX object contrib/abseil-cpp-cmake/CMakeFiles/absl_synchronization.dir/__/abseil-cpp/absl/synchronization/mutex.cc.o
[1368/6838] Building CXX object contrib/abseil-cpp-cmake/CMakeFiles/absl_time.dir/__/abseil-cpp/absl/time/civil_time.cc.o
[1369/6838] Building CXX object contrib/abseil-cpp-cmake/CMakeFiles/absl_time.dir/__/abseil-cpp/absl/time/format.cc.o
[1370/6838] Building CXX object contrib/abseil-cpp-cmake/CMakeFiles/absl_civil_time.dir/__/abseil-cpp/absl/time/internal/cctz/src/civil_time_detail.cc.o
[1371/6838] Building CXX object contrib/abseil-cpp-cmake/CMakeFiles/absl_time.dir/__/abseil-cpp/absl/time/duration.cc.o
[1372/6838] Building CXX object contrib/abseil-cpp-cmake/CMakeFiles/absl_time.dir/__/abseil-cpp/absl/time/time.cc.o
[1373/6838] Building CXX object contrib/abseil-cpp-cmake/CMakeFiles/absl_time_zone.dir/__/abseil-cpp/absl/time/internal/cctz/src/time_zone_fixed.cc.o
[1374/6838] Building CXX object contrib/abseil-cpp-cmake/CMakeFiles/absl_time_zone.dir/__/abseil-cpp/absl/time/internal/cctz/src/time_zone_if.cc.o
[1375/6838] Building CXX object contrib/abseil-cpp-cmake/CMakeFiles/absl_time_zone.dir/__/abseil-cpp/absl/time/internal/cctz/src/time_zone_format.cc.o
[1376/6838] Building CXX object contrib/abseil-cpp-cmake/CMakeFiles/absl_time_zone.dir/__/abseil-cpp/absl/time/internal/cctz/src/time_zone_impl.cc.o
[1377/6838] Building CXX object contrib/abseil-cpp-cmake/CMakeFiles/absl_time_zone.dir/__/abseil-cpp/absl/time/internal/cctz/src/time_zone_libc.cc.o
[1378/6838] Building CXX object contrib/abseil-cpp-cmake/CMakeFiles/absl_time_zone.dir/__/abseil-cpp/absl/time/internal/cctz/src/time_zone_posix.cc.o
[1379/6838] Building C object contrib/zlib-ng-cmake/CMakeFiles/_zlib.dir/__/zlib-ng/adler32.c.o
[1380/6838] Building C object contrib/zlib-ng-cmake/CMakeFiles/_zlib.dir/__/zlib-ng/adler32_fold.c.o
[1381/6838] Building CXX object contrib/abseil-cpp-cmake/CMakeFiles/absl_time_zone.dir/__/abseil-cpp/absl/time/internal/cctz/src/time_zone_lookup.cc.o
[1382/6838] Building C object contrib/zlib-ng-cmake/CMakeFiles/_zlib.dir/__/zlib-ng/chunkset.c.o
[1383/6838] Building CXX object contrib/abseil-cpp-cmake/CMakeFiles/absl_time_zone.dir/__/abseil-cpp/absl/time/internal/cctz/src/zone_info_source.cc.o
[1384/6838] Building C object contrib/zlib-ng-cmake/CMakeFiles/_zlib.dir/__/zlib-ng/compress.c.o
[1385/6838] Building C object contrib/zlib-ng-cmake/CMakeFiles/_zlib.dir/__/zlib-ng/cpu_features.c.o
[1386/6838] Building C object contrib/zlib-ng-cmake/CMakeFiles/_zlib.dir/__/zlib-ng/crc32_braid_comb.c.o
[1387/6838] Building C object contrib/zlib-ng-cmake/CMakeFiles/_zlib.dir/__/zlib-ng/crc32_braid.c.o
[1388/6838] Building C object contrib/zlib-ng-cmake/CMakeFiles/_zlib.dir/__/zlib-ng/crc32_fold.c.o
[1389/6838] Building C object contrib/zlib-ng-cmake/CMakeFiles/_zlib.dir/__/zlib-ng/deflate_fast.c.o
[1390/6838] Building C object contrib/zlib-ng-cmake/CMakeFiles/_zlib.dir/__/zlib-ng/compare256.c.o
[1391/6838] Building C object contrib/zlib-ng-cmake/CMakeFiles/_zlib.dir/__/zlib-ng/deflate_huff.c.o
[1392/6838] Building C object contrib/zlib-ng-cmake/CMakeFiles/_zlib.dir/__/zlib-ng/deflate.c.o
[1393/6838] Building C object contrib/zlib-ng-cmake/CMakeFiles/_zlib.dir/__/zlib-ng/deflate_quick.c.o
[1394/6838] Building C object contrib/zlib-ng-cmake/CMakeFiles/_zlib.dir/__/zlib-ng/deflate_medium.c.o
[1395/6838] Building C object contrib/zlib-ng-cmake/CMakeFiles/_zlib.dir/__/zlib-ng/deflate_rle.c.o
[1396/6838] Building C object contrib/zlib-ng-cmake/CMakeFiles/_zlib.dir/__/zlib-ng/deflate_slow.c.o
[1397/6838] Building C object contrib/zlib-ng-cmake/CMakeFiles/_zlib.dir/__/zlib-ng/deflate_stored.c.o
[1398/6838] Building C object contrib/zlib-ng-cmake/CMakeFiles/_zlib.dir/__/zlib-ng/functable.c.o
[1399/6838] Building C object contrib/zlib-ng-cmake/CMakeFiles/_zlib.dir/__/zlib-ng/inftrees.c.o
[1400/6838] Building C object contrib/zlib-ng-cmake/CMakeFiles/_zlib.dir/__/zlib-ng/infback.c.o
[1401/6838] Building C object contrib/zlib-ng-cmake/CMakeFiles/_zlib.dir/__/zlib-ng/insert_string.c.o
[1402/6838] Building CXX object contrib/abseil-cpp-cmake/CMakeFiles/absl_time_zone.dir/__/abseil-cpp/absl/time/internal/cctz/src/time_zone_info.cc.o
[1403/6838] Building C object contrib/zlib-ng-cmake/CMakeFiles/_zlib.dir/__/zlib-ng/insert_string_roll.c.o
[1404/6838] Building C object contrib/zlib-ng-cmake/CMakeFiles/_zlib.dir/__/zlib-ng/slide_hash.c.o
[1405/6838] Building C object contrib/zlib-ng-cmake/CMakeFiles/_zlib.dir/__/zlib-ng/uncompr.c.o
[1406/6838] Building C object contrib/zlib-ng-cmake/CMakeFiles/_zlib.dir/__/zlib-ng/zutil.c.o
[1407/6838] Building C object contrib/zlib-ng-cmake/CMakeFiles/_zlib.dir/__/zlib-ng/arch/x86/x86_features.c.o
[1408/6838] Building C object contrib/zlib-ng-cmake/CMakeFiles/_zlib.dir/__/zlib-ng/trees.c.o
[1409/6838] Building C object contrib/zlib-ng-cmake/CMakeFiles/_zlib.dir/__/zlib-ng/inflate.c.o
[1410/6838] Building C object contrib/zlib-ng-cmake/CMakeFiles/_zlib.dir/__/zlib-ng/arch/x86/slide_hash_avx2.c.o
[1411/6838] Building C object contrib/zlib-ng-cmake/CMakeFiles/_zlib.dir/__/zlib-ng/arch/x86/chunkset_avx2.c.o
[1412/6838] Building C object contrib/zlib-ng-cmake/CMakeFiles/_zlib.dir/__/zlib-ng/arch/x86/compare256_avx2.c.o
[1413/6838] Building C object contrib/zlib-ng-cmake/CMakeFiles/_zlib.dir/__/zlib-ng/arch/x86/adler32_avx2.c.o
[1414/6838] Building C object contrib/zlib-ng-cmake/CMakeFiles/_zlib.dir/__/zlib-ng/arch/x86/insert_string_sse42.c.o
[1415/6838] Building C object contrib/zlib-ng-cmake/CMakeFiles/_zlib.dir/__/zlib-ng/arch/x86/adler32_sse42.c.o
[1416/6838] Building C object contrib/zlib-ng-cmake/CMakeFiles/_zlib.dir/__/zlib-ng/arch/x86/adler32_ssse3.c.o
[1417/6838] Building C object contrib/zlib-ng-cmake/CMakeFiles/_zlib.dir/__/zlib-ng/arch/x86/crc32_pclmulqdq.c.o
[1418/6838] Building C object contrib/zlib-ng-cmake/CMakeFiles/_zlib.dir/__/zlib-ng/arch/x86/compare256_sse2.c.o
[1419/6838] Building C object contrib/zlib-ng-cmake/CMakeFiles/_zlib.dir/__/zlib-ng/arch/x86/chunkset_ssse3.c.o
[1420/6838] Building C object contrib/zlib-ng-cmake/CMakeFiles/_zlib.dir/__/zlib-ng/gzlib.c.o
[1421/6838] Building C object contrib/zlib-ng-cmake/CMakeFiles/_zlib.dir/__/zlib-ng/arch/x86/chunkset_sse2.c.o
[1422/6838] Building C object contrib/zlib-ng-cmake/CMakeFiles/_zlib.dir/gzread.c.o
[1423/6838] Building C object contrib/compiler-rt-cmake/CMakeFiles/clang_rt_builtins.dir/__/llvm-project/compiler-rt/lib/builtins/absvdi2.c.o
[1424/6838] Building C object contrib/compiler-rt-cmake/CMakeFiles/clang_rt_builtins.dir/__/llvm-project/compiler-rt/lib/builtins/absvsi2.c.o
[1425/6838] Building C object contrib/compiler-rt-cmake/CMakeFiles/clang_rt_builtins.dir/__/llvm-project/compiler-rt/lib/builtins/absvti2.c.o
[1426/6838] Building C object contrib/zlib-ng-cmake/CMakeFiles/_zlib.dir/__/zlib-ng/gzwrite.c.o
[1427/6838] Building C object contrib/zlib-ng-cmake/CMakeFiles/_zlib.dir/__/zlib-ng/arch/x86/slide_hash_sse2.c.o
[1428/6838] Building C object contrib/compiler-rt-cmake/CMakeFiles/clang_rt_builtins.dir/__/llvm-project/compiler-rt/lib/builtins/addvdi3.c.o
[1429/6838] Building C object contrib/compiler-rt-cmake/CMakeFiles/clang_rt_builtins.dir/__/llvm-project/compiler-rt/lib/builtins/addsf3.c.o
[1430/6838] Building C object contrib/compiler-rt-cmake/CMakeFiles/clang_rt_builtins.dir/__/llvm-project/compiler-rt/lib/builtins/adddf3.c.o
[1431/6838] Building C object contrib/compiler-rt-cmake/CMakeFiles/clang_rt_builtins.dir/__/llvm-project/compiler-rt/lib/builtins/addvsi3.c.o
[1432/6838] Building C object contrib/compiler-rt-cmake/CMakeFiles/clang_rt_builtins.dir/__/llvm-project/compiler-rt/lib/builtins/apple_versioning.c.o
[1433/6838] Building C object contrib/compiler-rt-cmake/CMakeFiles/clang_rt_builtins.dir/__/llvm-project/compiler-rt/lib/builtins/addvti3.c.o
[1434/6838] Building C object contrib/compiler-rt-cmake/CMakeFiles/clang_rt_builtins.dir/__/llvm-project/compiler-rt/lib/builtins/ashldi3.c.o
[1435/6838] Building C object contrib/compiler-rt-cmake/CMakeFiles/clang_rt_builtins.dir/__/llvm-project/compiler-rt/lib/builtins/ashlti3.c.o
[1436/6838] Building C object contrib/compiler-rt-cmake/CMakeFiles/clang_rt_builtins.dir/__/llvm-project/compiler-rt/lib/builtins/ashrdi3.c.o
[1437/6838] Building C object contrib/compiler-rt-cmake/CMakeFiles/clang_rt_builtins.dir/__/llvm-project/compiler-rt/lib/builtins/ashrti3.c.o
[1438/6838] Building C object contrib/compiler-rt-cmake/CMakeFiles/clang_rt_builtins.dir/__/llvm-project/compiler-rt/lib/builtins/bswapdi2.c.o
[1439/6838] Building C object contrib/compiler-rt-cmake/CMakeFiles/clang_rt_builtins.dir/__/llvm-project/compiler-rt/lib/builtins/bswapsi2.c.o
[1440/6838] Building C object contrib/compiler-rt-cmake/CMakeFiles/clang_rt_builtins.dir/__/llvm-project/compiler-rt/lib/builtins/clzdi2.c.o
[1441/6838] Building C object contrib/compiler-rt-cmake/CMakeFiles/clang_rt_builtins.dir/__/llvm-project/compiler-rt/lib/builtins/clzsi2.c.o
[1442/6838] Building C object contrib/compiler-rt-cmake/CMakeFiles/clang_rt_builtins.dir/__/llvm-project/compiler-rt/lib/builtins/clzti2.c.o
[1443/6838] Building C object contrib/compiler-rt-cmake/CMakeFiles/clang_rt_builtins.dir/__/llvm-project/compiler-rt/lib/builtins/cmpdi2.c.o
[1444/6838] Building C object contrib/compiler-rt-cmake/CMakeFiles/clang_rt_builtins.dir/__/llvm-project/compiler-rt/lib/builtins/cmpti2.c.o
[1445/6838] Building C object contrib/compiler-rt-cmake/CMakeFiles/clang_rt_builtins.dir/__/llvm-project/compiler-rt/lib/builtins/comparedf2.c.o
[1446/6838] Building C object contrib/compiler-rt-cmake/CMakeFiles/clang_rt_builtins.dir/__/llvm-project/compiler-rt/lib/builtins/comparesf2.c.o
[1447/6838] Building C object contrib/compiler-rt-cmake/CMakeFiles/clang_rt_builtins.dir/__/llvm-project/compiler-rt/lib/builtins/ctzdi2.c.o
[1448/6838] Building C object contrib/compiler-rt-cmake/CMakeFiles/clang_rt_builtins.dir/__/llvm-project/compiler-rt/lib/builtins/ctzsi2.c.o
[1449/6838] Building C object contrib/compiler-rt-cmake/CMakeFiles/clang_rt_builtins.dir/__/llvm-project/compiler-rt/lib/builtins/ctzti2.c.o
[1450/6838] Building C object contrib/compiler-rt-cmake/CMakeFiles/clang_rt_builtins.dir/__/llvm-project/compiler-rt/lib/builtins/divdc3.c.o
[1451/6838] Building C object contrib/compiler-rt-cmake/CMakeFiles/clang_rt_builtins.dir/__/llvm-project/compiler-rt/lib/builtins/divdi3.c.o
[1452/6838] Building C object contrib/compiler-rt-cmake/CMakeFiles/clang_rt_builtins.dir/__/llvm-project/compiler-rt/lib/builtins/divdf3.c.o
[1453/6838] Building C object contrib/compiler-rt-cmake/CMakeFiles/clang_rt_builtins.dir/__/llvm-project/compiler-rt/lib/builtins/divmoddi4.c.o
[1454/6838] Building C object contrib/compiler-rt-cmake/CMakeFiles/clang_rt_builtins.dir/__/llvm-project/compiler-rt/lib/builtins/divmodsi4.c.o
[1455/6838] Building C object contrib/compiler-rt-cmake/CMakeFiles/clang_rt_builtins.dir/__/llvm-project/compiler-rt/lib/builtins/divmodti4.c.o
[1456/6838] Building C object contrib/compiler-rt-cmake/CMakeFiles/clang_rt_builtins.dir/__/llvm-project/compiler-rt/lib/builtins/divsc3.c.o
[1457/6838] Building C object contrib/compiler-rt-cmake/CMakeFiles/clang_rt_builtins.dir/__/llvm-project/compiler-rt/lib/builtins/divsf3.c.o
[1458/6838] Building C object contrib/compiler-rt-cmake/CMakeFiles/clang_rt_builtins.dir/__/llvm-project/compiler-rt/lib/builtins/divsi3.c.o
[1459/6838] Building C object contrib/compiler-rt-cmake/CMakeFiles/clang_rt_builtins.dir/__/llvm-project/compiler-rt/lib/builtins/divti3.c.o
[1460/6838] Building C object contrib/compiler-rt-cmake/CMakeFiles/clang_rt_builtins.dir/__/llvm-project/compiler-rt/lib/builtins/extendhfsf2.c.o
[1461/6838] Building C object contrib/compiler-rt-cmake/CMakeFiles/clang_rt_builtins.dir/__/llvm-project/compiler-rt/lib/builtins/extendsfdf2.c.o
[1462/6838] Building C object contrib/compiler-rt-cmake/CMakeFiles/clang_rt_builtins.dir/__/llvm-project/compiler-rt/lib/builtins/ffsdi2.c.o
[1463/6838] Building C object contrib/compiler-rt-cmake/CMakeFiles/clang_rt_builtins.dir/__/llvm-project/compiler-rt/lib/builtins/extendhfdf2.c.o
[1464/6838] Building C object contrib/compiler-rt-cmake/CMakeFiles/clang_rt_builtins.dir/__/llvm-project/compiler-rt/lib/builtins/ffssi2.c.o
[1465/6838] Building C object contrib/compiler-rt-cmake/CMakeFiles/clang_rt_builtins.dir/__/llvm-project/compiler-rt/lib/builtins/fixdfdi.c.o
[1466/6838] Building C object contrib/compiler-rt-cmake/CMakeFiles/clang_rt_builtins.dir/__/llvm-project/compiler-rt/lib/builtins/ffsti2.c.o
[1467/6838] Building C object contrib/compiler-rt-cmake/CMakeFiles/clang_rt_builtins.dir/__/llvm-project/compiler-rt/lib/builtins/fixdfsi.c.o
[1468/6838] Building C object contrib/compiler-rt-cmake/CMakeFiles/clang_rt_builtins.dir/__/llvm-project/compiler-rt/lib/builtins/fixdfti.c.o
[1469/6838] Building C object contrib/compiler-rt-cmake/CMakeFiles/clang_rt_builtins.dir/__/llvm-project/compiler-rt/lib/builtins/fixsfdi.c.o
[1470/6838] Building C object contrib/compiler-rt-cmake/CMakeFiles/clang_rt_builtins.dir/__/llvm-project/compiler-rt/lib/builtins/fixsfsi.c.o
[1471/6838] Building C object contrib/compiler-rt-cmake/CMakeFiles/clang_rt_builtins.dir/__/llvm-project/compiler-rt/lib/builtins/fixsfti.c.o
[1472/6838] Building C object contrib/compiler-rt-cmake/CMakeFiles/clang_rt_builtins.dir/__/llvm-project/compiler-rt/lib/builtins/fixunsdfdi.c.o
[1473/6838] Building C object contrib/compiler-rt-cmake/CMakeFiles/clang_rt_builtins.dir/__/llvm-project/compiler-rt/lib/builtins/fixunsdfsi.c.o
[1474/6838] Building C object contrib/compiler-rt-cmake/CMakeFiles/clang_rt_builtins.dir/__/llvm-project/compiler-rt/lib/builtins/fixunsdfti.c.o
[1475/6838] Building C object contrib/compiler-rt-cmake/CMakeFiles/clang_rt_builtins.dir/__/llvm-project/compiler-rt/lib/builtins/fixunssfdi.c.o
[1476/6838] Building C object contrib/compiler-rt-cmake/CMakeFiles/clang_rt_builtins.dir/__/llvm-project/compiler-rt/lib/builtins/fixunssfsi.c.o
[1477/6838] Building C object contrib/compiler-rt-cmake/CMakeFiles/clang_rt_builtins.dir/__/llvm-project/compiler-rt/lib/builtins/fixunssfti.c.o
[1478/6838] Building C object contrib/compiler-rt-cmake/CMakeFiles/clang_rt_builtins.dir/__/llvm-project/compiler-rt/lib/builtins/floatsidf.c.o
[1479/6838] Building C object contrib/compiler-rt-cmake/CMakeFiles/clang_rt_builtins.dir/__/llvm-project/compiler-rt/lib/builtins/floatsisf.c.o
[1480/6838] Building C object contrib/compiler-rt-cmake/CMakeFiles/clang_rt_builtins.dir/__/llvm-project/compiler-rt/lib/builtins/floattidf.c.o
[1481/6838] Building C object contrib/compiler-rt-cmake/CMakeFiles/clang_rt_builtins.dir/__/llvm-project/compiler-rt/lib/builtins/floatunsidf.c.o
[1482/6838] Building C object contrib/compiler-rt-cmake/CMakeFiles/clang_rt_builtins.dir/__/llvm-project/compiler-rt/lib/builtins/floattisf.c.o
[1483/6838] Building C object contrib/compiler-rt-cmake/CMakeFiles/clang_rt_builtins.dir/__/llvm-project/compiler-rt/lib/builtins/floatunsisf.c.o
[1484/6838] Building C object contrib/compiler-rt-cmake/CMakeFiles/clang_rt_builtins.dir/__/llvm-project/compiler-rt/lib/builtins/int_util.c.o
[1485/6838] Building C object contrib/compiler-rt-cmake/CMakeFiles/clang_rt_builtins.dir/__/llvm-project/compiler-rt/lib/builtins/floatuntidf.c.o
[1486/6838] Building C object contrib/compiler-rt-cmake/CMakeFiles/clang_rt_builtins.dir/__/llvm-project/compiler-rt/lib/builtins/floatuntisf.c.o
[1487/6838] Building C object contrib/compiler-rt-cmake/CMakeFiles/clang_rt_builtins.dir/__/llvm-project/compiler-rt/lib/builtins/lshrdi3.c.o
[1488/6838] Building C object contrib/compiler-rt-cmake/CMakeFiles/clang_rt_builtins.dir/__/llvm-project/compiler-rt/lib/builtins/modsi3.c.o
[1489/6838] Building C object contrib/compiler-rt-cmake/CMakeFiles/clang_rt_builtins.dir/__/llvm-project/compiler-rt/lib/builtins/moddi3.c.o
[1490/6838] Building C object contrib/compiler-rt-cmake/CMakeFiles/clang_rt_builtins.dir/__/llvm-project/compiler-rt/lib/builtins/lshrti3.c.o
[1491/6838] Building C object contrib/compiler-rt-cmake/CMakeFiles/clang_rt_builtins.dir/__/llvm-project/compiler-rt/lib/builtins/modti3.c.o
[1492/6838] Building C object contrib/compiler-rt-cmake/CMakeFiles/clang_rt_builtins.dir/__/llvm-project/compiler-rt/lib/builtins/muldi3.c.o
[1493/6838] Building C object contrib/compiler-rt-cmake/CMakeFiles/clang_rt_builtins.dir/__/llvm-project/compiler-rt/lib/builtins/muldc3.c.o
[1494/6838] Building C object contrib/compiler-rt-cmake/CMakeFiles/clang_rt_builtins.dir/__/llvm-project/compiler-rt/lib/builtins/muldf3.c.o
[1495/6838] Building C object contrib/compiler-rt-cmake/CMakeFiles/clang_rt_builtins.dir/__/llvm-project/compiler-rt/lib/builtins/mulodi4.c.o
[1496/6838] Building C object contrib/compiler-rt-cmake/CMakeFiles/clang_rt_builtins.dir/__/llvm-project/compiler-rt/lib/builtins/mulosi4.c.o
[1497/6838] Building C object contrib/compiler-rt-cmake/CMakeFiles/clang_rt_builtins.dir/__/llvm-project/compiler-rt/lib/builtins/muloti4.c.o
[1498/6838] Building C object contrib/compiler-rt-cmake/CMakeFiles/clang_rt_builtins.dir/__/llvm-project/compiler-rt/lib/builtins/mulsc3.c.o
[1499/6838] Building C object contrib/compiler-rt-cmake/CMakeFiles/clang_rt_builtins.dir/__/llvm-project/compiler-rt/lib/builtins/multi3.c.o
[1500/6838] Building C object contrib/compiler-rt-cmake/CMakeFiles/clang_rt_builtins.dir/__/llvm-project/compiler-rt/lib/builtins/mulvdi3.c.o
[1501/6838] Building C object contrib/compiler-rt-cmake/CMakeFiles/clang_rt_builtins.dir/__/llvm-project/compiler-rt/lib/builtins/mulsf3.c.o
[1502/6838] Building C object contrib/compiler-rt-cmake/CMakeFiles/clang_rt_builtins.dir/__/llvm-project/compiler-rt/lib/builtins/mulvsi3.c.o
[1503/6838] Building C object contrib/compiler-rt-cmake/CMakeFiles/clang_rt_builtins.dir/__/llvm-project/compiler-rt/lib/builtins/negdf2.c.o
[1504/6838] Building C object contrib/compiler-rt-cmake/CMakeFiles/clang_rt_builtins.dir/__/llvm-project/compiler-rt/lib/builtins/negdi2.c.o
[1505/6838] Building C object contrib/compiler-rt-cmake/CMakeFiles/clang_rt_builtins.dir/__/llvm-project/compiler-rt/lib/builtins/mulvti3.c.o
[1506/6838] Building C object contrib/compiler-rt-cmake/CMakeFiles/clang_rt_builtins.dir/__/llvm-project/compiler-rt/lib/builtins/negsf2.c.o
[1507/6838] Building C object contrib/compiler-rt-cmake/CMakeFiles/clang_rt_builtins.dir/__/llvm-project/compiler-rt/lib/builtins/negti2.c.o
[1508/6838] Building C object contrib/compiler-rt-cmake/CMakeFiles/clang_rt_builtins.dir/__/llvm-project/compiler-rt/lib/builtins/negvdi2.c.o
[1509/6838] Building C object contrib/compiler-rt-cmake/CMakeFiles/clang_rt_builtins.dir/__/llvm-project/compiler-rt/lib/builtins/negvsi2.c.o
[1510/6838] Building C object contrib/compiler-rt-cmake/CMakeFiles/clang_rt_builtins.dir/__/llvm-project/compiler-rt/lib/builtins/os_version_check.c.o
[1511/6838] Building C object contrib/compiler-rt-cmake/CMakeFiles/clang_rt_builtins.dir/__/llvm-project/compiler-rt/lib/builtins/negvti2.c.o
[1512/6838] Building C object contrib/compiler-rt-cmake/CMakeFiles/clang_rt_builtins.dir/__/llvm-project/compiler-rt/lib/builtins/paritysi2.c.o
[1513/6838] Building C object contrib/compiler-rt-cmake/CMakeFiles/clang_rt_builtins.dir/__/llvm-project/compiler-rt/lib/builtins/paritydi2.c.o
[1514/6838] Building C object contrib/compiler-rt-cmake/CMakeFiles/clang_rt_builtins.dir/__/llvm-project/compiler-rt/lib/builtins/parityti2.c.o
[1515/6838] Building C object contrib/compiler-rt-cmake/CMakeFiles/clang_rt_builtins.dir/__/llvm-project/compiler-rt/lib/builtins/popcountdi2.c.o
[1516/6838] Building C object contrib/compiler-rt-cmake/CMakeFiles/clang_rt_builtins.dir/__/llvm-project/compiler-rt/lib/builtins/popcountsi2.c.o
[1517/6838] Building C object contrib/compiler-rt-cmake/CMakeFiles/clang_rt_builtins.dir/__/llvm-project/compiler-rt/lib/builtins/popcountti2.c.o
[1518/6838] Building C object contrib/compiler-rt-cmake/CMakeFiles/clang_rt_builtins.dir/__/llvm-project/compiler-rt/lib/builtins/powidf2.c.o
[1519/6838] Building C object contrib/compiler-rt-cmake/CMakeFiles/clang_rt_builtins.dir/__/llvm-project/compiler-rt/lib/builtins/powisf2.c.o
[1520/6838] Building C object contrib/compiler-rt-cmake/CMakeFiles/clang_rt_builtins.dir/__/llvm-project/compiler-rt/lib/builtins/subdf3.c.o
[1521/6838] Building C object contrib/compiler-rt-cmake/CMakeFiles/clang_rt_builtins.dir/__/llvm-project/compiler-rt/lib/builtins/subsf3.c.o
[1522/6838] Building C object contrib/compiler-rt-cmake/CMakeFiles/clang_rt_builtins.dir/__/llvm-project/compiler-rt/lib/builtins/subvdi3.c.o
[1523/6838] Building C object contrib/compiler-rt-cmake/CMakeFiles/clang_rt_builtins.dir/__/llvm-project/compiler-rt/lib/builtins/subvsi3.c.o
[1524/6838] Building C object contrib/compiler-rt-cmake/CMakeFiles/clang_rt_builtins.dir/__/llvm-project/compiler-rt/lib/builtins/trampoline_setup.c.o
[1525/6838] Building C object contrib/compiler-rt-cmake/CMakeFiles/clang_rt_builtins.dir/__/llvm-project/compiler-rt/lib/builtins/subvti3.c.o
[1526/6838] Building C object contrib/compiler-rt-cmake/CMakeFiles/clang_rt_builtins.dir/__/llvm-project/compiler-rt/lib/builtins/truncdfhf2.c.o
[1527/6838] Building C object contrib/compiler-rt-cmake/CMakeFiles/clang_rt_builtins.dir/__/llvm-project/compiler-rt/lib/builtins/truncdfsf2.c.o
[1528/6838] Building C object contrib/compiler-rt-cmake/CMakeFiles/clang_rt_builtins.dir/__/llvm-project/compiler-rt/lib/builtins/ucmpdi2.c.o
[1529/6838] Building C object contrib/compiler-rt-cmake/CMakeFiles/clang_rt_builtins.dir/__/llvm-project/compiler-rt/lib/builtins/truncsfhf2.c.o
[1530/6838] Building C object contrib/compiler-rt-cmake/CMakeFiles/clang_rt_builtins.dir/__/llvm-project/compiler-rt/lib/builtins/ucmpti2.c.o
[1531/6838] Building C object contrib/compiler-rt-cmake/CMakeFiles/clang_rt_builtins.dir/__/llvm-project/compiler-rt/lib/builtins/udivdi3.c.o
[1532/6838] Building C object contrib/compiler-rt-cmake/CMakeFiles/clang_rt_builtins.dir/__/llvm-project/compiler-rt/lib/builtins/udivmodsi4.c.o
[1533/6838] Building C object contrib/compiler-rt-cmake/CMakeFiles/clang_rt_builtins.dir/__/llvm-project/compiler-rt/lib/builtins/udivmoddi4.c.o
[1534/6838] Building C object contrib/compiler-rt-cmake/CMakeFiles/clang_rt_builtins.dir/__/llvm-project/compiler-rt/lib/builtins/udivti3.c.o
[1535/6838] Building C object contrib/compiler-rt-cmake/CMakeFiles/clang_rt_builtins.dir/__/llvm-project/compiler-rt/lib/builtins/udivmodti4.c.o
[1536/6838] Building C object contrib/compiler-rt-cmake/CMakeFiles/clang_rt_builtins.dir/__/llvm-project/compiler-rt/lib/builtins/udivsi3.c.o
[1537/6838] Building C object contrib/compiler-rt-cmake/CMakeFiles/clang_rt_builtins.dir/__/llvm-project/compiler-rt/lib/builtins/umoddi3.c.o
[1538/6838] Building C object contrib/compiler-rt-cmake/CMakeFiles/clang_rt_builtins.dir/__/llvm-project/compiler-rt/lib/builtins/umodti3.c.o
[1539/6838] Building C object contrib/compiler-rt-cmake/CMakeFiles/clang_rt_builtins.dir/__/llvm-project/compiler-rt/lib/builtins/umodsi3.c.o
[1540/6838] Building C object contrib/compiler-rt-cmake/CMakeFiles/clang_rt_builtins.dir/__/llvm-project/compiler-rt/lib/builtins/enable_execute_stack.c.o
[1541/6838] Building C object contrib/compiler-rt-cmake/CMakeFiles/clang_rt_builtins.dir/__/llvm-project/compiler-rt/lib/builtins/emutls.c.o
[1542/6838] Building C object contrib/compiler-rt-cmake/CMakeFiles/clang_rt_builtins.dir/__/llvm-project/compiler-rt/lib/builtins/eprintf.c.o
[1543/6838] Building C object contrib/compiler-rt-cmake/CMakeFiles/clang_rt_builtins.dir/__/llvm-project/compiler-rt/lib/builtins/clear_cache.c.o
[1544/6838] Building C object contrib/compiler-rt-cmake/CMakeFiles/clang_rt_builtins.dir/__/llvm-project/compiler-rt/lib/builtins/gcc_personality_v0.c.o
[1545/6838] Building C object contrib/compiler-rt-cmake/CMakeFiles/clang_rt_builtins.dir/__/llvm-project/compiler-rt/lib/builtins/comparetf2.c.o
[1546/6838] Building C object contrib/compiler-rt-cmake/CMakeFiles/clang_rt_builtins.dir/__/llvm-project/compiler-rt/lib/builtins/addtf3.c.o
[1547/6838] Building C object contrib/compiler-rt-cmake/CMakeFiles/clang_rt_builtins.dir/__/llvm-project/compiler-rt/lib/builtins/divtc3.c.o
[1548/6838] Building C object contrib/compiler-rt-cmake/CMakeFiles/clang_rt_builtins.dir/__/llvm-project/compiler-rt/lib/builtins/extenddftf2.c.o
[1549/6838] Building C object contrib/compiler-rt-cmake/CMakeFiles/clang_rt_builtins.dir/__/llvm-project/compiler-rt/lib/builtins/extendhftf2.c.o
[1550/6838] Building C object contrib/compiler-rt-cmake/CMakeFiles/clang_rt_builtins.dir/__/llvm-project/compiler-rt/lib/builtins/divtf3.c.o
[1551/6838] Building C object contrib/compiler-rt-cmake/CMakeFiles/clang_rt_builtins.dir/__/llvm-project/compiler-rt/lib/builtins/fixtfdi.c.o
[1552/6838] Building C object contrib/compiler-rt-cmake/CMakeFiles/clang_rt_builtins.dir/__/llvm-project/compiler-rt/lib/builtins/extendsftf2.c.o
[1553/6838] Building C object contrib/compiler-rt-cmake/CMakeFiles/clang_rt_builtins.dir/__/llvm-project/compiler-rt/lib/builtins/fixtfsi.c.o
[1554/6838] Building C object contrib/compiler-rt-cmake/CMakeFiles/clang_rt_builtins.dir/__/llvm-project/compiler-rt/lib/builtins/fixtfti.c.o
[1555/6838] Building C object contrib/compiler-rt-cmake/CMakeFiles/clang_rt_builtins.dir/__/llvm-project/compiler-rt/lib/builtins/fixunstfdi.c.o
[1556/6838] Building C object contrib/compiler-rt-cmake/CMakeFiles/clang_rt_builtins.dir/__/llvm-project/compiler-rt/lib/builtins/fixunstfsi.c.o
[1557/6838] Building C object contrib/compiler-rt-cmake/CMakeFiles/clang_rt_builtins.dir/__/llvm-project/compiler-rt/lib/builtins/fixunstfti.c.o
[1558/6838] Building C object contrib/compiler-rt-cmake/CMakeFiles/clang_rt_builtins.dir/__/llvm-project/compiler-rt/lib/builtins/floatditf.c.o
[1559/6838] Building C object contrib/compiler-rt-cmake/CMakeFiles/clang_rt_builtins.dir/__/llvm-project/compiler-rt/lib/builtins/floatsitf.c.o
[1560/6838] Building C object contrib/compiler-rt-cmake/CMakeFiles/clang_rt_builtins.dir/__/llvm-project/compiler-rt/lib/builtins/floattitf.c.o
[1561/6838] Building C object contrib/compiler-rt-cmake/CMakeFiles/clang_rt_builtins.dir/__/llvm-project/compiler-rt/lib/builtins/floatunditf.c.o
[1562/6838] Building C object contrib/compiler-rt-cmake/CMakeFiles/clang_rt_builtins.dir/__/llvm-project/compiler-rt/lib/builtins/floatunsitf.c.o
[1563/6838] Building C object contrib/compiler-rt-cmake/CMakeFiles/clang_rt_builtins.dir/__/llvm-project/compiler-rt/lib/builtins/floatuntitf.c.o
[1564/6838] Building C object contrib/compiler-rt-cmake/CMakeFiles/clang_rt_builtins.dir/__/llvm-project/compiler-rt/lib/builtins/multc3.c.o
[1565/6838] Building C object contrib/compiler-rt-cmake/CMakeFiles/clang_rt_builtins.dir/__/llvm-project/compiler-rt/lib/builtins/powitf2.c.o
[1566/6838] Building C object contrib/compiler-rt-cmake/CMakeFiles/clang_rt_builtins.dir/__/llvm-project/compiler-rt/lib/builtins/subtf3.c.o
[1567/6838] Building C object contrib/compiler-rt-cmake/CMakeFiles/clang_rt_builtins.dir/__/llvm-project/compiler-rt/lib/builtins/multf3.c.o
[1568/6838] Building C object contrib/compiler-rt-cmake/CMakeFiles/clang_rt_builtins.dir/__/llvm-project/compiler-rt/lib/builtins/trunctfhf2.c.o
[1569/6838] Building C object contrib/compiler-rt-cmake/CMakeFiles/clang_rt_builtins.dir/__/llvm-project/compiler-rt/lib/builtins/trunctfdf2.c.o
[1570/6838] Building C object contrib/compiler-rt-cmake/CMakeFiles/clang_rt_builtins.dir/__/llvm-project/compiler-rt/lib/builtins/trunctfsf2.c.o
[1571/6838] Building C object contrib/compiler-rt-cmake/CMakeFiles/clang_rt_builtins.dir/__/llvm-project/compiler-rt/lib/builtins/divxc3.c.o
[1572/6838] Building C object contrib/compiler-rt-cmake/CMakeFiles/clang_rt_builtins.dir/__/llvm-project/compiler-rt/lib/builtins/extendhfxf2.c.o
[1573/6838] Building C object contrib/compiler-rt-cmake/CMakeFiles/clang_rt_builtins.dir/__/llvm-project/compiler-rt/lib/builtins/extendxftf2.c.o
[1574/6838] Building C object contrib/compiler-rt-cmake/CMakeFiles/clang_rt_builtins.dir/__/llvm-project/compiler-rt/lib/builtins/fixxfdi.c.o
[1575/6838] Building C object contrib/compiler-rt-cmake/CMakeFiles/clang_rt_builtins.dir/__/llvm-project/compiler-rt/lib/builtins/fixunsxfdi.c.o
[1576/6838] Building C object contrib/compiler-rt-cmake/CMakeFiles/clang_rt_builtins.dir/__/llvm-project/compiler-rt/lib/builtins/fixxfti.c.o
[1577/6838] Building C object contrib/compiler-rt-cmake/CMakeFiles/clang_rt_builtins.dir/__/llvm-project/compiler-rt/lib/builtins/fixunsxfsi.c.o
[1578/6838] Building C object contrib/compiler-rt-cmake/CMakeFiles/clang_rt_builtins.dir/__/llvm-project/compiler-rt/lib/builtins/fixunsxfti.c.o
[1579/6838] Building C object contrib/compiler-rt-cmake/CMakeFiles/clang_rt_builtins.dir/__/llvm-project/compiler-rt/lib/builtins/floattixf.c.o
[1580/6838] Building C object contrib/compiler-rt-cmake/CMakeFiles/clang_rt_builtins.dir/__/llvm-project/compiler-rt/lib/builtins/floatuntixf.c.o
[1581/6838] Building C object contrib/compiler-rt-cmake/CMakeFiles/clang_rt_builtins.dir/__/llvm-project/compiler-rt/lib/builtins/mulxc3.c.o
[1582/6838] Building C object contrib/compiler-rt-cmake/CMakeFiles/clang_rt_builtins.dir/__/llvm-project/compiler-rt/lib/builtins/powixf2.c.o
[1583/6838] Building C object contrib/compiler-rt-cmake/CMakeFiles/clang_rt_builtins.dir/__/llvm-project/compiler-rt/lib/builtins/truncxfhf2.c.o
[1584/6838] Building C object contrib/compiler-rt-cmake/CMakeFiles/clang_rt_builtins.dir/__/llvm-project/compiler-rt/lib/builtins/trunctfxf2.c.o
[1585/6838] Building C object contrib/compiler-rt-cmake/CMakeFiles/clang_rt_builtins.dir/__/llvm-project/compiler-rt/lib/builtins/i386/fp_mode.c.o
[1586/6838] Building C object contrib/compiler-rt-cmake/CMakeFiles/clang_rt_builtins.dir/__/llvm-project/compiler-rt/lib/builtins/x86_64/floatdidf.c.o
[1587/6838] Building C object contrib/compiler-rt-cmake/CMakeFiles/clang_rt_builtins.dir/__/llvm-project/compiler-rt/lib/builtins/x86_64/floatdisf.c.o
[1588/6838] Building C object contrib/compiler-rt-cmake/CMakeFiles/clang_rt_builtins.dir/__/llvm-project/compiler-rt/lib/builtins/x86_64/floatdixf.c.o
[1589/6838] Building ASM object contrib/compiler-rt-cmake/CMakeFiles/clang_rt_builtins.dir/__/llvm-project/compiler-rt/lib/builtins/x86_64/floatundidf.S.o
[1590/6838] Building ASM object contrib/compiler-rt-cmake/CMakeFiles/clang_rt_builtins.dir/__/llvm-project/compiler-rt/lib/builtins/x86_64/floatundisf.S.o
[1591/6838] Building C object contrib/compiler-rt-cmake/CMakeFiles/clang_rt_builtins.dir/__/llvm-project/compiler-rt/lib/builtins/cpu_model/x86.c.o
[1592/6838] Building C object contrib/compiler-rt-cmake/CMakeFiles/clang_rt_builtins.dir/__/llvm-project/compiler-rt/lib/builtins/extendbfsf2.c.o
[1593/6838] Building ASM object contrib/compiler-rt-cmake/CMakeFiles/clang_rt_builtins.dir/__/llvm-project/compiler-rt/lib/builtins/x86_64/floatundixf.S.o
[1594/6838] Building C object contrib/compiler-rt-cmake/CMakeFiles/clang_rt_builtins.dir/__/llvm-project/compiler-rt/lib/builtins/truncdfbf2.c.o
[1595/6838] Building C object contrib/compiler-rt-cmake/CMakeFiles/clang_rt_builtins.dir/__/llvm-project/compiler-rt/lib/builtins/truncxfbf2.c.o
[1596/6838] Building C object contrib/compiler-rt-cmake/CMakeFiles/clang_rt_builtins.dir/__/llvm-project/compiler-rt/lib/builtins/truncsfbf2.c.o
[1597/6838] Building C object contrib/compiler-rt-cmake/CMakeFiles/clang_rt_builtins.dir/__/llvm-project/compiler-rt/lib/builtins/trunctfbf2.c.o
[1598/6838] Building CXX object contrib/libllvmlibc-cmake/CMakeFiles/libllvmlibc.dir/__/llvm-project/libc/src/math/generic/asin.cpp.o
[1599/6838] Building CXX object contrib/libllvmlibc-cmake/CMakeFiles/libllvmlibc.dir/__/llvm-project/libc/src/math/generic/acos.cpp.o
[1600/6838] Building CXX object contrib/libllvmlibc-cmake/CMakeFiles/libllvmlibc.dir/__/llvm-project/libc/src/math/generic/asinf.cpp.o
[1601/6838] Building CXX object contrib/libllvmlibc-cmake/CMakeFiles/libllvmlibc.dir/string/mem_functions.cpp.o
[1602/6838] Building CXX object contrib/libllvmlibc-cmake/CMakeFiles/libllvmlibc.dir/__/llvm-project/libc/src/math/generic/atan.cpp.o
[1603/6838] Building CXX object contrib/libllvmlibc-cmake/CMakeFiles/libllvmlibc.dir/__/llvm-project/libc/src/math/generic/ceill.cpp.o
[1604/6838] Building CXX object contrib/libllvmlibc-cmake/CMakeFiles/libllvmlibc.dir/__/llvm-project/libc/src/math/generic/atan2.cpp.o
[1605/6838] Building CXX object contrib/libllvmlibc-cmake/CMakeFiles/libllvmlibc.dir/__/llvm-project/libc/src/math/generic/cbrt.cpp.o
[1606/6838] Building CXX object contrib/libllvmlibc-cmake/CMakeFiles/libllvmlibc.dir/__/llvm-project/libc/src/math/generic/copysignl.cpp.o
[1607/6838] Building CXX object contrib/libllvmlibc-cmake/CMakeFiles/libllvmlibc.dir/__/llvm-project/libc/src/math/generic/exp.cpp.o
[1608/6838] Building CXX object contrib/libllvmlibc-cmake/CMakeFiles/libllvmlibc.dir/__/llvm-project/libc/src/math/generic/cos.cpp.o
[1609/6838] Building CXX object contrib/libllvmlibc-cmake/CMakeFiles/libllvmlibc.dir/__/llvm-project/libc/src/math/generic/exp2.cpp.o
[1610/6838] Building CXX object contrib/libllvmlibc-cmake/CMakeFiles/libllvmlibc.dir/__/llvm-project/libc/src/math/generic/fabs.cpp.o
[1611/6838] Building CXX object contrib/libllvmlibc-cmake/CMakeFiles/libllvmlibc.dir/__/llvm-project/libc/src/math/generic/fabsl.cpp.o
[1612/6838] Building CXX object contrib/libllvmlibc-cmake/CMakeFiles/libllvmlibc.dir/__/llvm-project/libc/src/math/generic/floor.cpp.o
[1613/6838] Building CXX object contrib/libllvmlibc-cmake/CMakeFiles/libllvmlibc.dir/__/llvm-project/libc/src/math/generic/floorl.cpp.o
[1614/6838] Building CXX object contrib/libllvmlibc-cmake/CMakeFiles/libllvmlibc.dir/__/llvm-project/libc/src/math/generic/fma.cpp.o
[1615/6838] Building CXX object contrib/libllvmlibc-cmake/CMakeFiles/libllvmlibc.dir/__/llvm-project/libc/src/math/generic/expm1.cpp.o
[1616/6838] Building CXX object contrib/libllvmlibc-cmake/CMakeFiles/libllvmlibc.dir/__/llvm-project/libc/src/math/generic/fmod.cpp.o
[1617/6838] Building CXX object contrib/libllvmlibc-cmake/CMakeFiles/libllvmlibc.dir/__/llvm-project/libc/src/math/generic/fmodl.cpp.o
[1618/6838] Building CXX object contrib/libllvmlibc-cmake/CMakeFiles/libllvmlibc.dir/__/llvm-project/libc/src/math/generic/frexp.cpp.o
[1619/6838] Building CXX object contrib/libllvmlibc-cmake/CMakeFiles/libllvmlibc.dir/__/llvm-project/libc/src/math/generic/frexpl.cpp.o
[1620/6838] Building CXX object contrib/libllvmlibc-cmake/CMakeFiles/libllvmlibc.dir/__/llvm-project/libc/src/math/generic/ldexp.cpp.o
[1621/6838] Building CXX object contrib/libllvmlibc-cmake/CMakeFiles/libllvmlibc.dir/__/llvm-project/libc/src/math/generic/llround.cpp.o
[1622/6838] Building CXX object contrib/libllvmlibc-cmake/CMakeFiles/libllvmlibc.dir/__/llvm-project/libc/src/math/generic/ldexpf.cpp.o
[1623/6838] Building CXX object contrib/libllvmlibc-cmake/CMakeFiles/libllvmlibc.dir/__/llvm-project/libc/src/math/generic/ldexpl.cpp.o
[1624/6838] Building CXX object contrib/libllvmlibc-cmake/CMakeFiles/libllvmlibc.dir/__/llvm-project/libc/src/math/generic/log.cpp.o
[1625/6838] Building CXX object contrib/libllvmlibc-cmake/CMakeFiles/libllvmlibc.dir/__/llvm-project/libc/src/math/generic/log10.cpp.o
[1626/6838] Building CXX object contrib/libllvmlibc-cmake/CMakeFiles/libllvmlibc.dir/__/llvm-project/libc/src/math/generic/log1p.cpp.o
[1627/6838] Building CXX object contrib/libllvmlibc-cmake/CMakeFiles/libllvmlibc.dir/__/llvm-project/libc/src/math/generic/log2.cpp.o
[1628/6838] Building CXX object contrib/libllvmlibc-cmake/CMakeFiles/libllvmlibc.dir/__/llvm-project/libc/src/math/generic/nan.cpp.o
[1629/6838] Building CXX object contrib/libllvmlibc-cmake/CMakeFiles/libllvmlibc.dir/__/llvm-project/libc/src/math/generic/logf.cpp.o
[1630/6838] Building CXX object contrib/libllvmlibc-cmake/CMakeFiles/libllvmlibc.dir/__/llvm-project/libc/src/math/generic/nanf.cpp.o
[1631/6838] Building CXX object contrib/libllvmlibc-cmake/CMakeFiles/libllvmlibc.dir/__/llvm-project/libc/src/math/generic/nanl.cpp.o
[1632/6838] Building CXX object contrib/libllvmlibc-cmake/CMakeFiles/libllvmlibc.dir/__/llvm-project/libc/src/math/generic/lround.cpp.o
[1633/6838] Building CXX object contrib/libllvmlibc-cmake/CMakeFiles/libllvmlibc.dir/__/llvm-project/libc/src/math/generic/modf.cpp.o
[1634/6838] Building CXX object contrib/libllvmlibc-cmake/CMakeFiles/libllvmlibc.dir/__/llvm-project/libc/src/math/generic/nextafter.cpp.o
[1635/6838] Building CXX object contrib/libllvmlibc-cmake/CMakeFiles/libllvmlibc.dir/__/llvm-project/libc/src/math/generic/pow.cpp.o
[1636/6838] Building CXX object contrib/libllvmlibc-cmake/CMakeFiles/libllvmlibc.dir/__/llvm-project/libc/src/math/generic/scalbn.cpp.o
[1637/6838] Building CXX object contrib/libllvmlibc-cmake/CMakeFiles/libllvmlibc.dir/__/llvm-project/libc/src/math/generic/scalbnl.cpp.o
[1638/6838] Building CXX object contrib/libllvmlibc-cmake/CMakeFiles/libllvmlibc.dir/__/llvm-project/libc/src/math/generic/sqrt.cpp.o
[1639/6838] Building CXX object contrib/libllvmlibc-cmake/CMakeFiles/libllvmlibc.dir/__/llvm-project/libc/src/math/generic/sin.cpp.o
[1640/6838] Building CXX object contrib/libllvmlibc-cmake/CMakeFiles/libllvmlibc.dir/__/llvm-project/libc/src/math/generic/sqrtl.cpp.o
[1641/6838] Building CXX object contrib/libllvmlibc-cmake/CMakeFiles/libllvmlibc.dir/__/llvm-project/libc/src/math/generic/sqrtf.cpp.o
[1642/6838] Building CXX object contrib/libllvmlibc-cmake/CMakeFiles/libllvmlibc.dir/__/llvm-project/libc/src/math/generic/truncl.cpp.o
[1643/6838] Building CXX object contrib/libllvmlibc-cmake/CMakeFiles/libllvmlibc.dir/__/llvm-project/libc/src/math/generic/tan.cpp.o
[1644/6838] Building CXX object contrib/libllvmlibc-cmake/CMakeFiles/libllvmlibc.dir/string/memmem.cpp.o
[1645/6838] Building CXX object contrib/boost-cmake/CMakeFiles/_boost_filesystem.dir/__/boost/libs/filesystem/src/codecvt_error_category.cpp.o
[1646/6838] Building CXX object contrib/boost-cmake/CMakeFiles/_boost_filesystem.dir/__/boost/libs/filesystem/src/exception.cpp.o
[1647/6838] Building CXX object contrib/boost-cmake/CMakeFiles/_boost_filesystem.dir/__/boost/libs/filesystem/src/directory.cpp.o
[1648/6838] Building CXX object contrib/boost-cmake/CMakeFiles/_boost_filesystem.dir/__/boost/libs/filesystem/src/operations.cpp.o
[1649/6838] Building CXX object contrib/boost-cmake/CMakeFiles/_boost_filesystem.dir/__/boost/libs/filesystem/src/path_traits.cpp.o
[1650/6838] Building CXX object contrib/boost-cmake/CMakeFiles/_boost_filesystem.dir/__/boost/libs/filesystem/src/path.cpp.o
[1651/6838] Building CXX object contrib/boost-cmake/CMakeFiles/_boost_filesystem.dir/__/boost/libs/filesystem/src/windows_file_codecvt.cpp.o
[1652/6838] Building CXX object contrib/boost-cmake/CMakeFiles/_boost_filesystem.dir/__/boost/libs/filesystem/src/portability.cpp.o
[1653/6838] Building CXX object contrib/boost-cmake/CMakeFiles/_boost_filesystem.dir/__/boost/libs/filesystem/src/utf8_codecvt_facet.cpp.o
[1654/6838] Building CXX object contrib/boost-cmake/CMakeFiles/_boost_filesystem.dir/__/boost/libs/filesystem/src/unique_path.cpp.o
[1655/6838] Building CXX object contrib/boost-cmake/CMakeFiles/_boost_iostreams.dir/__/boost/libs/iostreams/src/file_descriptor.cpp.o
[1656/6838] Building CXX object contrib/boost-cmake/CMakeFiles/_boost_iostreams.dir/__/boost/libs/iostreams/src/gzip.cpp.o
[1657/6838] Building CXX object contrib/boost-cmake/CMakeFiles/_boost_iostreams.dir/__/boost/libs/iostreams/src/mapped_file.cpp.o
[1658/6838] Building CXX object contrib/boost-cmake/CMakeFiles/_boost_iostreams.dir/__/boost/libs/iostreams/src/zlib.cpp.o
[1659/6838] Building CXX object contrib/boost-cmake/CMakeFiles/_boost_iostreams.dir/__/boost/libs/iostreams/src/zstd.cpp.o
[1660/6838] Building CXX object contrib/boost-cmake/CMakeFiles/_boost_program_options.dir/__/boost/libs/program_options/src/convert.cpp.o
[1661/6838] Building CXX object contrib/boost-cmake/CMakeFiles/_boost_program_options.dir/__/boost/libs/program_options/src/config_file.cpp.o
[1662/6838] Building CXX object contrib/boost-cmake/CMakeFiles/_boost_program_options.dir/__/boost/libs/program_options/src/cmdline.cpp.o
[1663/6838] Building CXX object contrib/boost-cmake/CMakeFiles/_boost_program_options.dir/__/boost/libs/program_options/src/positional_options.cpp.o
[1664/6838] Building CXX object contrib/boost-cmake/CMakeFiles/_boost_program_options.dir/__/boost/libs/program_options/src/options_description.cpp.o
[1665/6838] Building CXX object contrib/boost-cmake/CMakeFiles/_boost_program_options.dir/__/boost/libs/program_options/src/utf8_codecvt_facet.cpp.o
[1666/6838] Building CXX object contrib/boost-cmake/CMakeFiles/_boost_program_options.dir/__/boost/libs/program_options/src/split.cpp.o
[1667/6838] Building CXX object contrib/boost-cmake/CMakeFiles/_boost_program_options.dir/__/boost/libs/program_options/src/parsers.cpp.o
[1668/6838] Building CXX object contrib/boost-cmake/CMakeFiles/_boost_context.dir/__/boost/libs/context/src/dummy.cpp.o
[1669/6838] Building CXX object contrib/boost-cmake/CMakeFiles/_boost_context.dir/__/boost/libs/context/src/fcontext.cpp.o
[1670/6838] Building CXX object contrib/boost-cmake/CMakeFiles/_boost_context.dir/__/boost/libs/context/src/posix/stack_traits.cpp.o
[1671/6838] Building ASM object contrib/boost-cmake/CMakeFiles/_boost_context.dir/__/boost/libs/context/src/asm/jump_x86_64_sysv_elf_gas.S.o
[1672/6838] Building ASM object contrib/boost-cmake/CMakeFiles/_boost_context.dir/__/boost/libs/context/src/asm/make_x86_64_sysv_elf_gas.S.o
[1673/6838] Building ASM object contrib/boost-cmake/CMakeFiles/_boost_context.dir/__/boost/libs/context/src/asm/ontop_x86_64_sysv_elf_gas.S.o
[1674/6838] Building CXX object contrib/boost-cmake/CMakeFiles/_boost_program_options.dir/__/boost/libs/program_options/src/variables_map.cpp.o
[1675/6838] Building CXX object contrib/boost-cmake/CMakeFiles/_boost_program_options.dir/__/boost/libs/program_options/src/value_semantic.cpp.o
[1676/6838] Building CXX object contrib/boost-cmake/CMakeFiles/_boost_program_options.dir/__/boost/libs/program_options/src/winmain.cpp.o
[1677/6838] Building CXX object contrib/cctz-cmake/CMakeFiles/_cctz.dir/__/cctz/src/civil_time_detail.cc.o
[1678/6838] Building CXX object contrib/cctz-cmake/CMakeFiles/_cctz.dir/__/cctz/src/time_zone_fixed.cc.o
[1679/6838] Building CXX object contrib/cctz-cmake/CMakeFiles/_cctz.dir/__/cctz/src/time_zone_if.cc.o
[1680/6838] Building CXX object contrib/cctz-cmake/CMakeFiles/_cctz.dir/__/cctz/src/time_zone_format.cc.o
[1681/6838] Building CXX object contrib/cctz-cmake/CMakeFiles/_cctz.dir/__/cctz/src/time_zone_impl.cc.o
[1682/6838] Building CXX object contrib/cctz-cmake/CMakeFiles/_cctz.dir/__/cctz/src/time_zone_posix.cc.o
[1683/6838] Building CXX object contrib/cctz-cmake/CMakeFiles/_cctz.dir/__/cctz/src/time_zone_libc.cc.o
[1684/6838] Building CXX object contrib/cctz-cmake/CMakeFiles/_cctz.dir/__/cctz/src/time_zone_lookup.cc.o
[1685/6838] Building CXX object contrib/consistent-hashing/CMakeFiles/_consistent_hashing.dir/consistent_hashing.cpp.o
[1686/6838] Building CXX object contrib/cctz-cmake/CMakeFiles/_cctz.dir/__/cctz/src/zone_info_source.cc.o
[1687/6838] Building CXX object contrib/cctz-cmake/CMakeFiles/_cctz.dir/__/cctz/src/time_zone_info.cc.o
[1688/6838] Building CXX object contrib/libmetrohash/CMakeFiles/_metrohash.dir/src/metrohash64.cpp.o
[1689/6838] Building CXX object contrib/consistent-hashing/CMakeFiles/_consistent_hashing.dir/popcount.cpp.o
[1690/6838] Building CXX object contrib/zmij-cmake/CMakeFiles/_zmij.dir/__/zmij/zmij.cc.o
[1691/6838] Building CXX object contrib/libmetrohash/CMakeFiles/_metrohash.dir/src/metrohash128.cpp.o
[1692/6838] Building C object contrib/lz4-cmake/CMakeFiles/_lz4.dir/__/lz4/lib/lz4frame.c.o
[1693/6838] Building CXX object contrib/cctz-cmake/CMakeFiles/tzdata.dir/TimeZones.generated.cpp.o
[1694/6838] Building C object contrib/lz4-cmake/CMakeFiles/_lz4.dir/__/lz4/lib/xxhash.c.o
[1695/6838] Building CXX object contrib/murmurhash/CMakeFiles/_murmurhash.dir/src/MurmurHash2.cpp.o
[1696/6838] Building CXX object contrib/murmurhash/CMakeFiles/_murmurhash.dir/src/MurmurHash3.cpp.o
[1697/6838] Building CXX object contrib/replxx-cmake/CMakeFiles/_replxx.dir/__/replxx/src/ConvertUTF.cpp.o
[1698/6838] Building CXX object contrib/replxx-cmake/CMakeFiles/_replxx.dir/__/replxx/src/conversion.cxx.o
[1699/6838] Building C object contrib/lz4-cmake/CMakeFiles/_lz4.dir/__/lz4/lib/lz4.c.o
[1700/6838] Building CXX object contrib/replxx-cmake/CMakeFiles/_replxx.dir/__/replxx/src/escape.cxx.o
[1701/6838] Building C object contrib/lz4-cmake/CMakeFiles/_lz4.dir/__/lz4/lib/lz4hc.c.o
[1702/6838] Building CXX object contrib/replxx-cmake/CMakeFiles/_replxx.dir/__/replxx/src/terminal.cxx.o
[1703/6838] Building CXX object contrib/replxx-cmake/CMakeFiles/_replxx.dir/__/replxx/src/prompt.cxx.o
[1704/6838] Building CXX object contrib/replxx-cmake/CMakeFiles/_replxx.dir/__/replxx/src/history.cxx.o
[1705/6838] Building CXX object contrib/replxx-cmake/CMakeFiles/_replxx.dir/__/replxx/src/wcwidth.cpp.o
[1706/6838] Building CXX object contrib/replxx-cmake/CMakeFiles/_replxx.dir/__/replxx/src/util.cxx.o
[1707/6838] Building CXX object contrib/replxx-cmake/CMakeFiles/_replxx.dir/__/replxx/src/replxx.cxx.o
[1708/6838] Building CXX object contrib/re2-cmake/CMakeFiles/_re2.dir/__/re2/re2/bitmap256.cc.o
[1709/6838] Building CXX object contrib/re2-cmake/CMakeFiles/_re2.dir/__/re2/re2/bitstate.cc.o
[1710/6838] Building CXX object contrib/replxx-cmake/CMakeFiles/_replxx.dir/__/replxx/src/replxx_impl.cxx.o
[1711/6838] Building CXX object contrib/re2-cmake/CMakeFiles/_re2.dir/__/re2/re2/compile.cc.o
[1712/6838] Building CXX object contrib/re2-cmake/CMakeFiles/_re2.dir/__/re2/re2/mimics_pcre.cc.o
[1713/6838] Building CXX object contrib/re2-cmake/CMakeFiles/_re2.dir/__/re2/re2/filtered_re2.cc.o
[1714/6838] Building CXX object contrib/re2-cmake/CMakeFiles/_re2.dir/__/re2/re2/dfa.cc.o
[1715/6838] Building CXX object contrib/re2-cmake/CMakeFiles/_re2.dir/__/re2/re2/perl_groups.cc.o
[1716/6838] Building CXX object contrib/re2-cmake/CMakeFiles/_re2.dir/__/re2/re2/onepass.cc.o
[1717/6838] Building CXX object contrib/re2-cmake/CMakeFiles/_re2.dir/__/re2/re2/nfa.cc.o
[1718/6838] Building CXX object contrib/re2-cmake/CMakeFiles/_re2.dir/__/re2/re2/parse.cc.o
[1719/6838] Building CXX object contrib/re2-cmake/CMakeFiles/_re2.dir/__/re2/re2/prefilter.cc.o
[1720/6838] Building CXX object contrib/re2-cmake/CMakeFiles/_re2.dir/__/re2/re2/re2.cc.o
[1721/6838] Building CXX object contrib/re2-cmake/CMakeFiles/_re2.dir/__/re2/re2/prog.cc.o
[1722/6838] Building CXX object contrib/re2-cmake/CMakeFiles/_re2.dir/__/re2/re2/prefilter_tree.cc.o
[1723/6838] Building CXX object contrib/re2-cmake/CMakeFiles/_re2.dir/__/re2/re2/simplify.cc.o
[1724/6838] Building CXX object contrib/re2-cmake/CMakeFiles/_re2.dir/__/re2/re2/set.cc.o
[1725/6838] Building CXX object contrib/re2-cmake/CMakeFiles/_re2.dir/__/re2/re2/unicode_casefold.cc.o
[1726/6838] Building CXX object contrib/re2-cmake/CMakeFiles/_re2.dir/__/re2/re2/unicode_groups.cc.o
[1727/6838] Building CXX object contrib/re2-cmake/CMakeFiles/_re2.dir/__/re2/util/rune.cc.o
[1728/6838] Building C object contrib/xz-cmake/CMakeFiles/_liblzma.dir/__/xz/src/common/tuklib_cpucores.c.o
[1729/6838] Building CXX object contrib/re2-cmake/CMakeFiles/_re2.dir/__/re2/re2/regexp.cc.o
[1730/6838] Building C object contrib/xz-cmake/CMakeFiles/_liblzma.dir/__/xz/src/common/tuklib_physmem.c.o
[1731/6838] Building C object contrib/xz-cmake/CMakeFiles/_liblzma.dir/__/xz/src/liblzma/check/check.c.o
[1732/6838] Building C object contrib/xz-cmake/CMakeFiles/_liblzma.dir/__/xz/src/liblzma/check/crc32_fast.c.o
[1733/6838] Building C object contrib/xz-cmake/CMakeFiles/_liblzma.dir/__/xz/src/liblzma/check/crc64_fast.c.o
[1734/6838] Building C object contrib/xz-cmake/CMakeFiles/_liblzma.dir/__/xz/src/liblzma/common/alone_decoder.c.o
[1735/6838] Building CXX object contrib/re2-cmake/CMakeFiles/_re2.dir/__/re2/util/strutil.cc.o
[1736/6838] Building C object contrib/xz-cmake/CMakeFiles/_liblzma.dir/__/xz/src/liblzma/common/alone_encoder.c.o
[1737/6838] Building C object contrib/xz-cmake/CMakeFiles/_liblzma.dir/__/xz/src/liblzma/common/auto_decoder.c.o
[1738/6838] Building C object contrib/xz-cmake/CMakeFiles/_liblzma.dir/__/xz/src/liblzma/common/block_buffer_decoder.c.o
[1739/6838] Building C object contrib/xz-cmake/CMakeFiles/_liblzma.dir/__/xz/src/liblzma/common/block_buffer_encoder.c.o
[1740/6838] Building C object contrib/xz-cmake/CMakeFiles/_liblzma.dir/__/xz/src/liblzma/common/block_decoder.c.o
[1741/6838] Building C object contrib/xz-cmake/CMakeFiles/_liblzma.dir/__/xz/src/liblzma/check/sha256.c.o
[1742/6838] Building C object contrib/xz-cmake/CMakeFiles/_liblzma.dir/__/xz/src/liblzma/common/block_encoder.c.o
[1743/6838] Building C object contrib/xz-cmake/CMakeFiles/_liblzma.dir/__/xz/src/liblzma/common/block_header_decoder.c.o
[1744/6838] Building C object contrib/xz-cmake/CMakeFiles/_liblzma.dir/__/xz/src/liblzma/common/block_header_encoder.c.o
[1745/6838] Building C object contrib/xz-cmake/CMakeFiles/_liblzma.dir/__/xz/src/liblzma/common/block_util.c.o
[1746/6838] Building C object contrib/xz-cmake/CMakeFiles/_liblzma.dir/__/xz/src/liblzma/common/easy_buffer_encoder.c.o
[1747/6838] Building CXX object contrib/re2-cmake/CMakeFiles/_re2.dir/__/re2/re2/tostring.cc.o
[1748/6838] Building C object contrib/xz-cmake/CMakeFiles/_liblzma.dir/__/xz/src/liblzma/common/common.c.o
[1749/6838] Building C object contrib/xz-cmake/CMakeFiles/_liblzma.dir/__/xz/src/liblzma/common/easy_decoder_memusage.c.o
[1750/6838] Building C object contrib/xz-cmake/CMakeFiles/_liblzma.dir/__/xz/src/liblzma/common/easy_encoder.c.o
[1751/6838] Building C object contrib/xz-cmake/CMakeFiles/_liblzma.dir/__/xz/src/liblzma/common/easy_encoder_memusage.c.o
[1752/6838] Building C object contrib/xz-cmake/CMakeFiles/_liblzma.dir/__/xz/src/liblzma/common/easy_preset.c.o
[1753/6838] Building C object contrib/xz-cmake/CMakeFiles/_liblzma.dir/__/xz/src/liblzma/common/filter_buffer_encoder.c.o
[1754/6838] Building C object contrib/xz-cmake/CMakeFiles/_liblzma.dir/__/xz/src/liblzma/common/filter_buffer_decoder.c.o
[1755/6838] Building C object contrib/xz-cmake/CMakeFiles/_liblzma.dir/__/xz/src/liblzma/common/file_info.c.o
[1756/6838] Building C object contrib/xz-cmake/CMakeFiles/_liblzma.dir/__/xz/src/liblzma/common/filter_decoder.c.o
[1757/6838] Building C object contrib/xz-cmake/CMakeFiles/_liblzma.dir/__/xz/src/liblzma/common/filter_common.c.o
[1758/6838] Building C object contrib/xz-cmake/CMakeFiles/_liblzma.dir/__/xz/src/liblzma/common/filter_encoder.c.o
[1759/6838] Building C object contrib/xz-cmake/CMakeFiles/_liblzma.dir/__/xz/src/liblzma/common/filter_flags_decoder.c.o
[1760/6838] Building C object contrib/xz-cmake/CMakeFiles/_liblzma.dir/__/xz/src/liblzma/common/filter_flags_encoder.c.o
[1761/6838] Building C object contrib/xz-cmake/CMakeFiles/_liblzma.dir/__/xz/src/liblzma/common/hardware_cputhreads.c.o
[1762/6838] Building C object contrib/xz-cmake/CMakeFiles/_liblzma.dir/__/xz/src/liblzma/common/hardware_physmem.c.o
[1763/6838] Building C object contrib/xz-cmake/CMakeFiles/_liblzma.dir/__/xz/src/liblzma/common/index_encoder.c.o
[1764/6838] Building C object contrib/xz-cmake/CMakeFiles/_liblzma.dir/__/xz/src/liblzma/common/index_decoder.c.o
[1765/6838] Building C object contrib/xz-cmake/CMakeFiles/_liblzma.dir/__/xz/src/liblzma/common/index_hash.c.o
[1766/6838] Building C object contrib/xz-cmake/CMakeFiles/_liblzma.dir/__/xz/src/liblzma/common/microlzma_encoder.c.o
[1767/6838] Building C object contrib/xz-cmake/CMakeFiles/_liblzma.dir/__/xz/src/liblzma/common/index.c.o
[1768/6838] Building C object contrib/xz-cmake/CMakeFiles/_liblzma.dir/__/xz/src/liblzma/common/microlzma_decoder.c.o
[1769/6838] Building C object contrib/xz-cmake/CMakeFiles/_liblzma.dir/__/xz/src/liblzma/common/lzip_decoder.c.o
[1770/6838] Building C object contrib/xz-cmake/CMakeFiles/_liblzma.dir/__/xz/src/liblzma/common/stream_buffer_decoder.c.o
[1771/6838] Building C object contrib/xz-cmake/CMakeFiles/_liblzma.dir/__/xz/src/liblzma/common/stream_buffer_encoder.c.o
[1772/6838] Building C object contrib/xz-cmake/CMakeFiles/_liblzma.dir/__/xz/src/liblzma/common/outqueue.c.o
[1773/6838] Building C object contrib/xz-cmake/CMakeFiles/_liblzma.dir/__/xz/src/liblzma/common/stream_decoder.c.o
[1774/6838] Building C object contrib/xz-cmake/CMakeFiles/_liblzma.dir/__/xz/src/liblzma/common/stream_encoder.c.o
[1775/6838] Building C object contrib/xz-cmake/CMakeFiles/_liblzma.dir/__/xz/src/liblzma/common/stream_flags_common.c.o
[1776/6838] Building C object contrib/xz-cmake/CMakeFiles/_liblzma.dir/__/xz/src/liblzma/common/stream_flags_decoder.c.o
[1777/6838] Building C object contrib/xz-cmake/CMakeFiles/_liblzma.dir/__/xz/src/liblzma/common/stream_flags_encoder.c.o
[1778/6838] Building C object contrib/xz-cmake/CMakeFiles/_liblzma.dir/__/xz/src/liblzma/common/stream_decoder_mt.c.o
[1779/6838] Building C object contrib/xz-cmake/CMakeFiles/_liblzma.dir/__/xz/src/liblzma/common/stream_encoder_mt.c.o
[1780/6838] Building C object contrib/xz-cmake/CMakeFiles/_liblzma.dir/__/xz/src/liblzma/common/vli_decoder.c.o
[1781/6838] Building C object contrib/xz-cmake/CMakeFiles/_liblzma.dir/__/xz/src/liblzma/common/vli_encoder.c.o
[1782/6838] Building C object contrib/xz-cmake/CMakeFiles/_liblzma.dir/__/xz/src/liblzma/common/vli_size.c.o
[1783/6838] Building C object contrib/xz-cmake/CMakeFiles/_liblzma.dir/__/xz/src/liblzma/delta/delta_common.c.o
[1784/6838] Building C object contrib/xz-cmake/CMakeFiles/_liblzma.dir/__/xz/src/liblzma/delta/delta_decoder.c.o
[1785/6838] Building C object contrib/xz-cmake/CMakeFiles/_liblzma.dir/__/xz/src/liblzma/delta/delta_encoder.c.o
[1786/6838] Building C object contrib/xz-cmake/CMakeFiles/_liblzma.dir/__/xz/src/liblzma/common/string_conversion.c.o
[1787/6838] Building C object contrib/xz-cmake/CMakeFiles/_liblzma.dir/__/xz/src/liblzma/lz/lz_decoder.c.o
[1788/6838] Building C object contrib/xz-cmake/CMakeFiles/_liblzma.dir/__/xz/src/liblzma/lzma/fastpos_table.c.o
[1789/6838] Building C object contrib/xz-cmake/CMakeFiles/_liblzma.dir/__/xz/src/liblzma/lz/lz_encoder.c.o
[1790/6838] Building C object contrib/xz-cmake/CMakeFiles/_liblzma.dir/__/xz/src/liblzma/lzma/lzma2_decoder.c.o
[1791/6838] Building C object contrib/xz-cmake/CMakeFiles/_liblzma.dir/__/xz/src/liblzma/lzma/lzma2_encoder.c.o
[1792/6838] Building C object contrib/xz-cmake/CMakeFiles/_liblzma.dir/__/xz/src/liblzma/lz/lz_encoder_mf.c.o
[1793/6838] Building C object contrib/xz-cmake/CMakeFiles/_liblzma.dir/__/xz/src/liblzma/lzma/lzma_encoder_optimum_fast.c.o
[1794/6838] Building C object contrib/xz-cmake/CMakeFiles/_liblzma.dir/__/xz/src/liblzma/lzma/lzma_encoder_presets.c.o
[1795/6838] Building C object contrib/xz-cmake/CMakeFiles/_liblzma.dir/__/xz/src/liblzma/rangecoder/price_table.c.o
[1796/6838] Building C object contrib/xz-cmake/CMakeFiles/_liblzma.dir/__/xz/src/liblzma/simple/arm.c.o
[1797/6838] Building C object contrib/xz-cmake/CMakeFiles/_liblzma.dir/__/xz/src/liblzma/lzma/lzma_encoder.c.o
[1798/6838] Building C object contrib/xz-cmake/CMakeFiles/_liblzma.dir/__/xz/src/liblzma/lzma/lzma_decoder.c.o
[1799/6838] Building C object contrib/xz-cmake/CMakeFiles/_liblzma.dir/__/xz/src/liblzma/simple/armthumb.c.o
[1800/6838] Building C object contrib/xz-cmake/CMakeFiles/_liblzma.dir/__/xz/src/liblzma/simple/arm64.c.o
[1801/6838] Building C object contrib/xz-cmake/CMakeFiles/_liblzma.dir/__/xz/src/liblzma/lzma/lzma_encoder_optimum_normal.c.o
[1802/6838] Building C object contrib/xz-cmake/CMakeFiles/_liblzma.dir/__/xz/src/liblzma/simple/ia64.c.o
[1803/6838] Building C object contrib/xz-cmake/CMakeFiles/_liblzma.dir/__/xz/src/liblzma/simple/powerpc.c.o
[1804/6838] Building C object contrib/xz-cmake/CMakeFiles/_liblzma.dir/__/xz/src/liblzma/simple/simple_decoder.c.o
[1805/6838] Building C object contrib/xz-cmake/CMakeFiles/_liblzma.dir/__/xz/src/liblzma/simple/simple_coder.c.o
[1806/6838] Building C object contrib/xz-cmake/CMakeFiles/_liblzma.dir/__/xz/src/liblzma/simple/simple_encoder.c.o
[1807/6838] Building C object contrib/xz-cmake/CMakeFiles/_liblzma.dir/__/xz/src/liblzma/simple/riscv.c.o
[1808/6838] Building C object contrib/xz-cmake/CMakeFiles/_liblzma.dir/__/xz/src/liblzma/simple/sparc.c.o
[1809/6838] Building C object contrib/xz-cmake/CMakeFiles/_liblzma.dir/__/xz/src/liblzma/simple/x86.c.o
[1810/6838] Building CXX object contrib/double-conversion-cmake/CMakeFiles/_double-conversion.dir/__/double-conversion/double-conversion/bignum-dtoa.cc.o
[1811/6838] Building CXX object contrib/double-conversion-cmake/CMakeFiles/_double-conversion.dir/__/double-conversion/double-conversion/cached-powers.cc.o
[1812/6838] Building CXX object contrib/double-conversion-cmake/CMakeFiles/_double-conversion.dir/__/double-conversion/double-conversion/fast-dtoa.cc.o
[1813/6838] Building CXX object contrib/double-conversion-cmake/CMakeFiles/_double-conversion.dir/__/double-conversion/double-conversion/fixed-dtoa.cc.o
[1814/6838] Building CXX object contrib/double-conversion-cmake/CMakeFiles/_double-conversion.dir/__/double-conversion/double-conversion/strtod.cc.o
[1815/6838] Building CXX object contrib/double-conversion-cmake/CMakeFiles/_double-conversion.dir/__/double-conversion/double-conversion/double-to-string.cc.o
[1816/6838] Building CXX object contrib/double-conversion-cmake/CMakeFiles/_double-conversion.dir/__/double-conversion/double-conversion/bignum.cc.o
[1817/6838] Building C object contrib/croaring-cmake/CMakeFiles/_roaring.dir/__/croaring/src/bitset.c.o
[1818/6838] Building C object contrib/croaring-cmake/CMakeFiles/_roaring.dir/__/croaring/src/bitset_util.c.o
[1819/6838] Building C object contrib/croaring-cmake/CMakeFiles/_roaring.dir/__/croaring/src/memory.c.o
[1820/6838] Building C object contrib/croaring-cmake/CMakeFiles/_roaring.dir/__/croaring/src/array_util.c.o
[1821/6838] Building CXX object contrib/double-conversion-cmake/CMakeFiles/_double-conversion.dir/__/double-conversion/double-conversion/string-to-double.cc.o
[1822/6838] Building C object contrib/croaring-cmake/CMakeFiles/_roaring.dir/__/croaring/src/isadetection.c.o
[1823/6838] Building C object contrib/croaring-cmake/CMakeFiles/_roaring.dir/__/croaring/src/roaring_priority_queue.c.o
[1824/6838] Building C object contrib/croaring-cmake/CMakeFiles/_roaring.dir/__/croaring/src/roaring_array.c.o
[1825/6838] Building C object contrib/croaring-cmake/CMakeFiles/_roaring.dir/__/croaring/src/containers/array.c.o
[1826/6838] Building C object contrib/croaring-cmake/CMakeFiles/_roaring.dir/__/croaring/src/roaring64.c.o
[1827/6838] Building C object contrib/croaring-cmake/CMakeFiles/_roaring.dir/__/croaring/src/art/art.c.o
[1828/6838] Building C object contrib/croaring-cmake/CMakeFiles/_roaring.dir/__/croaring/src/roaring.c.o
[1829/6838] Building C object contrib/croaring-cmake/CMakeFiles/_roaring.dir/__/croaring/src/containers/containers.c.o
[1830/6838] Building C object contrib/croaring-cmake/CMakeFiles/_roaring.dir/__/croaring/src/containers/convert.c.o
[1831/6838] Building C object contrib/croaring-cmake/CMakeFiles/_roaring.dir/__/croaring/src/containers/mixed_andnot.c.o
[1832/6838] Building C object contrib/croaring-cmake/CMakeFiles/_roaring.dir/__/croaring/src/containers/mixed_equal.c.o
[1833/6838] Building C object contrib/croaring-cmake/CMakeFiles/_roaring.dir/__/croaring/src/containers/mixed_intersection.c.o
[1834/6838] Building C object contrib/croaring-cmake/CMakeFiles/_roaring.dir/__/croaring/src/containers/mixed_subset.c.o
[1835/6838] Building C object contrib/croaring-cmake/CMakeFiles/_roaring.dir/__/croaring/src/containers/mixed_negation.c.o
[1836/6838] Building C object contrib/croaring-cmake/CMakeFiles/_roaring.dir/__/croaring/src/containers/bitset.c.o
[1837/6838] Building C object contrib/zstd-cmake/CMakeFiles/_zstd.dir/__/zstd/lib/common/debug.c.o
[1838/6838] Building C object contrib/croaring-cmake/CMakeFiles/_roaring.dir/__/croaring/src/containers/mixed_union.c.o
[1839/6838] Building C object contrib/croaring-cmake/CMakeFiles/_roaring.dir/__/croaring/src/containers/mixed_xor.c.o
[1840/6838] Building C object contrib/zstd-cmake/CMakeFiles/_zstd.dir/__/zstd/lib/common/entropy_common.c.o
[1841/6838] Building C object contrib/zstd-cmake/CMakeFiles/_zstd.dir/__/zstd/lib/common/error_private.c.o
[1842/6838] Building C object contrib/zstd-cmake/CMakeFiles/_zstd.dir/__/zstd/lib/common/threading.c.o
[1843/6838] Building C object contrib/croaring-cmake/CMakeFiles/_roaring.dir/__/croaring/src/containers/run.c.o
[1844/6838] Building C object contrib/zstd-cmake/CMakeFiles/_zstd.dir/__/zstd/lib/common/pool.c.o
[1845/6838] Building C object contrib/zstd-cmake/CMakeFiles/_zstd.dir/__/zstd/lib/common/xxhash.c.o
[1846/6838] Building C object contrib/zstd-cmake/CMakeFiles/_zstd.dir/__/zstd/lib/common/fse_decompress.c.o
[1847/6838] Building C object contrib/zstd-cmake/CMakeFiles/_zstd.dir/__/zstd/lib/common/zstd_common.c.o
[1848/6838] Building C object contrib/zstd-cmake/CMakeFiles/_zstd.dir/__/zstd/lib/compress/hist.c.o
[1849/6838] Building C object contrib/zstd-cmake/CMakeFiles/_zstd.dir/__/zstd/lib/compress/fse_compress.c.o
[1850/6838] Building C object contrib/zstd-cmake/CMakeFiles/_zstd.dir/__/zstd/lib/compress/zstd_compress_literals.c.o
[1851/6838] Building C object contrib/zstd-cmake/CMakeFiles/_zstd.dir/__/zstd/lib/compress/huf_compress.c.o
[1852/6838] Building C object contrib/zstd-cmake/CMakeFiles/_zstd.dir/__/zstd/lib/compress/zstd_compress_sequences.c.o
[1853/6838] Building C object contrib/zstd-cmake/CMakeFiles/_zstd.dir/__/zstd/lib/compress/zstd_compress_superblock.c.o
[1854/6838] Building C object contrib/zstd-cmake/CMakeFiles/_zstd.dir/__/zstd/lib/compress/zstd_compress.c.o
[1855/6838] Building C object contrib/zstd-cmake/CMakeFiles/_zstd.dir/__/zstd/lib/compress/zstd_fast.c.o
[1856/6838] Building C object contrib/zstd-cmake/CMakeFiles/_zstd.dir/__/zstd/lib/compress/zstd_double_fast.c.o
[1857/6838] Building C object contrib/zstd-cmake/CMakeFiles/_zstd.dir/__/zstd/lib/compress/zstd_ldm.c.o
[1858/6838] Building C object contrib/zstd-cmake/CMakeFiles/_zstd.dir/__/zstd/lib/compress/zstdmt_compress.c.o
[1859/6838] Building ASM object contrib/zstd-cmake/CMakeFiles/_zstd.dir/__/zstd/lib/decompress/huf_decompress_amd64.S.o
[1860/6838] Building C object contrib/zstd-cmake/CMakeFiles/_zstd.dir/__/zstd/lib/compress/zstd_preSplit.c.o
[1861/6838] Building C object contrib/zstd-cmake/CMakeFiles/_zstd.dir/__/zstd/lib/decompress/zstd_ddict.c.o
[1862/6838] Building C object contrib/zstd-cmake/CMakeFiles/_zstd.dir/__/zstd/lib/compress/zstd_opt.c.o
[1863/6838] Building C object contrib/zstd-cmake/CMakeFiles/_zstd.dir/__/zstd/lib/decompress/huf_decompress.c.o
[1864/6838] Building C object contrib/zstd-cmake/CMakeFiles/_zstd.dir/__/zstd/lib/decompress/zstd_decompress.c.o
[1865/6838] Building C object contrib/zstd-cmake/CMakeFiles/_zstd.dir/__/zstd/lib/decompress/zstd_decompress_block.c.o
[1866/6838] Building C object contrib/zstd-cmake/CMakeFiles/_zstd.dir/__/zstd/lib/dictBuilder/cover.c.o
[1867/6838] Building C object contrib/zstd-cmake/CMakeFiles/_zstd.dir/__/zstd/lib/dictBuilder/fastcover.c.o
[1868/6838] Building C object contrib/zstd-cmake/CMakeFiles/_zstd.dir/__/zstd/lib/dictBuilder/divsufsort.c.o
[1869/6838] Building C object contrib/zstd-cmake/CMakeFiles/_zstd.dir/__/zstd/lib/dictBuilder/zdict.c.o
[1870/6838] Building C object contrib/zstd-cmake/CMakeFiles/_zstd.dir/__/zstd/lib/legacy/zstd_v01.c.o
[1871/6838] Building C object contrib/zstd-cmake/CMakeFiles/_zstd.dir/__/zstd/lib/compress/zstd_lazy.c.o
[1872/6838] Building C object contrib/zstd-cmake/CMakeFiles/_zstd.dir/__/zstd/lib/legacy/zstd_v03.c.o
[1873/6838] Building C object contrib/zstd-cmake/CMakeFiles/_zstd.dir/__/zstd/lib/legacy/zstd_v02.c.o
[1874/6838] Building C object contrib/zstd-cmake/CMakeFiles/_zstd.dir/__/zstd/lib/legacy/zstd_v04.c.o
[1875/6838] Building C object contrib/zstd-cmake/CMakeFiles/_zstd.dir/__/zstd/lib/legacy/zstd_v05.c.o
[1876/6838] Building C object contrib/zstd-cmake/CMakeFiles/_zstd.dir/__/zstd/lib/legacy/zstd_v06.c.o
[1877/6838] Building C object contrib/zstd-cmake/CMakeFiles/_zstd.dir/__/zstd/lib/legacy/zstd_v07.c.o
[1878/6838] Building C object contrib/zxc-cmake/CMakeFiles/_zxc_compress_default.dir/__/zxc/src/lib/zxc_compress.c.o
[1879/6838] Building C object contrib/zxc-cmake/CMakeFiles/_zxc_huffman_default.dir/__/zxc/src/lib/zxc_huffman.c.o
[1880/6838] Building C object contrib/zxc-cmake/CMakeFiles/_zxc_compress_sse2.dir/__/zxc/src/lib/zxc_compress.c.o
[1881/6838] Building C object contrib/zxc-cmake/CMakeFiles/_zxc_huffman_sse2.dir/__/zxc/src/lib/zxc_huffman.c.o
[1882/6838] Building C object contrib/zxc-cmake/CMakeFiles/_zxc_compress_avx2.dir/__/zxc/src/lib/zxc_compress.c.o
[1883/6838] Building C object contrib/zxc-cmake/CMakeFiles/_zxc_huffman_avx2.dir/__/zxc/src/lib/zxc_huffman.c.o
[1884/6838] Building C object contrib/zxc-cmake/CMakeFiles/_zxc_compress_avx512.dir/__/zxc/src/lib/zxc_compress.c.o
[1885/6838] Building C object contrib/zxc-cmake/CMakeFiles/_zxc_decompress_default.dir/__/zxc/src/lib/zxc_decompress.c.o
[1886/6838] Building C object contrib/zxc-cmake/CMakeFiles/_zxc_decompress_sse2.dir/__/zxc/src/lib/zxc_decompress.c.o
[1887/6838] Building C object contrib/zxc-cmake/CMakeFiles/_zxc_huffman_avx512.dir/__/zxc/src/lib/zxc_huffman.c.o
[1888/6838] Building C object contrib/zxc-cmake/CMakeFiles/_zxc.dir/__/zxc/src/lib/zxc_pivco_tables.c.o
[1889/6838] Building C object contrib/zxc-cmake/CMakeFiles/_zxc.dir/__/zxc/src/lib/zxc_common.c.o
[1890/6838] Building C object contrib/zxc-cmake/CMakeFiles/_zxc.dir/__/zxc/src/lib/zxc_dict.c.o
[1891/6838] Building C object contrib/zxc-cmake/CMakeFiles/_zxc.dir/__/zxc/src/lib/zxc_driver.c.o
[1892/6838] Building C object contrib/zxc-cmake/CMakeFiles/_zxc.dir/__/zxc/src/lib/zxc_dispatch.c.o
[1893/6838] Building C object contrib/zxc-cmake/CMakeFiles/_zxc_decompress_avx2.dir/__/zxc/src/lib/zxc_decompress.c.o
[1894/6838] Building C object contrib/zxc-cmake/CMakeFiles/_zxc.dir/__/zxc/src/lib/zxc_pstream.c.o
[1895/6838] Building CXX object contrib/snappy-cmake/CMakeFiles/_snappy.dir/__/snappy/snappy-sinksource.cc.o
[1896/6838] Building C object contrib/zxc-cmake/CMakeFiles/_zxc.dir/__/zxc/src/lib/zxc_seekable.c.o
[1897/6838] Building CXX object contrib/snappy-cmake/CMakeFiles/_snappy.dir/__/snappy/snappy-c.cc.o
[1898/6838] Building CXX object contrib/snappy-cmake/CMakeFiles/_snappy.dir/__/snappy/snappy-stubs-internal.cc.o
[1899/6838] Building C object contrib/StringZilla-cmake/CMakeFiles/_stringzilla.dir/__/StringZilla/c/stringzilla/compare.c.o
[1900/6838] Building C object contrib/StringZilla-cmake/CMakeFiles/_stringzilla.dir/__/StringZilla/c/stringzilla/runtime.c.o
[1901/6838] Building C object contrib/StringZilla-cmake/CMakeFiles/_stringzilla.dir/__/StringZilla/c/stringzilla/memory.c.o
[1902/6838] Building C object contrib/zxc-cmake/CMakeFiles/_zxc_decompress_avx512.dir/__/zxc/src/lib/zxc_decompress.c.o
[1903/6838] Building CXX object contrib/snappy-cmake/CMakeFiles/_snappy.dir/__/snappy/snappy.cc.o
[1904/6838] Building C object contrib/StringZilla-cmake/CMakeFiles/_stringzilla.dir/__/StringZilla/c/stringzilla/hash.c.o
[1905/6838] Building C object contrib/StringZilla-cmake/CMakeFiles/_stringzilla.dir/__/StringZilla/c/stringzilla/find.c.o
[1906/6838] Building C object contrib/StringZilla-cmake/CMakeFiles/_stringzilla.dir/__/StringZilla/c/stringzilla/intersect.c.o
[1907/6838] Building C object contrib/StringZilla-cmake/CMakeFiles/_stringzilla.dir/__/StringZilla/c/stringzilla/sort.c.o
[1908/6838] Building C object contrib/StringZilla-cmake/CMakeFiles/_stringzilla.dir/__/StringZilla/c/stringzilla/utf8_norm.c.o
[1909/6838] Building C object contrib/StringZilla-cmake/CMakeFiles/_stringzilla.dir/__/StringZilla/c/stringzilla/utf8_runes.c.o
[1910/6838] Building C object contrib/StringZilla-cmake/CMakeFiles/_stringzilla.dir/__/StringZilla/c/stringzilla/utf8_tokens.c.o
[1911/6838] Building C object contrib/StringZilla-cmake/CMakeFiles/_stringzilla.dir/__/StringZilla/c/stringzilla/utf8_graphemes.c.o
[1912/6838] Building C object contrib/StringZilla-cmake/CMakeFiles/_stringzilla.dir/__/StringZilla/c/stringzilla/utf8_sentences.c.o
[1913/6838] Building C object contrib/StringZilla-cmake/CMakeFiles/_stringzilla.dir/__/StringZilla/c/stringzilla/utf8_wordbreaks.c.o
[1914/6838] Building C object contrib/libarchive-cmake/CMakeFiles/_libarchive.dir/__/libarchive/libarchive/archive_acl.c.o
[1915/6838] Building C object contrib/StringZilla-cmake/CMakeFiles/_stringzilla.dir/__/StringZilla/c/stringzilla/utf8_uncased_fold.c.o
[1916/6838] Building C object contrib/libarchive-cmake/CMakeFiles/_libarchive.dir/__/libarchive/libarchive/archive_check_magic.c.o
[1917/6838] Building C object contrib/libarchive-cmake/CMakeFiles/_libarchive.dir/__/libarchive/libarchive/archive_cmdline.c.o
[1918/6838] Building C object contrib/libarchive-cmake/CMakeFiles/_libarchive.dir/__/libarchive/libarchive/archive_cryptor.c.o
[1919/6838] Building C object contrib/libarchive-cmake/CMakeFiles/_libarchive.dir/__/libarchive/libarchive/archive_digest.c.o
[1920/6838] Building C object contrib/libarchive-cmake/CMakeFiles/_libarchive.dir/__/libarchive/libarchive/archive_disk_acl_darwin.c.o
[1921/6838] Building C object contrib/libarchive-cmake/CMakeFiles/_libarchive.dir/__/libarchive/libarchive/archive_disk_acl_freebsd.c.o
[1922/6838] Building C object contrib/libarchive-cmake/CMakeFiles/_libarchive.dir/__/libarchive/libarchive/archive_disk_acl_linux.c.o
[1923/6838] Building C object contrib/libarchive-cmake/CMakeFiles/_libarchive.dir/__/libarchive/libarchive/archive_disk_acl_sunos.c.o
[1924/6838] Building C object contrib/libarchive-cmake/CMakeFiles/_libarchive.dir/__/libarchive/libarchive/archive_entry_copy_bhfi.c.o
[1925/6838] Building C object contrib/libarchive-cmake/CMakeFiles/_libarchive.dir/__/libarchive/libarchive/archive_entry_copy_stat.c.o
[1926/6838] Building C object contrib/libarchive-cmake/CMakeFiles/_libarchive.dir/__/libarchive/libarchive/archive_entry_link_resolver.c.o
[1927/6838] Building C object contrib/libarchive-cmake/CMakeFiles/_libarchive.dir/__/libarchive/libarchive/archive_entry.c.o
[1928/6838] Building C object contrib/libarchive-cmake/CMakeFiles/_libarchive.dir/__/libarchive/libarchive/archive_entry_sparse.c.o
[1929/6838] Building C object contrib/libarchive-cmake/CMakeFiles/_libarchive.dir/__/libarchive/libarchive/archive_entry_stat.c.o
[1930/6838] Building C object contrib/StringZilla-cmake/CMakeFiles/_stringzilla.dir/__/StringZilla/c/stringzilla/utf8_linebreaks.c.o
[1931/6838] Building C object contrib/libarchive-cmake/CMakeFiles/_libarchive.dir/__/libarchive/libarchive/archive_entry_strmode.c.o
[1932/6838] Building C object contrib/libarchive-cmake/CMakeFiles/_libarchive.dir/__/libarchive/libarchive/archive_entry_xattr.c.o
[1933/6838] Building C object contrib/libarchive-cmake/CMakeFiles/_libarchive.dir/__/libarchive/libarchive/archive_hmac.c.o
[1934/6838] Building C object contrib/libarchive-cmake/CMakeFiles/_libarchive.dir/__/libarchive/libarchive/archive_options.c.o
[1935/6838] Building C object contrib/libarchive-cmake/CMakeFiles/_libarchive.dir/__/libarchive/libarchive/archive_pack_dev.c.o
[1936/6838] Building C object contrib/libarchive-cmake/CMakeFiles/_libarchive.dir/__/libarchive/libarchive/archive_pathmatch.c.o
[1937/6838] Building C object contrib/libarchive-cmake/CMakeFiles/_libarchive.dir/__/libarchive/libarchive/archive_match.c.o
[1938/6838] Building C object contrib/libarchive-cmake/CMakeFiles/_libarchive.dir/__/libarchive/libarchive/archive_random.c.o
[1939/6838] Building C object contrib/StringZilla-cmake/CMakeFiles/_stringzilla.dir/__/StringZilla/c/stringzilla/utf8_uncased.c.o
[1940/6838] Building C object contrib/libarchive-cmake/CMakeFiles/_libarchive.dir/__/libarchive/libarchive/archive_rb.c.o
[1941/6838] Building C object contrib/libarchive-cmake/CMakeFiles/_libarchive.dir/__/libarchive/libarchive/archive_read_add_passphrase.c.o
[1942/6838] Building C object contrib/libarchive-cmake/CMakeFiles/_libarchive.dir/__/libarchive/libarchive/archive_read_append_filter.c.o
[1943/6838] Building C object contrib/libarchive-cmake/CMakeFiles/_libarchive.dir/__/libarchive/libarchive/archive_ppmd7.c.o
[1944/6838] Building C object contrib/libarchive-cmake/CMakeFiles/_libarchive.dir/__/libarchive/libarchive/archive_read_data_into_fd.c.o
[1945/6838] Building C object contrib/libarchive-cmake/CMakeFiles/_libarchive.dir/__/libarchive/libarchive/archive_read_disk_entry_from_file.c.o
[1946/6838] Building C object contrib/libarchive-cmake/CMakeFiles/_libarchive.dir/__/libarchive/libarchive/archive_ppmd8.c.o
[1947/6838] Building C object contrib/libarchive-cmake/CMakeFiles/_libarchive.dir/__/libarchive/libarchive/archive_read_disk_set_standard_lookup.c.o
[1948/6838] Building C object contrib/libarchive-cmake/CMakeFiles/_libarchive.dir/__/libarchive/libarchive/archive_read_extract2.c.o
[1949/6838] Building C object contrib/libarchive-cmake/CMakeFiles/_libarchive.dir/__/libarchive/libarchive/archive_read.c.o
[1950/6838] Building C object contrib/libarchive-cmake/CMakeFiles/_libarchive.dir/__/libarchive/libarchive/archive_read_extract.c.o
[1951/6838] Building C object contrib/libarchive-cmake/CMakeFiles/_libarchive.dir/__/libarchive/libarchive/archive_read_open_fd.c.o
[1952/6838] Building C object contrib/libarchive-cmake/CMakeFiles/_libarchive.dir/__/libarchive/libarchive/archive_read_open_file.c.o
[1953/6838] Building C object contrib/libarchive-cmake/CMakeFiles/_libarchive.dir/__/libarchive/libarchive/archive_read_disk_posix.c.o
[1954/6838] Building C object contrib/libarchive-cmake/CMakeFiles/_libarchive.dir/__/libarchive/libarchive/archive_read_open_memory.c.o
[1955/6838] Building C object contrib/libarchive-cmake/CMakeFiles/_libarchive.dir/__/libarchive/libarchive/archive_read_open_filename.c.o
[1956/6838] Building C object contrib/libarchive-cmake/CMakeFiles/_libarchive.dir/__/libarchive/libarchive/archive_read_set_format.c.o
[1957/6838] Building C object contrib/libarchive-cmake/CMakeFiles/_libarchive.dir/__/libarchive/libarchive/archive_read_support_filter_all.c.o
[1958/6838] Building C object contrib/libarchive-cmake/CMakeFiles/_libarchive.dir/__/libarchive/libarchive/archive_read_support_filter_by_code.c.o
[1959/6838] Building C object contrib/libarchive-cmake/CMakeFiles/_libarchive.dir/__/libarchive/libarchive/archive_read_set_options.c.o
[1960/6838] Building C object contrib/libarchive-cmake/CMakeFiles/_libarchive.dir/__/libarchive/libarchive/archive_read_support_filter_bzip2.c.o
[1961/6838] Building C object contrib/libarchive-cmake/CMakeFiles/_libarchive.dir/__/libarchive/libarchive/archive_read_support_filter_grzip.c.o
[1962/6838] Building C object contrib/libarchive-cmake/CMakeFiles/_libarchive.dir/__/libarchive/libarchive/archive_read_support_filter_lrzip.c.o
[1963/6838] Building C object contrib/libarchive-cmake/CMakeFiles/_libarchive.dir/__/libarchive/libarchive/archive_read_support_filter_compress.c.o
[1964/6838] Building C object contrib/libarchive-cmake/CMakeFiles/_libarchive.dir/__/libarchive/libarchive/archive_read_support_filter_gzip.c.o
[1965/6838] Building C object contrib/libarchive-cmake/CMakeFiles/_libarchive.dir/__/libarchive/libarchive/archive_read_support_filter_lz4.c.o
[1966/6838] Building C object contrib/libarchive-cmake/CMakeFiles/_libarchive.dir/__/libarchive/libarchive/archive_read_support_filter_none.c.o
[1967/6838] Building C object contrib/libarchive-cmake/CMakeFiles/_libarchive.dir/__/libarchive/libarchive/archive_read_support_filter_lzop.c.o
[1968/6838] Building C object contrib/libarchive-cmake/CMakeFiles/_libarchive.dir/__/libarchive/libarchive/archive_read_support_filter_program.c.o
[1969/6838] Building C object contrib/libarchive-cmake/CMakeFiles/_libarchive.dir/__/libarchive/libarchive/archive_read_support_filter_rpm.c.o
[1970/6838] Building C object contrib/libarchive-cmake/CMakeFiles/_libarchive.dir/__/libarchive/libarchive/archive_read_support_filter_xz.c.o
[1971/6838] Building C object contrib/libarchive-cmake/CMakeFiles/_libarchive.dir/__/libarchive/libarchive/archive_read_support_filter_zstd.c.o
[1972/6838] Building C object contrib/libarchive-cmake/CMakeFiles/_libarchive.dir/__/libarchive/libarchive/archive_read_support_filter_uu.c.o
[1973/6838] Building C object contrib/libarchive-cmake/CMakeFiles/_libarchive.dir/__/libarchive/libarchive/archive_read_support_format_all.c.o
[1974/6838] Building C object contrib/libarchive-cmake/CMakeFiles/_libarchive.dir/__/libarchive/libarchive/archive_read_support_format_by_code.c.o
[1975/6838] Building C object contrib/libarchive-cmake/CMakeFiles/_libarchive.dir/__/libarchive/libarchive/archive_read_support_format_ar.c.o
[1976/6838] Building C object contrib/libarchive-cmake/CMakeFiles/_libarchive.dir/__/libarchive/libarchive/archive_read_support_format_empty.c.o
[1977/6838] Building C object contrib/libarchive-cmake/CMakeFiles/_libarchive.dir/__/libarchive/libarchive/archive_read_support_format_cpio.c.o
[1978/6838] Building C object contrib/libarchive-cmake/CMakeFiles/_libarchive.dir/__/libarchive/libarchive/archive_read_support_format_7zip.c.o
[1979/6838] Building C object contrib/libarchive-cmake/CMakeFiles/_libarchive.dir/__/libarchive/libarchive/archive_read_support_format_iso9660.c.o
[1980/6838] Building C object contrib/libarchive-cmake/CMakeFiles/_libarchive.dir/__/libarchive/libarchive/archive_read_support_format_cab.c.o
[1981/6838] Building C object contrib/libarchive-cmake/CMakeFiles/_libarchive.dir/__/libarchive/libarchive/archive_read_support_format_mtree.c.o
[1982/6838] Building C object contrib/libarchive-cmake/CMakeFiles/_libarchive.dir/__/libarchive/libarchive/archive_read_support_format_lha.c.o
[1983/6838] Building C object contrib/libarchive-cmake/CMakeFiles/_libarchive.dir/__/libarchive/libarchive/archive_read_support_format_raw.c.o
[1984/6838] Building C object contrib/libarchive-cmake/CMakeFiles/_libarchive.dir/__/libarchive/libarchive/archive_read_support_format_rar5.c.o
[1985/6838] Building C object contrib/libarchive-cmake/CMakeFiles/_libarchive.dir/__/libarchive/libarchive/archive_read_support_format_warc.c.o
[1986/6838] Building C object contrib/libarchive-cmake/CMakeFiles/_libarchive.dir/__/libarchive/libarchive/archive_read_support_format_xar.c.o
[1987/6838] Building C object contrib/libarchive-cmake/CMakeFiles/_libarchive.dir/__/libarchive/libarchive/archive_read_support_format_rar.c.o
[1988/6838] Building C object contrib/libarchive-cmake/CMakeFiles/_libarchive.dir/__/libarchive/libarchive/archive_string_sprintf.c.o
[1989/6838] Building C object contrib/libarchive-cmake/CMakeFiles/_libarchive.dir/__/libarchive/libarchive/archive_read_support_format_tar.c.o
[1990/6838] Building C object contrib/libarchive-cmake/CMakeFiles/_libarchive.dir/__/libarchive/libarchive/archive_time.c.o
[1991/6838] Building C object contrib/libarchive-cmake/CMakeFiles/_libarchive.dir/__/libarchive/libarchive/archive_util.c.o
[1992/6838] Building C object contrib/libarchive-cmake/CMakeFiles/_libarchive.dir/__/libarchive/libarchive/archive_version_details.c.o
[1993/6838] Building C object contrib/libarchive-cmake/CMakeFiles/_libarchive.dir/__/libarchive/libarchive/archive_windows.c.o
[1994/6838] Building C object contrib/libarchive-cmake/CMakeFiles/_libarchive.dir/__/libarchive/libarchive/archive_read_support_format_zip.c.o
[1995/6838] Building C object contrib/libarchive-cmake/CMakeFiles/_libarchive.dir/__/libarchive/libarchive/archive_virtual.c.o
[1996/6838] Building C object contrib/libarchive-cmake/CMakeFiles/_libarchive.dir/__/libarchive/libarchive/archive_write_add_filter_by_name.c.o
[1997/6838] Building C object contrib/libarchive-cmake/CMakeFiles/_libarchive.dir/__/libarchive/libarchive/archive_write_add_filter_b64encode.c.o
[1998/6838] Building C object contrib/libarchive-cmake/CMakeFiles/_libarchive.dir/__/libarchive/libarchive/archive_write_add_filter_bzip2.c.o
[1999/6838] Building C object contrib/libarchive-cmake/CMakeFiles/_libarchive.dir/__/libarchive/libarchive/archive_write_add_filter.c.o
[2000/6838] Building C object contrib/libarchive-cmake/CMakeFiles/_libarchive.dir/__/libarchive/libarchive/archive_write_add_filter_grzip.c.o
[2001/6838] Building C object contrib/libarchive-cmake/CMakeFiles/_libarchive.dir/__/libarchive/libarchive/archive_write_add_filter_compress.c.o
[2002/6838] Building C object contrib/libarchive-cmake/CMakeFiles/_libarchive.dir/__/libarchive/libarchive/archive_write_add_filter_lrzip.c.o
[2003/6838] Building C object contrib/libarchive-cmake/CMakeFiles/_libarchive.dir/__/libarchive/libarchive/archive_write_add_filter_gzip.c.o
[2004/6838] Building C object contrib/libarchive-cmake/CMakeFiles/_libarchive.dir/__/libarchive/libarchive/archive_write_add_filter_lz4.c.o
[2005/6838] Building C object contrib/libarchive-cmake/CMakeFiles/_libarchive.dir/__/libarchive/libarchive/archive_write_add_filter_none.c.o
[2006/6838] Building C object contrib/libarchive-cmake/CMakeFiles/_libarchive.dir/__/libarchive/libarchive/archive_write_add_filter_lzop.c.o
[2007/6838] Building C object contrib/libarchive-cmake/CMakeFiles/_libarchive.dir/__/libarchive/libarchive/archive_string.c.o
[2008/6838] Building C object contrib/libarchive-cmake/CMakeFiles/_libarchive.dir/__/libarchive/libarchive/archive_write_add_filter_program.c.o
[2009/6838] Building C object contrib/libarchive-cmake/CMakeFiles/_libarchive.dir/__/libarchive/libarchive/archive_write_add_filter_uuencode.c.o
[2010/6838] Building C object contrib/libarchive-cmake/CMakeFiles/_libarchive.dir/__/libarchive/libarchive/archive_write_add_filter_xz.c.o
[2011/6838] Building C object contrib/libarchive-cmake/CMakeFiles/_libarchive.dir/__/libarchive/libarchive/archive_write_add_filter_zstd.c.o
[2012/6838] Building C object contrib/libarchive-cmake/CMakeFiles/_libarchive.dir/__/libarchive/libarchive/archive_write_disk_windows.c.o
[2013/6838] Building C object contrib/libarchive-cmake/CMakeFiles/_libarchive.dir/__/libarchive/libarchive/archive_write_disk_set_standard_lookup.c.o
[2014/6838] Building C object contrib/libarchive-cmake/CMakeFiles/_libarchive.dir/__/libarchive/libarchive/archive_write_open_fd.c.o
[2015/6838] Building C object contrib/libarchive-cmake/CMakeFiles/_libarchive.dir/__/libarchive/libarchive/archive_write.c.o
[2016/6838] Building C object contrib/libarchive-cmake/CMakeFiles/_libarchive.dir/__/libarchive/libarchive/archive_write_open_file.c.o
[2017/6838] Building C object contrib/libarchive-cmake/CMakeFiles/_libarchive.dir/__/libarchive/libarchive/archive_write_open_filename.c.o
[2018/6838] Building C object contrib/libarchive-cmake/CMakeFiles/_libarchive.dir/__/libarchive/libarchive/archive_write_open_memory.c.o
[2019/6838] Building C object contrib/libarchive-cmake/CMakeFiles/_libarchive.dir/__/libarchive/libarchive/archive_write_set_format_by_name.c.o
[2020/6838] Building C object contrib/libarchive-cmake/CMakeFiles/_libarchive.dir/__/libarchive/libarchive/archive_write_disk_posix.c.o
[2021/6838] Building C object contrib/libarchive-cmake/CMakeFiles/_libarchive.dir/__/libarchive/libarchive/archive_write_set_format_ar.c.o
[2022/6838] Building C object contrib/libarchive-cmake/CMakeFiles/_libarchive.dir/__/libarchive/libarchive/archive_write_set_format_cpio.c.o
[2023/6838] Building C object contrib/libarchive-cmake/CMakeFiles/_libarchive.dir/__/libarchive/libarchive/archive_write_set_format.c.o
[2024/6838] Building C object contrib/libarchive-cmake/CMakeFiles/_libarchive.dir/__/libarchive/libarchive/archive_write_set_format_cpio_binary.c.o
[2025/6838] Building C object contrib/libarchive-cmake/CMakeFiles/_libarchive.dir/__/libarchive/libarchive/archive_write_set_format_cpio_newc.c.o
[2026/6838] Building C object contrib/libarchive-cmake/CMakeFiles/_libarchive.dir/__/libarchive/libarchive/archive_write_set_format_cpio_odc.c.o
[2027/6838] Building C object contrib/libarchive-cmake/CMakeFiles/_libarchive.dir/__/libarchive/libarchive/archive_write_set_format_7zip.c.o
[2028/6838] Building C object contrib/libarchive-cmake/CMakeFiles/_libarchive.dir/__/libarchive/libarchive/archive_write_set_format_filter_by_ext.c.o
[2029/6838] Building C object contrib/libarchive-cmake/CMakeFiles/_libarchive.dir/__/libarchive/libarchive/archive_write_set_format_gnutar.c.o
[2030/6838] Building C object contrib/libarchive-cmake/CMakeFiles/_libarchive.dir/__/libarchive/libarchive/archive_write_set_format_raw.c.o
[2031/6838] Building C object contrib/libarchive-cmake/CMakeFiles/_libarchive.dir/__/libarchive/libarchive/archive_write_set_format_pax.c.o
[2032/6838] Building C object contrib/libarchive-cmake/CMakeFiles/_libarchive.dir/__/libarchive/libarchive/archive_write_set_format_mtree.c.o
[2033/6838] Building C object contrib/libarchive-cmake/CMakeFiles/_libarchive.dir/__/libarchive/libarchive/archive_write_set_format_shar.c.o
[2034/6838] Building C object contrib/libarchive-cmake/CMakeFiles/_libarchive.dir/__/libarchive/libarchive/archive_write_set_format_warc.c.o
[2035/6838] Building C object contrib/libarchive-cmake/CMakeFiles/_libarchive.dir/__/libarchive/libarchive/archive_write_set_format_v7tar.c.o
[2036/6838] Building C object contrib/libarchive-cmake/CMakeFiles/_libarchive.dir/__/libarchive/libarchive/archive_write_set_format_ustar.c.o
[2037/6838] Building C object contrib/libarchive-cmake/CMakeFiles/_libarchive.dir/__/libarchive/libarchive/archive_write_set_format_xar.c.o
[2038/6838] Building C object contrib/libarchive-cmake/CMakeFiles/_libarchive.dir/__/libarchive/libarchive/archive_write_set_options.c.o
[2039/6838] Building C object contrib/libarchive-cmake/CMakeFiles/_libarchive.dir/__/libarchive/libarchive/archive_write_set_passphrase.c.o
[2040/6838] Building C object contrib/libarchive-cmake/CMakeFiles/_libarchive.dir/__/libarchive/libarchive/filter_fork_posix.c.o
[2041/6838] Building C object contrib/libarchive-cmake/CMakeFiles/_libarchive.dir/__/libarchive/libarchive/filter_fork_windows.c.o
[2042/6838] Building C object contrib/libarchive-cmake/CMakeFiles/_libarchive.dir/__/libarchive/libarchive/xxhash.c.o
[2043/6838] Building C object contrib/libarchive-cmake/CMakeFiles/_libarchive.dir/__/libarchive/libarchive/archive_write_set_format_zip.c.o
[2044/6838] Building C object contrib/libfiu-cmake/CMakeFiles/_libfiu.dir/__/libfiu/libfiu/fiu.c.o
[2045/6838] Building C object contrib/libfiu-cmake/CMakeFiles/_libfiu.dir/__/libfiu/libfiu/fiu-rc.c.o
[2046/6838] Building C object contrib/libfiu-cmake/CMakeFiles/_libfiu.dir/__/libfiu/libfiu/backtrace.c.o
[2047/6838] Building C object contrib/libarchive-cmake/CMakeFiles/_libarchive.dir/__/libarchive/libarchive/archive_write_set_format_iso9660.c.o
[2048/6838] Building CXX object contrib/cityhash102/CMakeFiles/_cityhash.dir/src/city.cc.o
[2049/6838] Building C object contrib/libfiu-cmake/CMakeFiles/_libfiu.dir/__/libfiu/libfiu/wtable.c.o
[2050/6838] Building C object contrib/c-ares-cmake/CMakeFiles/_c-ares.dir/__/c-ares/src/lib/ares_addrinfo2hostent.c.o
[2051/6838] Building C object contrib/c-ares-cmake/CMakeFiles/_c-ares.dir/__/c-ares/src/lib/ares_addrinfo_localhost.c.o
[2052/6838] Building C object contrib/c-ares-cmake/CMakeFiles/_c-ares.dir/__/c-ares/src/lib/ares_android.c.o
[2053/6838] Building C object contrib/c-ares-cmake/CMakeFiles/_c-ares.dir/__/c-ares/src/lib/ares_cancel.c.o
[2054/6838] Building C object contrib/c-ares-cmake/CMakeFiles/_c-ares.dir/__/c-ares/src/lib/ares_close_sockets.c.o
[2055/6838] Building CXX object contrib/libfarmhash/CMakeFiles/_farmhash.dir/farmhash.cc.o
[2056/6838] Building C object contrib/c-ares-cmake/CMakeFiles/_c-ares.dir/__/c-ares/src/lib/ares_conn.c.o
[2057/6838] Building C object contrib/c-ares-cmake/CMakeFiles/_c-ares.dir/__/c-ares/src/lib/ares_cookie.c.o
[2058/6838] Building C object contrib/c-ares-cmake/CMakeFiles/_c-ares.dir/__/c-ares/src/lib/ares_data.c.o
[2059/6838] Building C object contrib/c-ares-cmake/CMakeFiles/_c-ares.dir/__/c-ares/src/lib/ares_destroy.c.o
[2060/6838] Building CXX object contrib/fmtlib-cmake/CMakeFiles/_fmt.dir/__/fmtlib/src/os.cc.o
[2061/6838] Building C object contrib/c-ares-cmake/CMakeFiles/_c-ares.dir/__/c-ares/src/lib/ares_free_string.c.o
[2062/6838] Building C object contrib/c-ares-cmake/CMakeFiles/_c-ares.dir/__/c-ares/src/lib/ares_free_hostent.c.o
[2063/6838] Building C object contrib/c-ares-cmake/CMakeFiles/_c-ares.dir/__/c-ares/src/lib/ares_freeaddrinfo.c.o
[2064/6838] Building C object contrib/c-ares-cmake/CMakeFiles/_c-ares.dir/__/c-ares/src/lib/ares_gethostbyaddr.c.o
[2065/6838] Building C object contrib/c-ares-cmake/CMakeFiles/_c-ares.dir/__/c-ares/src/lib/ares_gethostbyname.c.o
[2066/6838] Building C object contrib/c-ares-cmake/CMakeFiles/_c-ares.dir/__/c-ares/src/lib/ares_getaddrinfo.c.o
[2067/6838] Building C object contrib/c-ares-cmake/CMakeFiles/_c-ares.dir/__/c-ares/src/lib/ares_getnameinfo.c.o
[2068/6838] Building C object contrib/c-ares-cmake/CMakeFiles/_c-ares.dir/__/c-ares/src/lib/ares_init.c.o
[2069/6838] Building C object contrib/c-ares-cmake/CMakeFiles/_c-ares.dir/__/c-ares/src/lib/ares_library_init.c.o
[2070/6838] Building C object contrib/c-ares-cmake/CMakeFiles/_c-ares.dir/__/c-ares/src/lib/ares_hosts_file.c.o
[2071/6838] Building C object contrib/c-ares-cmake/CMakeFiles/_c-ares.dir/__/c-ares/src/lib/ares_metrics.c.o
[2072/6838] Building C object contrib/c-ares-cmake/CMakeFiles/_c-ares.dir/__/c-ares/src/lib/ares_parse_into_addrinfo.c.o
[2073/6838] Building C object contrib/c-ares-cmake/CMakeFiles/_c-ares.dir/__/c-ares/src/lib/ares_options.c.o
[2074/6838] Building C object contrib/c-ares-cmake/CMakeFiles/_c-ares.dir/__/c-ares/src/lib/ares_query.c.o
[2075/6838] Building C object contrib/c-ares-cmake/CMakeFiles/_c-ares.dir/__/c-ares/src/lib/ares_qcache.c.o
[2076/6838] Building C object contrib/c-ares-cmake/CMakeFiles/_c-ares.dir/__/c-ares/src/lib/ares_search.c.o
[2077/6838] Building C object contrib/c-ares-cmake/CMakeFiles/_c-ares.dir/__/c-ares/src/lib/ares_send.c.o
[2078/6838] Building C object contrib/c-ares-cmake/CMakeFiles/_c-ares.dir/__/c-ares/src/lib/ares_process.c.o
[2079/6838] Building C object contrib/c-ares-cmake/CMakeFiles/_c-ares.dir/__/c-ares/src/lib/ares_set_socket_functions.c.o
[2080/6838] Building C object contrib/c-ares-cmake/CMakeFiles/_c-ares.dir/__/c-ares/src/lib/ares_socket.c.o
[2081/6838] Building C object contrib/c-ares-cmake/CMakeFiles/_c-ares.dir/__/c-ares/src/lib/ares_strerror.c.o
[2082/6838] Building C object contrib/c-ares-cmake/CMakeFiles/_c-ares.dir/__/c-ares/src/lib/ares_sortaddrinfo.c.o
[2083/6838] Building C object contrib/c-ares-cmake/CMakeFiles/_c-ares.dir/__/c-ares/src/lib/ares_sysconfig.c.o
[2084/6838] Building C object contrib/c-ares-cmake/CMakeFiles/_c-ares.dir/__/c-ares/src/lib/ares_sysconfig_mac.c.o
[2085/6838] Building C object contrib/c-ares-cmake/CMakeFiles/_c-ares.dir/__/c-ares/src/lib/ares_timeout.c.o
[2086/6838] Building C object contrib/c-ares-cmake/CMakeFiles/_c-ares.dir/__/c-ares/src/lib/ares_sysconfig_files.c.o
[2087/6838] Building C object contrib/c-ares-cmake/CMakeFiles/_c-ares.dir/__/c-ares/src/lib/ares_version.c.o
[2088/6838] Building C object contrib/c-ares-cmake/CMakeFiles/_c-ares.dir/__/c-ares/src/lib/ares_update_servers.c.o
[2089/6838] Building C object contrib/c-ares-cmake/CMakeFiles/_c-ares.dir/__/c-ares/src/lib/dsa/ares_array.c.o
[2090/6838] Building C object contrib/c-ares-cmake/CMakeFiles/_c-ares.dir/__/c-ares/src/lib/dsa/ares_htable.c.o
[2091/6838] Building C object contrib/c-ares-cmake/CMakeFiles/_c-ares.dir/__/c-ares/src/lib/dsa/ares_htable_dict.c.o
[2092/6838] Building C object contrib/c-ares-cmake/CMakeFiles/_c-ares.dir/__/c-ares/src/lib/dsa/ares_htable_asvp.c.o
[2093/6838] Building C object contrib/c-ares-cmake/CMakeFiles/_c-ares.dir/__/c-ares/src/lib/dsa/ares_htable_strvp.c.o
[2094/6838] Building C object contrib/c-ares-cmake/CMakeFiles/_c-ares.dir/__/c-ares/src/lib/dsa/ares_htable_vpstr.c.o
[2095/6838] Building C object contrib/c-ares-cmake/CMakeFiles/_c-ares.dir/__/c-ares/src/lib/dsa/ares_htable_szvp.c.o
[2096/6838] Building C object contrib/c-ares-cmake/CMakeFiles/_c-ares.dir/__/c-ares/src/lib/dsa/ares_htable_vpvp.c.o
[2097/6838] Building C object contrib/c-ares-cmake/CMakeFiles/_c-ares.dir/__/c-ares/src/lib/dsa/ares_llist.c.o
[2098/6838] Building C object contrib/c-ares-cmake/CMakeFiles/_c-ares.dir/__/c-ares/src/lib/event/ares_event_configchg.c.o
[2099/6838] Building C object contrib/c-ares-cmake/CMakeFiles/_c-ares.dir/__/c-ares/src/lib/dsa/ares_slist.c.o
[2100/6838] Building C object contrib/c-ares-cmake/CMakeFiles/_c-ares.dir/__/c-ares/src/lib/event/ares_event_epoll.c.o
[2101/6838] Building C object contrib/c-ares-cmake/CMakeFiles/_c-ares.dir/__/c-ares/src/lib/event/ares_event_kqueue.c.o
[2102/6838] Building C object contrib/c-ares-cmake/CMakeFiles/_c-ares.dir/__/c-ares/src/lib/event/ares_event_poll.c.o
[2103/6838] Building C object contrib/c-ares-cmake/CMakeFiles/_c-ares.dir/__/c-ares/src/lib/event/ares_event_select.c.o
[2104/6838] Building C object contrib/c-ares-cmake/CMakeFiles/_c-ares.dir/__/c-ares/src/lib/event/ares_event_thread.c.o
[2105/6838] Building C object contrib/c-ares-cmake/CMakeFiles/_c-ares.dir/__/c-ares/src/lib/event/ares_event_wake_pipe.c.o
[2106/6838] Building C object contrib/c-ares-cmake/CMakeFiles/_c-ares.dir/__/c-ares/src/lib/legacy/ares_create_query.c.o
[2107/6838] Building C object contrib/c-ares-cmake/CMakeFiles/_c-ares.dir/__/c-ares/src/lib/inet_ntop.c.o
[2108/6838] Building C object contrib/c-ares-cmake/CMakeFiles/_c-ares.dir/__/c-ares/src/lib/inet_net_pton.c.o
[2109/6838] Building C object contrib/c-ares-cmake/CMakeFiles/_c-ares.dir/__/c-ares/src/lib/legacy/ares_expand_name.c.o
[2110/6838] Building C object contrib/c-ares-cmake/CMakeFiles/_c-ares.dir/__/c-ares/src/lib/legacy/ares_expand_string.c.o
[2111/6838] Building C object contrib/c-ares-cmake/CMakeFiles/_c-ares.dir/__/c-ares/src/lib/legacy/ares_fds.c.o
[2112/6838] Building C object contrib/c-ares-cmake/CMakeFiles/_c-ares.dir/__/c-ares/src/lib/legacy/ares_getsock.c.o
[2113/6838] Building C object contrib/c-ares-cmake/CMakeFiles/_c-ares.dir/__/c-ares/src/lib/legacy/ares_parse_a_reply.c.o
[2114/6838] Building C object contrib/c-ares-cmake/CMakeFiles/_c-ares.dir/__/c-ares/src/lib/legacy/ares_parse_aaaa_reply.c.o
[2115/6838] Building C object contrib/c-ares-cmake/CMakeFiles/_c-ares.dir/__/c-ares/src/lib/legacy/ares_parse_caa_reply.c.o
[2116/6838] Building C object contrib/c-ares-cmake/CMakeFiles/_c-ares.dir/__/c-ares/src/lib/legacy/ares_parse_mx_reply.c.o
[2117/6838] Building C object contrib/c-ares-cmake/CMakeFiles/_c-ares.dir/__/c-ares/src/lib/legacy/ares_parse_naptr_reply.c.o
[2118/6838] Building C object contrib/c-ares-cmake/CMakeFiles/_c-ares.dir/__/c-ares/src/lib/legacy/ares_parse_ns_reply.c.o
[2119/6838] Building C object contrib/c-ares-cmake/CMakeFiles/_c-ares.dir/__/c-ares/src/lib/legacy/ares_parse_ptr_reply.c.o
[2120/6838] Building C object contrib/c-ares-cmake/CMakeFiles/_c-ares.dir/__/c-ares/src/lib/legacy/ares_parse_soa_reply.c.o
[2121/6838] Building C object contrib/c-ares-cmake/CMakeFiles/_c-ares.dir/__/c-ares/src/lib/legacy/ares_parse_srv_reply.c.o
[2122/6838] Building C object contrib/c-ares-cmake/CMakeFiles/_c-ares.dir/__/c-ares/src/lib/legacy/ares_parse_txt_reply.c.o
[2123/6838] Building C object contrib/c-ares-cmake/CMakeFiles/_c-ares.dir/__/c-ares/src/lib/legacy/ares_parse_uri_reply.c.o
[2124/6838] Building C object contrib/c-ares-cmake/CMakeFiles/_c-ares.dir/__/c-ares/src/lib/record/ares_dns_mapping.c.o
[2125/6838] Building C object contrib/c-ares-cmake/CMakeFiles/_c-ares.dir/__/c-ares/src/lib/record/ares_dns_multistring.c.o
[2126/6838] Building C object contrib/c-ares-cmake/CMakeFiles/_c-ares.dir/__/c-ares/src/lib/record/ares_dns_name.c.o
[2127/6838] Building C object contrib/c-ares-cmake/CMakeFiles/_c-ares.dir/__/c-ares/src/lib/record/ares_dns_parse.c.o
[2128/6838] Building C object contrib/c-ares-cmake/CMakeFiles/_c-ares.dir/__/c-ares/src/lib/record/ares_dns_record.c.o
[2129/6838] Building C object contrib/c-ares-cmake/CMakeFiles/_c-ares.dir/__/c-ares/src/lib/record/ares_dns_write.c.o
[2130/6838] Building C object contrib/c-ares-cmake/CMakeFiles/_c-ares.dir/__/c-ares/src/lib/str/ares_strsplit.c.o
[2131/6838] Building C object contrib/c-ares-cmake/CMakeFiles/_c-ares.dir/__/c-ares/src/lib/str/ares_str.c.o
[2132/6838] Building C object contrib/c-ares-cmake/CMakeFiles/_c-ares.dir/__/c-ares/src/lib/util/ares_iface_ips.c.o
[2133/6838] Building C object contrib/c-ares-cmake/CMakeFiles/_c-ares.dir/__/c-ares/src/lib/util/ares_math.c.o
[2134/6838] Building C object contrib/c-ares-cmake/CMakeFiles/_c-ares.dir/__/c-ares/src/lib/str/ares_buf.c.o
[2135/6838] Building C object contrib/c-ares-cmake/CMakeFiles/_c-ares.dir/__/c-ares/src/lib/util/ares_threads.c.o
[2136/6838] Building C object contrib/c-ares-cmake/CMakeFiles/_c-ares.dir/__/c-ares/src/lib/util/ares_rand.c.o
[2137/6838] Building C object contrib/c-ares-cmake/CMakeFiles/_c-ares.dir/__/c-ares/src/lib/util/ares_timeval.c.o
[2138/6838] Building CXX object contrib/crc32c-cmake/CMakeFiles/_crc32c.dir/__/crc32c/src/crc32c_portable.cc.o
[2139/6838] Building C object contrib/c-ares-cmake/CMakeFiles/_c-ares.dir/__/c-ares/src/lib/util/ares_uri.c.o
[2140/6838] Building C object contrib/xxHash-cmake/CMakeFiles/xxHash.dir/__/xxHash/xxhash.c.o
[2141/6838] Building CXX object contrib/crc32c-cmake/CMakeFiles/_crc32c.dir/__/crc32c/src/crc32c_sse42.cc.o
[2142/6838] Building C object contrib/sha3iuf-cmake/CMakeFiles/_sha3iuf.dir/__/SHA3IUF/sha3.c.o
[2143/6838] Building CXX object contrib/crc32c-cmake/CMakeFiles/_crc32c.dir/__/crc32c/src/crc32c.cc.o
[2144/6838] Building CXX object contrib/fmtlib-cmake/CMakeFiles/_fmt.dir/__/fmtlib/src/format.cc.o
[2145/6838] Building CXX object base/base/CMakeFiles/common.dir/demangle.cpp.o
[2146/6838] Building CXX object base/base/CMakeFiles/common.dir/getL2CacheSize.cpp.o
[2147/6838] Building CXX object base/base/CMakeFiles/common.dir/getAvailableMemoryAmount.cpp.o
[2148/6838] Building CXX object base/base/CMakeFiles/common.dir/Decimal.cpp.o
[2149/6838] Building CXX object base/base/CMakeFiles/common.dir/getThreadId.cpp.o
[2150/6838] Building CXX object base/base/CMakeFiles/common.dir/getFQDNOrHostName.cpp.o
[2151/6838] Building CXX object base/base/CMakeFiles/common.dir/getPageSize.cpp.o
[2152/6838] Building CXX object base/base/CMakeFiles/common.dir/getMemoryAmount.cpp.o
[2153/6838] Building CXX object base/base/CMakeFiles/common.dir/int8_to_string.cpp.o
[2154/6838] Building CXX object base/base/CMakeFiles/common.dir/mremap.cpp.o
[2155/6838] Building CXX object base/base/CMakeFiles/common.dir/openpty.cpp.o
[2156/6838] Building CXX object base/base/CMakeFiles/common.dir/IPv4andIPv6.cpp.o
[2157/6838] Building CXX object base/base/CMakeFiles/common.dir/preciseExp10.cpp.o
[2158/6838] Building CXX object base/base/CMakeFiles/common.dir/shift10.cpp.o
[2159/6838] Building CXX object base/base/CMakeFiles/common.dir/JSON.cpp.o
[2160/6838] Building CXX object base/base/CMakeFiles/common.dir/phdr_cache.cpp.o
[2161/6838] Building CXX object base/base/CMakeFiles/common.dir/itoa.cpp.o
[2162/6838] Building CXX object base/base/CMakeFiles/common.dir/safeExit.cpp.o
[2163/6838] Building CXX object base/base/CMakeFiles/common.dir/throwError.cpp.o
[2164/6838] Building CXX object base/base/CMakeFiles/common.dir/sleep.cpp.o
[2165/6838] Building CXX object base/base/CMakeFiles/common.dir/GitHash.generated.cpp.o
[2166/6838] Building CXX object base/base/CMakeFiles/common.dir/terminalColors.cpp.o
[2167/6838] Building CXX object base/base/CMakeFiles/common.dir/Numa.cpp.o
[2168/6838] Building C object base/poco/Foundation/CMakeFiles/_poco_foundation_pcre.dir/src/pcre_byte_order.c.o
[2169/6838] Building C object base/poco/Foundation/CMakeFiles/_poco_foundation_pcre.dir/src/pcre_chartables.c.o
[2170/6838] Building C object base/poco/Foundation/CMakeFiles/_poco_foundation_pcre.dir/src/pcre_config.c.o
[2171/6838] Building CXX object base/base/CMakeFiles/common.dir/errnoToString.cpp.o
[2172/6838] Building CXX object base/base/CMakeFiles/common.dir/wide_integer_to_string.cpp.o
[2173/6838] Building C object base/poco/Foundation/CMakeFiles/_poco_foundation_pcre.dir/src/pcre_fullinfo.c.o
[2174/6838] Building C object base/poco/Foundation/CMakeFiles/_poco_foundation_pcre.dir/src/pcre_get.c.o
[2175/6838] Building C object base/poco/Foundation/CMakeFiles/_poco_foundation_pcre.dir/src/pcre_dfa_exec.c.o
[2176/6838] Building C object base/poco/Foundation/CMakeFiles/_poco_foundation_pcre.dir/src/pcre_globals.c.o
[2177/6838] Building C object base/poco/Foundation/CMakeFiles/_poco_foundation_pcre.dir/src/pcre_jit_compile.c.o
[2178/6838] Building C object base/poco/Foundation/CMakeFiles/_poco_foundation_pcre.dir/src/pcre_maketables.c.o
[2179/6838] Building C object base/poco/Foundation/CMakeFiles/_poco_foundation_pcre.dir/src/pcre_newline.c.o
[2180/6838] Building C object base/poco/Foundation/CMakeFiles/_poco_foundation_pcre.dir/src/pcre_refcount.c.o
[2181/6838] Building C object base/poco/Foundation/CMakeFiles/_poco_foundation_pcre.dir/src/pcre_ord2utf8.c.o
[2182/6838] Building C object base/poco/Foundation/CMakeFiles/_poco_foundation_pcre.dir/src/pcre_string_utils.c.o
[2183/6838] Building C object base/poco/Foundation/CMakeFiles/_poco_foundation_pcre.dir/src/pcre_tables.c.o
[2184/6838] Building C object base/poco/Foundation/CMakeFiles/_poco_foundation_pcre.dir/src/pcre_ucd.c.o
[2185/6838] Building C object base/poco/Foundation/CMakeFiles/_poco_foundation_pcre.dir/src/pcre_study.c.o
[2186/6838] Building C object base/poco/Foundation/CMakeFiles/_poco_foundation_pcre.dir/src/pcre_valid_utf8.c.o
[2187/6838] Building C object base/poco/Foundation/CMakeFiles/_poco_foundation_pcre.dir/src/pcre_version.c.o
[2188/6838] Building C object base/poco/Foundation/CMakeFiles/_poco_foundation_pcre.dir/src/pcre_compile.c.o
[2189/6838] Building C object base/poco/Foundation/CMakeFiles/_poco_foundation_pcre.dir/src/pcre_xclass.c.o
[2190/6838] Building CXX object base/poco/Foundation/CMakeFiles/_poco_foundation.dir/src/AbstractObserver.cpp.o
[2191/6838] Building CXX object base/poco/Foundation/CMakeFiles/_poco_foundation.dir/src/Ascii.cpp.o
[2192/6838] Building CXX object base/poco/Foundation/CMakeFiles/_poco_foundation.dir/src/ActiveDispatcher.cpp.o
[2193/6838] Building CXX object base/poco/Foundation/CMakeFiles/_poco_foundation.dir/src/ArchiveStrategy.cpp.o
[2194/6838] Building CXX object base/poco/Foundation/CMakeFiles/_poco_foundation.dir/src/ASCIIEncoding.cpp.o
[2195/6838] Building C object base/poco/Foundation/CMakeFiles/_poco_foundation_pcre.dir/src/pcre_exec.c.o
[2196/6838] Building CXX object base/poco/Foundation/CMakeFiles/_poco_foundation.dir/src/AtomicCounter.cpp.o
[2197/6838] Building CXX object base/poco/Foundation/CMakeFiles/_poco_foundation.dir/src/AsyncChannel.cpp.o
[2198/6838] Building CXX object base/poco/Foundation/CMakeFiles/_poco_foundation.dir/src/Base64Decoder.cpp.o
[2199/6838] Building CXX object base/poco/Foundation/CMakeFiles/_poco_foundation.dir/src/Base64Encoder.cpp.o
[2200/6838] Building CXX object base/poco/Foundation/CMakeFiles/_poco_foundation.dir/src/Bugcheck.cpp.o
[2201/6838] Building CXX object base/poco/Foundation/CMakeFiles/_poco_foundation.dir/src/BinaryReader.cpp.o
[2202/6838] Building CXX object base/poco/Foundation/CMakeFiles/_poco_foundation.dir/src/ByteOrder.cpp.o
[2203/6838] Building CXX object base/poco/Foundation/CMakeFiles/_poco_foundation.dir/src/BinaryWriter.cpp.o
[2204/6838] Building CXX object base/poco/Foundation/CMakeFiles/_poco_foundation.dir/src/Checksum.cpp.o
[2205/6838] Building CXX object base/poco/Foundation/CMakeFiles/_poco_foundation.dir/src/Channel.cpp.o
[2206/6838] Building CXX object base/poco/Foundation/CMakeFiles/_poco_foundation.dir/src/Clock.cpp.o
[2207/6838] Building CXX object base/poco/Foundation/CMakeFiles/_poco_foundation.dir/src/Configurable.cpp.o
[2208/6838] Building CXX object base/poco/Foundation/CMakeFiles/_poco_foundation.dir/src/Condition.cpp.o
[2209/6838] Building CXX object base/poco/Foundation/CMakeFiles/_poco_foundation.dir/src/CompressedLogFile.cpp.o
[2210/6838] Building CXX object base/poco/Foundation/CMakeFiles/_poco_foundation.dir/src/DateTimeFormat.cpp.o
[2211/6838] Building CXX object base/poco/Foundation/CMakeFiles/_poco_foundation.dir/src/DateTime.cpp.o
[2212/6838] Building CXX object base/poco/Foundation/CMakeFiles/_poco_foundation.dir/src/CountingStream.cpp.o
[2213/6838] Building CXX object base/poco/Foundation/CMakeFiles/_poco_foundation.dir/src/ConsoleChannel.cpp.o
[2214/6838] Building CXX object base/poco/Foundation/CMakeFiles/_poco_foundation.dir/src/DateTimeFormatter.cpp.o
[2215/6838] Building CXX object base/poco/Foundation/CMakeFiles/_poco_foundation.dir/src/DateTimeParser.cpp.o
[2216/6838] Building CXX object base/poco/Foundation/CMakeFiles/_poco_foundation.dir/src/Debugger.cpp.o
[2217/6838] Building CXX object base/poco/Foundation/CMakeFiles/_poco_foundation.dir/src/DigestEngine.cpp.o
[2218/6838] Building CXX object base/poco/Foundation/CMakeFiles/_poco_foundation.dir/src/DirectoryIterator.cpp.o
[2219/6838] Building CXX object base/poco/Foundation/CMakeFiles/_poco_foundation.dir/src/DeflatingStream.cpp.o
[2220/6838] Building CXX object base/poco/Foundation/CMakeFiles/_poco_foundation.dir/src/DigestStream.cpp.o
[2221/6838] Building CXX object base/poco/Foundation/CMakeFiles/_poco_foundation.dir/src/Error.cpp.o
[2222/6838] Building CXX object base/poco/Foundation/CMakeFiles/_poco_foundation.dir/src/Environment.cpp.o
[2223/6838] Building CXX object base/poco/Foundation/CMakeFiles/_poco_foundation.dir/src/Event.cpp.o
[2224/6838] Building CXX object base/poco/Foundation/CMakeFiles/_poco_foundation.dir/src/EventArgs.cpp.o
[2225/6838] Building CXX object base/poco/Foundation/CMakeFiles/_poco_foundation.dir/src/ErrorHandler.cpp.o
[2226/6838] Building CXX object base/poco/Foundation/CMakeFiles/_poco_foundation.dir/src/DirectoryIteratorStrategy.cpp.o
[2227/6838] Building CXX object base/poco/Foundation/CMakeFiles/_poco_foundation.dir/src/EventChannel.cpp.o
[2228/6838] Building CXX object base/poco/Foundation/CMakeFiles/_poco_foundation.dir/src/Exception.cpp.o
[2229/6838] Building CXX object base/poco/Foundation/CMakeFiles/_poco_foundation.dir/src/File.cpp.o
[2230/6838] Building CXX object base/poco/Foundation/CMakeFiles/_poco_foundation.dir/src/FIFOBufferStream.cpp.o
[2231/6838] Building CXX object base/poco/Foundation/CMakeFiles/_poco_foundation.dir/src/FileStream.cpp.o
[2232/6838] Building CXX object base/poco/Foundation/CMakeFiles/_poco_foundation.dir/src/FileStreamFactory.cpp.o
[2233/6838] Building CXX object base/poco/Foundation/CMakeFiles/_poco_foundation.dir/src/Formatter.cpp.o
[2234/6838] Building CXX object base/poco/Foundation/CMakeFiles/_poco_foundation.dir/src/FileChannel.cpp.o
[2235/6838] Building CXX object base/poco/Foundation/CMakeFiles/_poco_foundation.dir/src/Format.cpp.o
[2236/6838] Building CXX object base/poco/Foundation/CMakeFiles/_poco_foundation.dir/src/FPEnvironment.cpp.o
[2237/6838] Building CXX object base/poco/Foundation/CMakeFiles/_poco_foundation.dir/src/Hash.cpp.o
[2238/6838] Building CXX object base/poco/Foundation/CMakeFiles/_poco_foundation.dir/src/FormattingChannel.cpp.o
[2239/6838] Building CXX object base/poco/Foundation/CMakeFiles/_poco_foundation.dir/src/Glob.cpp.o
[2240/6838] Building CXX object base/poco/Foundation/CMakeFiles/_poco_foundation.dir/src/HexBinaryDecoder.cpp.o
[2241/6838] Building CXX object base/poco/Foundation/CMakeFiles/_poco_foundation.dir/src/HashStatistic.cpp.o
[2242/6838] Building CXX object base/poco/Foundation/CMakeFiles/_poco_foundation.dir/src/HexBinaryEncoder.cpp.o
[2243/6838] Building CXX object base/poco/Foundation/CMakeFiles/_poco_foundation.dir/src/JSONString.cpp.o
[2244/6838] Building CXX object base/poco/Foundation/CMakeFiles/_poco_foundation.dir/src/LocalDateTime.cpp.o
[2245/6838] Building CXX object base/poco/Foundation/CMakeFiles/_poco_foundation.dir/src/InflatingStream.cpp.o
[2246/6838] Building CXX object base/poco/Foundation/CMakeFiles/_poco_foundation.dir/src/LineEndingConverter.cpp.o
[2247/6838] Building CXX object base/poco/Foundation/CMakeFiles/_poco_foundation.dir/src/LogFile.cpp.o
[2248/6838] Building CXX object base/poco/Foundation/CMakeFiles/_poco_foundation.dir/src/LoggingRegistry.cpp.o
[2249/6838] Building CXX object base/poco/Foundation/CMakeFiles/_poco_foundation.dir/src/Logger.cpp.o
[2250/6838] Building CXX object base/poco/Foundation/CMakeFiles/_poco_foundation.dir/src/LoggingFactory.cpp.o
[2251/6838] Building CXX object base/poco/Foundation/CMakeFiles/_poco_foundation.dir/src/MD5Engine.cpp.o
[2252/6838] Building CXX object base/poco/Foundation/CMakeFiles/_poco_foundation.dir/src/MemoryStream.cpp.o
[2253/6838] Building CXX object base/poco/Foundation/CMakeFiles/_poco_foundation.dir/src/Mutex.cpp.o
[2254/6838] Building CXX object base/poco/Foundation/CMakeFiles/_poco_foundation.dir/src/NamedEvent.cpp.o
[2255/6838] Building CXX object base/poco/Foundation/CMakeFiles/_poco_foundation.dir/src/Message.cpp.o
[2256/6838] Building CXX object base/poco/Foundation/CMakeFiles/_poco_foundation.dir/src/NamedMutex.cpp.o
[2257/6838] Building CXX object base/poco/Foundation/CMakeFiles/_poco_foundation.dir/src/Notification.cpp.o
[2258/6838] Building CXX object base/poco/Foundation/CMakeFiles/_poco_foundation.dir/src/NestedDiagnosticContext.cpp.o
[2259/6838] Building CXX object base/poco/Foundation/CMakeFiles/_poco_foundation.dir/src/NullChannel.cpp.o
[2260/6838] Building CXX object base/poco/Foundation/CMakeFiles/_poco_foundation.dir/src/NotificationCenter.cpp.o
[2261/6838] Building CXX object base/poco/Foundation/CMakeFiles/_poco_foundation.dir/src/NotificationQueue.cpp.o
[2262/6838] Building CXX object base/poco/Foundation/CMakeFiles/_poco_foundation.dir/src/NullStream.cpp.o
[2263/6838] Building CXX object base/poco/Foundation/CMakeFiles/_poco_foundation.dir/src/NumberParser.cpp.o
[2264/6838] Building CXX object base/poco/Foundation/CMakeFiles/_poco_foundation.dir/src/NumberFormatter.cpp.o
[2265/6838] Building CXX object base/poco/Foundation/CMakeFiles/_poco_foundation.dir/src/NumericString.cpp.o
[2266/6838] Building CXX object base/poco/Foundation/CMakeFiles/_poco_foundation.dir/src/Pipe.cpp.o
[2267/6838] Building CXX object base/poco/Foundation/CMakeFiles/_poco_foundation.dir/src/PatternFormatter.cpp.o
[2268/6838] Building CXX object base/poco/Foundation/CMakeFiles/_poco_foundation.dir/src/PipeImpl.cpp.o
[2269/6838] Building CXX object base/poco/Foundation/CMakeFiles/_poco_foundation.dir/src/Path.cpp.o
[2270/6838] Building CXX object base/poco/Foundation/CMakeFiles/_poco_foundation.dir/src/PurgeStrategy.cpp.o
[2271/6838] Building CXX object base/poco/Foundation/CMakeFiles/_poco_foundation.dir/src/Random.cpp.o
[2272/6838] Building CXX object base/poco/Foundation/CMakeFiles/_poco_foundation.dir/src/Process.cpp.o
[2273/6838] Building CXX object base/poco/Foundation/CMakeFiles/_poco_foundation.dir/src/PriorityNotificationQueue.cpp.o
[2274/6838] Building CXX object base/poco/Foundation/CMakeFiles/_poco_foundation.dir/src/RefCountedObject.cpp.o
[2275/6838] Building CXX object base/poco/Foundation/CMakeFiles/_poco_foundation.dir/src/RandomStream.cpp.o
[2276/6838] Building CXX object base/poco/Foundation/CMakeFiles/_poco_foundation.dir/src/RegularExpression.cpp.o
[2277/6838] Building CXX object base/poco/Foundation/CMakeFiles/_poco_foundation.dir/src/RWLock.cpp.o
[2278/6838] Building CXX object base/poco/Foundation/CMakeFiles/_poco_foundation.dir/src/Runnable.cpp.o
[2279/6838] Building CXX object base/poco/Foundation/CMakeFiles/_poco_foundation.dir/src/RotateStrategy.cpp.o
[2280/6838] Building CXX object base/poco/Foundation/CMakeFiles/_poco_foundation.dir/src/Semaphore.cpp.o
[2281/6838] Building CXX object base/poco/Foundation/CMakeFiles/_poco_foundation.dir/src/SharedLibrary.cpp.o
[2282/6838] Building CXX object base/poco/Foundation/CMakeFiles/_poco_foundation.dir/src/SHA1Engine.cpp.o
[2283/6838] Building CXX object base/poco/Foundation/CMakeFiles/_poco_foundation.dir/src/SharedMemory.cpp.o
[2284/6838] Building CXX object base/poco/Foundation/CMakeFiles/_poco_foundation.dir/src/SignalHandler.cpp.o
[2285/6838] Building CXX object base/poco/Foundation/CMakeFiles/_poco_foundation.dir/src/Stopwatch.cpp.o
[2286/6838] Building CXX object base/poco/Foundation/CMakeFiles/_poco_foundation.dir/src/SimpleFileChannel.cpp.o
[2287/6838] Building CXX object base/poco/Foundation/CMakeFiles/_poco_foundation.dir/src/SortedDirectoryIterator.cpp.o
[2288/6838] Building CXX object base/poco/Foundation/CMakeFiles/_poco_foundation.dir/src/SplitterChannel.cpp.o
[2289/6838] Building CXX object base/poco/Foundation/CMakeFiles/_poco_foundation.dir/src/String.cpp.o
[2290/6838] Building CXX object base/poco/Foundation/CMakeFiles/_poco_foundation.dir/src/StreamChannel.cpp.o
[2291/6838] Building CXX object base/poco/Foundation/CMakeFiles/_poco_foundation.dir/src/StreamConverter.cpp.o
[2292/6838] Building CXX object base/poco/Foundation/CMakeFiles/_poco_foundation.dir/src/StreamCopier.cpp.o
[2293/6838] Building CXX object base/poco/Foundation/CMakeFiles/_poco_foundation.dir/src/SyslogChannel.cpp.o
[2294/6838] Building CXX object base/poco/Foundation/CMakeFiles/_poco_foundation.dir/src/StringTokenizer.cpp.o
[2295/6838] Building CXX object base/poco/Foundation/CMakeFiles/_poco_foundation.dir/src/Task.cpp.o
[2296/6838] Building CXX object base/poco/Foundation/CMakeFiles/_poco_foundation.dir/src/TaskManager.cpp.o
[2297/6838] Building CXX object base/poco/Foundation/CMakeFiles/_poco_foundation.dir/src/TaskNotification.cpp.o
[2298/6838] Building CXX object base/poco/Foundation/CMakeFiles/_poco_foundation.dir/src/TextBufferIterator.cpp.o
[2299/6838] Building CXX object base/poco/Foundation/CMakeFiles/_poco_foundation.dir/src/TeeStream.cpp.o
[2300/6838] Building CXX object base/poco/Foundation/CMakeFiles/_poco_foundation.dir/src/TextConverter.cpp.o
[2301/6838] Building CXX object base/poco/Foundation/CMakeFiles/_poco_foundation.dir/src/TemporaryFile.cpp.o
[2302/6838] Building CXX object base/poco/Foundation/CMakeFiles/_poco_foundation.dir/src/TextIterator.cpp.o
[2303/6838] Building CXX object base/poco/Foundation/CMakeFiles/_poco_foundation.dir/src/TextEncoding.cpp.o
[2304/6838] Building CXX object base/poco/Foundation/CMakeFiles/_poco_foundation.dir/src/ThreadTarget.cpp.o
[2305/6838] Building CXX object base/poco/Foundation/CMakeFiles/_poco_foundation.dir/src/ThreadLocal.cpp.o
[2306/6838] Building CXX object base/poco/Foundation/CMakeFiles/_poco_foundation.dir/src/Thread.cpp.o
[2307/6838] Building CXX object base/poco/Foundation/CMakeFiles/_poco_foundation.dir/src/Timespan.cpp.o
[2308/6838] Building CXX object base/poco/Foundation/CMakeFiles/_poco_foundation.dir/src/TimedNotificationQueue.cpp.o
[2309/6838] Building CXX object base/poco/Foundation/CMakeFiles/_poco_foundation.dir/src/Timer.cpp.o
[2310/6838] Building CXX object base/poco/Foundation/CMakeFiles/_poco_foundation.dir/src/Timezone.cpp.o
[2311/6838] Building CXX object base/poco/Foundation/CMakeFiles/_poco_foundation.dir/src/Timestamp.cpp.o
[2312/6838] Building CXX object base/poco/Foundation/CMakeFiles/_poco_foundation.dir/src/ThreadPool.cpp.o
[2313/6838] Building CXX object base/poco/Foundation/CMakeFiles/_poco_foundation.dir/src/Token.cpp.o
[2314/6838] Building CXX object base/poco/Foundation/CMakeFiles/_poco_foundation.dir/src/Unicode.cpp.o
[2315/6838] Building CXX object base/poco/Foundation/CMakeFiles/_poco_foundation.dir/src/UnicodeConverter.cpp.o
[2316/6838] Building CXX object base/poco/Foundation/CMakeFiles/_poco_foundation.dir/src/URIStreamFactory.cpp.o
[2317/6838] Building CXX object base/poco/Foundation/CMakeFiles/_poco_foundation.dir/src/URIStreamOpener.cpp.o
[2318/6838] Building CXX object base/poco/Foundation/CMakeFiles/_poco_foundation.dir/src/UTF16Encoding.cpp.o
[2319/6838] Building CXX object base/poco/Foundation/CMakeFiles/_poco_foundation.dir/src/URI.cpp.o
[2320/6838] Building CXX object base/poco/Foundation/CMakeFiles/_poco_foundation.dir/src/UTF32Encoding.cpp.o
[2321/6838] Building CXX object base/poco/Foundation/CMakeFiles/_poco_foundation.dir/src/UTF8Encoding.cpp.o
[2322/6838] Building CXX object base/poco/Foundation/CMakeFiles/_poco_foundation.dir/src/UTF8String.cpp.o
[2323/6838] Building CXX object base/poco/Foundation/CMakeFiles/_poco_foundation.dir/src/UUID.cpp.o
[2324/6838] Building CXX object base/poco/Foundation/CMakeFiles/_poco_foundation.dir/src/UUIDGenerator.cpp.o
[2325/6838] Building CXX object base/poco/Foundation/CMakeFiles/_poco_foundation.dir/src/Void.cpp.o
[2326/6838] Building C object base/poco/JSON/CMakeFiles/_poco_json_pdjson.dir/src/pdjson.c.o
[2327/6838] Building CXX object base/poco/Foundation/CMakeFiles/_poco_foundation.dir/src/VarHolder.cpp.o
[2328/6838] Building CXX object base/poco/Foundation/CMakeFiles/_poco_foundation.dir/src/VarIterator.cpp.o
[2329/6838] Building CXX object base/poco/JSON/CMakeFiles/_poco_json.dir/src/JSONException.cpp.o
[2330/6838] Building CXX object base/poco/Foundation/CMakeFiles/_poco_foundation.dir/src/Var.cpp.o
[2331/6838] Building CXX object base/poco/JSON/CMakeFiles/_poco_json.dir/src/Handler.cpp.o
[2332/6838] Building CXX object base/poco/JSON/CMakeFiles/_poco_json.dir/src/Array.cpp.o
[2333/6838] Building CXX object base/poco/JSON/CMakeFiles/_poco_json.dir/src/Parser.cpp.o
[2334/6838] Building CXX object base/poco/JSON/CMakeFiles/_poco_json.dir/src/ParseHandler.cpp.o
[2335/6838] Building CXX object base/poco/JSON/CMakeFiles/_poco_json.dir/src/ParserImpl.cpp.o
[2336/6838] Building CXX object base/poco/JSON/CMakeFiles/_poco_json.dir/src/Object.cpp.o
[2337/6838] Building CXX object base/poco/JSON/CMakeFiles/_poco_json.dir/src/PrintHandler.cpp.o
[2338/6838] Building CXX object base/poco/JSON/CMakeFiles/_poco_json.dir/src/Query.cpp.o
[2339/6838] Building CXX object base/poco/Net/CMakeFiles/_poco_net.dir/src/AbstractHTTPRequestHandler.cpp.o
[2340/6838] Building CXX object base/poco/Net/CMakeFiles/_poco_net.dir/src/DatagramSocket.cpp.o
[2341/6838] Building CXX object base/poco/Net/CMakeFiles/_poco_net.dir/src/DNS.cpp.o
[2342/6838] Building CXX object base/poco/JSON/CMakeFiles/_poco_json.dir/src/Stringifier.cpp.o
[2343/6838] Building CXX object base/poco/Net/CMakeFiles/_poco_net.dir/src/DatagramSocketImpl.cpp.o
[2344/6838] Building CXX object base/poco/Net/CMakeFiles/_poco_net.dir/src/FilePartSource.cpp.o
[2345/6838] Building CXX object base/poco/Net/CMakeFiles/_poco_net.dir/src/DialogSocket.cpp.o
[2346/6838] Building CXX object base/poco/Net/CMakeFiles/_poco_net.dir/src/HTTPAuthenticationParams.cpp.o
[2347/6838] Building CXX object base/poco/Net/CMakeFiles/_poco_net.dir/src/HTMLForm.cpp.o
[2348/6838] Building CXX object base/poco/Net/CMakeFiles/_poco_net.dir/src/HTTPBasicCredentials.cpp.o
[2349/6838] Building CXX object base/poco/Net/CMakeFiles/_poco_net.dir/src/HTTPChunkedStream.cpp.o
[2350/6838] Building CXX object base/poco/Net/CMakeFiles/_poco_net.dir/src/HTTPCookie.cpp.o
[2351/6838] Building CXX object base/poco/Net/CMakeFiles/_poco_net.dir/src/HTTPCredentials.cpp.o
[2352/6838] Building CXX object base/poco/Net/CMakeFiles/_poco_net.dir/src/HTTPClientSession.cpp.o
[2353/6838] Building CXX object base/poco/Net/CMakeFiles/_poco_net.dir/src/HTTPDigestCredentials.cpp.o
[2354/6838] Building CXX object base/poco/Net/CMakeFiles/_poco_net.dir/src/HTTPFixedLengthStream.cpp.o
[2355/6838] Building CXX object base/poco/Net/CMakeFiles/_poco_net.dir/src/HTTPHeaderStream.cpp.o
[2356/6838] Building CXX object base/poco/Net/CMakeFiles/_poco_net.dir/src/HTTPIOStream.cpp.o
[2357/6838] Building CXX object base/poco/Net/CMakeFiles/_poco_net.dir/src/HTTPRequestHandler.cpp.o
[2358/6838] Building CXX object base/poco/Net/CMakeFiles/_poco_net.dir/src/HTTPRequest.cpp.o
[2359/6838] Building CXX object base/poco/Net/CMakeFiles/_poco_net.dir/src/HTTPRequestHandlerFactory.cpp.o
[2360/6838] Building CXX object base/poco/Net/CMakeFiles/_poco_net.dir/src/HTTPResponse.cpp.o
[2361/6838] Building CXX object base/poco/Net/CMakeFiles/_poco_net.dir/src/HTTPMessage.cpp.o
[2362/6838] Building CXX object base/poco/Net/CMakeFiles/_poco_net.dir/src/HTTPServer.cpp.o
[2363/6838] Building CXX object base/poco/Net/CMakeFiles/_poco_net.dir/src/HTTPServerConnection.cpp.o
[2364/6838] Building CXX object base/poco/Net/CMakeFiles/_poco_net.dir/src/HTTPServerParams.cpp.o
[2365/6838] Building CXX object base/poco/Net/CMakeFiles/_poco_net.dir/src/HTTPServerConnectionFactory.cpp.o
[2366/6838] Building CXX object base/poco/Net/CMakeFiles/_poco_net.dir/src/HTTPServerRequest.cpp.o
[2367/6838] Building CXX object base/poco/Net/CMakeFiles/_poco_net.dir/src/HTTPServerResponse.cpp.o
[2368/6838] Building CXX object base/poco/Net/CMakeFiles/_poco_net.dir/src/HTTPServerRequestImpl.cpp.o
[2369/6838] Building CXX object base/poco/Net/CMakeFiles/_poco_net.dir/src/HTTPServerResponseImpl.cpp.o
[2370/6838] Building CXX object base/poco/Net/CMakeFiles/_poco_net.dir/src/HTTPServerSession.cpp.o
[2371/6838] Building CXX object base/poco/Net/CMakeFiles/_poco_net.dir/src/HTTPSession.cpp.o
[2372/6838] Building CXX object base/poco/Net/CMakeFiles/_poco_net.dir/src/HTTPSessionFactory.cpp.o
[2373/6838] Building CXX object base/poco/Net/CMakeFiles/_poco_net.dir/src/HTTPSessionInstantiator.cpp.o
[2374/6838] Building CXX object base/poco/Net/CMakeFiles/_poco_net.dir/src/HTTPStream.cpp.o
[2375/6838] Building CXX object base/poco/Net/CMakeFiles/_poco_net.dir/src/HostEntry.cpp.o
[2376/6838] Building CXX object base/poco/Net/CMakeFiles/_poco_net.dir/src/HTTPStreamFactory.cpp.o
[2377/6838] Building CXX object base/poco/Net/CMakeFiles/_poco_net.dir/src/IPAddressImpl.cpp.o
[2378/6838] Building CXX object base/poco/Net/CMakeFiles/_poco_net.dir/src/IPAddress.cpp.o
[2379/6838] Building CXX object base/poco/Net/CMakeFiles/_poco_net.dir/src/MediaType.cpp.o
[2380/6838] Building CXX object base/poco/Net/CMakeFiles/_poco_net.dir/src/MessageHeader.cpp.o
[2381/6838] Building CXX object base/poco/Net/CMakeFiles/_poco_net.dir/src/MulticastSocket.cpp.o
[2382/6838] Building CXX object base/poco/Net/CMakeFiles/_poco_net.dir/src/MultipartReader.cpp.o
[2383/6838] Building CXX object base/poco/Net/CMakeFiles/_poco_net.dir/src/Net.cpp.o
[2384/6838] Building CXX object base/poco/Net/CMakeFiles/_poco_net.dir/src/MultipartWriter.cpp.o
[2385/6838] Building CXX object base/poco/Net/CMakeFiles/_poco_net.dir/src/NetException.cpp.o
[2386/6838] Building CXX object base/poco/Net/CMakeFiles/_poco_net.dir/src/NameValueCollection.cpp.o
[2387/6838] Building CXX object base/poco/Net/CMakeFiles/_poco_net.dir/src/NullPartHandler.cpp.o
[2388/6838] Building CXX object base/poco/Net/CMakeFiles/_poco_net.dir/src/PartHandler.cpp.o
[2389/6838] Building CXX object base/poco/Net/CMakeFiles/_poco_net.dir/src/OAuth20Credentials.cpp.o
[2390/6838] Building CXX object base/poco/Net/CMakeFiles/_poco_net.dir/src/OAuth10Credentials.cpp.o
[2391/6838] Building CXX object base/poco/Net/CMakeFiles/_poco_net.dir/src/PartSource.cpp.o
[2392/6838] Building CXX object base/poco/Net/CMakeFiles/_poco_net.dir/src/PartStore.cpp.o
[2393/6838] Building CXX object base/poco/Net/CMakeFiles/_poco_net.dir/src/QuotedPrintableDecoder.cpp.o
[2394/6838] Building CXX object base/poco/Net/CMakeFiles/_poco_net.dir/src/NetworkInterface.cpp.o
[2395/6838] Building CXX object base/poco/Net/CMakeFiles/_poco_net.dir/src/PollSet.cpp.o
[2396/6838] Building CXX object base/poco/Net/CMakeFiles/_poco_net.dir/src/QuotedPrintableEncoder.cpp.o
[2397/6838] Building CXX object base/poco/Net/CMakeFiles/_poco_net.dir/src/RawSocket.cpp.o
[2398/6838] Building CXX object base/poco/Net/CMakeFiles/_poco_net.dir/src/RawSocketImpl.cpp.o
[2399/6838] Building CXX object base/poco/Net/CMakeFiles/_poco_net.dir/src/RemoteSyslogChannel.cpp.o
[2400/6838] Building CXX object base/poco/Net/CMakeFiles/_poco_net.dir/src/RemoteSyslogListener.cpp.o
[2401/6838] Building CXX object base/poco/Net/CMakeFiles/_poco_net.dir/src/ServerSocket.cpp.o
[2402/6838] Building CXX object base/poco/Net/CMakeFiles/_poco_net.dir/src/ServerSocketImpl.cpp.o
[2403/6838] Building CXX object base/poco/Net/CMakeFiles/_poco_net.dir/src/Socket.cpp.o
[2404/6838] Building CXX object base/poco/Net/CMakeFiles/_poco_net.dir/src/SocketAddressImpl.cpp.o
[2405/6838] Building CXX object base/poco/Net/CMakeFiles/_poco_net.dir/src/SocketAddress.cpp.o
[2406/6838] Building CXX object base/poco/Net/CMakeFiles/_poco_net.dir/src/SocketImpl.cpp.o
[2407/6838] Building CXX object base/poco/Net/CMakeFiles/_poco_net.dir/src/SocketNotification.cpp.o
[2408/6838] Building CXX object base/poco/Net/CMakeFiles/_poco_net.dir/src/SocketNotifier.cpp.o
[2409/6838] Building CXX object base/poco/Net/CMakeFiles/_poco_net.dir/src/SocketReactor.cpp.o
[2410/6838] Building CXX object base/poco/Net/CMakeFiles/_poco_net.dir/src/SocketStream.cpp.o
[2411/6838] Building CXX object base/poco/Net/CMakeFiles/_poco_net.dir/src/StreamSocket.cpp.o
[2412/6838] Building CXX object base/poco/Net/CMakeFiles/_poco_net.dir/src/StreamSocketImpl.cpp.o
[2413/6838] Building CXX object base/poco/Net/CMakeFiles/_poco_net.dir/src/StringPartSource.cpp.o
[2414/6838] Building CXX object base/poco/Net/CMakeFiles/_poco_net.dir/src/TCPServer.cpp.o
[2415/6838] Building CXX object base/poco/Net/CMakeFiles/_poco_net.dir/src/TCPServerConnection.cpp.o
[2416/6838] Building CXX object base/poco/Net/CMakeFiles/_poco_net.dir/src/TCPServerConnectionFactory.cpp.o
[2417/6838] Building CXX object base/poco/Net/CMakeFiles/_poco_net.dir/src/TCPServerParams.cpp.o
[2418/6838] Building CXX object base/poco/Net/CMakeFiles/_poco_net.dir/src/TCPServerDispatcher.cpp.o
[2419/6838] Building CXX object base/poco/NetSSL_OpenSSL/CMakeFiles/_poco_net_ssl.dir/src/AcceptCertificateHandler.cpp.o
[2420/6838] Building CXX object base/poco/Net/CMakeFiles/_poco_net.dir/src/WebSocketImpl.cpp.o
[2421/6838] Building CXX object base/poco/Net/CMakeFiles/_poco_net.dir/src/WebSocket.cpp.o
[2422/6838] Building CXX object base/poco/NetSSL_OpenSSL/CMakeFiles/_poco_net_ssl.dir/src/CertificateHandlerFactoryMgr.cpp.o
[2423/6838] Building CXX object base/poco/NetSSL_OpenSSL/CMakeFiles/_poco_net_ssl.dir/src/CertificateHandlerFactory.cpp.o
[2424/6838] Building CXX object base/poco/NetSSL_OpenSSL/CMakeFiles/_poco_net_ssl.dir/src/Context.cpp.o
[2425/6838] Building CXX object base/poco/NetSSL_OpenSSL/CMakeFiles/_poco_net_ssl.dir/src/HTTPSSessionInstantiator.cpp.o
[2426/6838] Building CXX object base/poco/NetSSL_OpenSSL/CMakeFiles/_poco_net_ssl.dir/src/HTTPSClientSession.cpp.o
[2427/6838] Building CXX object base/poco/NetSSL_OpenSSL/CMakeFiles/_poco_net_ssl.dir/src/HTTPSStreamFactory.cpp.o
[2428/6838] Building CXX object base/poco/NetSSL_OpenSSL/CMakeFiles/_poco_net_ssl.dir/src/InvalidCertificateHandler.cpp.o
[2429/6838] Building CXX object base/poco/NetSSL_OpenSSL/CMakeFiles/_poco_net_ssl.dir/src/KeyConsoleHandler.cpp.o
[2430/6838] Building CXX object base/poco/NetSSL_OpenSSL/CMakeFiles/_poco_net_ssl.dir/src/KeyFileHandler.cpp.o
[2431/6838] Building CXX object base/poco/NetSSL_OpenSSL/CMakeFiles/_poco_net_ssl.dir/src/PrivateKeyFactory.cpp.o
[2432/6838] Building CXX object base/poco/NetSSL_OpenSSL/CMakeFiles/_poco_net_ssl.dir/src/PrivateKeyFactoryMgr.cpp.o
[2433/6838] Building CXX object base/poco/NetSSL_OpenSSL/CMakeFiles/_poco_net_ssl.dir/src/RejectCertificateHandler.cpp.o
[2434/6838] Building CXX object base/poco/NetSSL_OpenSSL/CMakeFiles/_poco_net_ssl.dir/src/SSLException.cpp.o
[2435/6838] Building CXX object base/poco/NetSSL_OpenSSL/CMakeFiles/_poco_net_ssl.dir/src/PrivateKeyPassphraseHandler.cpp.o
[2436/6838] Building CXX object base/poco/NetSSL_OpenSSL/CMakeFiles/_poco_net_ssl.dir/src/SecureServerSocketImpl.cpp.o
[2437/6838] Building CXX object base/poco/NetSSL_OpenSSL/CMakeFiles/_poco_net_ssl.dir/src/SecureServerSocket.cpp.o
[2438/6838] Building CXX object base/poco/NetSSL_OpenSSL/CMakeFiles/_poco_net_ssl.dir/src/SSLManager.cpp.o
[2439/6838] Building CXX object base/poco/NetSSL_OpenSSL/CMakeFiles/_poco_net_ssl.dir/src/SecureSocketImpl.cpp.o
[2440/6838] Building CXX object base/poco/NetSSL_OpenSSL/CMakeFiles/_poco_net_ssl.dir/src/Session.cpp.o
[2441/6838] Building CXX object base/poco/NetSSL_OpenSSL/CMakeFiles/_poco_net_ssl.dir/src/Utility.cpp.o
[2442/6838] Building CXX object base/poco/NetSSL_OpenSSL/CMakeFiles/_poco_net_ssl.dir/src/SecureStreamSocketImpl.cpp.o
[2443/6838] Building CXX object base/poco/NetSSL_OpenSSL/CMakeFiles/_poco_net_ssl.dir/src/VerificationErrorArgs.cpp.o
[2444/6838] Building CXX object base/poco/NetSSL_OpenSSL/CMakeFiles/_poco_net_ssl.dir/src/SecureStreamSocket.cpp.o
[2445/6838] Building CXX object base/poco/Redis/CMakeFiles/_poco_redis.dir/src/Client.cpp.o
[2446/6838] Building CXX object base/poco/Redis/CMakeFiles/_poco_redis.dir/src/Array.cpp.o
[2447/6838] Building CXX object base/poco/Redis/CMakeFiles/_poco_redis.dir/src/AsyncReader.cpp.o
[2448/6838] Building CXX object base/poco/Redis/CMakeFiles/_poco_redis.dir/src/Exception.cpp.o
[2449/6838] Building CXX object base/poco/Redis/CMakeFiles/_poco_redis.dir/src/Command.cpp.o
[2450/6838] Building CXX object base/poco/Redis/CMakeFiles/_poco_redis.dir/src/Error.cpp.o
[2451/6838] Building CXX object base/poco/Redis/CMakeFiles/_poco_redis.dir/src/RedisEventArgs.cpp.o
[2452/6838] Building CXX object base/poco/Redis/CMakeFiles/_poco_redis.dir/src/RedisStream.cpp.o
[2453/6838] Building CXX object base/poco/Redis/CMakeFiles/_poco_redis.dir/src/Type.cpp.o
[2454/6838] Building CXX object base/poco/Util/CMakeFiles/_poco_util.dir/src/ConfigurationView.cpp.o
[2455/6838] Building CXX object base/poco/Util/CMakeFiles/_poco_util.dir/src/AbstractConfiguration.cpp.o
[2456/6838] Building CXX object base/poco/Util/CMakeFiles/_poco_util.dir/src/FilesystemConfiguration.cpp.o
[2457/6838] Building CXX object base/poco/Util/CMakeFiles/_poco_util.dir/src/HelpFormatter.cpp.o
[2458/6838] Building CXX object base/poco/Util/CMakeFiles/_poco_util.dir/src/Application.cpp.o
[2459/6838] Building CXX object base/poco/Util/CMakeFiles/_poco_util.dir/src/IntValidator.cpp.o
[2460/6838] Building CXX object base/poco/Util/CMakeFiles/_poco_util.dir/src/IniFileConfiguration.cpp.o
[2461/6838] Building CXX object base/poco/Util/CMakeFiles/_poco_util.dir/src/LayeredConfiguration.cpp.o
[2462/6838] Building CXX object base/poco/Util/CMakeFiles/_poco_util.dir/src/LoggingConfigurator.cpp.o
[2463/6838] Building CXX object base/poco/Util/CMakeFiles/_poco_util.dir/src/LoggingSubsystem.cpp.o
[2464/6838] Building CXX object base/poco/Util/CMakeFiles/_poco_util.dir/src/OptionCallback.cpp.o
[2465/6838] Building CXX object base/poco/Util/CMakeFiles/_poco_util.dir/src/MapConfiguration.cpp.o
[2466/6838] Building CXX object base/poco/Util/CMakeFiles/_poco_util.dir/src/OptionException.cpp.o
[2467/6838] Building CXX object base/poco/Util/CMakeFiles/_poco_util.dir/src/Option.cpp.o
[2468/6838] Building CXX object base/poco/Util/CMakeFiles/_poco_util.dir/src/OptionProcessor.cpp.o
[2469/6838] Building CXX object base/poco/Util/CMakeFiles/_poco_util.dir/src/OptionSet.cpp.o
[2470/6838] Building CXX object base/poco/Util/CMakeFiles/_poco_util.dir/src/PropertyFileConfiguration.cpp.o
[2471/6838] Building CXX object base/poco/Util/CMakeFiles/_poco_util.dir/src/RegExpValidator.cpp.o
[2472/6838] Building CXX object base/poco/Util/CMakeFiles/_poco_util.dir/src/JSONConfiguration.cpp.o
[2473/6838] Building CXX object base/poco/Util/CMakeFiles/_poco_util.dir/src/Subsystem.cpp.o
[2474/6838] Building CXX object base/poco/Util/CMakeFiles/_poco_util.dir/src/ServerApplication.cpp.o
[2475/6838] Building CXX object base/poco/Util/CMakeFiles/_poco_util.dir/src/TimerTask.cpp.o
[2476/6838] Building CXX object base/poco/Util/CMakeFiles/_poco_util.dir/src/Timer.cpp.o
[2477/6838] Building CXX object base/poco/Util/CMakeFiles/_poco_util.dir/src/Validator.cpp.o
[2478/6838] Building CXX object base/poco/Util/CMakeFiles/_poco_util.dir/src/SystemConfiguration.cpp.o
[2479/6838] Building C object base/poco/XML/CMakeFiles/_poco_xml_expat.dir/src/xmltok_impl.c.o
[2480/6838] Building C object base/poco/XML/CMakeFiles/_poco_xml_expat.dir/src/xmlrole.c.o
[2481/6838] Building C object base/poco/XML/CMakeFiles/_poco_xml_expat.dir/src/xmltok_ns.c.o
[2482/6838] Building C object base/poco/XML/CMakeFiles/_poco_xml_expat.dir/src/xmltok.c.o
[2483/6838] Building CXX object base/poco/XML/CMakeFiles/_poco_xml.dir/src/AbstractNode.cpp.o
[2484/6838] Building CXX object base/poco/XML/CMakeFiles/_poco_xml.dir/src/AbstractContainerNode.cpp.o
[2485/6838] Building CXX object base/poco/XML/CMakeFiles/_poco_xml.dir/src/Attributes.cpp.o
[2486/6838] Building CXX object base/poco/XML/CMakeFiles/_poco_xml.dir/src/AttrMap.cpp.o
[2487/6838] Building CXX object base/poco/Util/CMakeFiles/_poco_util.dir/src/XMLConfiguration.cpp.o
[2488/6838] Building CXX object base/poco/XML/CMakeFiles/_poco_xml.dir/src/Attr.cpp.o
[2489/6838] Building CXX object base/poco/XML/CMakeFiles/_poco_xml.dir/src/AttributesImpl.cpp.o
[2490/6838] Building CXX object base/poco/XML/CMakeFiles/_poco_xml.dir/src/ChildNodesList.cpp.o
[2491/6838] Building CXX object base/poco/XML/CMakeFiles/_poco_xml.dir/src/CDATASection.cpp.o
[2492/6838] Building CXX object base/poco/XML/CMakeFiles/_poco_xml.dir/src/CharacterData.cpp.o
[2493/6838] Building CXX object base/poco/XML/CMakeFiles/_poco_xml.dir/src/ContentHandler.cpp.o
[2494/6838] Building CXX object base/poco/XML/CMakeFiles/_poco_xml.dir/src/DOMException.cpp.o
[2495/6838] Building CXX object base/poco/XML/CMakeFiles/_poco_xml.dir/src/Comment.cpp.o
[2496/6838] Building CXX object base/poco/XML/CMakeFiles/_poco_xml.dir/src/DOMObject.cpp.o
[2497/6838] Building CXX object base/poco/XML/CMakeFiles/_poco_xml.dir/src/DOMBuilder.cpp.o
[2498/6838] Building CXX object base/poco/XML/CMakeFiles/_poco_xml.dir/src/DOMImplementation.cpp.o
[2499/6838] Building CXX object base/poco/XML/CMakeFiles/_poco_xml.dir/src/DTDHandler.cpp.o
[2500/6838] Building CXX object base/poco/XML/CMakeFiles/_poco_xml.dir/src/DOMParser.cpp.o
[2501/6838] Building CXX object base/poco/XML/CMakeFiles/_poco_xml.dir/src/DOMSerializer.cpp.o
[2502/6838] Building CXX object base/poco/XML/CMakeFiles/_poco_xml.dir/src/DeclHandler.cpp.o
[2503/6838] Building CXX object base/poco/XML/CMakeFiles/_poco_xml.dir/src/DefaultHandler.cpp.o
[2504/6838] Building CXX object base/poco/XML/CMakeFiles/_poco_xml.dir/src/DTDMap.cpp.o
[2505/6838] Building CXX object base/poco/XML/CMakeFiles/_poco_xml.dir/src/DOMWriter.cpp.o
[2506/6838] Building CXX object base/poco/XML/CMakeFiles/_poco_xml.dir/src/DocumentEvent.cpp.o
[2507/6838] Building CXX object base/poco/XML/CMakeFiles/_poco_xml.dir/src/DocumentFragment.cpp.o
[2508/6838] Building CXX object base/poco/XML/CMakeFiles/_poco_xml.dir/src/Document.cpp.o
[2509/6838] Building CXX object base/poco/XML/CMakeFiles/_poco_xml.dir/src/DocumentType.cpp.o
[2510/6838] Building CXX object base/poco/XML/CMakeFiles/_poco_xml.dir/src/Element.cpp.o
[2511/6838] Building CXX object base/poco/XML/CMakeFiles/_poco_xml.dir/src/EntityReference.cpp.o
[2512/6838] Building CXX object base/poco/XML/CMakeFiles/_poco_xml.dir/src/Entity.cpp.o
[2513/6838] Building CXX object base/poco/XML/CMakeFiles/_poco_xml.dir/src/ElementsByTagNameList.cpp.o
[2514/6838] Building CXX object base/poco/XML/CMakeFiles/_poco_xml.dir/src/EntityResolver.cpp.o
[2515/6838] Building CXX object base/poco/XML/CMakeFiles/_poco_xml.dir/src/ErrorHandler.cpp.o
[2516/6838] Building CXX object base/poco/XML/CMakeFiles/_poco_xml.dir/src/EventDispatcher.cpp.o
[2517/6838] Building CXX object base/poco/XML/CMakeFiles/_poco_xml.dir/src/EventException.cpp.o
[2518/6838] Building CXX object base/poco/XML/CMakeFiles/_poco_xml.dir/src/Event.cpp.o
[2519/6838] Building CXX object base/poco/XML/CMakeFiles/_poco_xml.dir/src/EventListener.cpp.o
[2520/6838] Building CXX object base/poco/XML/CMakeFiles/_poco_xml.dir/src/EntityResolverImpl.cpp.o
[2521/6838] Building CXX object base/poco/XML/CMakeFiles/_poco_xml.dir/src/EventTarget.cpp.o
[2522/6838] Building CXX object base/poco/XML/CMakeFiles/_poco_xml.dir/src/LexicalHandler.cpp.o
[2523/6838] Building CXX object base/poco/XML/CMakeFiles/_poco_xml.dir/src/Locator.cpp.o
[2524/6838] Building CXX object base/poco/XML/CMakeFiles/_poco_xml.dir/src/LocatorImpl.cpp.o
[2525/6838] Building CXX object base/poco/XML/CMakeFiles/_poco_xml.dir/src/MutationEvent.cpp.o
[2526/6838] Building CXX object base/poco/XML/CMakeFiles/_poco_xml.dir/src/InputSource.cpp.o
[2527/6838] Building CXX object base/poco/XML/CMakeFiles/_poco_xml.dir/src/NamePool.cpp.o
[2528/6838] Building CXX object base/poco/XML/CMakeFiles/_poco_xml.dir/src/NamedNodeMap.cpp.o
[2529/6838] Building CXX object base/poco/XML/CMakeFiles/_poco_xml.dir/src/Name.cpp.o
[2530/6838] Building CXX object base/poco/XML/CMakeFiles/_poco_xml.dir/src/NamespaceStrategy.cpp.o
[2531/6838] Building CXX object base/poco/XML/CMakeFiles/_poco_xml.dir/src/Node.cpp.o
[2532/6838] Building CXX object base/poco/XML/CMakeFiles/_poco_xml.dir/src/NodeAppender.cpp.o
[2533/6838] Building CXX object base/poco/XML/CMakeFiles/_poco_xml.dir/src/NamespaceSupport.cpp.o
[2534/6838] Building CXX object base/poco/XML/CMakeFiles/_poco_xml.dir/src/NodeFilter.cpp.o
[2535/6838] Building CXX object base/poco/XML/CMakeFiles/_poco_xml.dir/src/NodeList.cpp.o
[2536/6838] Building CXX object base/poco/XML/CMakeFiles/_poco_xml.dir/src/NodeIterator.cpp.o
[2537/6838] Building CXX object base/poco/XML/CMakeFiles/_poco_xml.dir/src/Notation.cpp.o
[2538/6838] Building CXX object base/poco/XML/CMakeFiles/_poco_xml.dir/src/ProcessingInstruction.cpp.o
[2539/6838] Building CXX object base/poco/XML/CMakeFiles/_poco_xml.dir/src/QName.cpp.o
[2540/6838] Building CXX object base/poco/XML/CMakeFiles/_poco_xml.dir/src/SAXException.cpp.o
[2541/6838] Building CXX object base/poco/XML/CMakeFiles/_poco_xml.dir/src/ParserEngine.cpp.o
[2542/6838] Building CXX object base/poco/XML/CMakeFiles/_poco_xml.dir/src/Text.cpp.o
[2543/6838] Building CXX object base/poco/XML/CMakeFiles/_poco_xml.dir/src/TreeWalker.cpp.o
[2544/6838] Building CXX object base/poco/XML/CMakeFiles/_poco_xml.dir/src/SAXParser.cpp.o
[2545/6838] Building CXX object base/poco/XML/CMakeFiles/_poco_xml.dir/src/XMLException.cpp.o
[2546/6838] Building CXX object base/poco/XML/CMakeFiles/_poco_xml.dir/src/XMLFilter.cpp.o
[2547/6838] Building CXX object base/poco/XML/CMakeFiles/_poco_xml.dir/src/WhitespaceFilter.cpp.o
[2548/6838] Building CXX object base/poco/XML/CMakeFiles/_poco_xml.dir/src/XMLFilterImpl.cpp.o
[2549/6838] Building CXX object base/poco/XML/CMakeFiles/_poco_xml.dir/src/XMLReader.cpp.o
[2550/6838] Building CXX object base/poco/XML/CMakeFiles/_poco_xml.dir/src/ValueTraits.cpp.o
[2551/6838] Building CXX object base/poco/XML/CMakeFiles/_poco_xml.dir/src/XMLString.cpp.o
[2552/6838] Building CXX object base/poco/XML/CMakeFiles/_poco_xml.dir/src/XMLStreamParserException.cpp.o
[2553/6838] Building CXX object base/poco/XML/CMakeFiles/_poco_xml.dir/src/XMLStreamParser.cpp.o
[2554/6838] Building C object base/readpassphrase/CMakeFiles/readpassphrase.dir/readpassphrase.c.o
[2555/6838] Building C object base/glibc-rseq/CMakeFiles/glibc-rseq.dir/rseq.c.o
[2556/6838] Linking CXX static library base/glibc-rseq/libglibc-rseq.a
[2557/6838] Linking CXX static library contrib/libllvmlibc-cmake/liblibllvmlibc.a
[2558/6838] Linking CXX static library contrib/compiler-rt-cmake/libclang_rt_builtins.a
[2559/6838] Linking CXX static library contrib/openssl-cmake/libcrypto.a
[2560/6838] Building CXX object base/widechar_width/CMakeFiles/widechar_width.dir/widechar_width.cpp.o
[2561/6838] Linking CXX static library contrib/abseil-cpp-cmake/libabsl_log_severity.a
[2562/6838] Linking CXX static library contrib/openssl-cmake/libssl.a
[2563/6838] Linking CXX static library contrib/abseil-cpp-cmake/libabsl_raw_logging_internal.a
[2564/6838] Linking CXX static library contrib/abseil-cpp-cmake/libabsl_spinlock_wait.a
[2565/6838] Linking CXX static library contrib/abseil-cpp-cmake/libabsl_throw_delegate.a
[2566/6838] Linking CXX static library contrib/abseil-cpp-cmake/libabsl_base.a
[2567/6838] Linking CXX static library contrib/abseil-cpp-cmake/libabsl_strerror.a
[2568/6838] Linking CXX static library contrib/abseil-cpp-cmake/libabsl_malloc_internal.a
[2569/6838] Linking CXX static library contrib/abseil-cpp-cmake/libabsl_crc_cpu_detect.a
[2570/6838] Linking CXX static library contrib/abseil-cpp-cmake/libabsl_debugging_internal.a
[2571/6838] Linking CXX static library contrib/abseil-cpp-cmake/libabsl_crc_internal.a
[2572/6838] Linking CXX static library contrib/abseil-cpp-cmake/libabsl_stacktrace.a
[2573/6838] Linking CXX static library contrib/abseil-cpp-cmake/libabsl_demangle_internal.a
[2574/6838] Linking CXX static library contrib/abseil-cpp-cmake/libabsl_leak_check.a
[2575/6838] Linking CXX static library contrib/abseil-cpp-cmake/libabsl_flags_commandlineflag_internal.a
[2576/6838] Linking CXX static library contrib/abseil-cpp-cmake/libabsl_city.a
[2577/6838] Linking CXX static library contrib/abseil-cpp-cmake/libabsl_log_internal_conditions.a
[2578/6838] Linking CXX static library contrib/abseil-cpp-cmake/libabsl_log_internal_nullguard.a
[2579/6838] Linking CXX static library contrib/abseil-cpp-cmake/libabsl_int128.a
[2580/6838] Linking CXX static library contrib/abseil-cpp-cmake/libabsl_exponential_biased.a
[2581/6838] Linking CXX static library contrib/abseil-cpp-cmake/libabsl_strings_internal.a
[2582/6838] Linking CXX static library contrib/abseil-cpp-cmake/libabsl_cordz_functions.a
[2583/6838] Linking CXX static library contrib/abseil-cpp-cmake/libabsl_strings.a
[2584/6838] Linking CXX static library contrib/abseil-cpp-cmake/libabsl_graphcycles_internal.a
[2585/6838] Building CXX object base/poco/XML/CMakeFiles/_poco_xml.dir/src/XMLWriter.cpp.o
[2586/6838] Linking CXX static library contrib/abseil-cpp-cmake/libabsl_symbolize.a
[2587/6838] Linking CXX static library contrib/abseil-cpp-cmake/libabsl_flags_commandlineflag.a
[2588/6838] Linking CXX static library contrib/abseil-cpp-cmake/libabsl_examine_stack.a
[2589/6838] Linking CXX static library contrib/abseil-cpp-cmake/libabsl_flags_private_handle_accessor.a
[2590/6838] Building CXX object base/poco/XML/CMakeFiles/_poco_xml.dir/src/xmlparse.cpp.o
[2591/6838] Linking CXX static library contrib/abseil-cpp-cmake/libabsl_hash.a
[2592/6838] Linking CXX static library contrib/abseil-cpp-cmake/libabsl_log_internal_proto.a
[2593/6838] Linking CXX static library contrib/abseil-cpp-cmake/libabsl_log_internal_fnmatch.a
[2594/6838] Linking CXX static library contrib/abseil-cpp-cmake/libabsl_log_internal_structured_proto.a
[2595/6838] Linking CXX static library contrib/abseil-cpp-cmake/libabsl_str_format_internal.a
[2596/6838] Linking CXX static library contrib/abseil-cpp-cmake/libabsl_civil_time.a
[2597/6838] Linking CXX static library contrib/abseil-cpp-cmake/libabsl_crc32c.a
[2598/6838] Linking CXX static library contrib/abseil-cpp-cmake/libabsl_flags_marshalling.a
[2599/6838] Linking CXX static library contrib/abseil-cpp-cmake/libabsl_crc_cord_state.a
[2600/6838] Linking CXX static library contrib/abseil-cpp-cmake/libabsl_time_zone.a
[2601/6838] Linking CXX static library contrib/abseil-cpp-cmake/libabsl_cord_internal.a
[2602/6838] Linking CXX static library contrib/abseil-cpp-cmake/libabsl_time.a
[2603/6838] Linking CXX static library contrib/zlib-ng-cmake/lib_zlib.a
[2604/6838] Linking CXX static library contrib/abseil-cpp-cmake/libabsl_log_internal_globals.a
[2605/6838] Linking CXX static library contrib/abseil-cpp-cmake/libabsl_log_sink.a
[2606/6838] Linking CXX static library contrib/abseil-cpp-cmake/libabsl_log_internal_format.a
[2607/6838] Linking CXX static library contrib/abseil-cpp-cmake/libabsl_kernel_timeout_internal.a
[2608/6838] Linking CXX static library contrib/boost-cmake/lib_boost_filesystem.a
[2609/6838] Linking CXX static library contrib/abseil-cpp-cmake/libabsl_synchronization.a
[2610/6838] Linking CXX static library contrib/boost-cmake/lib_boost_program_options.a
[2611/6838] Linking CXX static library contrib/abseil-cpp-cmake/libabsl_hashtablez_sampler.a
[2612/6838] Linking CXX static library contrib/abseil-cpp-cmake/libabsl_flags_program_name.a
[2613/6838] Linking CXX static library contrib/abseil-cpp-cmake/libabsl_raw_hash_set.a
[2614/6838] Linking CXX static library contrib/abseil-cpp-cmake/libabsl_flags_config.a
[2615/6838] Linking CXX static library contrib/abseil-cpp-cmake/libabsl_vlog_config_internal.a
[2616/6838] Linking CXX static library contrib/abseil-cpp-cmake/libabsl_flags_internal.a
[2617/6838] Linking CXX static library contrib/abseil-cpp-cmake/libabsl_log_globals.a
[2618/6838] Linking CXX static library contrib/abseil-cpp-cmake/libabsl_cordz_handle.a
[2619/6838] Linking CXX static library contrib/abseil-cpp-cmake/libabsl_log_internal_log_sink_set.a
[2620/6838] Linking CXX static library contrib/abseil-cpp-cmake/libabsl_cordz_info.a
[2621/6838] Linking CXX static library contrib/abseil-cpp-cmake/libabsl_log_internal_message.a
[2622/6838] Linking CXX static library contrib/abseil-cpp-cmake/libabsl_cord.a
[2623/6838] Linking CXX static library contrib/abseil-cpp-cmake/libabsl_log_internal_check_op.a
[2624/6838] Linking CXX static library contrib/abseil-cpp-cmake/libabsl_flags_reflection.a
[2625/6838] Linking CXX static library contrib/boost-cmake/lib_boost_context.a
[2626/6838] Linking CXX static library contrib/cctz-cmake/libtzdata.a
[2627/6838] Linking CXX static library contrib/consistent-hashing/lib_consistent_hashing.a
[2628/6838] Linking CXX static library contrib/cctz-cmake/lib_cctz.a
[2629/6838] Linking CXX static library contrib/zmij-cmake/lib_zmij.a
[2630/6838] Linking CXX static library contrib/libmetrohash/lib_metrohash.a
[2631/6838] Linking CXX static library contrib/lz4-cmake/lib_lz4.a
[2632/6838] Linking CXX static library contrib/murmurhash/lib_murmurhash.a
[2633/6838] Linking CXX static library contrib/replxx-cmake/lib_replxx.a
[2634/6838] Linking CXX static library contrib/re2-cmake/lib_re2.a
[2635/6838] Linking CXX static library contrib/xz-cmake/lib_liblzma.a
[2636/6838] Linking CXX static library contrib/double-conversion-cmake/lib_double-conversion.a
[2637/6838] Linking CXX static library contrib/zstd-cmake/lib_zstd.a
[2638/6838] Linking CXX static library contrib/zxc-cmake/lib_zxc.a
[2639/6838] Linking CXX static library contrib/boost-cmake/lib_boost_iostreams.a
[2640/6838] Linking CXX static library contrib/snappy-cmake/lib_snappy.a
[2641/6838] Linking CXX static library contrib/StringZilla-cmake/lib_stringzilla.a
[2642/6838] Linking CXX static library contrib/libarchive-cmake/lib_libarchive.a
[2643/6838] Linking CXX static library contrib/cityhash102/lib_cityhash.a
[2644/6838] Linking CXX static library contrib/libfarmhash/lib_farmhash.a
[2645/6838] Linking CXX static library contrib/libfiu-cmake/lib_libfiu.a
[2646/6838] Linking CXX static library contrib/fmtlib-cmake/lib_fmt.a
[2647/6838] Linking CXX static library contrib/c-ares-cmake/lib_c-ares.a
[2648/6838] Building CXX object src/CMakeFiles/clickhouse_compression.dir/Compression/CheckingCompressedReadBuffer.cpp.o
[2649/6838] Linking CXX static library contrib/xxHash-cmake/libxxHash.a
[2650/6838] Linking CXX static library contrib/crc32c-cmake/lib_crc32c.a
[2651/6838] Linking CXX static library contrib/sha3iuf-cmake/lib_sha3iuf.a
[2652/6838] Building CXX object src/CMakeFiles/clickhouse_compression.dir/Compression/CompressedReadBuffer.cpp.o
[2653/6838] Linking CXX static library base/poco/Foundation/lib_poco_foundation_pcre.a
[2654/6838] Linking CXX static library base/poco/JSON/lib_poco_json_pdjson.a
[2655/6838] Linking CXX static library base/poco/XML/lib_poco_xml_expat.a
[2656/6838] Linking CXX static library base/widechar_width/libwidechar_width.a
[2657/6838] Linking C static library base/readpassphrase/libreadpassphrase.a
[2658/6838] Building CXX object src/CMakeFiles/clickhouse_compression.dir/Compression/CachedCompressedReadBuffer.cpp.o
[2659/6838] Building CXX object src/CMakeFiles/clickhouse_compression.dir/Compression/CompressedSizeCalculator.cpp.o
[2660/6838] Building CXX object src/CMakeFiles/clickhouse_compression.dir/Compression/CompressedReadBufferFromFile.cpp.o
[2661/6838] Building CXX object src/CMakeFiles/clickhouse_compression.dir/Compression/CompressedReadBufferBase.cpp.o
[2662/6838] Building CXX object src/CMakeFiles/clickhouse_compression.dir/Compression/CompressedWriteBuffer.cpp.o
[2663/6838] Building CXX object src/CMakeFiles/clickhouse_compression.dir/Compression/CompressionCodecAdaptive.cpp.o
[2664/6838] Building CXX object src/CMakeFiles/clickhouse_compression.dir/Compression/CompressionCodecDelta.cpp.o
[2665/6838] Building CXX object src/CMakeFiles/clickhouse_compression.dir/Compression/CompressionCodecDoubleDelta.cpp.o
[2666/6838] Building CXX object src/CMakeFiles/clickhouse_compression.dir/Compression/CompressionCodecALP.cpp.o
[2667/6838] Building CXX object src/CMakeFiles/clickhouse_compression.dir/Compression/CompressionCodecFPC.cpp.o
[2668/6838] Building CXX object src/CMakeFiles/clickhouse_compression.dir/Compression/CompressionCodecEncrypted.cpp.o
[2669/6838] Building CXX object src/CMakeFiles/clickhouse_compression.dir/Compression/CompressionCodecGCD.cpp.o
[2670/6838] Building CXX object src/CMakeFiles/clickhouse_compression.dir/Compression/CompressionCodecGorilla.cpp.o
[2671/6838] Building CXX object src/CMakeFiles/clickhouse_compression.dir/Compression/CompressionCodecMultiple.cpp.o
[2672/6838] Building CXX object src/CMakeFiles/clickhouse_compression.dir/Compression/CompressionCodecSZ3.cpp.o
[2673/6838] Building CXX object src/CMakeFiles/clickhouse_compression.dir/Compression/CompressionCodecNone.cpp.o
[2674/6838] Building CXX object src/CMakeFiles/clickhouse_compression.dir/Compression/CompressionCodecLZ4.cpp.o
[2675/6838] Building CXX object src/CMakeFiles/clickhouse_compression.dir/Compression/CompressionCodecQuantized.cpp.o
[2676/6838] Building CXX object src/CMakeFiles/clickhouse_compression.dir/Compression/CompressionCodecZXC.cpp.o
[2677/6838] Building CXX object src/CMakeFiles/clickhouse_compression.dir/Compression/CompressionCodecZSTD.cpp.o
[2678/6838] Building CXX object src/CMakeFiles/clickhouse_compression.dir/Compression/CompressionCodecT64.cpp.o
[2679/6838] Building CXX object src/CMakeFiles/clickhouse_compression.dir/Compression/CompressionFactoryAdditions.cpp.o
[2680/6838] Building CXX object src/CMakeFiles/clickhouse_compression.dir/Compression/CompressionFactory.cpp.o
[2681/6838] Building CXX object src/CMakeFiles/clickhouse_compression.dir/Compression/ICompressionCodec.cpp.o
[2682/6838] Building CXX object src/CMakeFiles/clickhouse_compression.dir/Compression/LZ4_decompress_faster.cpp.o
[2683/6838] Building CXX object src/CMakeFiles/clickhouse_common_io.dir/Common/ActionLock.cpp.o
[2684/6838] Building CXX object src/CMakeFiles/clickhouse_common_io.dir/Common/AggregatedMetrics.cpp.o
[2685/6838] Building CXX object src/CMakeFiles/clickhouse_compression.dir/Compression/ParallelCompressedWriteBuffer.cpp.o
[2686/6838] Building CXX object src/CMakeFiles/clickhouse_compression.dir/Compression/getCompressionCodecForFile.cpp.o
[2687/6838] Building CXX object src/CMakeFiles/clickhouse_common_io.dir/Common/AlignedBuffer.cpp.o
[2688/6838] Building CXX object src/CMakeFiles/clickhouse_common_io.dir/Common/AllocatorWithMemoryTracking.cpp.o
[2689/6838] Building CXX object src/CMakeFiles/clickhouse_common_io.dir/Common/Allocator.cpp.o
[2690/6838] Building CXX object src/CMakeFiles/clickhouse_common_io.dir/Common/Arena.cpp.o
[2691/6838] Building CXX object src/CMakeFiles/clickhouse_common_io.dir/Common/AsyncTaskExecutor.cpp.o
[2692/6838] Building CXX object src/CMakeFiles/clickhouse_common_io.dir/Common/AsynchronousMetricsKeyValuesMode.cpp.o
[2693/6838] Building CXX object src/CMakeFiles/clickhouse_common_io.dir/Common/AsyncLoader.cpp.o
[2694/6838] Building CXX object src/CMakeFiles/clickhouse_common_io.dir/Common/Base58.cpp.o
[2695/6838] Building CXX object src/CMakeFiles/clickhouse_common_io.dir/Common/Base64.cpp.o
[2696/6838] Building CXX object src/CMakeFiles/clickhouse_common_io.dir/Common/BitPackedStringArray.cpp.o
[2697/6838] Building CXX object src/CMakeFiles/clickhouse_compression.dir/Compression/FFOR.cpp.o
[2698/6838] Building CXX object src/CMakeFiles/clickhouse_common_io.dir/Common/BufferAllocationPolicy.cpp.o
[2699/6838] Building CXX object src/CMakeFiles/clickhouse_common_io.dir/Common/BitPackedUInt64Array.cpp.o
[2700/6838] Building CXX object src/CMakeFiles/clickhouse_common_io.dir/Common/CalendarTimeInterval.cpp.o
[2701/6838] Building CXX object src/CMakeFiles/clickhouse_common_io.dir/Common/CaresPTRResolver.cpp.o
[2702/6838] Building CXX object src/CMakeFiles/clickhouse_common_io.dir/Common/ClickHouseRevision.cpp.o
[2703/6838] Building CXX object src/CMakeFiles/clickhouse_common_io.dir/Common/BlobStorageLogWriter.cpp.o
[2704/6838] Building CXX object src/CMakeFiles/clickhouse_common_io.dir/Common/AsynchronousMetrics.cpp.o
[2705/6838] Building CXX object src/CMakeFiles/clickhouse_common_io.dir/Common/CgroupsMemoryUsageObserver.cpp.o
[2706/6838] Building CXX object src/CMakeFiles/clickhouse_common_io.dir/Common/ClickHouseVersion.cpp.o
[2707/6838] Building CXX object src/CMakeFiles/clickhouse_common_io.dir/Common/CoverageCollection.cpp.o
[2708/6838] Building CXX object src/CMakeFiles/clickhouse_common_io.dir/Common/ConcurrencyControl.cpp.o
[2709/6838] Building CXX object src/CMakeFiles/clickhouse_common_io.dir/Common/CoroutineStack.cpp.o
[2710/6838] Building CXX object src/CMakeFiles/clickhouse_common_io.dir/Common/CurrentMetrics.cpp.o
[2711/6838] Building CXX object src/CMakeFiles/clickhouse_common_io.dir/Common/ColumnsHashing.cpp.o
[2712/6838] Building CXX object src/CMakeFiles/clickhouse_common_io.dir/Common/DNSPTRResolverProvider.cpp.o
[2713/6838] Building CXX object src/CMakeFiles/clickhouse_common_io.dir/Common/CurrentMemoryTracker.cpp.o
[2714/6838] Building CXX object src/CMakeFiles/clickhouse_common_io.dir/Common/CurrentThreadHelpers.cpp.o
[2715/6838] Building CXX object src/CMakeFiles/clickhouse_common_io.dir/Common/DateLUTImpl.cpp.o
[2716/6838] Building CXX object src/CMakeFiles/clickhouse_common_io.dir/Common/DateLUT.cpp.o
[2717/6838] Building CXX object src/CMakeFiles/clickhouse_common_io.dir/Common/CurrentThread.cpp.o
[2718/6838] Building CXX object src/CMakeFiles/clickhouse_common_io.dir/Common/DelayWithJitter.cpp.o
[2719/6838] Building CXX object src/CMakeFiles/clickhouse_common_io.dir/Common/Documentation.cpp.o
[2720/6838] Building CXX object src/CMakeFiles/clickhouse_common_io.dir/Common/DNSResolver.cpp.o
[2721/6838] Building CXX object src/CMakeFiles/clickhouse_common_io.dir/Common/DynamicDelay.cpp.o
[2722/6838] Building CXX object src/CMakeFiles/clickhouse_common_io.dir/Common/EnvironmentChecks.cpp.o
[2723/6838] Building CXX object src/CMakeFiles/clickhouse_common_io.dir/Common/DimensionalMetrics.cpp.o
[2724/6838] Building CXX object src/CMakeFiles/clickhouse_common_io.dir/Common/Elf.cpp.o
[2725/6838] Building CXX object src/CMakeFiles/clickhouse_common_io.dir/Common/Dwarf.cpp.o
[2726/6838] Building CXX object src/CMakeFiles/clickhouse_common_io.dir/Common/Epoll.cpp.o
[2727/6838] Building CXX object src/CMakeFiles/clickhouse_common_io.dir/Common/EnvironmentProxyConfigurationResolver.cpp.o
[2728/6838] Building CXX object src/CMakeFiles/clickhouse_common_io.dir/Common/EventFD.cpp.o
[2729/6838] Building CXX object src/CMakeFiles/clickhouse_common_io.dir/Common/EventNotifier.cpp.o
[2730/6838] Building CXX object src/CMakeFiles/clickhouse_common_io.dir/Common/ErrorCodes.cpp.o
[2731/6838] Building CXX object src/CMakeFiles/clickhouse_common_io.dir/Common/ExternalLoaderStatus.cpp.o
[2732/6838] Building CXX object src/CMakeFiles/clickhouse_common_io.dir/Common/FiberLocal.cpp.o
[2733/6838] Building CXX object src/CMakeFiles/clickhouse_common_io.dir/Common/Exception.cpp.o
[2734/6838] Building CXX object src/CMakeFiles/clickhouse_common_io.dir/Common/FailPoint.cpp.o
[2735/6838] Building CXX object src/CMakeFiles/clickhouse_common_io.dir/Common/FieldBinaryEncoding.cpp.o
[2736/6838] Building CXX object src/CMakeFiles/clickhouse_common_io.dir/Common/FieldVisitorConvertToNumber.cpp.o
[2737/6838] Building CXX object src/CMakeFiles/clickhouse_common_io.dir/Common/FieldVisitorHash.cpp.o
[2738/6838] Building CXX object src/CMakeFiles/clickhouse_common_io.dir/Common/FieldVisitorDump.cpp.o
[2739/6838] Building CXX object src/CMakeFiles/clickhouse_common_io.dir/Common/FieldVisitorScale.cpp.o
[2740/6838] Building CXX object src/CMakeFiles/clickhouse_common_io.dir/Common/FieldVisitorSum.cpp.o
[2741/6838] Building CXX object src/CMakeFiles/clickhouse_common_io.dir/Common/FieldVisitorToCastedLiteral.cpp.o
[2742/6838] Building CXX object src/CMakeFiles/clickhouse_common_io.dir/Common/FieldAccurateComparison.cpp.o
[2743/6838] Building CXX object src/CMakeFiles/clickhouse_common_io.dir/Common/FieldVisitorToJSONElement.cpp.o
[2744/6838] Building CXX object src/CMakeFiles/clickhouse_common_io.dir/Common/FieldVisitorWriteBinary.cpp.o
[2745/6838] Building CXX object src/CMakeFiles/clickhouse_common_io.dir/Common/FrequencyHolder.cpp.o
[2746/6838] Building CXX object src/CMakeFiles/clickhouse_common_io.dir/Common/FieldVisitorToString.cpp.o
[2747/6838] Building CXX object src/CMakeFiles/clickhouse_common_io.dir/Common/FullyQualifiedObjectPath.cpp.o
[2748/6838] Building CXX object src/CMakeFiles/clickhouse_common_io.dir/Common/GetPriorityForLoadBalancing.cpp.o
[2749/6838] Building CXX object src/CMakeFiles/clickhouse_common_io.dir/Common/FunctionDocumentation.cpp.o
[2750/6838] Building CXX object src/CMakeFiles/clickhouse_common_io.dir/Common/FileChecker.cpp.o
[2751/6838] Building CXX object src/CMakeFiles/clickhouse_common_io.dir/Common/FileRenamer.cpp.o
[2752/6838] Building CXX object src/CMakeFiles/clickhouse_common_io.dir/Common/HistogramMetrics.cpp.o
[2753/6838] Building CXX object src/CMakeFiles/clickhouse_common_io.dir/Common/IO.cpp.o
[2754/6838] Building CXX object src/CMakeFiles/clickhouse_common_io.dir/Common/HTTPHeaderFilter.cpp.o
[2755/6838] Building CXX object src/CMakeFiles/clickhouse_common_io.dir/Common/IPv6ToBinary.cpp.o
[2756/6838] Building CXX object src/CMakeFiles/clickhouse_common_io.dir/Common/HostResolvePool.cpp.o
[2757/6838] Building CXX object src/CMakeFiles/clickhouse_common_io.dir/Common/IntervalKind.cpp.o
[2758/6838] Building CXX object src/CMakeFiles/clickhouse_common_io.dir/Common/HTTPConnectionPool.cpp.o
[2759/6838] Building CXX object src/CMakeFiles/clickhouse_common_io.dir/Common/Jemalloc.cpp.o
[2760/6838] Building CXX object src/CMakeFiles/clickhouse_common_io.dir/Common/JemallocCacheAllocator.cpp.o
[2761/6838] Building CXX object src/CMakeFiles/clickhouse_common_io.dir/Common/JemallocCacheArena.cpp.o
[2762/6838] Building CXX object src/CMakeFiles/clickhouse_common_io.dir/Common/JemallocJITArena.cpp.o
[2763/6838] Building CXX object src/CMakeFiles/clickhouse_common_io.dir/Common/JSONBuilder.cpp.o
[2764/6838] Building CXX object src/CMakeFiles/clickhouse_common_io.dir/Common/JemallocMergeTreeArena.cpp.o
[2765/6838] Building CXX object src/CMakeFiles/clickhouse_common_io.dir/Common/LLVMCoverageMapping.cpp.o
[2766/6838] Building CXX object src/CMakeFiles/clickhouse_common_io.dir/Common/JSONWebKey.cpp.o
[2767/6838] Building CXX object src/CMakeFiles/clickhouse_common_io.dir/Common/LibSSHLogger.cpp.o
[2768/6838] Building CXX object src/CMakeFiles/clickhouse_common_io.dir/Common/KnownObjectNames.cpp.o
[2769/6838] Building CXX object src/CMakeFiles/clickhouse_common_io.dir/Common/LocalDate.cpp.o
[2770/6838] Building CXX object src/CMakeFiles/clickhouse_common_io.dir/Common/LibSSHInitializer.cpp.o
[2771/6838] Building CXX object src/CMakeFiles/clickhouse_common_io.dir/Common/LockMemoryExceptionInThread.cpp.o
[2772/6838] Building CXX object src/CMakeFiles/clickhouse_common_io.dir/Common/LocalDateTime.cpp.o
[2773/6838] Building CXX object src/CMakeFiles/clickhouse_common_io.dir/Common/Logger.cpp.o
[2774/6838] Building CXX object src/CMakeFiles/clickhouse_common_io.dir/Common/MachO.cpp.o
[2775/6838] Building CXX object src/CMakeFiles/clickhouse_common_io.dir/Common/LoggingFormatStringHelpers.cpp.o
[2776/6838] Building CXX object src/CMakeFiles/clickhouse_common_io.dir/Common/MapToRange.cpp.o
[2777/6838] Building CXX object src/CMakeFiles/clickhouse_common_io.dir/Common/LoggingHelpers.cpp.o
[2778/6838] Building CXX object src/CMakeFiles/clickhouse_common_io.dir/Common/Macros.cpp.o
[2779/6838] Building CXX object src/CMakeFiles/clickhouse_common_io.dir/Common/MemoryPressureMonitor.cpp.o
[2780/6838] Building CXX object src/CMakeFiles/clickhouse_common_io.dir/Common/MatchGenerator.cpp.o
[2781/6838] Building CXX object src/CMakeFiles/clickhouse_common_io.dir/Common/MemorySpillScheduler.cpp.o
[2782/6838] Building CXX object src/CMakeFiles/clickhouse_common_io.dir/Common/MemoryTrackerBlockerInThread.cpp.o
[2783/6838] Building CXX object src/CMakeFiles/clickhouse_common_io.dir/Common/MemoryStatisticsOS.cpp.o
[2784/6838] Building CXX object src/CMakeFiles/clickhouse_common_io.dir/Common/MemoryTrackerUntrackedAllocationsBlockerInThread.cpp.o
[2785/6838] Building CXX object src/CMakeFiles/clickhouse_common_io.dir/Common/MemoryTrackerSwitcher.cpp.o
[2786/6838] Building CXX object src/CMakeFiles/clickhouse_common_io.dir/Common/MemoryTracker.cpp.o
[2787/6838] Building CXX object src/CMakeFiles/clickhouse_common_io.dir/Common/MemoryTrackerUtils.cpp.o
[2788/6838] Building CXX object src/CMakeFiles/clickhouse_common_io.dir/Common/NamePrompter.cpp.o
[2789/6838] Building CXX object src/CMakeFiles/clickhouse_common_io.dir/Common/OSThreadNiceValue.cpp.o
[2790/6838] Building CXX object src/CMakeFiles/clickhouse_common_io.dir/Common/ObjectStorageKey.cpp.o
[2791/6838] Building CXX object src/CMakeFiles/clickhouse_common_io.dir/Common/ObjectStorageKeyGenerator.cpp.o
[2792/6838] Building CXX object src/CMakeFiles/clickhouse_common_io.dir/Common/OpenSSLHelpers.cpp.o
[2793/6838] Building CXX object src/CMakeFiles/clickhouse_common_io.dir/Common/MemoryWorker.cpp.o
[2794/6838] Building CXX object src/CMakeFiles/clickhouse_common_io.dir/Common/OptimizedRegularExpression.cpp.o
[2795/6838] Building CXX object src/CMakeFiles/clickhouse_common_io.dir/Common/OvercommitTracker.cpp.o
[2796/6838] Building CXX object src/CMakeFiles/clickhouse_common_io.dir/Common/OpenTelemetryTraceContext.cpp.o
[2797/6838] Building CXX object src/CMakeFiles/clickhouse_common_io.dir/Common/PerCPU.cpp.o
[2798/6838] Building CXX object src/CMakeFiles/clickhouse_common_io.dir/Common/PerCPUMemory.cpp.o
[2799/6838] Building CXX object src/CMakeFiles/clickhouse_common_io.dir/Common/PODArray.cpp.o
[2800/6838] Building CXX object src/CMakeFiles/clickhouse_common_io.dir/Common/PipeFDs.cpp.o
[2801/6838] Building CXX object src/CMakeFiles/clickhouse_common_io.dir/Common/PageCache.cpp.o
[2802/6838] Building CXX object src/CMakeFiles/clickhouse_common_io.dir/Common/ProcfsMetricsProvider.cpp.o
[2803/6838] Building CXX object src/CMakeFiles/clickhouse_common_io.dir/Common/ProductQuantizer.cpp.o
[2804/6838] Building CXX object src/CMakeFiles/clickhouse_common_io.dir/Common/ProfileEventsLogger.cpp.o
[2805/6838] Building CXX object src/CMakeFiles/clickhouse_common_io.dir/Common/ProfileEventsScope.cpp.o
[2806/6838] Building CXX object src/CMakeFiles/clickhouse_common_io.dir/Common/ProfileEvents.cpp.o
[2807/6838] Building CXX object src/CMakeFiles/clickhouse_common_io.dir/Common/IntervalTree.cpp.o
[2808/6838] Building CXX object src/CMakeFiles/clickhouse_common_io.dir/Common/ProgressIndication.cpp.o
[2809/6838] Building CXX object src/CMakeFiles/clickhouse_common_io.dir/Common/ProxyListConfigurationResolver.cpp.o
[2810/6838] Building CXX object src/CMakeFiles/clickhouse_common_io.dir/Common/ProxyConfigurationResolverProvider.cpp.o
[2811/6838] Building CXX object src/CMakeFiles/clickhouse_common_io.dir/Common/QueryIdSwitcher.cpp.o
[2812/6838] Building CXX object src/CMakeFiles/clickhouse_common_io.dir/Common/QueryProfiler.cpp.o
[2813/6838] Building CXX object src/CMakeFiles/clickhouse_common_io.dir/Common/QueryScope.cpp.o
[2814/6838] Building CXX object src/CMakeFiles/clickhouse_common_io.dir/Common/RegexpUtils.cpp.o
[2815/6838] Building CXX object src/CMakeFiles/clickhouse_common_io.dir/Common/RWLock.cpp.o
[2816/6838] Building CXX object src/CMakeFiles/clickhouse_common_io.dir/Common/QueryFuzzerDataTypes.cpp.o
[2817/6838] Building CXX object src/CMakeFiles/clickhouse_common_io.dir/Common/RemoteHostFilter.cpp.o
[2818/6838] Building CXX object src/CMakeFiles/clickhouse_common_io.dir/Common/RemoteProxyConfigurationResolver.cpp.o
[2819/6838] Building CXX object src/CMakeFiles/clickhouse_common_io.dir/Common/SSHAgent.cpp.o
[2820/6838] Building CXX object src/CMakeFiles/clickhouse_common_io.dir/Common/ReplicasReconnector.cpp.o
[2821/6838] Building CXX object src/CMakeFiles/clickhouse_common_io.dir/Common/SSHWrapper.cpp.o
[2822/6838] Building CXX object src/CMakeFiles/clickhouse_common_io.dir/Common/SharedMutex.cpp.o
[2823/6838] Building CXX object src/CMakeFiles/clickhouse_common_io.dir/Common/SettingsChanges.cpp.o
[2824/6838] Building CXX object src/CMakeFiles/clickhouse_common_io.dir/Common/SensitiveDataMasker.cpp.o
[2825/6838] Building CXX object src/CMakeFiles/clickhouse_common_io.dir/Common/ShellCommandSettings.cpp.o
[2826/6838] Building CXX object src/CMakeFiles/clickhouse_common_io.dir/Common/ShellCommand.cpp.o
[2827/6838] Building CXX object src/CMakeFiles/clickhouse_common_io.dir/Common/ShellCommandsHolder.cpp.o
[2828/6838] Building CXX object src/CMakeFiles/clickhouse_common_io.dir/Common/SignalUnsafeMutationGuard.cpp.o
[2829/6838] Building CXX object src/CMakeFiles/clickhouse_common_io.dir/Common/SilkFiberScheduler.cpp.o
[2830/6838] Building CXX object src/CMakeFiles/clickhouse_common_io.dir/Common/SilkThreadLocalStorageSanitizer.cpp.o
[2831/6838] Building CXX object src/CMakeFiles/clickhouse_common_io.dir/Common/SipHash.cpp.o
[2832/6838] Building CXX object src/CMakeFiles/clickhouse_common_io.dir/Common/StackfulCoroutine.cpp.o
[2833/6838] Building CXX object src/CMakeFiles/clickhouse_common_io.dir/Common/StackTrace.cpp.o
[2834/6838] Building CXX object src/CMakeFiles/clickhouse_common_io.dir/Common/SignalHandlers.cpp.o
[2835/6838] Building CXX object src/CMakeFiles/clickhouse_common_io.dir/Common/StopToken.cpp.o
[2836/6838] Building CXX object src/CMakeFiles/clickhouse_common_io.dir/Common/StringUtils.cpp.o
[2837/6838] Building CXX object src/CMakeFiles/clickhouse_common_io.dir/Common/StudentTTable.cpp.o
[2838/6838] Building CXX object src/CMakeFiles/clickhouse_common_io.dir/Common/StatusFile.cpp.o
[2839/6838] Building CXX object src/CMakeFiles/clickhouse_common_io.dir/Common/StringSearcher.cpp.o
[2840/6838] Building CXX object src/CMakeFiles/clickhouse_common_io.dir/Common/StudentTTest.cpp.o
[2841/6838] Building CXX object src/CMakeFiles/clickhouse_common_io.dir/Common/StudentTTestOneSample.cpp.o
[2842/6838] Building CXX object src/CMakeFiles/clickhouse_common_io.dir/Common/QueryFuzzer.cpp.o
[2843/6838] Building CXX object src/CMakeFiles/clickhouse_common_io.dir/Common/SymbolIndex.cpp.o
[2844/6838] Building CXX object src/CMakeFiles/clickhouse_common_io.dir/Common/TargetSpecific.cpp.o
[2845/6838] Building CXX object src/CMakeFiles/clickhouse_common_io.dir/Common/TCPSocketMemInfo.cpp.o
[2846/6838] Building CXX object src/CMakeFiles/clickhouse_common_io.dir/Common/TLDListsHolder.cpp.o
[2847/6838] Building CXX object src/CMakeFiles/clickhouse_common_io.dir/Common/TerminalSize.cpp.o
[2848/6838] Building CXX object src/CMakeFiles/clickhouse_common_io.dir/Common/TemporarySecretFile.cpp.o
[2849/6838] Building CXX object src/CMakeFiles/clickhouse_common_io.dir/Common/ThreadFuzzer.cpp.o
[2850/6838] Building CXX object src/CMakeFiles/clickhouse_common_io.dir/Common/ThreadGroupSwitcher.cpp.o
[2851/6838] Building CXX object src/CMakeFiles/clickhouse_common_io.dir/Common/ThreadPool.cpp.o
[2852/6838] Building CXX object src/CMakeFiles/clickhouse_common_io.dir/Common/ThreadPoolTaskTracker.cpp.o
[2853/6838] Building CXX object src/CMakeFiles/clickhouse_common_io.dir/Common/ThreadProfileEvents.cpp.o
[2854/6838] Building CXX object src/CMakeFiles/clickhouse_common_io.dir/Common/TimerDescriptor.cpp.o
[2855/6838] Building CXX object src/CMakeFiles/clickhouse_common_io.dir/Common/Throttler.cpp.o
[2856/6838] Building CXX object src/CMakeFiles/clickhouse_common_io.dir/Common/ThreadStatus.cpp.o
[2857/6838] Building CXX object src/CMakeFiles/clickhouse_common_io.dir/Common/UDFProcessRegistry.cpp.o
[2858/6838] Building CXX object src/CMakeFiles/clickhouse_common_io.dir/Common/TransactionID.cpp.o
[2859/6838] Building CXX object src/CMakeFiles/clickhouse_common_io.dir/Common/TraceSender.cpp.o
[2860/6838] Building CXX object src/CMakeFiles/clickhouse_common_io.dir/Common/UTF8Helpers.cpp.o
[2861/6838] Building CXX object src/CMakeFiles/clickhouse_common_io.dir/Common/UnicodeBar.cpp.o
[2862/6838] Building CXX object src/CMakeFiles/clickhouse_common_io.dir/Common/UntrackedMemoryRegistry.cpp.o
[2863/6838] Building CXX object src/CMakeFiles/clickhouse_common_io.dir/Common/UDFProcessSubtreeSampler.cpp.o
[2864/6838] Building CXX object src/CMakeFiles/clickhouse_common_io.dir/Common/VersionNumber.cpp.o
[2865/6838] Building CXX object src/CMakeFiles/clickhouse_common_io.dir/Common/VectorQuantizer.cpp.o
[2866/6838] Building CXX object src/CMakeFiles/clickhouse_common_io.dir/Common/WakeupFd.cpp.o
[2867/6838] Building CXX object src/CMakeFiles/clickhouse_common_io.dir/Common/XDGBaseDirectories.cpp.o
[2868/6838] Building CXX object src/CMakeFiles/clickhouse_common_io.dir/Common/SystemLogBase.cpp.o
[2869/6838] Building CXX object src/CMakeFiles/clickhouse_common_io.dir/Common/XMLUtils.cpp.o
[2870/6838] Building CXX object src/CMakeFiles/clickhouse_common_io.dir/Common/assertProcessUserMatchesDataOwner.cpp.o
[2871/6838] Building CXX object src/CMakeFiles/clickhouse_common_io.dir/Common/assert_cast.cpp.o
[2872/6838] Building CXX object src/CMakeFiles/clickhouse_common_io.dir/Common/atomicRename.cpp.o
[2873/6838] Building CXX object src/CMakeFiles/clickhouse_common_io.dir/Common/checkSSLReturnCode.cpp.o
[2874/6838] Building CXX object src/CMakeFiles/clickhouse_common_io.dir/Common/clearPasswordFromCommandLine.cpp.o
[2875/6838] Building CXX object src/CMakeFiles/clickhouse_common_io.dir/Common/blockDumper.cpp.o
[2876/6838] Building CXX object src/CMakeFiles/clickhouse_common_io.dir/Common/checkStackSize.cpp.o
[2877/6838] Building CXX object src/CMakeFiles/clickhouse_common_io.dir/Common/escapeForFileName.cpp.o
[2878/6838] Building CXX object src/CMakeFiles/clickhouse_common_io.dir/Common/createHardLink.cpp.o
[2879/6838] Building CXX object src/CMakeFiles/clickhouse_common_io.dir/Common/computeMaxTableNameLength.cpp.o
[2880/6838] Building CXX object src/CMakeFiles/clickhouse_common_io.dir/Common/WKB.cpp.o
[2881/6838] Building CXX object src/CMakeFiles/clickhouse_common_io.dir/Common/escapeString.cpp.o
[2882/6838] Building CXX object src/CMakeFiles/clickhouse_common_io.dir/Common/formatIPv6.cpp.o
[2883/6838] Building CXX object src/CMakeFiles/clickhouse_common_io.dir/Common/formatReadable.cpp.o
[2884/6838] Building CXX object src/CMakeFiles/clickhouse_common_io.dir/Common/filesystemHelpers.cpp.o
[2885/6838] Building CXX object src/CMakeFiles/clickhouse_common_io.dir/Common/getExecutablePath.cpp.o
[2886/6838] Building CXX object src/CMakeFiles/clickhouse_common_io.dir/Common/findExtreme.cpp.o
[2887/6838] Building CXX object src/CMakeFiles/clickhouse_common_io.dir/Common/getHashOfLoadedBinary.cpp.o
[2888/6838] Building CXX object src/CMakeFiles/clickhouse_common_io.dir/Common/getMaxFileDescriptorCount.cpp.o
[2889/6838] Building CXX object src/CMakeFiles/clickhouse_common_io.dir/Common/getCurrentProcessFDCount.cpp.o
[2890/6838] Building CXX object src/CMakeFiles/clickhouse_common_io.dir/Common/getMultipleKeysFromConfig.cpp.o
[2891/6838] Building CXX object src/CMakeFiles/clickhouse_common_io.dir/Common/getMappedArea.cpp.o
[2892/6838] Building CXX object src/CMakeFiles/clickhouse_common_io.dir/Common/hasLinuxCapability.cpp.o
[2893/6838] Building CXX object src/CMakeFiles/clickhouse_common_io.dir/Common/intExp.cpp.o
[2894/6838] Building CXX object src/CMakeFiles/clickhouse_common_io.dir/Common/getRandomASCIIString.cpp.o
[2895/6838] Building CXX object src/CMakeFiles/clickhouse_common_io.dir/Common/getNumberOfCPUCoresToUse.cpp.o
[2896/6838] Building CXX object src/CMakeFiles/clickhouse_common_io.dir/Common/isValidUTF8.cpp.o
[2897/6838] Building CXX object src/CMakeFiles/clickhouse_common_io.dir/Common/iota.cpp.o
[2898/6838] Building CXX object src/CMakeFiles/clickhouse_common_io.dir/Common/levenshteinDistance.cpp.o
[2899/6838] Building CXX object src/CMakeFiles/clickhouse_common_io.dir/Common/likePatternToRegexp.cpp.o
[2900/6838] Building CXX object src/CMakeFiles/clickhouse_common_io.dir/Common/maskSensitiveQueryParameters.cpp.o
[2901/6838] Building CXX object src/CMakeFiles/clickhouse_common_io.dir/Common/isLocalAddress.cpp.o
[2902/6838] Building CXX object src/CMakeFiles/clickhouse_common_io.dir/Common/makeSocketAddress.cpp.o
[2903/6838] Building CXX object src/CMakeFiles/clickhouse_common_io.dir/Common/memory.cpp.o
[2904/6838] Building CXX object src/CMakeFiles/clickhouse_common_io.dir/Common/parseAddress.cpp.o
[2905/6838] Building CXX object src/CMakeFiles/clickhouse_common_io.dir/Common/parseRemoteDescription.cpp.o
[2906/6838] Building CXX object src/CMakeFiles/clickhouse_common_io.dir/Common/proxyConfigurationToPocoProxyConfig.cpp.o
[2907/6838] Building CXX object src/CMakeFiles/clickhouse_common_io.dir/Common/parseGlobs.cpp.o
[2908/6838] Building CXX object src/CMakeFiles/clickhouse_common_io.dir/Common/register_objects.cpp.o
[2909/6838] Building CXX object src/CMakeFiles/clickhouse_common_io.dir/Common/quoteString.cpp.o
[2910/6838] Building CXX object src/CMakeFiles/clickhouse_common_io.dir/Common/randomSeed.cpp.o
[2911/6838] Building CXX object src/CMakeFiles/clickhouse_common_io.dir/Common/randomDelay.cpp.o
[2912/6838] Building CXX object src/CMakeFiles/clickhouse_common_io.dir/Common/remapExecutable.cpp.o
[2913/6838] Building CXX object src/CMakeFiles/clickhouse_common_io.dir/Common/tryGetFileNameByFileDescriptor.cpp.o
[2914/6838] Building CXX object src/CMakeFiles/clickhouse_common_io.dir/Common/thread_local_rng.cpp.o
[2915/6838] Building CXX object src/CMakeFiles/clickhouse_common_io.dir/Common/setThreadName.cpp.o
[2916/6838] Building CXX object src/CMakeFiles/clickhouse_common_io.dir/Common/typeid_cast.cpp.o
[2917/6838] Building CXX object src/CMakeFiles/clickhouse_common_io.dir/Common/waitForPid.cpp.o
[2918/6838] Building CXX object src/CMakeFiles/clickhouse_common_io.dir/Common/RegexpJIT/RegexpProgram.cpp.o
[2919/6838] Building CXX object src/CMakeFiles/clickhouse_common_io.dir/Common/Crypto/OpenSSLInitializer.cpp.o
[2920/6838] Building CXX object src/CMakeFiles/clickhouse_common_io.dir/Common/Crypto/KeyPair.cpp.o
[2921/6838] Building CXX object src/CMakeFiles/clickhouse_common_io.dir/Common/JSONParsers/RapidJSONMemoryTrackerAllocator.cpp.o
[2922/6838] Building CXX object src/CMakeFiles/clickhouse_common_io.dir/Common/JSONParsers/SimdJSONParser.cpp.o
[2923/6838] Building CXX object src/CMakeFiles/clickhouse_common_io.dir/Common/Crypto/X509Certificate.cpp.o
[2924/6838] Building CXX object src/CMakeFiles/clickhouse_common_io.dir/Common/threadPoolCallbackRunner.cpp.o
[2925/6838] Building CXX object src/CMakeFiles/clickhouse_common_io.dir/Common/JSONParsers/DummyJSONParser.cpp.o
[2926/6838] Building CXX object src/CMakeFiles/clickhouse_common_io.dir/Common/Scheduler/CostUnit.cpp.o
[2927/6838] Building CXX object src/CMakeFiles/clickhouse_common_io.dir/Common/Scheduler/CPUSlotsAllocation.cpp.o
[2928/6838] Building CXX object src/CMakeFiles/clickhouse_common_io.dir/Common/Scheduler/EventQueue.cpp.o
[2929/6838] Building CXX object src/CMakeFiles/clickhouse_common_io.dir/Common/Scheduler/ISchedulerNode.cpp.o
[2930/6838] Building CXX object src/CMakeFiles/clickhouse_common_io.dir/Common/Scheduler/CPULeaseAllocation.cpp.o
[2931/6838] Building CXX object src/CMakeFiles/clickhouse_common_io.dir/Common/Scheduler/ResourceAllocation.cpp.o
[2932/6838] Building CXX object src/CMakeFiles/clickhouse_common_io.dir/Common/Scheduler/MemoryReservation.cpp.o
[2933/6838] Building CXX object src/CMakeFiles/clickhouse_common_io.dir/Common/Scheduler/ResourceRequest.cpp.o
[2934/6838] Building CXX object src/CMakeFiles/clickhouse_common_io.dir/Common/Scheduler/ResourceGuard.cpp.o
[2935/6838] Building CXX object src/CMakeFiles/clickhouse_common_io.dir/Common/Scheduler/Nodes/SpaceShared/AllocationLimit.cpp.o
[2936/6838] Building CXX object src/CMakeFiles/clickhouse_common_io.dir/Common/Scheduler/createResourceManager.cpp.o
[2937/6838] Building CXX object src/CMakeFiles/clickhouse_common_io.dir/Common/Scheduler/WorkloadSettings.cpp.o
[2938/6838] Building CXX object src/CMakeFiles/clickhouse_common_io.dir/Common/Scheduler/Nodes/SpaceShared/FairAllocation.cpp.o
[2939/6838] Building CXX object src/CMakeFiles/clickhouse_common_io.dir/Common/Scheduler/Nodes/SpaceShared/AllocationQueue.cpp.o
[2940/6838] Building CXX object src/CMakeFiles/clickhouse_common_io.dir/Common/Scheduler/Nodes/SpaceShared/PrecedenceAllocation.cpp.o
[2941/6838] Building CXX object src/CMakeFiles/clickhouse_common_io.dir/IO/AIO.cpp.o
[2942/6838] Building CXX object src/CMakeFiles/clickhouse_common_io.dir/Common/Scheduler/WorkloadResourceManager.cpp.o
[2943/6838] Building CXX object src/CMakeFiles/clickhouse_common_io.dir/IO/Base64WriteBuffer.cpp.o
[2944/6838] Building CXX object src/CMakeFiles/clickhouse_common_io.dir/IO/Ask.cpp.o
[2945/6838] Building CXX object src/CMakeFiles/clickhouse_common_io.dir/IO/BrotliReadBuffer.cpp.o
[2946/6838] Building CXX object src/CMakeFiles/clickhouse_common_io.dir/IO/BrotliWriteBuffer.cpp.o
[2947/6838] Building CXX object src/CMakeFiles/clickhouse_common_io.dir/IO/AsynchronousReadBufferFromFile.cpp.o
[2948/6838] Building CXX object src/CMakeFiles/clickhouse_common_io.dir/IO/Bzip2ReadBuffer.cpp.o
[2949/6838] Building CXX object src/CMakeFiles/clickhouse_common_io.dir/IO/Bzip2WriteBuffer.cpp.o
[2950/6838] Building CXX object src/CMakeFiles/clickhouse_common_io.dir/IO/BoundedReadBuffer.cpp.o
[2951/6838] Building CXX object src/CMakeFiles/clickhouse_common_io.dir/IO/BufferWithOwnMemory.cpp.o
[2952/6838] Building CXX object src/CMakeFiles/clickhouse_common_io.dir/IO/CascadeWriteBuffer.cpp.o
[2953/6838] Building CXX object src/CMakeFiles/clickhouse_common_io.dir/IO/AsynchronousReadBufferFromFileDescriptor.cpp.o
[2954/6838] Building CXX object src/CMakeFiles/clickhouse_common_io.dir/IO/ChainedBuffers.cpp.o
[2955/6838] Building CXX object src/CMakeFiles/clickhouse_common_io.dir/IO/CachedInMemoryReadBufferFromFile.cpp.o
[2956/6838] Building CXX object src/CMakeFiles/clickhouse_common_io.dir/IO/ConcatReadBufferFromFile.cpp.o
[2957/6838] Building CXX object src/CMakeFiles/clickhouse_common_io.dir/IO/DoubleConverter.cpp.o
[2958/6838] Building CXX object src/CMakeFiles/clickhouse_common_io.dir/IO/CompressionMethod.cpp.o
[2959/6838] Building CXX object src/CMakeFiles/clickhouse_common_io.dir/IO/ConnectionTimeouts.cpp.o
[2960/6838] Building CXX object src/CMakeFiles/clickhouse_common_io.dir/IO/Expect404ResponseScope.cpp.o
[2961/6838] Building CXX object src/CMakeFiles/clickhouse_common_io.dir/IO/ForkWriteBuffer.cpp.o
[2962/6838] Building CXX object src/CMakeFiles/clickhouse_common_io.dir/IO/FileEncryptionCommon.cpp.o
[2963/6838] Building CXX object src/CMakeFiles/clickhouse_common_io.dir/IO/HTTPChunkedReadBuffer.cpp.o
[2964/6838] Building CXX object src/CMakeFiles/clickhouse_common_io.dir/IO/HTTPRequestThrottler.cpp.o
[2965/6838] Building CXX object src/CMakeFiles/clickhouse_common_io.dir/IO/GCPOAuth.cpp.o
[2966/6838] Building CXX object src/CMakeFiles/clickhouse_common_io.dir/IO/DiskCacheProvider.cpp.o
[2967/6838] Building CXX object src/CMakeFiles/clickhouse_common_io.dir/IO/HadoopSnappyWriteBuffer.cpp.o
[2968/6838] Building CXX object src/CMakeFiles/clickhouse_common_io.dir/IO/HadoopSnappyReadBuffer.cpp.o
[2969/6838] Building CXX object src/CMakeFiles/clickhouse_common_io.dir/IO/HTTPCommon.cpp.o
[2970/6838] Building CXX object src/CMakeFiles/clickhouse_common_io.dir/IO/IntervalSet.cpp.o
[2971/6838] Building CXX object src/CMakeFiles/clickhouse_common_io.dir/IO/Libdeflate.cpp.o
[2972/6838] Building CXX object src/CMakeFiles/clickhouse_common_io.dir/IO/LibdeflateDeflatingWriteBuffer.cpp.o
[2973/6838] Building CXX object src/CMakeFiles/clickhouse_common_io.dir/IO/LibdeflateInflatingReadBuffer.cpp.o
[2974/6838] Building CXX object src/CMakeFiles/clickhouse_common_io.dir/IO/HashingWriteBuffer.cpp.o
[2975/6838] Building CXX object src/CMakeFiles/clickhouse_common_io.dir/IO/LZMADeflatingWriteBuffer.cpp.o
[2976/6838] Building CXX object src/CMakeFiles/clickhouse_common_io.dir/IO/LZMAInflatingReadBuffer.cpp.o
[2977/6838] Building CXX object src/CMakeFiles/clickhouse_common_io.dir/IO/LimitSeekableReadBuffer.cpp.o
[2978/6838] Building CXX object src/CMakeFiles/clickhouse_common_io.dir/IO/LongConnectionLimit.cpp.o
[2979/6838] Building CXX object src/CMakeFiles/clickhouse_common_io.dir/IO/LimitReadBuffer.cpp.o
[2980/6838] Building CXX object src/CMakeFiles/clickhouse_common_io.dir/IO/LocalSourceReader.cpp.o
[2981/6838] Building CXX object src/CMakeFiles/clickhouse_common_io.dir/IO/Lz4DeflatingWriteBuffer.cpp.o
[2982/6838] Building CXX object src/CMakeFiles/clickhouse_common_io.dir/IO/Lz4InflatingReadBuffer.cpp.o
[2983/6838] Building CXX object src/CMakeFiles/clickhouse_common_io.dir/IO/MMapReadBufferFromFile.cpp.o
[2984/6838] Building CXX object src/CMakeFiles/clickhouse_common_io.dir/IO/MMappedFile.cpp.o
[2985/6838] Building CXX object src/CMakeFiles/clickhouse_common_io.dir/IO/MMapReadBufferFromFileDescriptor.cpp.o
[2986/6838] Building CXX object src/CMakeFiles/clickhouse_common_io.dir/IO/MMappedFileCache.cpp.o
[2987/6838] Building CXX object src/CMakeFiles/clickhouse_common_io.dir/IO/MMapReadBufferFromFileWithCache.cpp.o
[2988/6838] Building CXX object src/CMakeFiles/clickhouse_common_io.dir/IO/MMappedFileDescriptor.cpp.o
[2989/6838] Building CXX object src/CMakeFiles/clickhouse_common_io.dir/IO/MemoryReadWriteBuffer.cpp.o
[2990/6838] Building CXX object src/CMakeFiles/clickhouse_common_io.dir/IO/MySQLBinlogEventReadBuffer.cpp.o
[2991/6838] Building CXX object src/CMakeFiles/clickhouse_common_io.dir/IO/MySQLPacketPayloadReadBuffer.cpp.o
[2992/6838] Building CXX object src/CMakeFiles/clickhouse_common_io.dir/IO/MySQLPacketPayloadWriteBuffer.cpp.o
[2993/6838] Building CXX object src/CMakeFiles/clickhouse_common_io.dir/IO/NullWriteBuffer.cpp.o
[2994/6838] Building CXX object src/CMakeFiles/clickhouse_common_io.dir/IO/OffsetMap.cpp.o
[2995/6838] Building CXX object src/CMakeFiles/clickhouse_common_io.dir/IO/OpenedFile.cpp.o
[2996/6838] Building CXX object src/CMakeFiles/clickhouse_common_io.dir/IO/OpenedFileCache.cpp.o
[2997/6838] Building CXX object src/CMakeFiles/clickhouse_common_io.dir/IO/ObjectStorageSourceReader.cpp.o
[2998/6838] Building CXX object src/CMakeFiles/clickhouse_common_io.dir/IO/PageCacheProvider.cpp.o
[2999/6838] Building CXX object src/CMakeFiles/clickhouse_common_io.dir/IO/PackedFilesReader.cpp.o
[3000/6838] Building CXX object src/CMakeFiles/clickhouse_common_io.dir/IO/PackedFilesWriter.cpp.o
[3001/6838] Building CXX object src/CMakeFiles/clickhouse_common_io.dir/IO/PackedFilesOperations.cpp.o
[3002/6838] Building CXX object src/CMakeFiles/clickhouse_common_io.dir/IO/PeekableReadBuffer.cpp.o
[3003/6838] Building CXX object src/CMakeFiles/clickhouse_common_io.dir/IO/PeekableWriteBuffer.cpp.o
[3004/6838] Building CXX object src/CMakeFiles/clickhouse_common_io.dir/IO/ParallelReadBuffer.cpp.o
[3005/6838] Building CXX object src/CMakeFiles/clickhouse_common_io.dir/IO/PipelineReadBuffer.cpp.o
[3006/6838] Building CXX object src/CMakeFiles/clickhouse_common_io.dir/IO/ReadBuffer.cpp.o
[3007/6838] Building CXX object src/CMakeFiles/clickhouse_common_io.dir/IO/Progress.cpp.o
[3008/6838] Building CXX object src/CMakeFiles/clickhouse_common_io.dir/IO/ReadBufferFromEncryptedFile.cpp.o
[3009/6838] Building CXX object src/CMakeFiles/clickhouse_common_io.dir/IO/ReadBufferFromFileDecorator.cpp.o
[3010/6838] Building CXX object src/CMakeFiles/clickhouse_common_io.dir/IO/ReadBufferFromFile.cpp.o
[3011/6838] Building CXX object src/CMakeFiles/clickhouse_common_io.dir/IO/ReadBufferFromFileBase.cpp.o
[3012/6838] Building CXX object src/CMakeFiles/clickhouse_common_io.dir/IO/ReadBufferFromIStream.cpp.o
[3013/6838] Building CXX object src/CMakeFiles/clickhouse_common_io.dir/IO/ReadBufferFromFileView.cpp.o
[3014/6838] Building CXX object src/CMakeFiles/clickhouse_common_io.dir/IO/ReadBufferFromMemory.cpp.o
[3015/6838] Building CXX object src/CMakeFiles/clickhouse_common_io.dir/IO/ReadBufferFromFileDescriptor.cpp.o
[3016/6838] Building CXX object src/CMakeFiles/clickhouse_common_io.dir/IO/ReadContinuityTracker.cpp.o
[3017/6838] Building CXX object src/CMakeFiles/clickhouse_common_io.dir/IO/ReadBufferFromS3.cpp.o
[3018/6838] Building CXX object src/CMakeFiles/clickhouse_common_io.dir/IO/ReadBufferFromPocoSocket.cpp.o
[3019/6838] Building CXX object src/CMakeFiles/clickhouse_common_io.dir/IO/ReadBufferFromPocoSocketChunked.cpp.o
[3020/6838] Building CXX object src/CMakeFiles/clickhouse_common_io.dir/IO/ReadSettings.cpp.o
[3021/6838] Building CXX object src/CMakeFiles/clickhouse_common_io.dir/IO/ReadHelpers.cpp.o
[3022/6838] Building CXX object src/CMakeFiles/clickhouse_common_io.dir/IO/ReadWriteBufferFromHTTP.cpp.o
[3023/6838] Building CXX object src/CMakeFiles/clickhouse_common_io.dir/IO/ReaderExecutor.cpp.o
[3024/6838] Building CXX object src/CMakeFiles/clickhouse_common_io.dir/IO/ReaderExecutorDecryptor.cpp.o
[3025/6838] Building CXX object src/CMakeFiles/clickhouse_common_io.dir/IO/ReadPipeline.cpp.o
[3026/6838] Building CXX object src/CMakeFiles/clickhouse_common_io.dir/IO/S3Common.cpp.o
[3027/6838] Building CXX object src/CMakeFiles/clickhouse_common_io.dir/IO/SeekableReadBuffer.cpp.o
[3028/6838] Building CXX object src/CMakeFiles/clickhouse_common_io.dir/IO/S3AuthSettings.cpp.o
[3029/6838] Building CXX object src/CMakeFiles/clickhouse_common_io.dir/IO/SilkFiberStreamSocketImpl.cpp.o
[3030/6838] Building CXX object src/CMakeFiles/clickhouse_common_io.dir/IO/SilkSecureFiberStreamSocketImpl.cpp.o
[3031/6838] Building CXX object src/CMakeFiles/clickhouse_common_io.dir/IO/SilkStreamSocketFactory.cpp.o
[3032/6838] Building CXX object src/CMakeFiles/clickhouse_common_io.dir/IO/S3Settings.cpp.o
[3033/6838] Building CXX object src/CMakeFiles/clickhouse_common_io.dir/IO/SnappyBasicWriteBuffer.cpp.o
[3034/6838] Building CXX object src/CMakeFiles/clickhouse_common_io.dir/IO/SnappyBasicReadBuffer.cpp.o
[3035/6838] Building CXX object src/CMakeFiles/clickhouse_common_io.dir/IO/S3RequestSettings.cpp.o
[3036/6838] Building CXX object src/CMakeFiles/clickhouse_common_io.dir/IO/SharedThreadPools.cpp.o
[3037/6838] Building CXX object src/CMakeFiles/clickhouse_common_io.dir/IO/SnappyFramedReadBuffer.cpp.o
[3038/6838] Building CXX object src/CMakeFiles/clickhouse_common_io.dir/IO/SnappyFramedWriteBuffer.cpp.o
[3039/6838] Building CXX object src/CMakeFiles/clickhouse_common_io.dir/IO/StdIStreamFromMemory.cpp.o
[3040/6838] Building CXX object src/CMakeFiles/clickhouse_common_io.dir/IO/SocketPeerClosed.cpp.o
[3041/6838] Building CXX object src/CMakeFiles/clickhouse_common_io.dir/IO/SwapHelper.cpp.o
[3042/6838] Building CXX object src/CMakeFiles/clickhouse_common_io.dir/IO/StdStreamBufFromReadBuffer.cpp.o
[3043/6838] Building CXX object src/CMakeFiles/clickhouse_common_io.dir/IO/StdStreamFromReadBuffer.cpp.o
[3044/6838] Building CXX object src/CMakeFiles/clickhouse_common_io.dir/IO/SynchronousReader.cpp.o
[3045/6838] Building CXX object src/CMakeFiles/clickhouse_common_io.dir/IO/TimeoutSetter.cpp.o
[3046/6838] Building CXX object src/CMakeFiles/clickhouse_common_io.dir/IO/VarInt.cpp.o
[3047/6838] Building CXX object src/CMakeFiles/clickhouse_common_io.dir/IO/WithFileSize.cpp.o
[3048/6838] Building CXX object src/CMakeFiles/clickhouse_common_io.dir/IO/UncompressedCache.cpp.o
[3049/6838] Building CXX object src/CMakeFiles/clickhouse_common_io.dir/IO/WriteBuffer.cpp.o
[3050/6838] Building CXX object src/CMakeFiles/clickhouse_common_io.dir/IO/WithFileName.cpp.o
[3051/6838] Building CXX object src/CMakeFiles/clickhouse_common_io.dir/IO/WriteBufferFromFileBase.cpp.o
[3052/6838] Building CXX object src/CMakeFiles/clickhouse_common_io.dir/IO/WriteBufferFromEncryptedFile.cpp.o
[3053/6838] Building CXX object src/CMakeFiles/clickhouse_common_io.dir/IO/WriteBufferFromFileDecorator.cpp.o
[3054/6838] Building CXX object src/CMakeFiles/clickhouse_common_io.dir/IO/WriteBufferFromFile.cpp.o
[3055/6838] Building CXX object src/CMakeFiles/clickhouse_common_io.dir/IO/WriteBufferFromFileDescriptorDiscardOnFailure.cpp.o
[3056/6838] Building CXX object src/CMakeFiles/clickhouse_common_io.dir/IO/WriteBufferFromFileDescriptor.cpp.o
[3057/6838] Building CXX object src/CMakeFiles/clickhouse_common_io.dir/IO/WriteBufferFromOStream.cpp.o
[3058/6838] Building CXX object src/CMakeFiles/clickhouse_common_io.dir/IO/WriteBufferFromHTTP.cpp.o
[3059/6838] Building CXX object src/CMakeFiles/clickhouse_common_io.dir/IO/WriteBufferFromPocoSocket.cpp.o
[3060/6838] Building CXX object src/CMakeFiles/clickhouse_common_io.dir/IO/WriteBufferFromS3.cpp.o
[3061/6838] Building CXX object src/CMakeFiles/clickhouse_common_io.dir/IO/WriteBufferFromString.cpp.o
[3062/6838] Building CXX object src/CMakeFiles/clickhouse_common_io.dir/IO/WriteBufferFromPocoSocketChunked.cpp.o
[3063/6838] Building CXX object src/CMakeFiles/clickhouse_common_io.dir/IO/WriteBufferFromTrackedString.cpp.o
[3064/6838] Building CXX object src/CMakeFiles/clickhouse_common_io.dir/IO/WriteBufferValidUTF8.cpp.o
[3065/6838] Building CXX object src/CMakeFiles/clickhouse_common_io.dir/IO/WriteHelpers.cpp.o
[3066/6838] Building CXX object src/CMakeFiles/clickhouse_common_io.dir/IO/ZlibDeflatingWriteBuffer.cpp.o
[3067/6838] Building CXX object src/CMakeFiles/clickhouse_common_io.dir/IO/ZlibInflatingReadBuffer.cpp.o
[3068/6838] Building CXX object src/CMakeFiles/clickhouse_common_io.dir/IO/WriteSettings.cpp.o
[3069/6838] Building CXX object src/CMakeFiles/clickhouse_common_io.dir/IO/ZstdDeflatingAppendableWriteBuffer.cpp.o
[3070/6838] Building CXX object src/CMakeFiles/clickhouse_common_io.dir/IO/ZstdInflatingReadBuffer.cpp.o
[3071/6838] Building CXX object src/CMakeFiles/clickhouse_common_io.dir/IO/ZstdDeflatingWriteBuffer.cpp.o
[3072/6838] Building CXX object src/CMakeFiles/clickhouse_common_io.dir/IO/copyData.cpp.o
[3073/6838] Building CXX object src/CMakeFiles/clickhouse_common_io.dir/IO/preadNoWait.cpp.o
[3074/6838] Building CXX object src/CMakeFiles/clickhouse_common_io.dir/IO/Archives/ArchiveUtils.cpp.o
[3075/6838] Building CXX object src/CMakeFiles/clickhouse_common_io.dir/IO/parseHTTPDate.cpp.o
[3076/6838] Building CXX object src/CMakeFiles/clickhouse_common_io.dir/IO/Archives/LibArchiveWriter.cpp.o
[3077/6838] Building CXX object src/CMakeFiles/clickhouse_common_io.dir/IO/Archives/LibArchiveReader.cpp.o
[3078/6838] Building CXX object src/CMakeFiles/clickhouse_common_io.dir/IO/Archives/ZipArchiveReader.cpp.o
[3079/6838] Building CXX object src/CMakeFiles/clickhouse_common_io.dir/IO/Archives/ZipArchiveWriter.cpp.o
[3080/6838] Building CXX object src/CMakeFiles/clickhouse_common_io.dir/IO/readFloatText.cpp.o
[3081/6838] Building CXX object src/CMakeFiles/clickhouse_common_io.dir/IO/Archives/TarArchiveWriter.cpp.o
[3082/6838] Building CXX object src/CMakeFiles/clickhouse_common_io.dir/IO/Archives/createArchiveReader.cpp.o
[3083/6838] Building CXX object src/CMakeFiles/clickhouse_common_io.dir/IO/Protobuf/ProtobufZeroCopyInputStreamFromReadBuffer.cpp.o
[3084/6838] Building CXX object src/CMakeFiles/clickhouse_common_io.dir/IO/Protobuf/ProtobufZeroCopyOutputStreamFromWriteBuffer.cpp.o
[3085/6838] Building CXX object src/CMakeFiles/clickhouse_common_io.dir/IO/Archives/hasRegisteredArchiveFileExtension.cpp.o
[3086/6838] Building CXX object src/CMakeFiles/clickhouse_common_io.dir/IO/Archives/createArchiveWriter.cpp.o
[3087/6838] Building CXX object src/CMakeFiles/clickhouse_common_io.dir/IO/parseDateTimeBestEffort.cpp.o
[3088/6838] Building CXX object src/CMakeFiles/clickhouse_common_io.dir/IO/S3/Client.cpp.o
[3089/6838] Building CXX object src/CMakeFiles/clickhouse_common_io.dir/IO/S3/PocoHTTPClientFactory.cpp.o
[3090/6838] Building CXX object src/CMakeFiles/clickhouse_common_io.dir/IO/S3/ProviderType.cpp.o
[3091/6838] Building CXX object src/CMakeFiles/clickhouse_common_io.dir/IO/S3/ReadBufferFromGetObjectResult.cpp.o
[3092/6838] Building CXX object src/CMakeFiles/clickhouse_common_io.dir/IO/S3/Requests.cpp.o
[3093/6838] Building CXX object src/CMakeFiles/clickhouse_common_io.dir/IO/S3/PocoHTTPClient.cpp.o
[3094/6838] Building CXX object src/CMakeFiles/clickhouse_common_io.dir/IO/S3/URI.cpp.o
[3095/6838] Building CXX object src/CMakeFiles/clickhouse_common_io.dir/IO/S3/copyS3File.cpp.o
[3096/6838] Building CXX object src/CMakeFiles/clickhouse_common_io.dir/IO/S3/deleteFileFromS3.cpp.o
[3097/6838] Building CXX object src/CMakeFiles/clickhouse_common_io.dir/IO/S3/AWSLogger.cpp.o
[3098/6838] Building CXX object src/CMakeFiles/clickhouse_common_io.dir/IO/AzureBlobStorage/PocoHTTPClient.cpp.o
[3099/6838] Building CXX object src/CMakeFiles/clickhouse_common_io.dir/IO/AzureBlobStorage/copyAzureBlobStorageFile.cpp.o
[3100/6838] Building CXX object src/CMakeFiles/clickhouse_common_io.dir/IO/AzureBlobStorage/isRetryableAzureException.cpp.o
[3101/6838] Building CXX object src/CMakeFiles/clickhouse_common_io.dir/IO/S3/getObjectInfo.cpp.o
[3102/6838] Building CXX object src/CMakeFiles/clickhouse_common_io.dir/IO/S3/Credentials.cpp.o
[3103/6838] Building CXX object src/CMakeFiles/clickhouse_common_io.dir/__/includes/configs/config_version.cpp.o
[3104/6838] Building CXX object src/CMakeFiles/clickhouse_common_io.dir/IO/S3/S3Capabilities.cpp.o
[3105/6838] Building CXX object src/CMakeFiles/clickhouse_new_delete.dir/Common/AllocationInterceptors.cpp.o
[3106/6838] Building CXX object src/CMakeFiles/clickhouse_common_io.dir/Disks/DiskObjectStorage/ObjectStorages/AzureBlobStorage/AzureObjectStorage.cpp.o
[3107/6838] Building CXX object src/CMakeFiles/clickhouse_common_io.dir/Disks/DiskObjectStorage/ObjectStorages/AzureBlobStorage/AzureBlobStorageCommon.cpp.o
[3108/6838] Linking CXX static library src/libclickhouse_common_io.a
[3109/6838] Linking CXX static library base/poco/XML/lib_poco_xml.a
[3110/6838] Linking CXX static library base/poco/Util/lib_poco_util.a
[3111/6838] Linking CXX static library base/poco/NetSSL_OpenSSL/lib_poco_net_ssl.a
[3112/6838] Linking CXX static library base/poco/Net/lib_poco_net.a
[3113/6838] Linking CXX static library base/poco/JSON/lib_poco_json.a
[3114/6838] Linking CXX static library base/poco/Foundation/lib_poco_foundation.a
[3115/6838] Linking CXX static library base/base/libcommon.a
[3116/6838] Linking CXX static library contrib/croaring-cmake/lib_roaring.a
[3117/6838] Linking CXX static library base/poco/Redis/lib_poco_redis.a
[3118/6838] Linking CXX static library src/libclickhouse_new_delete.a
[3119/6838] Building CXX object src/CMakeFiles/dbms.dir/Dictionaries/DictionarySourceFactory.cpp.o
[3120/6838] Building CXX object src/CMakeFiles/dbms.dir/Dictionaries/DictionaryFactory.cpp.o
[3121/6838] Building CXX object src/CMakeFiles/dbms.dir/Functions/ComparisonOrderDomain.cpp.o
[3122/6838] Building CXX object src/CMakeFiles/dbms.dir/Functions/IFunctionAdaptors.cpp.o
[3123/6838] Building CXX object src/CMakeFiles/dbms.dir/Dictionaries/DictionaryStructure.cpp.o
[3124/6838] Building CXX object src/CMakeFiles/dbms.dir/Dictionaries/getDictionaryConfigurationFromAST.cpp.o
[3125/6838] Building CXX object src/CMakeFiles/dbms.dir/Functions/IFunction.cpp.o
[3126/6838] Building CXX object src/CMakeFiles/dbms.dir/Functions/FunctionDynamicAdaptor.cpp.o
[3127/6838] Building CXX object src/CMakeFiles/dbms.dir/Functions/TypeMismatchStrictness.cpp.o
[3128/6838] Building CXX object src/CMakeFiles/dbms.dir/Functions/FunctionVariantAdaptor.cpp.o
[3129/6838] Building CXX object src/CMakeFiles/dbms.dir/Functions/FunctionFactory.cpp.o
[3130/6838] Building CXX object src/CMakeFiles/dbms.dir/Functions/FunctionHelpers.cpp.o
[3131/6838] Building CXX object src/CMakeFiles/dbms.dir/Functions/FunctionPlannerOnlyFilter.cpp.o
[3132/6838] Building CXX object src/CMakeFiles/dbms.dir/Functions/checkHyperscanRegexp.cpp.o
[3133/6838] Building CXX object src/CMakeFiles/dbms.dir/Functions/multiIf.cpp.o
[3134/6838] Building CXX object src/CMakeFiles/dbms.dir/Functions/CastOverloadResolver.cpp.o
[3135/6838] Building CXX object src/CMakeFiles/dbms.dir/Functions/FunctionsLogical.cpp.o
[3136/6838] Building CXX object src/CMakeFiles/dbms.dir/Functions/FunctionsConversion_impl00.cpp.o
[3137/6838] Building CXX object src/CMakeFiles/dbms.dir/Functions/FunctionsConversion_impl01.cpp.o
[3138/6838] Building CXX object src/CMakeFiles/dbms.dir/Functions/FunctionsConversion_impl02.cpp.o
[3139/6838] Building CXX object src/CMakeFiles/dbms.dir/Functions/FunctionsConversion_impl03.cpp.o
[3140/6838] Building CXX object src/CMakeFiles/dbms.dir/Functions/FunctionsConversion_impl04.cpp.o
[3141/6838] Building CXX object src/CMakeFiles/dbms.dir/Functions/FunctionsConversion_impl05.cpp.o
[3142/6838] Building CXX object src/CMakeFiles/dbms.dir/Functions/FunctionsConversion_impl06.cpp.o
[3143/6838] Building CXX object src/CMakeFiles/dbms.dir/Functions/FunctionsConversion_impl07.cpp.o
[3144/6838] Building CXX object src/CMakeFiles/dbms.dir/Functions/FunctionsConversion_impl08.cpp.o
[3145/6838] Building CXX object src/CMakeFiles/dbms.dir/Functions/FunctionsConversion_impl09.cpp.o
[3146/6838] Building CXX object src/CMakeFiles/dbms.dir/Functions/FunctionsConversion_impl10.cpp.o
[3147/6838] Building CXX object src/CMakeFiles/dbms.dir/Functions/if.cpp.o
[3148/6838] Building CXX object src/CMakeFiles/dbms.dir/Functions/FunctionsConversion_impl11.cpp.o
[3149/6838] Building CXX object src/CMakeFiles/dbms.dir/Functions/FunctionsConversion_impl12.cpp.o
[3150/6838] Building CXX object src/CMakeFiles/dbms.dir/Functions/FunctionsConversion_impl13.cpp.o
[3151/6838] Building CXX object src/CMakeFiles/dbms.dir/Functions/FunctionsConversion_impl14.cpp.o
[3152/6838] Building CXX object src/CMakeFiles/dbms.dir/Functions/FunctionsConversion_impl15.cpp.o
[3153/6838] Building CXX object src/CMakeFiles/dbms.dir/Functions/FunctionsConversion_impl16.cpp.o
[3154/6838] Building CXX object src/CMakeFiles/dbms.dir/Functions/FunctionsConversion_impl17.cpp.o
[3155/6838] Building CXX object src/CMakeFiles/dbms.dir/Functions/FunctionsConversion_impl18.cpp.o
[3156/6838] Building CXX object src/CMakeFiles/dbms.dir/Functions/FunctionsConversion_impl19.cpp.o
[3157/6838] Building CXX object src/CMakeFiles/dbms.dir/Functions/FunctionsConversion_impl20.cpp.o
[3158/6838] Building CXX object src/CMakeFiles/dbms.dir/Functions/FunctionsConversion_impl21.cpp.o
[3159/6838] Building CXX object src/CMakeFiles/dbms.dir/Functions/FunctionsConversion.cpp.o
[3160/6838] Building CXX object src/CMakeFiles/dbms.dir/Functions/FunctionsConversion_impl22.cpp.o
[3161/6838] Building CXX object src/CMakeFiles/dbms.dir/Functions/FunctionsConversion_impl23.cpp.o
[3162/6838] Building CXX object src/CMakeFiles/dbms.dir/Functions/FunctionsConversion_impl24.cpp.o
[3163/6838] Building CXX object src/CMakeFiles/dbms.dir/Functions/FunctionsConversion_impl25.cpp.o
[3164/6838] Building CXX object src/CMakeFiles/dbms.dir/Functions/FunctionsConversion_impl26.cpp.o
[3165/6838] Building CXX object src/CMakeFiles/dbms.dir/Functions/FunctionsConversion_impl27.cpp.o
[3166/6838] Building CXX object src/CMakeFiles/dbms.dir/Functions/FunctionsConversion_impl28.cpp.o
[3167/6838] Building CXX object src/CMakeFiles/dbms.dir/Functions/FunctionTopKFilter.cpp.o
[3168/6838] Building CXX object src/CMakeFiles/dbms.dir/Functions/productQuantization.cpp.o
[3169/6838] Building CXX object src/CMakeFiles/dbms.dir/Functions/FunctionsConversion_impl1.cpp.o
[3170/6838] Building CXX object src/CMakeFiles/dbms.dir/Functions/FunctionsConversion_impl2.cpp.o
[3171/6838] Building CXX object src/CMakeFiles/dbms.dir/Functions/vectorQuantization.cpp.o
[3172/6838] Building CXX object src/CMakeFiles/dbms.dir/Functions/extractTimeZoneFromFunctionArguments.cpp.o
[3173/6838] Building CXX object src/CMakeFiles/dbms.dir/Functions/generateSnowflakeID.cpp.o
[3174/6838] Building CXX object src/CMakeFiles/dbms.dir/Functions/FunctionsConversion_impl3.cpp.o
[3175/6838] Building CXX object src/CMakeFiles/dbms.dir/Functions/FunctionGenerateRandomStructure.cpp.o
[3176/6838] Building CXX object src/CMakeFiles/dbms.dir/Functions/GatherUtils/createArraySource.cpp.o
[3177/6838] Building CXX object src/CMakeFiles/dbms.dir/Functions/GatherUtils/createValueSource.cpp.o
[3178/6838] Building CXX object src/CMakeFiles/dbms.dir/Functions/GatherUtils/createArraySink.cpp.o
[3179/6838] Building CXX object src/CMakeFiles/dbms.dir/Functions/array/arrayResize.cpp.o
[3180/6838] Building CXX object src/CMakeFiles/dbms.dir/Functions/array/emptyArrayToSingle.cpp.o
[3181/6838] Building CXX object src/CMakeFiles/dbms.dir/Functions/keyvaluepair/ArgumentExtractor.cpp.o
[3182/6838] Building CXX object src/CMakeFiles/dbms.dir/Functions/keyvaluepair/impl/Configuration.cpp.o
[3183/6838] Building CXX object src/CMakeFiles/dbms.dir/Functions/GatherUtils/resizeConstantSize.cpp.o
[3184/6838] Building CXX object src/CMakeFiles/dbms.dir/Functions/GatherUtils/resizeDynamicSize.cpp.o
[3185/6838] Building CXX object src/CMakeFiles/dbms.dir/Functions/keyvaluepair/impl/KeyValuePairExtractorBuilder.cpp.o
[3186/6838] Building CXX object src/CMakeFiles/dbms.dir/AggregateFunctions/Combinators/AggregateFunctionCombinatorFactory.cpp.o
[3187/6838] Building CXX object src/CMakeFiles/dbms.dir/Functions/array/has.cpp.o
[3188/6838] Building CXX object src/CMakeFiles/dbms.dir/AggregateFunctions/AggregateFunctionFactory.cpp.o
[3189/6838] Building CXX object src/CMakeFiles/dbms.dir/AggregateFunctions/AggregateFunctionCount.cpp.o
[3190/6838] Building CXX object src/CMakeFiles/dbms.dir/AggregateFunctions/IAggregateFunction.cpp.o
[3191/6838] Building CXX object src/CMakeFiles/dbms.dir/AggregateFunctions/parseAggregateFunctionParameters.cpp.o
[3192/6838] Building CXX object src/CMakeFiles/dbms.dir/TableFunctions/TableFunctionFactory.cpp.o
[3193/6838] Building CXX object src/CMakeFiles/dbms.dir/TableFunctions/TableFunctionView.cpp.o
[3194/6838] Building CXX object src/CMakeFiles/dbms.dir/Disks/IO/AsynchronousBoundedReadBuffer.cpp.o
[3195/6838] Building CXX object src/CMakeFiles/dbms.dir/TableFunctions/ITableFunction.cpp.o
[3196/6838] Building CXX object src/CMakeFiles/dbms.dir/Disks/IO/ReadBufferFromAzureBlobStorage.cpp.o
[3197/6838] Building CXX object src/CMakeFiles/dbms.dir/Disks/IO/IOUringReader.cpp.o
[3198/6838] Building CXX object src/CMakeFiles/dbms.dir/Disks/IO/CachedOnDiskWriteBufferFromFile.cpp.o
[3199/6838] Building CXX object src/CMakeFiles/dbms.dir/Disks/IO/ReadBufferFromWebServer.cpp.o
[3200/6838] Building CXX object src/CMakeFiles/dbms.dir/Disks/IO/ReadBufferFromRemoteFSGather.cpp.o
[3201/6838] Building CXX object src/CMakeFiles/dbms.dir/Disks/IO/WriteBufferFromAzureBlobStorage.cpp.o
[3202/6838] Building CXX object src/CMakeFiles/dbms.dir/Disks/IO/WriteBufferFromAzureDataLakeStorage.cpp.o
[3203/6838] Building CXX object src/CMakeFiles/dbms.dir/Disks/IO/CachedOnDiskReadBufferFromFile.cpp.o
[3204/6838] Building CXX object src/CMakeFiles/dbms.dir/Disks/IO/WriteBufferInlineOrBlob.cpp.o
[3205/6838] Building CXX object src/CMakeFiles/dbms.dir/Disks/IO/WriteBufferFromTemporaryFile.cpp.o
[3206/6838] Building CXX object src/CMakeFiles/dbms.dir/Disks/IO/getIOUringReader.cpp.o
[3207/6838] Building CXX object src/CMakeFiles/dbms.dir/Disks/IO/ThreadPoolReader.cpp.o
[3208/6838] Building CXX object src/CMakeFiles/dbms.dir/Disks/IO/ThreadPoolRemoteFSReader.cpp.o
[3209/6838] Building CXX object src/CMakeFiles/dbms.dir/Disks/IO/getThreadPoolReader.cpp.o
[3210/6838] Building CXX object src/CMakeFiles/dbms.dir/Disks/IO/createReadBufferFromFileBase.cpp.o
[3211/6838] Building CXX object src/CMakeFiles/dbms.dir/Disks/DiskObjectStorage/DiskObjectStorageCache.cpp.o
[3212/6838] Building CXX object src/CMakeFiles/dbms.dir/Disks/DiskObjectStorage/DiskObjectStorage.cpp.o
[3213/6838] Building CXX object src/CMakeFiles/dbms.dir/Disks/DiskObjectStorage/RegisterDiskCache.cpp.o
[3214/6838] Building CXX object src/CMakeFiles/dbms.dir/Disks/DiskObjectStorage/DiskObjectStorageTransaction.cpp.o
[3215/6838] Building CXX object src/CMakeFiles/dbms.dir/Disks/DiskObjectStorage/RegisterDiskObjectStorage.cpp.o
[3216/6838] Building CXX object src/CMakeFiles/dbms.dir/Disks/DiskObjectStorage/Replication/ClusterConfiguration.cpp.o
[3217/6838] Building CXX object src/CMakeFiles/dbms.dir/Disks/DiskObjectStorage/Replication/BlobCopierThread.cpp.o
[3218/6838] Building CXX object src/CMakeFiles/dbms.dir/Disks/DiskObjectStorage/Replication/ObjectStorageRouter.cpp.o
[3219/6838] Building CXX object src/CMakeFiles/dbms.dir/Disks/DiskObjectStorage/ObjectStorages/IOSchedulingSettings.cpp.o
[3220/6838] Building CXX object src/CMakeFiles/dbms.dir/Disks/DiskObjectStorage/Replication/BlobKillerThread.cpp.o
[3221/6838] Building CXX object src/CMakeFiles/dbms.dir/Disks/DiskObjectStorage/ObjectStorages/ObjectStorageFactory.cpp.o
[3222/6838] Building CXX object src/CMakeFiles/dbms.dir/Disks/DiskObjectStorage/ObjectStorages/ObjectStorageIterator.cpp.o
[3223/6838] Building CXX object src/CMakeFiles/dbms.dir/Disks/DiskObjectStorage/ObjectStorages/IObjectStorage.cpp.o
[3224/6838] Building CXX object src/CMakeFiles/dbms.dir/Disks/DiskObjectStorage/ObjectStorages/StoredObject.cpp.o
[3225/6838] Building CXX object src/CMakeFiles/dbms.dir/Disks/DiskObjectStorage/MetadataStorages/InMemoryRemovalQueue.cpp.o
[3226/6838] Building CXX object src/CMakeFiles/dbms.dir/Disks/DiskObjectStorage/ObjectStorages/ObjectStorageIteratorAsync.cpp.o
[3227/6838] Building CXX object src/CMakeFiles/dbms.dir/Disks/DiskObjectStorage/MetadataStorages/MetadataStorageTransactionState.cpp.o
[3228/6838] Building CXX object src/CMakeFiles/dbms.dir/Disks/DiskObjectStorage/MetadataStorages/NormalizedPath.cpp.o
[3229/6838] Building CXX object src/CMakeFiles/dbms.dir/Disks/DiskObjectStorage/MetadataStorages/StaticDirectoryIterator.cpp.o
[3230/6838] Building CXX object src/CMakeFiles/dbms.dir/Disks/DiskObjectStorage/MetadataStorages/MetadataOperationsHolder.cpp.o
[3231/6838] Building CXX object src/CMakeFiles/dbms.dir/Disks/DiskObjectStorage/MetadataStorages/DiskObjectStorageMetadata.cpp.o
[3232/6838] Building CXX object src/CMakeFiles/dbms.dir/Disks/DiskObjectStorage/MetadataStorages/MetadataStorageFactory.cpp.o
[3233/6838] Building CXX object src/CMakeFiles/dbms.dir/Disks/DiskObjectStorage/MetadataStorages/Cache/MetadataStorageFromCacheObjectStorage.cpp.o
[3234/6838] Building CXX object src/CMakeFiles/dbms.dir/Disks/DiskObjectStorage/MetadataStorages/Local/MetadataStorageFromDisk.cpp.o
[3235/6838] Building CXX object src/CMakeFiles/dbms.dir/Disks/DiskObjectStorage/MetadataStorages/Local/MetadataStorageFromDiskTransactionOperations.cpp.o
[3236/6838] Building CXX object src/CMakeFiles/dbms.dir/Disks/DiskObjectStorage/MetadataStorages/Memory/InMemoryDirectoryTree.cpp.o
[3237/6838] Building CXX object src/CMakeFiles/dbms.dir/Disks/DiskObjectStorage/MetadataStorages/Memory/MetadataStorageFromMemory.cpp.o
[3238/6838] Building CXX object src/CMakeFiles/dbms.dir/Disks/DiskObjectStorage/MetadataStorages/PlainRewritable/PlainRewritableLayout.cpp.o
[3239/6838] Building CXX object src/CMakeFiles/dbms.dir/Disks/DiskObjectStorage/MetadataStorages/Plain/MetadataStorageFromPlainObjectStorage.cpp.o
[3240/6838] Building CXX object src/CMakeFiles/dbms.dir/Disks/DiskObjectStorage/MetadataStorages/PlainRewritable/PlainRewritableMetrics.cpp.o
[3241/6838] Building CXX object src/CMakeFiles/dbms.dir/Disks/DiskObjectStorage/MetadataStorages/PlainRewritable/MetadataStorageFromPlainRewritableObjectStorage.cpp.o
[3242/6838] Building CXX object src/CMakeFiles/dbms.dir/Disks/DiskObjectStorage/MetadataStorages/PlainRewritable/Metadata/FsMetadata.cpp.o
[3243/6838] Building CXX object src/CMakeFiles/dbms.dir/Disks/DiskObjectStorage/MetadataStorages/PlainRewritable/MetadataStorageFromPlainRewritableObjectStorageOperations.cpp.o
[3244/6838] Building CXX object src/CMakeFiles/dbms.dir/Disks/DiskObjectStorage/MetadataStorages/PlainRewritable/Transactions/Preconditions.cpp.o
[3245/6838] Building CXX object src/CMakeFiles/dbms.dir/Disks/DiskObjectStorage/MetadataStorages/PlainRewritable/Metadata/FsSnapshot.cpp.o
[3246/6838] Building CXX object src/CMakeFiles/dbms.dir/Disks/DiskObjectStorage/MetadataStorages/PlainRewritable/Transactions/UncommittedState.cpp.o
[3247/6838] Building CXX object src/CMakeFiles/dbms.dir/Disks/DiskObjectStorage/MetadataStorages/Web/MetadataStorageFromIndexPages.cpp.o
[3248/6838] Building CXX object src/CMakeFiles/dbms.dir/Disks/DiskObjectStorage/MetadataStorages/Web/MetadataStorageFromStaticFilesWebServer.cpp.o
[3249/6838] Building CXX object src/CMakeFiles/dbms.dir/Storages/ObjectStorage/IObjectIterator.cpp.o
[3250/6838] Building CXX object src/CMakeFiles/dbms.dir/Storages/ObjectStorage/ReadBufferIterator.cpp.o
[3251/6838] Building CXX object src/CMakeFiles/dbms.dir/Storages/ObjectStorage/StorageObjectStorageCluster.cpp.o
[3252/6838] Building CXX object src/CMakeFiles/dbms.dir/Storages/ObjectStorage/StorageObjectStorageConfiguration.cpp.o
[3253/6838] Building CXX object src/CMakeFiles/dbms.dir/Storages/ObjectStorage/StorageObjectStorageSettings.cpp.o
[3254/6838] Building CXX object src/CMakeFiles/dbms.dir/Storages/ObjectStorage/StorageObjectStorage.cpp.o
[3255/6838] Building CXX object src/CMakeFiles/dbms.dir/Storages/ObjectStorage/StorageObjectStorageSink.cpp.o
[3256/6838] Building CXX object src/CMakeFiles/dbms.dir/Storages/ObjectStorage/StorageObjectStorageStableTaskDistributor.cpp.o
[3257/6838] Building CXX object src/CMakeFiles/dbms.dir/Storages/ObjectStorage/Azure/Configuration.cpp.o
[3258/6838] Building CXX object src/CMakeFiles/dbms.dir/Storages/ObjectStorage/S3/Configuration.cpp.o
[3259/6838] Building CXX object src/CMakeFiles/dbms.dir/Storages/ObjectStorage/Utils.cpp.o
[3260/6838] Building CXX object src/CMakeFiles/dbms.dir/Storages/ObjectStorage/HDFS/AsynchronousReadBufferFromHDFS.cpp.o
[3261/6838] Building CXX object src/CMakeFiles/dbms.dir/Storages/ObjectStorage/HDFS/Configuration.cpp.o
[3262/6838] Building CXX object src/CMakeFiles/dbms.dir/Storages/ObjectStorage/HDFS/HDFSErrorWrapper.cpp.o
[3263/6838] Building CXX object src/CMakeFiles/dbms.dir/Storages/ObjectStorage/HDFS/ReadBufferFromHDFS.cpp.o
[3264/6838] Building CXX object src/CMakeFiles/dbms.dir/Storages/ObjectStorage/HDFS/WriteBufferFromHDFS.cpp.o
[3265/6838] Building CXX object src/CMakeFiles/dbms.dir/Storages/ObjectStorage/HDFS/HDFSCommon.cpp.o
[3266/6838] Building CXX object src/CMakeFiles/dbms.dir/Storages/ObjectStorage/registerStorageObjectStorage.cpp.o
[3267/6838] Building CXX object src/CMakeFiles/dbms.dir/Storages/ObjectStorage/Local/Configuration.cpp.o
[3268/6838] Building CXX object src/CMakeFiles/dbms.dir/Storages/ObjectStorage/StorageObjectStorageSource.cpp.o
[3269/6838] Building CXX object src/CMakeFiles/dbms.dir/Storages/ObjectStorage/DataLakes/DataLakeTableStateSnapshot.cpp.o
[3270/6838] Building CXX object src/CMakeFiles/dbms.dir/Storages/ObjectStorage/Web/Configuration.cpp.o
[3271/6838] Building CXX object src/CMakeFiles/dbms.dir/Storages/ObjectStorage/DataLakes/DeltaLakeMetadataDeltaKernel.cpp.o
[3272/6838] Building CXX object src/CMakeFiles/dbms.dir/Storages/ObjectStorage/DataLakes/DataLakeStorageSettings.cpp.o
[3273/6838] Building CXX object src/CMakeFiles/dbms.dir/Storages/ObjectStorage/DataLakes/DeletionVectorTransform.cpp.o
[3274/6838] Building CXX object src/CMakeFiles/dbms.dir/Storages/ObjectStorage/DataLakes/Common/AvroForIcebergDeserializer.cpp.o
[3275/6838] Building CXX object src/CMakeFiles/dbms.dir/Storages/ObjectStorage/DataLakes/DeltaLakeMetadata.cpp.o
[3276/6838] Building CXX object src/CMakeFiles/dbms.dir/Storages/ObjectStorage/DataLakes/HudiMetadata.cpp.o
[3277/6838] Building CXX object src/CMakeFiles/dbms.dir/Storages/ObjectStorage/DataLakes/IDataLakeMetadata.cpp.o
[3278/6838] Building CXX object src/CMakeFiles/dbms.dir/Storages/ObjectStorage/DataLakes/Common/Common.cpp.o
[3279/6838] Building CXX object src/CMakeFiles/dbms.dir/Storages/ObjectStorage/DataLakes/Iceberg/DataFileStatistics.cpp.o
[3280/6838] Building CXX object src/CMakeFiles/dbms.dir/Storages/ObjectStorage/DataLakes/Iceberg/ExpireSnapshotsExecute.cpp.o
[3281/6838] Building CXX object src/CMakeFiles/dbms.dir/Storages/ObjectStorage/DataLakes/Iceberg/ComplexTypeSchemaProcessorFunctions.cpp.o
[3282/6838] Building CXX object src/CMakeFiles/dbms.dir/Storages/ObjectStorage/DataLakes/Iceberg/ChunkPartitioner.cpp.o
[3283/6838] Building CXX object src/CMakeFiles/dbms.dir/Storages/ObjectStorage/DataLakes/Iceberg/IcebergFieldParseHelpers.cpp.o
[3284/6838] Building CXX object src/CMakeFiles/dbms.dir/Storages/ObjectStorage/DataLakes/Iceberg/FileNamesGenerator.cpp.o
[3285/6838] Building CXX object src/CMakeFiles/dbms.dir/Storages/ObjectStorage/DataLakes/Iceberg/Compaction.cpp.o
[3286/6838] Building CXX object src/CMakeFiles/dbms.dir/Storages/ObjectStorage/DataLakes/Iceberg/IcebergMetadata.cpp.o
[3287/6838] Building CXX object src/CMakeFiles/dbms.dir/Storages/ObjectStorage/DataLakes/Iceberg/IcebergIterator.cpp.o
[3288/6838] Building CXX object src/CMakeFiles/dbms.dir/Storages/ObjectStorage/DataLakes/Iceberg/IcebergTableStateSnapshot.cpp.o
[3289/6838] Building CXX object src/CMakeFiles/dbms.dir/Storages/ObjectStorage/DataLakes/Iceberg/ManifestFile.cpp.o
[3290/6838] Building CXX object src/CMakeFiles/dbms.dir/Storages/ObjectStorage/DataLakes/Iceberg/ManifestFileIterator.cpp.o
[3291/6838] Building CXX object src/CMakeFiles/dbms.dir/Storages/ObjectStorage/DataLakes/Iceberg/ManifestFilesPruning.cpp.o
[3292/6838] Building CXX object src/CMakeFiles/dbms.dir/Storages/ObjectStorage/DataLakes/Iceberg/IcebergPath.cpp.o
[3293/6838] Building CXX object src/CMakeFiles/dbms.dir/Storages/ObjectStorage/DataLakes/Iceberg/IcebergDataObjectInfo.cpp.o
[3294/6838] Building CXX object src/CMakeFiles/dbms.dir/Storages/ObjectStorage/DataLakes/Iceberg/MetadataGenerator.cpp.o
[3295/6838] Building CXX object src/CMakeFiles/dbms.dir/Storages/ObjectStorage/DataLakes/Iceberg/IcebergWrites.cpp.o
[3296/6838] Building CXX object src/CMakeFiles/dbms.dir/Storages/ObjectStorage/DataLakes/Iceberg/RemoveOrphanFilesExecute.cpp.o
[3297/6838] Building CXX object src/CMakeFiles/dbms.dir/Storages/ObjectStorage/DataLakes/Iceberg/MultipleFileWriter.cpp.o
[3298/6838] Building CXX object src/CMakeFiles/dbms.dir/Storages/ObjectStorage/DataLakes/Iceberg/SnapshotFilesTraversal.cpp.o
[3299/6838] Building CXX object src/CMakeFiles/dbms.dir/Storages/ObjectStorage/DataLakes/Iceberg/SnapshotSummary.cpp.o
[3300/6838] Building CXX object src/CMakeFiles/dbms.dir/Storages/ObjectStorage/DataLakes/Iceberg/StatelessMetadataFileGetter.cpp.o
[3301/6838] Building CXX object src/CMakeFiles/dbms.dir/Storages/ObjectStorage/DataLakes/Iceberg/Mutations.cpp.o
[3302/6838] Building CXX object src/CMakeFiles/dbms.dir/Storages/ObjectStorage/DataLakes/DeltaLake/DeltaLakePartitionedSink.cpp.o
[3303/6838] Building CXX object src/CMakeFiles/dbms.dir/Storages/ObjectStorage/DataLakes/Iceberg/PositionDeleteTransform.cpp.o
[3304/6838] Building CXX object src/CMakeFiles/dbms.dir/Storages/ObjectStorage/DataLakes/DeltaLake/DeltaLakeTableStateSnapshot.cpp.o
[3305/6838] Building CXX object src/CMakeFiles/dbms.dir/Storages/ObjectStorage/DataLakes/DeltaLake/EnginePredicate.cpp.o
[3306/6838] Building CXX object src/CMakeFiles/dbms.dir/Storages/ObjectStorage/DataLakes/DeltaLake/DeltaLakeSink.cpp.o
[3307/6838] Building CXX object src/CMakeFiles/dbms.dir/Storages/ObjectStorage/DataLakes/DeltaLake/KernelHelper.cpp.o
[3308/6838] Building CXX object src/CMakeFiles/dbms.dir/Storages/ObjectStorage/DataLakes/DeltaLake/KernelUtils.cpp.o
[3309/6838] Building CXX object src/CMakeFiles/dbms.dir/Storages/ObjectStorage/DataLakes/DeltaLake/PartitionPruner.cpp.o
[3310/6838] Building CXX object src/CMakeFiles/dbms.dir/Storages/ObjectStorage/DataLakes/DeltaLake/ReadFromTableChangesStep.cpp.o
[3311/6838] Building CXX object src/CMakeFiles/dbms.dir/Storages/ObjectStorage/DataLakes/DeltaLake/TableChanges.cpp.o
[3312/6838] Building CXX object src/CMakeFiles/dbms.dir/Storages/ObjectStorage/DataLakes/DeltaLake/TableSnapshot.cpp.o
[3313/6838] Building CXX object src/CMakeFiles/dbms.dir/Storages/ObjectStorage/DataLakes/DeltaLake/WriteTransaction.cpp.o
[3314/6838] Building CXX object src/CMakeFiles/dbms.dir/Storages/ObjectStorage/DataLakes/DeltaLake/getSchemaFromSnapshot.cpp.o
[3315/6838] Building CXX object src/CMakeFiles/dbms.dir/Storages/ObjectStorage/DataLakes/DeltaLake/ExpressionVisitor.cpp.o
[3316/6838] Building CXX object src/CMakeFiles/dbms.dir/Storages/ObjectStorage/DataLakes/Iceberg/Utils.cpp.o
[3317/6838] Building CXX object src/CMakeFiles/dbms.dir/Storages/ObjectStorage/DataLakes/Paimon/PaimonMetadata.cpp.o
[3318/6838] Building CXX object src/CMakeFiles/dbms.dir/Storages/ObjectStorage/DataLakes/Paimon/PaimonSchemaProcessor.cpp.o
[3319/6838] Building CXX object src/CMakeFiles/dbms.dir/Storages/ObjectStorage/DataLakes/Paimon/PaimonStreamState.cpp.o
[3320/6838] Building CXX object src/CMakeFiles/dbms.dir/Storages/ObjectStorage/DataLakes/Paimon/PaimonClient.cpp.o
[3321/6838] Building CXX object src/CMakeFiles/dbms.dir/Storages/ObjectStorage/DataLakes/Paimon/PaimonTableStateSnapshot.cpp.o
[3322/6838] Building CXX object src/CMakeFiles/dbms.dir/Storages/ObjectStorage/DataLakes/Paimon/PartitionPruner.cpp.o
[3323/6838] Building CXX object src/CMakeFiles/dbms.dir/Storages/ObjectStorage/DataLakes/Paimon/BinaryRow.cpp.o
[3324/6838] Building CXX object src/CMakeFiles/dbms.dir/Storages/ObjectStorage/DataLakes/Iceberg/SchemaProcessor.cpp.o
[3325/6838] Building CXX object src/CMakeFiles/dbms.dir/Common/NamedCollections/NamedCollectionConfiguration.cpp.o
[3326/6838] Building CXX object src/CMakeFiles/dbms.dir/Storages/ObjectStorage/DataLakes/Paimon/PaimonTableSchema.cpp.o
[3327/6838] Building CXX object src/CMakeFiles/dbms.dir/Storages/ObjectStorage/DataLakes/Paimon/Utils.cpp.o
[3328/6838] Building CXX object src/CMakeFiles/dbms.dir/Common/NamedCollections/NamedCollections.cpp.o
[3329/6838] Building CXX object src/CMakeFiles/dbms.dir/Common/SQLDefinedHandlers/SQLDefinedHandler.cpp.o
[3330/6838] Building CXX object src/CMakeFiles/dbms.dir/Common/NamedCollections/NamedCollectionsFactory.cpp.o
[3331/6838] Building CXX object src/CMakeFiles/dbms.dir/Common/SQLDefinedHandlers/SQLDefinedHandlerFromAST.cpp.o
[3332/6838] Building CXX object src/CMakeFiles/dbms.dir/Common/SQLDefinedHandlers/SQLDefinedHandlersFactory.cpp.o
[3333/6838] Building CXX object src/CMakeFiles/dbms.dir/Common/NamedCollections/NamedCollectionsMetadataStorage.cpp.o
[3334/6838] Building CXX object src/CMakeFiles/dbms.dir/Common/Scheduler/Workload/WorkloadEntityConfigStorage.cpp.o
[3335/6838] Building CXX object src/CMakeFiles/dbms.dir/Common/SQLDefinedHandlers/SQLDefinedHandlersMetadataStorage.cpp.o
[3336/6838] Building CXX object src/CMakeFiles/dbms.dir/Common/Scheduler/Workload/WorkloadEntityDiskStorage.cpp.o
[3337/6838] Building CXX object src/CMakeFiles/dbms.dir/Common/OOMCanary/OOMCanary.cpp.o
[3338/6838] Building CXX object src/CMakeFiles/dbms.dir/Common/Scheduler/Workload/WorkloadEntityKeeperStorage.cpp.o
[3339/6838] Building CXX object src/CMakeFiles/dbms.dir/Common/Scheduler/Workload/createWorkloadEntityStorage.cpp.o
[3340/6838] Building CXX object src/CMakeFiles/dbms.dir/Common/Scheduler/Workload/WorkloadEntityStorageBase.cpp.o
[3341/6838] Building CXX object src/CMakeFiles/dbms.dir/Storages/YTsaurus/YTsaurusSettings.cpp.o
[3342/6838] Building CXX object src/CMakeFiles/dbms.dir/Core/YTsaurus/YTsaurusClient.cpp.o
[3343/6838] Building CXX object src/CMakeFiles/dbms.dir/Storages/BigQuery/BigQueryClient.cpp.o
[3344/6838] Building CXX object src/CMakeFiles/dbms.dir/Storages/BigQuery/BigQueryConfiguration.cpp.o
[3345/6838] Building CXX object src/CMakeFiles/dbms.dir/Storages/YTsaurus/StorageYTsaurus.cpp.o
[3346/6838] Building CXX object src/CMakeFiles/dbms.dir/Core/Streaming/CursorTree.cpp.o
[3347/6838] Building CXX object src/CMakeFiles/dbms.dir/Storages/BigQuery/BigQuerySchema.cpp.o
[3348/6838] Building CXX object src/CMakeFiles/dbms.dir/Core/Streaming/StreamingVirtualColumns.cpp.o
[3349/6838] Building CXX object src/CMakeFiles/dbms.dir/Core/Streaming/Settings.cpp.o
[3350/6838] Building CXX object src/CMakeFiles/dbms.dir/Storages/Streaming/SubscriptionManager.cpp.o
[3351/6838] Building CXX object src/CMakeFiles/dbms.dir/Storages/MergeTree/Streaming/PartitionsClassification.cpp.o
[3352/6838] Building CXX object src/CMakeFiles/dbms.dir/Storages/BigQuery/StorageBigQuery.cpp.o
[3353/6838] Building CXX object src/CMakeFiles/dbms.dir/Storages/BigQuery/BigQueryConversions.cpp.o
[3354/6838] Building CXX object src/CMakeFiles/dbms.dir/Storages/MergeTree/Streaming/Cursors/CursorPromoter.cpp.o
[3355/6838] Building CXX object src/CMakeFiles/dbms.dir/Storages/MergeTree/Streaming/ReadState.cpp.o
[3356/6838] Building CXX object src/CMakeFiles/dbms.dir/Storages/MergeTree/Streaming/Cursors/CursorUtils.cpp.o
[3357/6838] Building CXX object src/CMakeFiles/dbms.dir/Storages/MergeTree/Streaming/ReadingPlan/StampPartitionCursors.cpp.o
[3358/6838] Building CXX object src/CMakeFiles/dbms.dir/Storages/MergeTree/Streaming/ReadingPlan/StampPartitionWatermarks.cpp.o
[3359/6838] Building CXX object src/CMakeFiles/dbms.dir/Storages/MergeTree/Streaming/Subscription/MergeTreeBoundsSubscription.cpp.o
[3360/6838] Building CXX object src/CMakeFiles/dbms.dir/Databases/DataLake/AWSV4Signer.cpp.o
[3361/6838] Building CXX object src/CMakeFiles/dbms.dir/Storages/MergeTree/Streaming/MergeTreeCommitOrderSource.cpp.o
[3362/6838] Building CXX object src/CMakeFiles/dbms.dir/Storages/MergeTree/Streaming/Subscription/SubscriptionEnrichment.cpp.o
[3363/6838] Building CXX object src/CMakeFiles/dbms.dir/Databases/DataLake/Common.cpp.o
[3364/6838] Building CXX object src/CMakeFiles/dbms.dir/Databases/DataLake/DatabaseDataLake.cpp.o
[3365/6838] Building CXX object src/CMakeFiles/dbms.dir/Databases/DataLake/GlueCatalog.cpp.o
[3366/6838] Building CXX object src/CMakeFiles/dbms.dir/Databases/DataLake/HiveCatalog.cpp.o
[3367/6838] Building CXX object src/CMakeFiles/dbms.dir/Databases/DataLake/DatabaseDataLakeSettings.cpp.o
[3368/6838] Building CXX object src/CMakeFiles/dbms.dir/Databases/DataLake/PaimonRestCatalog.cpp.o
[3369/6838] Building CXX object src/CMakeFiles/dbms.dir/Databases/DataLake/HTTPBasedCatalogUtils.cpp.o
[3370/6838] Building CXX object src/CMakeFiles/dbms.dir/Databases/DataLake/S3TablesCatalog.cpp.o
[3371/6838] Building CXX object src/CMakeFiles/dbms.dir/Databases/DataLake/StaticStorageCredentials.cpp.o
[3372/6838] Building CXX object src/CMakeFiles/dbms.dir/Storages/MergeTree/Streaming/ReadingPlan/buildReadRoundPipeline.cpp.o
[3373/6838] Building CXX object src/CMakeFiles/dbms.dir/Databases/DataLake/RestCatalog.cpp.o
[3374/6838] Building CXX object src/CMakeFiles/dbms.dir/Databases/DataLake/UnityCatalog.cpp.o
[3375/6838] Building CXX object src/CMakeFiles/dbms.dir/Databases/DataLake/ICatalog.cpp.o
[3376/6838] Building CXX object src/CMakeFiles/dbms.dir/Storages/Cache/RemoteFileMetadataFactory.cpp.o
[3377/6838] Building CXX object src/CMakeFiles/dbms.dir/Disks/DiskObjectStorage/ObjectStorages/Cached/CachedObjectStorage.cpp.o
[3378/6838] Building CXX object src/CMakeFiles/dbms.dir/Disks/DiskObjectStorage/ObjectStorages/Local/LocalObjectStorage.cpp.o
[3379/6838] Building CXX object src/CMakeFiles/dbms.dir/Storages/Cache/registerRemoteFileMetadatas.cpp.o
[3380/6838] Building CXX object src/CMakeFiles/dbms.dir/Storages/Cache/SchemaCache.cpp.o
[3381/6838] Building CXX object src/CMakeFiles/dbms.dir/Disks/DiskObjectStorage/ObjectStorages/Web/WebObjectStorage.cpp.o
[3382/6838] Building CXX object src/CMakeFiles/dbms.dir/Storages/FileLog/FileLogDirectoryWatcher.cpp.o
[3383/6838] Building CXX object src/CMakeFiles/dbms.dir/Storages/FileLog/DirectoryWatcherBase.cpp.o
[3384/6838] Building CXX object src/CMakeFiles/dbms.dir/Storages/FileLog/FileLogConsumer.cpp.o
[3385/6838] Building CXX object src/CMakeFiles/dbms.dir/Storages/FileLog/FileLogSettings.cpp.o
[3386/6838] Building CXX object src/CMakeFiles/dbms.dir/Storages/FileLog/FileLogSource.cpp.o
[3387/6838] Building CXX object src/CMakeFiles/dbms.dir/Access/AccessChangesNotifier.cpp.o
[3388/6838] Building CXX object src/CMakeFiles/dbms.dir/Access/AccessBackup.cpp.o
[3389/6838] Building CXX object src/CMakeFiles/dbms.dir/Access/AccessEntityIO.cpp.o
[3390/6838] Building CXX object src/CMakeFiles/dbms.dir/Storages/FileLog/StorageFileLog.cpp.o
[3391/6838] Building CXX object src/CMakeFiles/dbms.dir/Access/Authentication.cpp.o
[3392/6838] Building CXX object src/CMakeFiles/dbms.dir/Access/CachedAccessChecking.cpp.o
[3393/6838] Building CXX object src/CMakeFiles/dbms.dir/Access/AccessRights.cpp.o
[3394/6838] Building CXX object src/CMakeFiles/dbms.dir/Access/AccessControl.cpp.o
[3395/6838] Building CXX object src/CMakeFiles/dbms.dir/Access/AuthenticationData.cpp.o
[3396/6838] Building CXX object src/CMakeFiles/dbms.dir/Access/Credentials.cpp.o
[3397/6838] Building CXX object src/CMakeFiles/dbms.dir/Access/ContextAccessParams.cpp.o
[3398/6838] Building CXX object src/CMakeFiles/dbms.dir/Access/DefinerDependencies.cpp.o
[3399/6838] Building CXX object src/CMakeFiles/dbms.dir/Access/EnabledQuota.cpp.o
[3400/6838] Building CXX object src/CMakeFiles/dbms.dir/Access/EnabledRoles.cpp.o
[3401/6838] Building CXX object src/CMakeFiles/dbms.dir/Access/EnabledRolesInfo.cpp.o
[3402/6838] Building CXX object src/CMakeFiles/dbms.dir/Access/EnabledRowPolicies.cpp.o
[3403/6838] Building CXX object src/CMakeFiles/dbms.dir/Access/DiskAccessStorage.cpp.o
[3404/6838] Building CXX object src/CMakeFiles/dbms.dir/Access/ContextAccess.cpp.o
[3405/6838] Building CXX object src/CMakeFiles/dbms.dir/Access/EnabledSettings.cpp.o
[3406/6838] Building CXX object src/CMakeFiles/dbms.dir/Access/GSSAcceptor.cpp.o
[3407/6838] Building CXX object src/CMakeFiles/dbms.dir/Access/IAccessEntity.cpp.o
[3408/6838] Building CXX object src/CMakeFiles/dbms.dir/Access/KerberosInit.cpp.o
[3409/6838] Building CXX object src/CMakeFiles/dbms.dir/Access/ExternalAuthenticators.cpp.o
[3410/6838] Building CXX object src/CMakeFiles/dbms.dir/Access/GrantedRoles.cpp.o
[3411/6838] Building CXX object src/CMakeFiles/dbms.dir/Access/LDAPClient.cpp.o
[3412/6838] Building CXX object src/CMakeFiles/dbms.dir/Access/MaskingPolicy.cpp.o
[3413/6838] Building CXX object src/CMakeFiles/dbms.dir/Access/LDAPAccessStorage.cpp.o
[3414/6838] Building CXX object src/CMakeFiles/dbms.dir/Access/IAccessStorage.cpp.o
[3415/6838] Building CXX object src/CMakeFiles/dbms.dir/Access/Quota.cpp.o
[3416/6838] Building CXX object src/CMakeFiles/dbms.dir/Access/MultipleAccessStorage.cpp.o
[3417/6838] Building CXX object src/CMakeFiles/dbms.dir/Access/MemoryAccessStorage.cpp.o
[3418/6838] Building CXX object src/CMakeFiles/dbms.dir/Access/QuotaUsage.cpp.o
[3419/6838] Building CXX object src/CMakeFiles/dbms.dir/Access/Role.cpp.o
[3420/6838] Building CXX object src/CMakeFiles/dbms.dir/Access/QuotaCache.cpp.o
[3421/6838] Building CXX object src/CMakeFiles/dbms.dir/Access/ReplicatedAccessStorage.cpp.o
[3422/6838] Building CXX object src/CMakeFiles/dbms.dir/Access/RowPolicy.cpp.o
[3423/6838] Building CXX object src/CMakeFiles/dbms.dir/Access/RoleCache.cpp.o
[3424/6838] Building CXX object src/CMakeFiles/dbms.dir/Access/RolesOrUsersSet.cpp.o
[3425/6838] Building CXX object src/CMakeFiles/dbms.dir/Access/RowPolicyCache.cpp.o
[3426/6838] Building CXX object src/CMakeFiles/dbms.dir/Access/SettingsProfile.cpp.o
[3427/6838] Building CXX object src/CMakeFiles/dbms.dir/Access/SettingsAuthResponseParser.cpp.o
[3428/6838] Building CXX object src/CMakeFiles/dbms.dir/Access/SettingsConstraints.cpp.o
[3429/6838] Building CXX object src/CMakeFiles/dbms.dir/Access/SettingsProfilesInfo.cpp.o
[3430/6838] Building CXX object src/CMakeFiles/dbms.dir/Access/SettingsProfileElement.cpp.o
[3431/6838] Building CXX object src/CMakeFiles/dbms.dir/Access/SettingsProfilesCache.cpp.o
[3432/6838] Building CXX object src/CMakeFiles/dbms.dir/Access/User.cpp.o
[3433/6838] Building CXX object src/CMakeFiles/dbms.dir/Backups/BackupConcurrencyCheck.cpp.o
[3434/6838] Building CXX object src/CMakeFiles/dbms.dir/Access/UsersConfigAccessStorage.cpp.o
[3435/6838] Building CXX object src/CMakeFiles/dbms.dir/Backups/BackupCoordinationFileInfos.cpp.o
[3436/6838] Building CXX object src/CMakeFiles/dbms.dir/Backups/BackupCoordinationKeeperMapTables.cpp.o
[3437/6838] Building CXX object src/CMakeFiles/dbms.dir/Access/ZooKeeperReplicator.cpp.o
[3438/6838] Building CXX object src/CMakeFiles/dbms.dir/Backups/BackupCoordinationCleaner.cpp.o
[3439/6838] Building CXX object src/CMakeFiles/dbms.dir/Access/UsersConfigParser.cpp.o
[3440/6838] Building CXX object src/CMakeFiles/dbms.dir/Backups/BackupCoordinationReplicatedAccess.cpp.o
[3441/6838] Building CXX object src/CMakeFiles/dbms.dir/Backups/BackupCoordinationReplicatedSQLObjects.cpp.o
[3442/6838] Building CXX object src/CMakeFiles/dbms.dir/Backups/BackupCoordinationLocal.cpp.o
[3443/6838] Building CXX object src/CMakeFiles/dbms.dir/Backups/BackupCoordinationStage.cpp.o
[3444/6838] Building CXX object src/CMakeFiles/dbms.dir/Backups/BackupDataFileNameGeneratorType.cpp.o
[3445/6838] Building CXX object src/CMakeFiles/dbms.dir/Backups/BackupCoordinationReplicatedTables.cpp.o
[3446/6838] Building CXX object src/CMakeFiles/dbms.dir/Backups/BackupEntryFromAppendOnlyFile.cpp.o
[3447/6838] Building CXX object src/CMakeFiles/dbms.dir/Backups/BackupCoordinationOnCluster.cpp.o
[3448/6838] Building CXX object src/CMakeFiles/dbms.dir/Backups/BackupEntryFromImmutableFile.cpp.o
[3449/6838] Building CXX object src/CMakeFiles/dbms.dir/Backups/BackupEntryFromMemory.cpp.o
[3450/6838] Building CXX object src/CMakeFiles/dbms.dir/Backups/BackupCoordinationStageSync.cpp.o
[3451/6838] Building CXX object src/CMakeFiles/dbms.dir/Backups/BackupEntryReference.cpp.o
[3452/6838] Building CXX object src/CMakeFiles/dbms.dir/Backups/BackupEntryFromSmallFile.cpp.o
[3453/6838] Building CXX object src/CMakeFiles/dbms.dir/Backups/BackupEntryWithChecksumCalculation.cpp.o
[3454/6838] Building CXX object src/CMakeFiles/dbms.dir/Backups/BackupIO_AzureBlobStorage.cpp.o
[3455/6838] Building CXX object src/CMakeFiles/dbms.dir/Backups/BackupFactory.cpp.o
[3456/6838] Building CXX object src/CMakeFiles/dbms.dir/Backups/BackupEntriesCollector.cpp.o
[3457/6838] Building CXX object src/CMakeFiles/dbms.dir/Backups/BackupIO_Default.cpp.o
[3458/6838] Building CXX object src/CMakeFiles/dbms.dir/Backups/BackupIO_Disk.cpp.o
[3459/6838] Building CXX object src/CMakeFiles/dbms.dir/Backups/BackupIO_File.cpp.o
[3460/6838] Building CXX object src/CMakeFiles/dbms.dir/Backups/BackupFileInfo.cpp.o
[3461/6838] Building CXX object src/CMakeFiles/dbms.dir/Backups/BackupIO_S3.cpp.o
[3462/6838] Building CXX object src/CMakeFiles/dbms.dir/Backups/BackupIO_Memory.cpp.o
[3463/6838] Building CXX object src/CMakeFiles/dbms.dir/Backups/BackupIO_Null.cpp.o
[3464/6838] Building CXX object src/CMakeFiles/dbms.dir/Backups/BackupInMemory.cpp.o
[3465/6838] Building CXX object src/CMakeFiles/dbms.dir/Backups/BackupKeeperSettings.cpp.o
[3466/6838] Building CXX object src/CMakeFiles/dbms.dir/Backups/BackupMetadataHandler.cpp.o
[3467/6838] Building CXX object src/CMakeFiles/dbms.dir/Backups/BackupInfo.cpp.o
[3468/6838] Building CXX object src/CMakeFiles/dbms.dir/Backups/BackupImpl.cpp.o
[3469/6838] Building CXX object src/CMakeFiles/dbms.dir/Backups/BackupStatus.cpp.o
[3470/6838] Building CXX object src/CMakeFiles/dbms.dir/Backups/BackupsInMemoryHolder.cpp.o
[3471/6838] Building CXX object src/CMakeFiles/dbms.dir/Backups/BackupSettings.cpp.o
[3472/6838] Building CXX object src/CMakeFiles/dbms.dir/Backups/BackupMetadataFinder.cpp.o
[3473/6838] Building CXX object src/CMakeFiles/dbms.dir/Backups/BackupUtils.cpp.o
[3474/6838] Building CXX object src/CMakeFiles/dbms.dir/Backups/IBackupEntriesLazyBatch.cpp.o
[3475/6838] Building CXX object src/CMakeFiles/dbms.dir/Backups/RestoreCoordinationLocal.cpp.o
[3476/6838] Building CXX object src/CMakeFiles/dbms.dir/Backups/RestoreCoordinationOnCluster.cpp.o
[3477/6838] Building CXX object src/CMakeFiles/dbms.dir/Backups/RestoreSettings.cpp.o
[3478/6838] Building CXX object src/CMakeFiles/dbms.dir/Backups/BackupsWorker.cpp.o
[3479/6838] Building CXX object src/CMakeFiles/dbms.dir/Backups/SettingsFieldOptionalBool.cpp.o
[3480/6838] Building CXX object src/CMakeFiles/dbms.dir/Backups/SettingsFieldOptionalString.cpp.o
[3481/6838] Building CXX object src/CMakeFiles/dbms.dir/Backups/DDLAdjustingForBackupVisitor.cpp.o
[3482/6838] Building CXX object src/CMakeFiles/dbms.dir/Backups/SettingsFieldOptionalUInt64.cpp.o
[3483/6838] Building CXX object src/CMakeFiles/dbms.dir/Backups/SettingsFieldOptionalUUID.cpp.o
[3484/6838] Building CXX object src/CMakeFiles/dbms.dir/Backups/getBackupDataFileName.cpp.o
[3485/6838] Building CXX object src/CMakeFiles/dbms.dir/Backups/registerBackupEngineAzureBlobStorage.cpp.o
[3486/6838] Building CXX object src/CMakeFiles/dbms.dir/Backups/registerBackupEngineS3.cpp.o
[3487/6838] Building CXX object src/CMakeFiles/dbms.dir/Backups/WithRetries.cpp.o
[3488/6838] Building CXX object src/CMakeFiles/dbms.dir/Backups/registerBackupEnginesFileAndDisk.cpp.o
[3489/6838] Building CXX object src/CMakeFiles/dbms.dir/Core/BackgroundSchedulePoolTaskHolder.cpp.o
[3490/6838] Building CXX object src/CMakeFiles/dbms.dir/Backups/RestorerFromBackup.cpp.o
[3491/6838] Building CXX object src/CMakeFiles/dbms.dir/Core/BlockInfo.cpp.o
[3492/6838] Building CXX object src/CMakeFiles/dbms.dir/Core/BaseSettings.cpp.o
[3493/6838] Building CXX object src/CMakeFiles/dbms.dir/Core/BackgroundSchedulePool.cpp.o
[3494/6838] Building CXX object src/CMakeFiles/dbms.dir/Core/BlockMissingValues.cpp.o
[3495/6838] Building CXX object src/CMakeFiles/dbms.dir/Core/BlockNameMap.cpp.o
[3496/6838] Building CXX object src/CMakeFiles/dbms.dir/Core/CaseAwareBlockNameMap.cpp.o
[3497/6838] Building CXX object src/CMakeFiles/dbms.dir/Core/DecimalFunctions.cpp.o
[3498/6838] Building CXX object src/CMakeFiles/dbms.dir/Core/ColumnWithTypeAndName.cpp.o
[3499/6838] Building CXX object src/CMakeFiles/dbms.dir/Core/Block.cpp.o
[3500/6838] Building CXX object src/CMakeFiles/dbms.dir/Core/DeduplicateInsert.cpp.o
[3501/6838] Building CXX object src/CMakeFiles/dbms.dir/Core/ExternalResultDescription.cpp.o
[3502/6838] Building CXX object src/CMakeFiles/dbms.dir/Core/InterpolateDescription.cpp.o
[3503/6838] Building CXX object src/CMakeFiles/dbms.dir/Core/FormatFactorySettings.cpp.o
[3504/6838] Building CXX object src/CMakeFiles/dbms.dir/Core/Field.cpp.o
[3505/6838] Building CXX object src/CMakeFiles/dbms.dir/Core/Names.cpp.o
[3506/6838] Building CXX object src/CMakeFiles/dbms.dir/Core/Joins.cpp.o
[3507/6838] Building CXX object src/CMakeFiles/dbms.dir/Core/ExternalTable.cpp.o
[3508/6838] Building CXX object src/CMakeFiles/dbms.dir/Core/Protocol.cpp.o
[3509/6838] Building CXX object src/CMakeFiles/dbms.dir/Core/PlainRanges.cpp.o
[3510/6838] Building CXX object src/CMakeFiles/dbms.dir/Core/QualifiedTableName.cpp.o
[3511/6838] Building CXX object src/CMakeFiles/dbms.dir/Core/QueryProcessingStage.cpp.o
[3512/6838] Building CXX object src/CMakeFiles/dbms.dir/Core/NamesAndTypes.cpp.o
[3513/6838] Building CXX object src/CMakeFiles/dbms.dir/Core/PostgreSQLProtocol.cpp.o
[3514/6838] Building CXX object src/CMakeFiles/dbms.dir/Core/Range.cpp.o
[3515/6838] Building CXX object src/CMakeFiles/dbms.dir/Core/ServerUUID.cpp.o
[3516/6838] Building CXX object src/CMakeFiles/dbms.dir/Core/SettingFieldASTFunction.cpp.o
[3517/6838] Building CXX object src/CMakeFiles/dbms.dir/Core/SettingsChangesHistory.cpp.o
[3518/6838] Building CXX object src/CMakeFiles/dbms.dir/Core/ServerSettings.cpp.o
[3519/6838] Building CXX object src/CMakeFiles/dbms.dir/Core/SettingsFields.cpp.o
[3520/6838] Building CXX object src/CMakeFiles/dbms.dir/Core/SettingsSecrets.cpp.o
[3521/6838] Building CXX object src/CMakeFiles/dbms.dir/Core/SettingsQuirks.cpp.o
[3522/6838] Building CXX object src/CMakeFiles/dbms.dir/Core/SettingsTierType.cpp.o
[3523/6838] Building CXX object src/CMakeFiles/dbms.dir/Core/Settings.cpp.o
[3524/6838] Building CXX object src/CMakeFiles/dbms.dir/Core/UUID.cpp.o
[3525/6838] Building CXX object src/CMakeFiles/dbms.dir/Core/SortDescription.cpp.o
[3526/6838] Building CXX object src/CMakeFiles/dbms.dir/Common/ExceptionExt.cpp.o
[3527/6838] Building CXX object src/CMakeFiles/dbms.dir/Core/MySQL/IMySQLReadPacket.cpp.o
[3528/6838] Building CXX object src/CMakeFiles/dbms.dir/Core/MySQL/Authentication.cpp.o
[3529/6838] Building CXX object src/CMakeFiles/dbms.dir/Core/MySQL/IMySQLWritePacket.cpp.o
[3530/6838] Building CXX object src/CMakeFiles/dbms.dir/Core/MySQL/MySQLUtils.cpp.o
[3531/6838] Building CXX object src/CMakeFiles/dbms.dir/Core/MySQL/PacketEndpoint.cpp.o
[3532/6838] Building CXX object src/CMakeFiles/dbms.dir/Core/SortCursor.cpp.o
[3533/6838] Building CXX object src/CMakeFiles/dbms.dir/Core/MySQL/PacketsConnection.cpp.o
[3534/6838] Building CXX object src/CMakeFiles/dbms.dir/Core/SettingsEnums.cpp.o
[3535/6838] Building CXX object src/CMakeFiles/dbms.dir/Core/MySQL/PacketsGeneric.cpp.o
[3536/6838] Building CXX object src/CMakeFiles/dbms.dir/Core/MySQL/PacketsPreparedStatements.cpp.o
[3537/6838] Building CXX object src/CMakeFiles/dbms.dir/Core/MySQL/PacketsProtocolBinary.cpp.o
[3538/6838] Building CXX object src/CMakeFiles/dbms.dir/Core/MySQL/PacketsReplication.cpp.o
[3539/6838] Building CXX object src/CMakeFiles/dbms.dir/Core/MySQL/PacketsProtocolText.cpp.o
[3540/6838] Building CXX object src/CMakeFiles/dbms.dir/QueryPipeline/Chain.cpp.o
[3541/6838] Building CXX object src/CMakeFiles/dbms.dir/QueryPipeline/BlockIO.cpp.o
[3542/6838] Building CXX object src/CMakeFiles/dbms.dir/QueryPipeline/ExecutionSpeedLimits.cpp.o
[3543/6838] Building CXX object src/CMakeFiles/dbms.dir/QueryPipeline/ProfileInfo.cpp.o
[3544/6838] Building CXX object src/CMakeFiles/dbms.dir/QueryPipeline/Pipe.cpp.o
[3545/6838] Building CXX object src/CMakeFiles/dbms.dir/QueryPipeline/QueryPlanResourceHolder.cpp.o
[3546/6838] Building CXX object src/CMakeFiles/dbms.dir/QueryPipeline/QueryPipeline.cpp.o
[3547/6838] Building CXX object src/CMakeFiles/dbms.dir/QueryPipeline/DistributedPlanExecutor.cpp.o
[3548/6838] Building CXX object src/CMakeFiles/dbms.dir/QueryPipeline/ReadProgressCallback.cpp.o
[3549/6838] Building CXX object src/CMakeFiles/dbms.dir/QueryPipeline/RemoteInserter.cpp.o
[3550/6838] Building CXX object src/CMakeFiles/dbms.dir/QueryPipeline/QueryPipelineBuilder.cpp.o
[3551/6838] Building CXX object src/CMakeFiles/dbms.dir/QueryPipeline/RemoteQueryExecutorReadContext.cpp.o
[3552/6838] Building CXX object src/CMakeFiles/dbms.dir/QueryPipeline/SizeLimits.cpp.o
[3553/6838] Building CXX object src/CMakeFiles/dbms.dir/QueryPipeline/StreamLocalLimits.cpp.o
[3554/6838] Building CXX object src/CMakeFiles/dbms.dir/QueryPipeline/UnavailableShardTracker.cpp.o
[3555/6838] Building CXX object src/CMakeFiles/dbms.dir/QueryPipeline/narrowPipe.cpp.o
[3556/6838] Building CXX object src/CMakeFiles/dbms.dir/QueryPipeline/scatterByPartition.cpp.o
[3557/6838] Building CXX object src/CMakeFiles/dbms.dir/QueryPipeline/printPipeline.cpp.o
[3558/6838] Building CXX object src/CMakeFiles/dbms.dir/DataTypes/DataTypeAggregateFunction.cpp.o
[3559/6838] Building CXX object src/CMakeFiles/dbms.dir/DataTypes/DataTypeCustomGeo.cpp.o
[3560/6838] Building CXX object src/CMakeFiles/dbms.dir/DataTypes/DataTypeArray.cpp.o
[3561/6838] Building CXX object src/CMakeFiles/dbms.dir/QueryPipeline/RemoteQueryExecutor.cpp.o
[3562/6838] Building CXX object src/CMakeFiles/dbms.dir/DataTypes/DataTypeDate.cpp.o
[3563/6838] Building CXX object src/CMakeFiles/dbms.dir/DataTypes/DataTypeDate32.cpp.o
[3564/6838] Building CXX object src/CMakeFiles/dbms.dir/DataTypes/DataTypeCustomSimpleAggregateFunction.cpp.o
[3565/6838] Building CXX object src/CMakeFiles/dbms.dir/DataTypes/DataTypeDateTime.cpp.o
[3566/6838] Building CXX object src/CMakeFiles/dbms.dir/DataTypes/DataTypeDateTime64.cpp.o
[3567/6838] Building CXX object src/CMakeFiles/dbms.dir/DataTypes/DataTypeDomainBool.cpp.o
[3568/6838] Building CXX object src/CMakeFiles/dbms.dir/DataTypes/DataTypeDecimalBase.cpp.o
[3569/6838] Building CXX object src/CMakeFiles/dbms.dir/DataTypes/DataTypeDynamic.cpp.o
[3570/6838] Building CXX object src/CMakeFiles/dbms.dir/DataTypes/DataTypeFixedString.cpp.o
[3571/6838] Building CXX object src/CMakeFiles/dbms.dir/DataTypes/DataTypeFunction.cpp.o
[3572/6838] Building CXX object src/CMakeFiles/dbms.dir/DataTypes/DataTypeEnum.cpp.o
[3573/6838] Building CXX object src/CMakeFiles/dbms.dir/DataTypes/DataTypeFactory.cpp.o
[3574/6838] Building CXX object src/CMakeFiles/dbms.dir/DataTypes/DataTypeIPv4andIPv6.cpp.o
[3575/6838] Building CXX object src/CMakeFiles/dbms.dir/DataTypes/DataTypeInterval.cpp.o
[3576/6838] Building CXX object src/CMakeFiles/dbms.dir/DataTypes/DataTypeLowCardinalityHelpers.cpp.o
[3577/6838] Building CXX object src/CMakeFiles/dbms.dir/DataTypes/DataTypeLowCardinality.cpp.o
[3578/6838] Building CXX object src/CMakeFiles/dbms.dir/DataTypes/DataTypeMapHelpers.cpp.o
[3579/6838] Building CXX object src/CMakeFiles/dbms.dir/DataTypes/DataTypeMap.cpp.o
[3580/6838] Building CXX object src/CMakeFiles/dbms.dir/DataTypes/DataTypeNested.cpp.o
[3581/6838] Building CXX object src/CMakeFiles/dbms.dir/DataTypes/DataTypeNothing.cpp.o
[3582/6838] Building CXX object src/CMakeFiles/dbms.dir/DataTypes/DataTypeNullable.cpp.o
[3583/6838] Building CXX object src/CMakeFiles/dbms.dir/DataTypes/DataTypeNumberBase.cpp.o
[3584/6838] Building CXX object src/CMakeFiles/dbms.dir/DataTypes/DataTypeTime.cpp.o
[3585/6838] Building CXX object src/CMakeFiles/dbms.dir/DataTypes/DataTypeQBit.cpp.o
[3586/6838] Building CXX object src/CMakeFiles/dbms.dir/DataTypes/DataTypeString.cpp.o
[3587/6838] Building CXX object src/CMakeFiles/dbms.dir/DataTypes/DataTypeTime64.cpp.o
[3588/6838] Building CXX object src/CMakeFiles/dbms.dir/DataTypes/DataTypeUUID.cpp.o
[3589/6838] Building CXX object src/CMakeFiles/dbms.dir/DataTypes/DataTypeObject.cpp.o
[3590/6838] Building CXX object src/CMakeFiles/dbms.dir/DataTypes/DataTypeTuple.cpp.o
[3591/6838] Building CXX object src/CMakeFiles/dbms.dir/DataTypes/DataTypeVariant.cpp.o
[3592/6838] Building CXX object src/CMakeFiles/dbms.dir/DataTypes/DataTypesCache.cpp.o
[3593/6838] Building CXX object src/CMakeFiles/dbms.dir/DataTypes/DataTypesBinaryEncoding.cpp.o
[3594/6838] Building CXX object src/CMakeFiles/dbms.dir/DataTypes/DataTypesNumber.cpp.o
[3595/6838] Building CXX object src/CMakeFiles/dbms.dir/DataTypes/EnumValues.cpp.o
[3596/6838] Building CXX object src/CMakeFiles/dbms.dir/DataTypes/IDataType.cpp.o
[3597/6838] Building CXX object src/CMakeFiles/dbms.dir/DataTypes/FieldToDataType.cpp.o
[3598/6838] Building CXX object src/CMakeFiles/dbms.dir/DataTypes/Native.cpp.o
[3599/6838] Building CXX object src/CMakeFiles/dbms.dir/DataTypes/Utils.cpp.o
[3600/6838] Building CXX object src/CMakeFiles/dbms.dir/DataTypes/NullableUtils.cpp.o
[3601/6838] Building CXX object src/CMakeFiles/dbms.dir/DataTypes/NestedUtils.cpp.o
[3602/6838] Building CXX object src/CMakeFiles/dbms.dir/DataTypes/convertMySQLDataType.cpp.o
[3603/6838] Building CXX object src/CMakeFiles/dbms.dir/DataTypes/dataTypeToAST.cpp.o
[3604/6838] Building CXX object src/CMakeFiles/dbms.dir/DataTypes/flattenTuple.cpp.o
[3605/6838] Building CXX object src/CMakeFiles/dbms.dir/DataTypes/convertYTsaurusDataType.cpp.o
[3606/6838] Building CXX object src/CMakeFiles/dbms.dir/DataTypes/DataTypesDecimal.cpp.o
[3607/6838] Building CXX object src/CMakeFiles/dbms.dir/DataTypes/hasNullable.cpp.o
[3608/6838] Building CXX object src/CMakeFiles/dbms.dir/DataTypes/getMostSubtype.cpp.o
[3609/6838] Building CXX object src/CMakeFiles/dbms.dir/DataTypes/getLeastSupertype.cpp.o
[3610/6838] Building CXX object src/CMakeFiles/dbms.dir/DataTypes/registerDataTypeDateTime.cpp.o
[3611/6838] Building CXX object src/CMakeFiles/dbms.dir/DataTypes/transformTypesRecursively.cpp.o
[3612/6838] Building CXX object src/CMakeFiles/dbms.dir/DataTypes/validateGroupByKeyType.cpp.o
[3613/6838] Building CXX object src/CMakeFiles/dbms.dir/DataTypes/Serializations/SerializationBool.cpp.o
[3614/6838] Building CXX object src/CMakeFiles/dbms.dir/DataTypes/Serializations/SerializationArray.cpp.o
[3615/6838] Building CXX object src/CMakeFiles/dbms.dir/DataTypes/Serializations/SerializationAggregateFunction.cpp.o
[3616/6838] Building CXX object src/CMakeFiles/dbms.dir/DataTypes/Serializations/ISerialization.cpp.o
[3617/6838] Building CXX object src/CMakeFiles/dbms.dir/DataTypes/Serializations/SerializationCustomSimpleText.cpp.o
[3618/6838] Building CXX object src/CMakeFiles/dbms.dir/DataTypes/Serializations/SerializationDate.cpp.o
[3619/6838] Building CXX object src/CMakeFiles/dbms.dir/DataTypes/Serializations/SerializationDate32.cpp.o
[3620/6838] Building CXX object src/CMakeFiles/dbms.dir/DataTypes/Serializations/SerializationDateTime.cpp.o
[3621/6838] Building CXX object src/CMakeFiles/dbms.dir/DataTypes/Serializations/SerializationDateTime64.cpp.o
[3622/6838] Building CXX object src/CMakeFiles/dbms.dir/DataTypes/Serializations/SerializationDecimalBase.cpp.o
[3623/6838] Building CXX object src/CMakeFiles/dbms.dir/DataTypes/Serializations/SerializationDecimal.cpp.o
[3624/6838] Building CXX object src/CMakeFiles/dbms.dir/DataTypes/Serializations/SerializationDetached.cpp.o
[3625/6838] Building CXX object src/CMakeFiles/dbms.dir/DataTypes/Serializations/SerializationDynamicElement.cpp.o
[3626/6838] Building CXX object src/CMakeFiles/dbms.dir/DataTypes/Serializations/SerializationEnum.cpp.o
[3627/6838] Building CXX object src/CMakeFiles/dbms.dir/DataTypes/Serializations/SerializationDynamic.cpp.o
[3628/6838] Building CXX object src/CMakeFiles/dbms.dir/DataTypes/Serializations/SerializationDynamicHelpers.cpp.o
[3629/6838] Building CXX object src/CMakeFiles/dbms.dir/DataTypes/Serializations/SerializationInfoSettings.cpp.o
[3630/6838] Building CXX object src/CMakeFiles/dbms.dir/DataTypes/Serializations/SerializationFixedString.cpp.o
[3631/6838] Building CXX object src/CMakeFiles/dbms.dir/DataTypes/Serializations/SerializationIPv4andIPv6.cpp.o
[3632/6838] Building CXX object src/CMakeFiles/dbms.dir/DataTypes/Serializations/SerializationInterval.cpp.o
[3633/6838] Building CXX object src/CMakeFiles/dbms.dir/DataTypes/Serializations/SerializationInfoTuple.cpp.o
[3634/6838] Building CXX object src/CMakeFiles/dbms.dir/DataTypes/Serializations/SerializationJSON.cpp.o
[3635/6838] Building CXX object src/CMakeFiles/dbms.dir/DataTypes/Serializations/SerializationInfo.cpp.o
[3636/6838] Building CXX object src/CMakeFiles/dbms.dir/DataTypes/Serializations/SerializationLowCardinality.cpp.o
[3637/6838] Building CXX object src/CMakeFiles/dbms.dir/DataTypes/Serializations/SerializationMapKeyValue.cpp.o
[3638/6838] Building CXX object src/CMakeFiles/dbms.dir/DataTypes/Serializations/SerializationMapKeysOrValues.cpp.o
[3639/6838] Building CXX object src/CMakeFiles/dbms.dir/DataTypes/Serializations/SerializationMapSize.cpp.o
[3640/6838] Building CXX object src/CMakeFiles/dbms.dir/DataTypes/Serializations/SerializationNamed.cpp.o
[3641/6838] Building CXX object src/CMakeFiles/dbms.dir/DataTypes/Serializations/SerializationNothing.cpp.o
[3642/6838] Building CXX object src/CMakeFiles/dbms.dir/DataTypes/Serializations/SerializationNullableWithParentNullMap.cpp.o
[3643/6838] Building CXX object src/CMakeFiles/dbms.dir/DataTypes/Serializations/SerializationNullable.cpp.o
[3644/6838] Building CXX object src/CMakeFiles/dbms.dir/DataTypes/Serializations/SerializationNumber.cpp.o
[3645/6838] Building CXX object src/CMakeFiles/dbms.dir/DataTypes/Serializations/SerializationObjectCombinedPath.cpp.o
[3646/6838] Building CXX object src/CMakeFiles/dbms.dir/DataTypes/Serializations/SerializationObjectDistinctPaths.cpp.o
[3647/6838] Building CXX object src/CMakeFiles/dbms.dir/DataTypes/Serializations/SerializationObjectDynamicPath.cpp.o
[3648/6838] Building CXX object src/CMakeFiles/dbms.dir/DataTypes/Serializations/SerializationObject.cpp.o
[3649/6838] Building CXX object src/CMakeFiles/dbms.dir/DataTypes/Serializations/SerializationObjectHelpers.cpp.o
[3650/6838] Building CXX object src/CMakeFiles/dbms.dir/DataTypes/Serializations/SerializationObjectPool.cpp.o
[3651/6838] Building CXX object src/CMakeFiles/dbms.dir/DataTypes/Serializations/SerializationObjectSharedDataPath.cpp.o
[3652/6838] Building CXX object src/CMakeFiles/dbms.dir/DataTypes/Serializations/SerializationObjectTypedPath.cpp.o
[3653/6838] Building CXX object src/CMakeFiles/dbms.dir/DataTypes/Serializations/SerializationObjectSharedData.cpp.o
[3654/6838] Building CXX object src/CMakeFiles/dbms.dir/DataTypes/Serializations/SerializationQuantizedVector.cpp.o
[3655/6838] Building CXX object src/CMakeFiles/dbms.dir/DataTypes/Serializations/SerializationReplicated.cpp.o
[3656/6838] Building CXX object src/CMakeFiles/dbms.dir/DataTypes/Serializations/SerializationQBit.cpp.o
[3657/6838] Building CXX object src/CMakeFiles/dbms.dir/DataTypes/Serializations/SerializationSparse.cpp.o
[3658/6838] Building CXX object src/CMakeFiles/dbms.dir/DataTypes/Serializations/SerializationStringSize.cpp.o
[3659/6838] Building CXX object src/CMakeFiles/dbms.dir/DataTypes/Serializations/SerializationString.cpp.o
[3660/6838] Building CXX object src/CMakeFiles/dbms.dir/DataTypes/Serializations/SerializationTime.cpp.o
[3661/6838] Building CXX object src/CMakeFiles/dbms.dir/DataTypes/Serializations/SerializationSubObject.cpp.o
[3662/6838] Building CXX object src/CMakeFiles/dbms.dir/DataTypes/Serializations/SerializationSubObjectSharedData.cpp.o
[3663/6838] Building CXX object src/CMakeFiles/dbms.dir/DataTypes/Serializations/SerializationTime64.cpp.o
[3664/6838] Building CXX object src/CMakeFiles/dbms.dir/DataTypes/Serializations/SerializationUUID.cpp.o
[3665/6838] Building CXX object src/CMakeFiles/dbms.dir/DataTypes/Serializations/SerializationTuple.cpp.o
[3666/6838] Building CXX object src/CMakeFiles/dbms.dir/DataTypes/Serializations/SerializationVariantElement.cpp.o
[3667/6838] Building CXX object src/CMakeFiles/dbms.dir/DataTypes/Serializations/SerializationVariant.cpp.o
[3668/6838] Building CXX object src/CMakeFiles/dbms.dir/DataTypes/Serializations/SerializationVariantElementNullMap.cpp.o
[3669/6838] Building CXX object src/CMakeFiles/dbms.dir/DataTypes/Serializations/SerializationWrapper.cpp.o
[3670/6838] Building CXX object src/CMakeFiles/dbms.dir/DataTypes/Serializations/getSubcolumnsDeserializationOrder.cpp.o
[3671/6838] Building CXX object src/CMakeFiles/dbms.dir/Databases/DDLLoadingDependencyVisitor.cpp.o
[3672/6838] Building CXX object src/CMakeFiles/dbms.dir/Databases/DDLDependencyVisitor.cpp.o
[3673/6838] Building CXX object src/CMakeFiles/dbms.dir/Databases/DDLRenamingVisitor.cpp.o
[3674/6838] Building CXX object src/CMakeFiles/dbms.dir/DataTypes/Serializations/SerializationMap.cpp.o
[3675/6838] Building CXX object src/CMakeFiles/dbms.dir/Databases/DatabaseFactory.cpp.o
[3676/6838] Building CXX object src/CMakeFiles/dbms.dir/Databases/DatabaseDictionary.cpp.o
[3677/6838] Building CXX object src/CMakeFiles/dbms.dir/Databases/DatabaseHDFS.cpp.o
[3678/6838] Building CXX object src/CMakeFiles/dbms.dir/Databases/DatabaseAtomic.cpp.o
[3679/6838] Building CXX object src/CMakeFiles/dbms.dir/Databases/DatabaseBackup.cpp.o
[3680/6838] Building CXX object src/CMakeFiles/dbms.dir/Databases/DatabaseMetadataDiskSettings.cpp.o
[3681/6838] Building CXX object src/CMakeFiles/dbms.dir/Databases/DatabaseFilesystem.cpp.o
[3682/6838] Building CXX object src/CMakeFiles/dbms.dir/Databases/DatabaseMemory.cpp.o
[3683/6838] Building CXX object src/CMakeFiles/dbms.dir/Databases/DatabaseOnDisk.cpp.o
[3684/6838] Building CXX object src/CMakeFiles/dbms.dir/Databases/DatabaseOverlay.cpp.o
[3685/6838] Building CXX object src/CMakeFiles/dbms.dir/Databases/DatabaseReplicatedHelpers.cpp.o
[3686/6838] Building CXX object src/CMakeFiles/dbms.dir/Databases/DatabaseRemote.cpp.o
[3687/6838] Building CXX object src/CMakeFiles/dbms.dir/Databases/DatabaseReplicatedSettings.cpp.o
[3688/6838] Building CXX object src/CMakeFiles/dbms.dir/Databases/DatabaseS3.cpp.o
[3689/6838] Building CXX object src/CMakeFiles/dbms.dir/Databases/DatabaseOrdinary.cpp.o
[3690/6838] Building CXX object src/CMakeFiles/dbms.dir/Databases/DatabaseReplicatedWorker.cpp.o
[3691/6838] Building CXX object src/CMakeFiles/dbms.dir/Databases/DatabaseReplicated.cpp.o
[3692/6838] Building CXX object src/CMakeFiles/dbms.dir/Databases/LoadingStrictnessLevel.cpp.o
[3693/6838] Building CXX object src/CMakeFiles/dbms.dir/Databases/DatabaseURL.cpp.o
[3694/6838] Building CXX object src/CMakeFiles/dbms.dir/Databases/NormalizeAndEvaluateConstantsVisitor.cpp.o
[3695/6838] Building CXX object src/CMakeFiles/dbms.dir/Databases/RenderedCreateQuery.cpp.o
[3696/6838] Building CXX object src/CMakeFiles/dbms.dir/Databases/IDatabase.cpp.o
[3697/6838] Building CXX object src/CMakeFiles/dbms.dir/Databases/DatabasesCommon.cpp.o
[3698/6838] Building CXX object src/CMakeFiles/dbms.dir/Databases/enableAllExperimentalSettings.cpp.o
[3699/6838] Building CXX object src/CMakeFiles/dbms.dir/Databases/removeWhereConditionPlaceholder.cpp.o
[3700/6838] Building CXX object src/CMakeFiles/dbms.dir/Databases/registerDatabases.cpp.o
[3701/6838] Building CXX object src/CMakeFiles/dbms.dir/Databases/MySQL/FetchTablesColumnsList.cpp.o
[3702/6838] Building CXX object src/CMakeFiles/dbms.dir/Databases/TablesDependencyGraph.cpp.o
[3703/6838] Building CXX object src/CMakeFiles/dbms.dir/Databases/TablesLoader.cpp.o
[3704/6838] Building CXX object src/CMakeFiles/dbms.dir/Databases/MySQL/DatabaseMySQL.cpp.o
[3705/6838] Building CXX object src/CMakeFiles/dbms.dir/Disks/DiskBackup.cpp.o
[3706/6838] Building CXX object src/CMakeFiles/dbms.dir/Disks/DiskFactory.cpp.o
[3707/6838] Building CXX object src/CMakeFiles/dbms.dir/Disks/DiskEncryptedTransaction.cpp.o
[3708/6838] Building CXX object src/CMakeFiles/dbms.dir/Disks/DiskEncrypted.cpp.o
[3709/6838] Building CXX object src/CMakeFiles/dbms.dir/Disks/DiskFromAST.cpp.o
[3710/6838] Building CXX object src/CMakeFiles/dbms.dir/Disks/DiskType.cpp.o
[3711/6838] Building CXX object src/CMakeFiles/dbms.dir/Disks/DiskLocalCheckThread.cpp.o
[3712/6838] Building CXX object src/CMakeFiles/dbms.dir/Disks/IStoragePolicy.cpp.o
[3713/6838] Building CXX object src/CMakeFiles/dbms.dir/Disks/DiskLocal.cpp.o
[3714/6838] Building CXX object src/CMakeFiles/dbms.dir/Disks/IVolume.cpp.o
[3715/6838] Building CXX object src/CMakeFiles/dbms.dir/Disks/DiskSelector.cpp.o
[3716/6838] Building CXX object src/CMakeFiles/dbms.dir/Disks/LocalDirectorySyncGuard.cpp.o
[3717/6838] Building CXX object src/CMakeFiles/dbms.dir/Disks/IDisk.cpp.o
[3718/6838] Building CXX object src/CMakeFiles/dbms.dir/Disks/VolumeJBOD.cpp.o
[3719/6838] Building CXX object src/CMakeFiles/dbms.dir/Disks/TemporaryFileOnDisk.cpp.o
[3720/6838] Building CXX object src/CMakeFiles/dbms.dir/Disks/StoragePolicy.cpp.o
[3721/6838] Building CXX object src/CMakeFiles/dbms.dir/Disks/createVolume.cpp.o
[3722/6838] Building CXX object src/CMakeFiles/dbms.dir/Disks/loadLocalDiskConfig.cpp.o
[3723/6838] Building CXX object src/CMakeFiles/dbms.dir/Disks/getDiskConfigurationFromAST.cpp.o
[3724/6838] Building CXX object src/CMakeFiles/dbms.dir/Disks/registerDisks.cpp.o
[3725/6838] Building CXX object src/CMakeFiles/dbms.dir/Disks/supportWritingWithAppend.cpp.o
[3726/6838] Building CXX object src/CMakeFiles/dbms.dir/Analyzer/ArrayJoinNode.cpp.o
[3727/6838] Building CXX object src/CMakeFiles/dbms.dir/Analyzer/AggregationUtils.cpp.o
[3728/6838] Building CXX object src/CMakeFiles/dbms.dir/Analyzer/ColumnNode.cpp.o
[3729/6838] Building CXX object src/CMakeFiles/dbms.dir/Analyzer/ColumnTransformers.cpp.o
[3730/6838] Building CXX object src/CMakeFiles/dbms.dir/Analyzer/ConstantNode.cpp.o
[3731/6838] Building CXX object src/CMakeFiles/dbms.dir/Analyzer/FunctionNode.cpp.o
[3732/6838] Building CXX object src/CMakeFiles/dbms.dir/Analyzer/Identifier.cpp.o
[3733/6838] Building CXX object src/CMakeFiles/dbms.dir/Analyzer/FunctionSecretArgumentsFinderTreeNode.cpp.o
[3734/6838] Building CXX object src/CMakeFiles/dbms.dir/Analyzer/IQueryTreeNode.cpp.o
[3735/6838] Building CXX object src/CMakeFiles/dbms.dir/Analyzer/IdentifierNode.cpp.o
[3736/6838] Building CXX object src/CMakeFiles/dbms.dir/Analyzer/InterpolateNode.cpp.o
[3737/6838] Building CXX object src/CMakeFiles/dbms.dir/Analyzer/ListNode.cpp.o
[3738/6838] Building CXX object src/CMakeFiles/dbms.dir/Analyzer/LambdaNode.cpp.o
[3739/6838] Building CXX object src/CMakeFiles/dbms.dir/Analyzer/JoinNode.cpp.o
[3740/6838] Building CXX object src/CMakeFiles/dbms.dir/Analyzer/MatcherNode.cpp.o
[3741/6838] Building CXX object src/CMakeFiles/dbms.dir/Analyzer/QueryNode.cpp.o
[3742/6838] Building CXX object src/CMakeFiles/dbms.dir/Analyzer/RecursiveCTE.cpp.o
[3743/6838] Building CXX object src/CMakeFiles/dbms.dir/Analyzer/QueryTreeBuilder.cpp.o
[3744/6838] Building CXX object src/CMakeFiles/dbms.dir/Analyzer/QueryTreePassManager.cpp.o
[3745/6838] Building CXX object src/CMakeFiles/dbms.dir/Analyzer/SetUtils.cpp.o
[3746/6838] Building CXX object src/CMakeFiles/dbms.dir/Analyzer/SortNode.cpp.o
[3747/6838] Building CXX object src/CMakeFiles/dbms.dir/Analyzer/TableFunctionNode.cpp.o
[3748/6838] Building CXX object src/CMakeFiles/dbms.dir/Analyzer/TableExpressionModifiers.cpp.o
[3749/6838] Building CXX object src/CMakeFiles/dbms.dir/Analyzer/TableNode.cpp.o
[3750/6838] Building CXX object src/CMakeFiles/dbms.dir/Analyzer/UnionNode.cpp.o
[3751/6838] Building CXX object src/CMakeFiles/dbms.dir/Analyzer/WindowNode.cpp.o
[3752/6838] Building CXX object src/CMakeFiles/dbms.dir/Analyzer/ValidationUtils.cpp.o
[3753/6838] Building CXX object src/CMakeFiles/dbms.dir/Analyzer/WindowFunctionsUtils.cpp.o
[3754/6838] Building CXX object src/CMakeFiles/dbms.dir/Analyzer/createUniqueAliasesIfNecessary.cpp.o
[3755/6838] Building CXX object src/CMakeFiles/dbms.dir/Analyzer/inlineMaterializedCTEIfNeeded.cpp.o
[3756/6838] Building CXX object src/CMakeFiles/dbms.dir/Analyzer/Passes/AggregateFunctionOfGroupByKeysPass.cpp.o
[3757/6838] Building CXX object src/CMakeFiles/dbms.dir/Analyzer/Utils.cpp.o
[3758/6838] Building CXX object src/CMakeFiles/dbms.dir/Analyzer/Passes/AggregateFunctionsArithmeticOperationsPass.cpp.o
[3759/6838] Building CXX object src/CMakeFiles/dbms.dir/Analyzer/Passes/ArrayExistsToHasPass.cpp.o
[3760/6838] Building CXX object src/CMakeFiles/dbms.dir/Analyzer/Passes/CNFAtomicFormula.cpp.o
[3761/6838] Building CXX object src/CMakeFiles/dbms.dir/Analyzer/Passes/AutoFinalOnQueryPass.cpp.o
[3762/6838] Building CXX object src/CMakeFiles/dbms.dir/Analyzer/Passes/ComparisonTupleEliminationPass.cpp.o
[3763/6838] Building CXX object src/CMakeFiles/dbms.dir/Analyzer/Passes/ConvertEmptyStringComparisonToFunctionPass.cpp.o
[3764/6838] Building CXX object src/CMakeFiles/dbms.dir/Analyzer/Passes/CNF.cpp.o
[3765/6838] Building CXX object src/CMakeFiles/dbms.dir/Analyzer/Passes/ConvertOrLikeChainPass.cpp.o
[3766/6838] Building CXX object src/CMakeFiles/dbms.dir/Analyzer/Passes/CountDistinctPass.cpp.o
[3767/6838] Building CXX object src/CMakeFiles/dbms.dir/Analyzer/Passes/CrossToInnerJoinPass.cpp.o
[3768/6838] Building CXX object src/CMakeFiles/dbms.dir/Analyzer/Passes/ConvertQueryToCNFPass.cpp.o
[3769/6838] Building CXX object src/CMakeFiles/dbms.dir/Analyzer/Passes/DictGetTupleElementPass.cpp.o
[3770/6838] Building CXX object src/CMakeFiles/dbms.dir/Analyzer/Passes/DisableParallelReplicasPass.cpp.o
[3771/6838] Building CXX object src/CMakeFiles/dbms.dir/Analyzer/Passes/DistanceTransposedPartialReadsPass.cpp.o
[3772/6838] Building CXX object src/CMakeFiles/dbms.dir/Analyzer/Passes/GroupingFunctionsResolvePass.cpp.o
[3773/6838] Building CXX object src/CMakeFiles/dbms.dir/Analyzer/Passes/FuseFunctionsPass.cpp.o
[3774/6838] Building CXX object src/CMakeFiles/dbms.dir/Analyzer/Passes/FunctionToSubcolumnsPass.cpp.o
[3775/6838] Building CXX object src/CMakeFiles/dbms.dir/Analyzer/Passes/HasToInPass.cpp.o
[3776/6838] Building CXX object src/CMakeFiles/dbms.dir/Analyzer/Passes/IfChainToMultiIfPass.cpp.o
[3777/6838] Building CXX object src/CMakeFiles/dbms.dir/Analyzer/Passes/IfConstantConditionPass.cpp.o
[3778/6838] Building CXX object src/CMakeFiles/dbms.dir/Analyzer/Passes/IfTransformStringsToEnumPass.cpp.o
[3779/6838] Building CXX object src/CMakeFiles/dbms.dir/Analyzer/Passes/InjectRandomOrderIfNoOrderByPass.cpp.o
[3780/6838] Building CXX object src/CMakeFiles/dbms.dir/Analyzer/Passes/LikePerfectAffixRewritePass.cpp.o
[3781/6838] Building CXX object src/CMakeFiles/dbms.dir/Analyzer/Passes/MultiIfToIfPass.cpp.o
[3782/6838] Building CXX object src/CMakeFiles/dbms.dir/Analyzer/Passes/InverseDictionaryLookupPass.cpp.o
[3783/6838] Building CXX object src/CMakeFiles/dbms.dir/Analyzer/Passes/NormalizeCountVariantsPass.cpp.o
[3784/6838] Building CXX object src/CMakeFiles/dbms.dir/Analyzer/Passes/OptimizeGroupByFunctionKeysPass.cpp.o
[3785/6838] Building CXX object src/CMakeFiles/dbms.dir/Analyzer/Passes/OptimizeDateOrDateTimeConverterWithPreimagePass.cpp.o
[3786/6838] Building CXX object src/CMakeFiles/dbms.dir/Analyzer/Passes/LogicalExpressionOptimizerPass.cpp.o
[3787/6838] Building CXX object src/CMakeFiles/dbms.dir/Analyzer/Passes/OptimizeGroupByInjectiveFunctionsPass.cpp.o
[3788/6838] Building CXX object src/CMakeFiles/dbms.dir/Analyzer/Passes/OptimizeKeyExpressionsUtils.cpp.o
[3789/6838] Building CXX object src/CMakeFiles/dbms.dir/Analyzer/Passes/OptimizeLimitByFunctionKeysPass.cpp.o
[3790/6838] Building CXX object src/CMakeFiles/dbms.dir/Analyzer/Passes/OptimizeLimitByInjectiveFunctionsPass.cpp.o
[3791/6838] Building CXX object src/CMakeFiles/dbms.dir/Analyzer/Passes/OptimizeTrivialGroupByLimitPass.cpp.o
[3792/6838] Building CXX object src/CMakeFiles/dbms.dir/Analyzer/Passes/OptimizeRedundantFunctionsInOrderByPass.cpp.o
[3793/6838] Building CXX object src/CMakeFiles/dbms.dir/Analyzer/Passes/OrderByLimitByDuplicateEliminationPass.cpp.o
[3794/6838] Building CXX object src/CMakeFiles/dbms.dir/Analyzer/Passes/OrderByTupleEliminationPass.cpp.o
[3795/6838] Building CXX object src/CMakeFiles/dbms.dir/Analyzer/Passes/RegexpFunctionRewritePass.cpp.o
[3796/6838] Building CXX object src/CMakeFiles/dbms.dir/Analyzer/Passes/PruneArrayJoinColumnsPass.cpp.o
[3797/6838] Building CXX object src/CMakeFiles/dbms.dir/Analyzer/Passes/RemoveUnusedProjectionColumnsPass.cpp.o
[3798/6838] Building CXX object src/CMakeFiles/dbms.dir/Analyzer/Passes/RewriteAggregateFunctionWithIfPass.cpp.o
[3799/6838] Building CXX object src/CMakeFiles/dbms.dir/Analyzer/Passes/RewriteSumFunctionWithSumAndCountPass.cpp.o
[3800/6838] Building CXX object src/CMakeFiles/dbms.dir/Analyzer/Passes/ShardNumColumnToFunctionPass.cpp.o
[3801/6838] Building CXX object src/CMakeFiles/dbms.dir/Analyzer/Passes/SumIfToCountIfPass.cpp.o
[3802/6838] Building CXX object src/CMakeFiles/dbms.dir/Analyzer/Passes/TruncateOrderByAfterGroupByKeysPass.cpp.o
[3803/6838] Building CXX object src/CMakeFiles/dbms.dir/Analyzer/Passes/UniqInjectiveFunctionsEliminationPass.cpp.o
[3804/6838] Building CXX object src/CMakeFiles/dbms.dir/Analyzer/Passes/UniqToCountPass.cpp.o
[3805/6838] Building CXX object src/CMakeFiles/dbms.dir/Analyzer/Resolve/QueryAnalysisPass.cpp.o
[3806/6838] Building CXX object src/CMakeFiles/dbms.dir/Analyzer/Resolve/IdentifierResolveScope.cpp.o
[3807/6838] Building CXX object src/CMakeFiles/dbms.dir/Analyzer/Resolve/TableExpressionData.cpp.o
[3808/6838] Building CXX object src/CMakeFiles/dbms.dir/Analyzer/Resolve/TypoCorrection.cpp.o
[3809/6838] Building CXX object src/CMakeFiles/dbms.dir/Analyzer/Resolve/IdentifierResolver.cpp.o
[3810/6838] Building CXX object src/CMakeFiles/dbms.dir/Planner/ActionsChain.cpp.o
[3811/6838] Building CXX object src/CMakeFiles/dbms.dir/Analyzer/Resolve/evaluateScalarSubqueryIfNeeded.cpp.o
[3812/6838] Building CXX object src/CMakeFiles/dbms.dir/Planner/CollectColumnIdentifiers.cpp.o
[3813/6838] Building CXX object src/CMakeFiles/dbms.dir/Planner/CollectMaterializedCTE.cpp.o
[3814/6838] Building CXX object src/CMakeFiles/dbms.dir/Analyzer/Resolve/resolveFunction.cpp.o
[3815/6838] Building CXX object src/CMakeFiles/dbms.dir/Analyzer/Resolve/QueryAnalyzer.cpp.o
[3816/6838] Building CXX object src/CMakeFiles/dbms.dir/Planner/CollectSets.cpp.o
[3817/6838] Building CXX object src/CMakeFiles/dbms.dir/Planner/CollectTableExpressionData.cpp.o
[3818/6838] Building CXX object src/CMakeFiles/dbms.dir/Planner/PlannerAggregation.cpp.o
[3819/6838] Building CXX object src/CMakeFiles/dbms.dir/Planner/PlannerContext.cpp.o
[3820/6838] Building CXX object src/CMakeFiles/dbms.dir/Planner/PlannerActionsVisitor.cpp.o
[3821/6838] Building CXX object src/CMakeFiles/dbms.dir/Planner/PlannerExpressionAnalysis.cpp.o
[3822/6838] Building CXX object src/CMakeFiles/dbms.dir/Planner/Planner.cpp.o
[3823/6838] Building CXX object src/CMakeFiles/dbms.dir/Planner/PlannerCorrelatedSubqueries.cpp.o
[3824/6838] Building CXX object src/CMakeFiles/dbms.dir/Planner/PlannerSorting.cpp.o
[3825/6838] Building CXX object src/CMakeFiles/dbms.dir/Planner/PlannerWindowFunctions.cpp.o
[3826/6838] Building CXX object src/CMakeFiles/dbms.dir/Planner/PlannerJoinsLogical.cpp.o
[3827/6838] Building CXX object src/CMakeFiles/dbms.dir/Planner/PlannerJoins.cpp.o
[3828/6838] Building CXX object src/CMakeFiles/dbms.dir/Planner/PlannerJoinTree.cpp.o
[3829/6838] Building CXX object src/CMakeFiles/dbms.dir/Planner/collectSelectedColumnsFromTable.cpp.o
[3830/6838] Building CXX object src/CMakeFiles/dbms.dir/Interpreters/ActionLocksManager.cpp.o
[3831/6838] Building CXX object src/CMakeFiles/dbms.dir/Planner/Utils.cpp.o
[3832/6838] Building CXX object src/CMakeFiles/dbms.dir/Interpreters/ActionsMatcher.cpp.o
[3833/6838] Building CXX object src/CMakeFiles/dbms.dir/Planner/findParallelReplicasQuery.cpp.o
[3834/6838] Building CXX object src/CMakeFiles/dbms.dir/Interpreters/AdaptiveAggregation.cpp.o
[3835/6838] Building CXX object src/CMakeFiles/dbms.dir/Interpreters/AddIndexConstraintsOptimizer.cpp.o
[3836/6838] Building CXX object src/CMakeFiles/dbms.dir/Interpreters/ActionsVisitor.cpp.o
[3837/6838] Building CXX object src/CMakeFiles/dbms.dir/Interpreters/AggregateDescription.cpp.o
[3838/6838] Building CXX object src/CMakeFiles/dbms.dir/Interpreters/ActionsDAG.cpp.o
[3839/6838] Building CXX object src/CMakeFiles/dbms.dir/Interpreters/AggregatedZooKeeperLog.cpp.o
[3840/6838] Building CXX object src/CMakeFiles/dbms.dir/Interpreters/AggregationMethod.cpp.o
[3841/6838] Building CXX object src/CMakeFiles/dbms.dir/Interpreters/AggregatedDataVariants.cpp.o
[3842/6838] Building CXX object src/CMakeFiles/dbms.dir/Interpreters/AggregationUtils.cpp.o
[3843/6838] Building CXX object src/CMakeFiles/dbms.dir/Interpreters/ApplyWithAliasVisitor.cpp.o
[3844/6838] Building CXX object src/CMakeFiles/dbms.dir/Interpreters/ApplyWithGlobalVisitor.cpp.o
[3845/6838] Building CXX object src/CMakeFiles/dbms.dir/Interpreters/ApplyWithSubqueryVisitor.cpp.o
[3846/6838] Building CXX object src/CMakeFiles/dbms.dir/Interpreters/ArithmeticOperationsInAgrFuncOptimize.cpp.o
[3847/6838] Building CXX object src/CMakeFiles/dbms.dir/Interpreters/AdaptiveAggregationKernels.cpp.o
[3848/6838] Building CXX object src/CMakeFiles/dbms.dir/Interpreters/AsynchronousInsertLog.cpp.o
[3849/6838] Building CXX object src/CMakeFiles/dbms.dir/Interpreters/ArrayJoinAction.cpp.o
[3850/6838] Building CXX object src/CMakeFiles/dbms.dir/Interpreters/BackgroundSchedulePoolLog.cpp.o
[3851/6838] Building CXX object src/CMakeFiles/dbms.dir/Interpreters/AsynchronousMetricLog.cpp.o
[3852/6838] Building CXX object src/CMakeFiles/dbms.dir/Interpreters/BackupLog.cpp.o
[3853/6838] Building CXX object src/CMakeFiles/dbms.dir/Interpreters/AsynchronousInsertQueue.cpp.o
[3854/6838] Building CXX object src/CMakeFiles/dbms.dir/Interpreters/BloomFilter.cpp.o
[3855/6838] Building CXX object src/CMakeFiles/dbms.dir/Interpreters/CNFQueryAtomicFormula.cpp.o
[3856/6838] Building CXX object src/CMakeFiles/dbms.dir/Interpreters/BlobStorageLog.cpp.o
[3857/6838] Building CXX object src/CMakeFiles/dbms.dir/Interpreters/BucketedMetricLog.cpp.o
[3858/6838] Building CXX object src/CMakeFiles/dbms.dir/Interpreters/CancellationChecker.cpp.o
[3859/6838] Building CXX object src/CMakeFiles/dbms.dir/Interpreters/ClientInfo.cpp.o
[3860/6838] Building CXX object src/CMakeFiles/dbms.dir/Interpreters/Cluster.cpp.o
[3861/6838] Building CXX object src/CMakeFiles/dbms.dir/Interpreters/ClusterFunctionReadTask.cpp.o
[3862/6838] Building CXX object src/CMakeFiles/dbms.dir/Interpreters/ClusterDiscovery.cpp.o
[3863/6838] Building CXX object src/CMakeFiles/dbms.dir/Interpreters/CollectJoinOnKeysVisitor.cpp.o
[3864/6838] Building CXX object src/CMakeFiles/dbms.dir/Interpreters/ColumnAliasesVisitor.cpp.o
[3865/6838] Building CXX object src/CMakeFiles/dbms.dir/Interpreters/ComparisonTupleEliminationVisitor.cpp.o
[3866/6838] Building CXX object src/CMakeFiles/dbms.dir/Interpreters/ComparisonGraph.cpp.o
[3867/6838] Building CXX object src/CMakeFiles/dbms.dir/Interpreters/ConstantJoin.cpp.o
[3868/6838] Building CXX object src/CMakeFiles/dbms.dir/Interpreters/ContextTimeSeriesTagsCollector.cpp.o
[3869/6838] Building CXX object src/CMakeFiles/dbms.dir/Interpreters/ConcurrentHashJoin.cpp.o
[3870/6838] Building CXX object src/CMakeFiles/dbms.dir/Interpreters/Context_fwd.cpp.o
[3871/6838] Building CXX object src/CMakeFiles/dbms.dir/Interpreters/ConvertStringsToEnumVisitor.cpp.o
[3872/6838] Building CXX object src/CMakeFiles/dbms.dir/Interpreters/CrashLog.cpp.o
[3873/6838] Building CXX object src/CMakeFiles/dbms.dir/Interpreters/CrossToInnerJoinVisitor.cpp.o
[3874/6838] Building CXX object src/CMakeFiles/dbms.dir/Interpreters/DDLOnClusterQueryStatusSource.cpp.o
[3875/6838] Building CXX object src/CMakeFiles/dbms.dir/Interpreters/DDLTask.cpp.o
[3876/6838] Building CXX object src/CMakeFiles/dbms.dir/Interpreters/DNSCacheUpdater.cpp.o
[3877/6838] Building CXX object src/CMakeFiles/dbms.dir/Interpreters/DatabaseAndTableWithAlias.cpp.o
[3878/6838] Building CXX object src/CMakeFiles/dbms.dir/Interpreters/Context.cpp.o
[3879/6838] Building CXX object src/CMakeFiles/dbms.dir/Interpreters/DDLWorker.cpp.o
[3880/6838] Building CXX object src/CMakeFiles/dbms.dir/Interpreters/DeadLetterQueue.cpp.o
[3881/6838] Building CXX object src/CMakeFiles/dbms.dir/Interpreters/DirectJoin.cpp.o
[3882/6838] Building CXX object src/CMakeFiles/dbms.dir/Interpreters/DeltaMetadataLog.cpp.o
[3883/6838] Building CXX object src/CMakeFiles/dbms.dir/Interpreters/DatabaseCatalog.cpp.o
[3884/6838] Building CXX object src/CMakeFiles/dbms.dir/Interpreters/DirectJoinMergeTreeEntity.cpp.o
[3885/6838] Building CXX object src/CMakeFiles/dbms.dir/Interpreters/DuplicateOrderByVisitor.cpp.o
[3886/6838] Building CXX object src/CMakeFiles/dbms.dir/Interpreters/DistributedQueryStatusSource.cpp.o
[3887/6838] Building CXX object src/CMakeFiles/dbms.dir/Interpreters/EmbeddedDictionaries.cpp.o
[3888/6838] Building CXX object src/CMakeFiles/dbms.dir/Interpreters/ErrorLog.cpp.o
[3889/6838] Building CXX object src/CMakeFiles/dbms.dir/Interpreters/ExpressionActionsSettings.cpp.o
[3890/6838] Building CXX object src/CMakeFiles/dbms.dir/Interpreters/ExecuteScalarSubqueriesVisitor.cpp.o
[3891/6838] Building CXX object src/CMakeFiles/dbms.dir/Interpreters/ExpressionContainsArrayJoin.cpp.o
[3892/6838] Building CXX object src/CMakeFiles/dbms.dir/Interpreters/ExpressionJIT.cpp.o
[3893/6838] Building CXX object src/CMakeFiles/dbms.dir/Interpreters/ExpressionActions.cpp.o
[3894/6838] Building CXX object src/CMakeFiles/dbms.dir/Interpreters/ExternalDictionariesLoader.cpp.o
[3895/6838] Building CXX object src/CMakeFiles/dbms.dir/Interpreters/ExternalLoader.cpp.o
[3896/6838] Building CXX object src/CMakeFiles/dbms.dir/Interpreters/ExternalLoaderTempConfigRepository.cpp.o
[3897/6838] Building CXX object src/CMakeFiles/dbms.dir/Interpreters/ExternalLoaderDictionaryStorageConfigRepository.cpp.o
[3898/6838] Building CXX object src/CMakeFiles/dbms.dir/Interpreters/ExternalLoaderXMLConfigRepository.cpp.o
[3899/6838] Building CXX object src/CMakeFiles/dbms.dir/Interpreters/ExpressionAnalyzer.cpp.o
[3900/6838] Building CXX object src/CMakeFiles/dbms.dir/Interpreters/ExtractExpressionInfoVisitor.cpp.o
[3901/6838] Building CXX object src/CMakeFiles/dbms.dir/Interpreters/FilesystemCacheLog.cpp.o
[3902/6838] Building CXX object src/CMakeFiles/dbms.dir/Interpreters/FilesystemReadPrefetchesLog.cpp.o
[3903/6838] Building CXX object src/CMakeFiles/dbms.dir/Interpreters/FillingRow.cpp.o
[3904/6838] Building CXX object src/CMakeFiles/dbms.dir/Interpreters/FunctionNameNormalizer.cpp.o
[3905/6838] Building CXX object src/CMakeFiles/dbms.dir/Interpreters/GatherFunctionQuantileVisitor.cpp.o
[3906/6838] Building CXX object src/CMakeFiles/dbms.dir/Interpreters/GetAggregatesVisitor.cpp.o
[3907/6838] Building CXX object src/CMakeFiles/dbms.dir/Interpreters/GroupingSetsRewriterVisitor.cpp.o
[3908/6838] Building CXX object src/CMakeFiles/dbms.dir/Interpreters/HashTablesStatistics.cpp.o
[3909/6838] Building CXX object src/CMakeFiles/dbms.dir/Interpreters/GlobalSubqueriesVisitor.cpp.o
[3910/6838] Building CXX object src/CMakeFiles/dbms.dir/Interpreters/GraceHashJoin.cpp.o
[3911/6838] Building CXX object src/CMakeFiles/dbms.dir/Interpreters/IExternalLoadable.cpp.o
[3912/6838] Building CXX object src/CMakeFiles/dbms.dir/Interpreters/HypotheticalObjectStore.cpp.o
[3913/6838] Building CXX object src/CMakeFiles/dbms.dir/Interpreters/IJoin.cpp.o
[3914/6838] Building CXX object src/CMakeFiles/dbms.dir/Interpreters/IInterpreterUnionOrSelectQuery.cpp.o
[3915/6838] Building CXX object src/CMakeFiles/dbms.dir/Interpreters/ITokenizer.cpp.o
[3916/6838] Building CXX object src/CMakeFiles/dbms.dir/Interpreters/IInterpreter.cpp.o
[3917/6838] Building CXX object src/CMakeFiles/dbms.dir/Interpreters/IdentifierSemantic.cpp.o
[3918/6838] Building CXX object src/CMakeFiles/dbms.dir/Interpreters/IcebergMetadataLog.cpp.o
[3919/6838] Building CXX object src/CMakeFiles/dbms.dir/Interpreters/InJoinSubqueriesPreprocessor.cpp.o
[3920/6838] Building CXX object src/CMakeFiles/dbms.dir/Interpreters/InstrumentationManager.cpp.o
[3921/6838] Building CXX object src/CMakeFiles/dbms.dir/Interpreters/InternalTextLogsQueue.cpp.o
[3922/6838] Building CXX object src/CMakeFiles/dbms.dir/Interpreters/InsertDeduplication.cpp.o
[3923/6838] Building CXX object src/CMakeFiles/dbms.dir/Interpreters/InterpreterAlterNamedCollectionQuery.cpp.o
[3924/6838] Building CXX object src/CMakeFiles/dbms.dir/Interpreters/InterpreterBackupQuery.cpp.o
[3925/6838] Building CXX object src/CMakeFiles/dbms.dir/Interpreters/InsertDependenciesBuilder.cpp.o
[3926/6838] Building CXX object src/CMakeFiles/dbms.dir/Interpreters/InterpreterAlterQuery.cpp.o
[3927/6838] Building CXX object src/CMakeFiles/dbms.dir/Interpreters/InterpreterCreateFunctionQuery.cpp.o
[3928/6838] Building CXX object src/CMakeFiles/dbms.dir/Interpreters/InterpreterCreateHandlerQuery.cpp.o
[3929/6838] Building CXX object src/CMakeFiles/dbms.dir/Interpreters/InterpreterCheckQuery.cpp.o
[3930/6838] Building CXX object src/CMakeFiles/dbms.dir/Interpreters/InterpreterCreateIndexQuery.cpp.o
[3931/6838] Building CXX object src/CMakeFiles/dbms.dir/Interpreters/InterpreterCreateNamedCollectionQuery.cpp.o
[3932/6838] Building CXX object src/CMakeFiles/dbms.dir/Interpreters/InterpreterCreateResourceQuery.cpp.o
[3933/6838] Building CXX object src/CMakeFiles/dbms.dir/Interpreters/InterpreterCreateWorkloadQuery.cpp.o
[3934/6838] Building CXX object src/CMakeFiles/dbms.dir/Interpreters/Aggregator.cpp.o
[3935/6838] Building CXX object src/CMakeFiles/dbms.dir/Interpreters/InterpreterDescribeCacheQuery.cpp.o
[3936/6838] Building CXX object src/CMakeFiles/dbms.dir/Interpreters/InterpreterDeleteQuery.cpp.o
[3937/6838] Building CXX object src/CMakeFiles/dbms.dir/Interpreters/InterpreterDescribeQuery.cpp.o
[3938/6838] Building CXX object src/CMakeFiles/dbms.dir/Interpreters/InterpreterDropIndexQuery.cpp.o
[3939/6838] Building CXX object src/CMakeFiles/dbms.dir/Interpreters/InterpreterDropFunctionQuery.cpp.o
[3940/6838] Building CXX object src/CMakeFiles/dbms.dir/Interpreters/InterpreterCreateQuery.cpp.o
[3941/6838] Building CXX object src/CMakeFiles/dbms.dir/Interpreters/InterpreterDropHandlerQuery.cpp.o
[3942/6838] Building CXX object src/CMakeFiles/dbms.dir/Interpreters/InterpreterDropNamedCollectionQuery.cpp.o
[3943/6838] Building CXX object src/CMakeFiles/dbms.dir/Interpreters/InterpreterDropResourceQuery.cpp.o
[3944/6838] Building CXX object src/CMakeFiles/dbms.dir/Interpreters/InterpreterDropWorkloadQuery.cpp.o
[3945/6838] Building CXX object src/CMakeFiles/dbms.dir/Interpreters/InterpreterExistsQuery.cpp.o
[3946/6838] Building CXX object src/CMakeFiles/dbms.dir/Interpreters/InterpreterFactory.cpp.o
[3947/6838] Building CXX object src/CMakeFiles/dbms.dir/Interpreters/InterpreterDropQuery.cpp.o
[3948/6838] Building CXX object src/CMakeFiles/dbms.dir/Interpreters/InterpreterExplainQuery.cpp.o
[3949/6838] Building CXX object src/CMakeFiles/dbms.dir/Interpreters/InterpreterHypotheticalObjectQuery.cpp.o
[3950/6838] Building CXX object src/CMakeFiles/dbms.dir/Interpreters/InterpreterKillQueryQuery.cpp.o
[3951/6838] Building CXX object src/CMakeFiles/dbms.dir/Interpreters/InterpreterInsertQuery.cpp.o
[3952/6838] Building CXX object src/CMakeFiles/dbms.dir/Interpreters/InterpreterParallelWithQuery.cpp.o
[3953/6838] Building CXX object src/CMakeFiles/dbms.dir/Interpreters/InterpreterOptimizeQuery.cpp.o
[3954/6838] Building CXX object src/CMakeFiles/dbms.dir/Interpreters/InterpreterRenameQuery.cpp.o
[3955/6838] Building CXX object src/CMakeFiles/dbms.dir/Interpreters/InterpreterSelectIntersectExceptQuery.cpp.o
[3956/6838] Building CXX object src/CMakeFiles/dbms.dir/Interpreters/InterpreterSelectQueryAnalyzer.cpp.o
[3957/6838] Building CXX object src/CMakeFiles/dbms.dir/Interpreters/InterpreterSelectWithUnionQuery.cpp.o
[3958/6838] Building CXX object src/CMakeFiles/dbms.dir/Interpreters/InterpreterSetQuery.cpp.o
[3959/6838] Building CXX object src/CMakeFiles/dbms.dir/Interpreters/InterpreterShowColumnsQuery.cpp.o
[3960/6838] Building CXX object src/CMakeFiles/dbms.dir/Interpreters/InterpreterShowEngineQuery.cpp.o
[3961/6838] Building CXX object src/CMakeFiles/dbms.dir/Interpreters/InterpreterShowCreateQuery.cpp.o
[3962/6838] Building CXX object src/CMakeFiles/dbms.dir/Interpreters/InterpreterShowFunctionsQuery.cpp.o
[3963/6838] Building CXX object src/CMakeFiles/dbms.dir/Interpreters/InterpreterShowIndexesQuery.cpp.o
[3964/6838] Building CXX object src/CMakeFiles/dbms.dir/Interpreters/InterpreterShowProcesslistQuery.cpp.o
[3965/6838] Building CXX object src/CMakeFiles/dbms.dir/Interpreters/InterpreterShowSettingQuery.cpp.o
[3966/6838] Building CXX object src/CMakeFiles/dbms.dir/Interpreters/InterpreterSelectQuery.cpp.o
[3967/6838] Building CXX object src/CMakeFiles/dbms.dir/Interpreters/InterpreterTransactionControlQuery.cpp.o
[3968/6838] Building CXX object src/CMakeFiles/dbms.dir/Interpreters/InterpreterShowTablesQuery.cpp.o
[3969/6838] Building CXX object src/CMakeFiles/dbms.dir/Interpreters/InterpreterUseQuery.cpp.o
[3970/6838] Building CXX object src/CMakeFiles/dbms.dir/Interpreters/InterpreterUndropQuery.cpp.o
[3971/6838] Building CXX object src/CMakeFiles/dbms.dir/Interpreters/InterserverCredentials.cpp.o
[3972/6838] Building CXX object src/CMakeFiles/dbms.dir/Interpreters/JapaneseTokenizer.cpp.o
[3973/6838] Building CXX object src/CMakeFiles/dbms.dir/Interpreters/JiebaSegmenter.cpp.o
[3974/6838] Building CXX object src/CMakeFiles/dbms.dir/Interpreters/InterserverIOHandler.cpp.o
[3975/6838] Building CXX object src/CMakeFiles/dbms.dir/Interpreters/JoinOperator.cpp.o
[3976/6838] Building CXX object src/CMakeFiles/dbms.dir/Interpreters/JoinExpressionActions.cpp.o
[3977/6838] Building CXX object src/CMakeFiles/dbms.dir/Interpreters/InterpreterUpdateQuery.cpp.o
[3978/6838] Building CXX object src/CMakeFiles/dbms.dir/Interpreters/JoinSwitcher.cpp.o
[3979/6838] Building CXX object src/CMakeFiles/dbms.dir/Interpreters/JoinToSubqueryTransformVisitor.cpp.o
[3980/6838] Building CXX object src/CMakeFiles/dbms.dir/Interpreters/Lemmatizers.cpp.o
[3981/6838] Building CXX object src/CMakeFiles/dbms.dir/Interpreters/InterpreterSystemQuery.cpp.o
[3982/6838] Building CXX object src/CMakeFiles/dbms.dir/Interpreters/JoinUtils.cpp.o
[3983/6838] Building CXX object src/CMakeFiles/dbms.dir/Interpreters/MarkTableIdentifiersVisitor.cpp.o
[3984/6838] Building CXX object src/CMakeFiles/dbms.dir/Interpreters/LogicalExpressionsOptimizer.cpp.o
[3985/6838] Building CXX object src/CMakeFiles/dbms.dir/Interpreters/MecabDictionaryManager.cpp.o
[3986/6838] Building CXX object src/CMakeFiles/dbms.dir/Interpreters/MaterializedCTE.cpp.o
[3987/6838] Building CXX object src/CMakeFiles/dbms.dir/Interpreters/MaterializedColumnDependencies.cpp.o
[3988/6838] Building CXX object src/CMakeFiles/dbms.dir/Interpreters/JoinedTables.cpp.o
[3989/6838] Building CXX object src/CMakeFiles/dbms.dir/Interpreters/MergeTreeTransactionHolder.cpp.o
[3990/6838] Building CXX object src/CMakeFiles/dbms.dir/Interpreters/MetricLog.cpp.o
[3991/6838] Building CXX object src/CMakeFiles/dbms.dir/Interpreters/MutationsDateTimeLiteralVisitor.cpp.o
[3992/6838] Building CXX object src/CMakeFiles/dbms.dir/Interpreters/MergeJoin.cpp.o
[3993/6838] Building CXX object src/CMakeFiles/dbms.dir/Interpreters/MergeTreeTransaction.cpp.o
[3994/6838] Building CXX object src/CMakeFiles/dbms.dir/Interpreters/NormalizeSelectWithUnionQueryVisitor.cpp.o
[3995/6838] Building CXX object src/CMakeFiles/dbms.dir/Interpreters/MutationsNonDeterministicHelpers.cpp.o
[3996/6838] Building CXX object src/CMakeFiles/dbms.dir/Interpreters/ObjectStorageQueueLog.cpp.o
[3997/6838] Building CXX object src/CMakeFiles/dbms.dir/Interpreters/OptimizeIfChains.cpp.o
[3998/6838] Building CXX object src/CMakeFiles/dbms.dir/Interpreters/OpenTelemetrySpanLog.cpp.o
[3999/6838] Building CXX object src/CMakeFiles/dbms.dir/Interpreters/OptimizeDateOrDateTimeConverterWithPreimageVisitor.cpp.o
[4000/6838] Building CXX object src/CMakeFiles/dbms.dir/Interpreters/OptimizeIfWithConstantConditionVisitor.cpp.o
[4001/6838] Building CXX object src/CMakeFiles/dbms.dir/Interpreters/OptimizeShardingKeyRewriteInVisitor.cpp.o
[4002/6838] Building CXX object src/CMakeFiles/dbms.dir/Interpreters/PeriodicLog.cpp.o
[4003/6838] Building CXX object src/CMakeFiles/dbms.dir/Interpreters/PredicateExpressionsOptimizer.cpp.o
[4004/6838] Building CXX object src/CMakeFiles/dbms.dir/Interpreters/PartLog.cpp.o
[4005/6838] Building CXX object src/CMakeFiles/dbms.dir/Interpreters/MutationsInterpreter.cpp.o
[4006/6838] Building CXX object src/CMakeFiles/dbms.dir/Interpreters/PredicateRewriteVisitor.cpp.o
[4007/6838] Building CXX object src/CMakeFiles/dbms.dir/Interpreters/PredicateStatisticsLog.cpp.o
[4008/6838] Building CXX object src/CMakeFiles/dbms.dir/Interpreters/ProcessorsProfileLog.cpp.o
[4009/6838] Building CXX object src/CMakeFiles/dbms.dir/Interpreters/ProfileEventsExt.cpp.o
[4010/6838] Building CXX object src/CMakeFiles/dbms.dir/Interpreters/PreparedSets.cpp.o
[4011/6838] Building CXX object src/CMakeFiles/dbms.dir/Interpreters/QueryMetadataCache.cpp.o
[4012/6838] Building CXX object src/CMakeFiles/dbms.dir/Interpreters/ProcessList.cpp.o
[4013/6838] Building CXX object src/CMakeFiles/dbms.dir/Interpreters/QueryAliasesVisitor.cpp.o
[4014/6838] Building CXX object src/CMakeFiles/dbms.dir/Interpreters/QueryLog.cpp.o
[4015/6838] Building CXX object src/CMakeFiles/dbms.dir/Interpreters/QueryNormalizer.cpp.o
[4016/6838] Building CXX object src/CMakeFiles/dbms.dir/Interpreters/QuerySlot.cpp.o
[4017/6838] Building CXX object src/CMakeFiles/dbms.dir/Interpreters/QueryMetricLog.cpp.o
[4018/6838] Building CXX object src/CMakeFiles/dbms.dir/Interpreters/QueryThreadLog.cpp.o
[4019/6838] Building CXX object src/CMakeFiles/dbms.dir/Interpreters/RemoveInjectiveFunctionsVisitor.cpp.o
[4020/6838] Building CXX object src/CMakeFiles/dbms.dir/Interpreters/QueryViewsLog.cpp.o
[4021/6838] Building CXX object src/CMakeFiles/dbms.dir/Interpreters/QueryOracleChecker.cpp.o
[4022/6838] Building CXX object src/CMakeFiles/dbms.dir/Interpreters/RenameColumnVisitor.cpp.o
[4023/6838] Building CXX object src/CMakeFiles/dbms.dir/Interpreters/RequiredSourceColumnsData.cpp.o
[4024/6838] Building CXX object src/CMakeFiles/dbms.dir/Interpreters/RequiredSourceColumnsVisitor.cpp.o
[4025/6838] Building CXX object src/CMakeFiles/dbms.dir/Interpreters/ReplaceQueryParameterVisitor.cpp.o
[4026/6838] Building CXX object src/CMakeFiles/dbms.dir/Interpreters/RewriteCountVariantsVisitor.cpp.o
[4027/6838] Building CXX object src/CMakeFiles/dbms.dir/Interpreters/RewriteOrderByVisitor.cpp.o
[4028/6838] Building CXX object src/CMakeFiles/dbms.dir/Interpreters/RewriteCountDistinctVisitor.cpp.o
[4029/6838] Building CXX object src/CMakeFiles/dbms.dir/Interpreters/ReplicatedDatabaseQueryStatusSource.cpp.o
[4030/6838] Building CXX object src/CMakeFiles/dbms.dir/Interpreters/RewriteSumFunctionWithSumAndCountVisitor.cpp.o
[4031/6838] Building CXX object src/CMakeFiles/dbms.dir/Interpreters/RewriteUniqToCountVisitor.cpp.o
[4032/6838] Building CXX object src/CMakeFiles/dbms.dir/Interpreters/RowDataStore.cpp.o
[4033/6838] Building CXX object src/CMakeFiles/dbms.dir/Interpreters/SelectIntersectExceptQueryVisitor.cpp.o
[4034/6838] Building CXX object src/CMakeFiles/dbms.dir/Interpreters/Session.cpp.o
[4035/6838] Building CXX object src/CMakeFiles/dbms.dir/Interpreters/SessionLog.cpp.o
[4036/6838] Building CXX object src/CMakeFiles/dbms.dir/Interpreters/SessionTracker.cpp.o
[4037/6838] Building CXX object src/CMakeFiles/dbms.dir/Interpreters/SetVariants.cpp.o
[4038/6838] Building CXX object src/CMakeFiles/dbms.dir/Interpreters/ServerAsynchronousMetrics.cpp.o
[4039/6838] Building CXX object src/CMakeFiles/dbms.dir/Interpreters/Set.cpp.o
[4040/6838] Building CXX object src/CMakeFiles/dbms.dir/Interpreters/Squashing.cpp.o
[4041/6838] Building CXX object src/CMakeFiles/dbms.dir/Interpreters/SpillingHashJoin.cpp.o
[4042/6838] Building CXX object src/CMakeFiles/dbms.dir/Interpreters/SortedBlocksWriter.cpp.o
[4043/6838] Building CXX object src/CMakeFiles/dbms.dir/Interpreters/StorageIDMaybeEmpty.cpp.o
[4044/6838] Building CXX object src/CMakeFiles/dbms.dir/Interpreters/SynonymsExtensions.cpp.o
[4045/6838] Building CXX object src/CMakeFiles/dbms.dir/Interpreters/StorageID.cpp.o
[4046/6838] Building CXX object src/CMakeFiles/dbms.dir/Interpreters/RowRefs.cpp.o
[4047/6838] Building CXX object src/CMakeFiles/dbms.dir/Interpreters/SubstituteColumnOptimizer.cpp.o
[4048/6838] Building CXX object src/CMakeFiles/dbms.dir/Interpreters/TableOverrideUtils.cpp.o
[4049/6838] Building CXX object src/CMakeFiles/dbms.dir/Interpreters/TablesStatus.cpp.o
[4050/6838] Building CXX object src/CMakeFiles/dbms.dir/Interpreters/TemporaryReplaceTableName.cpp.o
[4051/6838] Building CXX object src/CMakeFiles/dbms.dir/Interpreters/TableJoin.cpp.o
[4052/6838] Building CXX object src/CMakeFiles/dbms.dir/Interpreters/TextLog.cpp.o
[4053/6838] Building CXX object src/CMakeFiles/dbms.dir/Interpreters/TemporaryDataOnDisk.cpp.o
[4054/6838] Building CXX object src/CMakeFiles/dbms.dir/Interpreters/TopKAggregationHeap.cpp.o
[4055/6838] Building CXX object src/CMakeFiles/dbms.dir/Interpreters/TokenizerFactory.cpp.o
[4056/6838] Building CXX object src/CMakeFiles/dbms.dir/Interpreters/ThreadStatusExt.cpp.o
[4057/6838] Building CXX object src/CMakeFiles/dbms.dir/Interpreters/TraceCollector.cpp.o
[4058/6838] Building CXX object src/CMakeFiles/dbms.dir/Interpreters/TraceLog.cpp.o
[4059/6838] Building CXX object src/CMakeFiles/dbms.dir/Interpreters/TransactionsInfoLog.cpp.o
[4060/6838] Building CXX object src/CMakeFiles/dbms.dir/Interpreters/TransactionLog.cpp.o
[4061/6838] Building CXX object src/CMakeFiles/dbms.dir/Interpreters/TranslateQualifiedNamesVisitor.cpp.o
[4062/6838] Building CXX object src/CMakeFiles/dbms.dir/Interpreters/TreeCNFConverter.cpp.o
[4063/6838] Building CXX object src/CMakeFiles/dbms.dir/Interpreters/TransposedMetricLog.cpp.o
[4064/6838] Building CXX object src/CMakeFiles/dbms.dir/Interpreters/WasmModuleManager.cpp.o
[4065/6838] Building CXX object src/CMakeFiles/dbms.dir/Interpreters/TreeOptimizer.cpp.o
[4066/6838] Building CXX object src/CMakeFiles/dbms.dir/Interpreters/WhereConstraintsOptimizer.cpp.o
[4067/6838] Building CXX object src/CMakeFiles/dbms.dir/Interpreters/WindowDescription.cpp.o
[4068/6838] Building CXX object src/CMakeFiles/dbms.dir/Interpreters/SystemLog.cpp.o
[4069/6838] Building CXX object src/CMakeFiles/dbms.dir/Interpreters/ZooKeeperConnectionLog.cpp.o
[4070/6838] Building CXX object src/CMakeFiles/dbms.dir/Interpreters/addMissingDefaults.cpp.o
[4071/6838] Building CXX object src/CMakeFiles/dbms.dir/Interpreters/ZooKeeperLog.cpp.o
[4072/6838] Building CXX object src/CMakeFiles/dbms.dir/Interpreters/TreeRewriter.cpp.o
[4073/6838] Building CXX object src/CMakeFiles/dbms.dir/Interpreters/castColumn.cpp.o
[4074/6838] Building CXX object src/CMakeFiles/dbms.dir/Interpreters/applyColumnsTransformer.cpp.o
[4075/6838] Building CXX object src/CMakeFiles/dbms.dir/Interpreters/applyTableOverride.cpp.o
[4076/6838] Building CXX object src/CMakeFiles/dbms.dir/Interpreters/addTypeConversionToAST.cpp.o
[4077/6838] Building CXX object src/CMakeFiles/dbms.dir/Interpreters/convertColumnToType.cpp.o
[4078/6838] Building CXX object src/CMakeFiles/dbms.dir/Interpreters/createBlockSelector.cpp.o
[4079/6838] Building CXX object src/CMakeFiles/dbms.dir/Interpreters/createSubcolumnsExtractionActions.cpp.o
[4080/6838] Building CXX object src/CMakeFiles/dbms.dir/Interpreters/convertFieldToType.cpp.o
[4081/6838] Building CXX object src/CMakeFiles/dbms.dir/Interpreters/formatWithPossiblyHidingSecrets.cpp.o
[4082/6838] Building CXX object src/CMakeFiles/dbms.dir/Interpreters/getClusterName.cpp.o
[4083/6838] Building CXX object src/CMakeFiles/dbms.dir/Interpreters/evaluateConstantExpression.cpp.o
[4084/6838] Building CXX object src/CMakeFiles/dbms.dir/Interpreters/executeDDLQueryOnCluster.cpp.o
[4085/6838] Building CXX object src/CMakeFiles/dbms.dir/Interpreters/getColumnFromBlock.cpp.o
[4086/6838] Building CXX object src/CMakeFiles/dbms.dir/Interpreters/getCustomKeyFilterForParallelReplicas.cpp.o
[4087/6838] Building CXX object src/CMakeFiles/dbms.dir/Interpreters/getTableExpressions.cpp.o
[4088/6838] Building CXX object src/CMakeFiles/dbms.dir/Interpreters/getHeaderForProcessingStage.cpp.o
[4089/6838] Building CXX object src/CMakeFiles/dbms.dir/Interpreters/getTableOverride.cpp.o
[4090/6838] Building CXX object src/CMakeFiles/dbms.dir/Interpreters/executeQuery.cpp.o
[4091/6838] Building CXX object src/CMakeFiles/dbms.dir/Interpreters/interpretSubquery.cpp.o
[4092/6838] Building CXX object src/CMakeFiles/dbms.dir/Interpreters/parseColumnsListForTableFunction.cpp.o
[4093/6838] Building CXX object src/CMakeFiles/dbms.dir/Interpreters/parseIdentifiersOrStringLiteralsWithSettings.cpp.o
[4094/6838] Building CXX object src/CMakeFiles/dbms.dir/Interpreters/inplaceBlockConversions.cpp.o
[4095/6838] Building CXX object src/CMakeFiles/dbms.dir/Interpreters/registerInterpreters.cpp.o
[4096/6838] Building CXX object src/CMakeFiles/dbms.dir/Interpreters/loadMetadata.cpp.o
[4097/6838] Building CXX object src/CMakeFiles/dbms.dir/Interpreters/processColumnTransformers.cpp.o
[4098/6838] Building CXX object src/CMakeFiles/dbms.dir/Interpreters/replaceForPositionalArguments.cpp.o
[4099/6838] Building CXX object src/CMakeFiles/dbms.dir/Interpreters/replaceAliasColumnsInQuery.cpp.o
[4100/6838] Building CXX object src/CMakeFiles/dbms.dir/Interpreters/replaceLegacyToTime.cpp.o
[4101/6838] Building CXX object src/CMakeFiles/dbms.dir/Interpreters/replaceMissedSubcolumnsInQuery.cpp.o
[4102/6838] Building CXX object src/CMakeFiles/dbms.dir/Interpreters/replaceSubcolumnsToGetSubcolumnFunctionInQuery.cpp.o
[4103/6838] Building CXX object src/CMakeFiles/dbms.dir/Interpreters/removeOnClusterClauseIfNeeded.cpp.o
[4104/6838] Building CXX object src/CMakeFiles/dbms.dir/Interpreters/sortBlock.cpp.o
[4105/6838] Building CXX object src/CMakeFiles/dbms.dir/Interpreters/Cache/EncryptionHeaderCache.cpp.o
[4106/6838] Building CXX object src/CMakeFiles/dbms.dir/Interpreters/Cache/QueryConditionCache.cpp.o
[4107/6838] Building CXX object src/CMakeFiles/dbms.dir/Interpreters/Cache/QueryResultCache.cpp.o
[4108/6838] Building CXX object src/CMakeFiles/dbms.dir/Interpreters/FileCache/EvictionCandidates.cpp.o
[4109/6838] Building CXX object src/CMakeFiles/dbms.dir/Interpreters/FileCache/FileCacheKey.cpp.o
[4110/6838] Building CXX object src/CMakeFiles/dbms.dir/Interpreters/FileCache/FileCacheFactory.cpp.o
[4111/6838] Building CXX object src/CMakeFiles/dbms.dir/Interpreters/FileCache/FileSegmentKeyType.cpp.o
[4112/6838] Building CXX object src/CMakeFiles/dbms.dir/Interpreters/FileCache/FileCacheSettings.cpp.o
[4113/6838] Building CXX object src/CMakeFiles/dbms.dir/Interpreters/FileCache/IFileCachePriority.cpp.o
[4114/6838] Building CXX object src/CMakeFiles/dbms.dir/Interpreters/FileCache/FileCache.cpp.o
[4115/6838] Building CXX object src/CMakeFiles/dbms.dir/Interpreters/FileCache/FileSegment.cpp.o
[4116/6838] Building CXX object src/CMakeFiles/dbms.dir/Interpreters/FileCache/QueryLimit.cpp.o
[4117/6838] Building CXX object src/CMakeFiles/dbms.dir/Interpreters/FileCache/LRUFileCachePriority.cpp.o
[4118/6838] Building CXX object src/CMakeFiles/dbms.dir/Interpreters/FileCache/Metadata.cpp.o
[4119/6838] Building CXX object src/CMakeFiles/dbms.dir/Interpreters/FileCache/SLRUFileCachePriority.cpp.o
[4120/6838] Building CXX object src/CMakeFiles/dbms.dir/Interpreters/FileCache/SplitFileCachePriority.cpp.o
[4121/6838] Building CXX object src/CMakeFiles/dbms.dir/Interpreters/FileCache/WriteBufferToFileSegment.cpp.o
[4122/6838] Building CXX object src/CMakeFiles/dbms.dir/Interpreters/HashJoin/AddedColumns.cpp.o
[4123/6838] Building CXX object src/CMakeFiles/dbms.dir/Interpreters/HashJoin/FullHashJoinAnti.cpp.o
[4124/6838] Building CXX object src/CMakeFiles/dbms.dir/Interpreters/HashJoin/FullHashJoinAsof.cpp.o
[4125/6838] Building CXX object src/CMakeFiles/dbms.dir/Interpreters/HashJoin/FullHashJoinAny.cpp.o
[4126/6838] Building CXX object src/CMakeFiles/dbms.dir/Interpreters/HashJoin/FullHashJoinAll.cpp.o
[4127/6838] Building CXX object src/CMakeFiles/dbms.dir/Interpreters/HashJoin/HashJoinResult.cpp.o
[4128/6838] Building CXX object src/CMakeFiles/dbms.dir/Interpreters/HashJoin/FullHashJoinSemi.cpp.o
[4129/6838] Building CXX object src/CMakeFiles/dbms.dir/Interpreters/HashJoin/FullHashJoinRightAny.cpp.o
[4130/6838] Building CXX object src/CMakeFiles/dbms.dir/Interpreters/HashJoin/HashJoin.cpp.o
[4131/6838] Building CXX object src/CMakeFiles/dbms.dir/Interpreters/HashJoin/InnerHashJoinAll.cpp.o
[4132/6838] Building CXX object src/CMakeFiles/dbms.dir/Interpreters/HashJoin/InnerHashJoinAnti.cpp.o
[4133/6838] Building CXX object src/CMakeFiles/dbms.dir/Interpreters/HashJoin/InnerHashJoinAny.cpp.o
[4134/6838] Building CXX object src/CMakeFiles/dbms.dir/Interpreters/HashJoin/InnerHashJoinAsof.cpp.o
[4135/6838] Building CXX object src/CMakeFiles/dbms.dir/Interpreters/HashJoin/InnerHashJoinAnyMapsAll.cpp.o
[4136/6838] Building CXX object src/CMakeFiles/dbms.dir/Interpreters/HashJoin/InnerHashJoinRightAny.cpp.o
[4137/6838] Building CXX object src/CMakeFiles/dbms.dir/Interpreters/HashJoin/InnerHashJoinRightAnyMapsAll.cpp.o
[4138/6838] Building CXX object src/CMakeFiles/dbms.dir/Interpreters/HashJoin/InnerHashJoinSemi.cpp.o
[4139/6838] Building CXX object src/CMakeFiles/dbms.dir/Interpreters/HashJoin/LeftHashJoinAll.cpp.o
[4140/6838] Building CXX object src/CMakeFiles/dbms.dir/Interpreters/HashJoin/LeftHashJoinAnti.cpp.o
[4141/6838] Building CXX object src/CMakeFiles/dbms.dir/Interpreters/HashJoin/LeftHashJoinAntiMapsSet.cpp.o
[4142/6838] Building CXX object src/CMakeFiles/dbms.dir/Interpreters/HashJoin/LeftHashJoinAntiMapsAll.cpp.o
[4143/6838] Building CXX object src/CMakeFiles/dbms.dir/Interpreters/HashJoin/LeftHashJoinAny.cpp.o
[4144/6838] Building CXX object src/CMakeFiles/dbms.dir/Interpreters/HashJoin/LeftHashJoinAnyMapsAll.cpp.o
[4145/6838] Building CXX object src/CMakeFiles/dbms.dir/Interpreters/HashJoin/LeftHashJoinAsof.cpp.o
[4146/6838] Building CXX object src/CMakeFiles/dbms.dir/Interpreters/HashJoin/LeftHashJoinRightAny.cpp.o
[4147/6838] Building CXX object src/CMakeFiles/dbms.dir/Interpreters/HashJoin/LeftHashJoinRightAnyMapsAll.cpp.o
[4148/6838] Building CXX object src/CMakeFiles/dbms.dir/Interpreters/HashJoin/LeftHashJoinSemi.cpp.o
[4149/6838] Building CXX object src/CMakeFiles/dbms.dir/Interpreters/HashJoin/MatchedRowsStats.cpp.o
[4150/6838] Building CXX object src/CMakeFiles/dbms.dir/Interpreters/HashJoin/LeftHashJoinSemiMapsSet.cpp.o
[4151/6838] Building CXX object src/CMakeFiles/dbms.dir/Interpreters/HashJoin/LeftHashJoinSemiMapsAll.cpp.o
[4152/6838] Building CXX object src/CMakeFiles/dbms.dir/Interpreters/HashJoin/RightHashJoinAnti.cpp.o
[4153/6838] Building CXX object src/CMakeFiles/dbms.dir/Interpreters/HashJoin/RightHashJoinAll.cpp.o
[4154/6838] Building CXX object src/CMakeFiles/dbms.dir/Interpreters/HashJoin/RightHashJoinAsof.cpp.o
[4155/6838] Building CXX object src/CMakeFiles/dbms.dir/Interpreters/HashJoin/fillJoinOutputColumns.cpp.o
[4156/6838] Building CXX object src/CMakeFiles/dbms.dir/Interpreters/HashJoin/RightHashJoinAny.cpp.o
[4157/6838] Building CXX object src/CMakeFiles/dbms.dir/Interpreters/Access/InterpreterCheckGrantQuery.cpp.o
[4158/6838] Building CXX object src/CMakeFiles/dbms.dir/Interpreters/Access/InterpreterCreateMaskingPolicyQuery.cpp.o
[4159/6838] Building CXX object src/CMakeFiles/dbms.dir/Interpreters/Access/InterpreterCreateQuotaQuery.cpp.o
[4160/6838] Building CXX object src/CMakeFiles/dbms.dir/Interpreters/Access/InterpreterCreateRoleQuery.cpp.o
[4161/6838] Building CXX object src/CMakeFiles/dbms.dir/Interpreters/Access/InterpreterCreateRowPolicyQuery.cpp.o
[4162/6838] Building CXX object src/CMakeFiles/dbms.dir/Interpreters/Access/InterpreterCreateSettingsProfileQuery.cpp.o
[4163/6838] Building CXX object src/CMakeFiles/dbms.dir/Interpreters/Access/InterpreterCreateTokenQuery.cpp.o
[4164/6838] Building CXX object src/CMakeFiles/dbms.dir/Interpreters/Access/InterpreterCreateUserQuery.cpp.o
[4165/6838] Building CXX object src/CMakeFiles/dbms.dir/Interpreters/Access/InterpreterDropAccessEntityQuery.cpp.o
[4166/6838] Building CXX object src/CMakeFiles/dbms.dir/Interpreters/HashJoin/RightHashJoinRightAny.cpp.o
[4167/6838] Building CXX object src/CMakeFiles/dbms.dir/Interpreters/HashJoin/RightHashJoinSemi.cpp.o
[4168/6838] Building CXX object src/CMakeFiles/dbms.dir/Interpreters/Access/InterpreterExecuteAsQuery.cpp.o
[4169/6838] Building CXX object src/CMakeFiles/dbms.dir/Interpreters/Access/InterpreterSetRoleQuery.cpp.o
[4170/6838] Building CXX object src/CMakeFiles/dbms.dir/Interpreters/Access/InterpreterMoveAccessEntityQuery.cpp.o
[4171/6838] Building CXX object src/CMakeFiles/dbms.dir/Interpreters/Access/InterpreterGrantQuery.cpp.o
[4172/6838] Building CXX object src/CMakeFiles/dbms.dir/Interpreters/Access/InterpreterShowAccessEntitiesQuery.cpp.o
[4173/6838] Building CXX object src/CMakeFiles/dbms.dir/Interpreters/Access/InterpreterShowAccessQuery.cpp.o
[4174/6838] Building CXX object src/CMakeFiles/dbms.dir/Interpreters/Access/InterpreterShowPrivilegesQuery.cpp.o
[4175/6838] Building CXX object src/CMakeFiles/dbms.dir/Interpreters/Access/InterpreterShowGrantsQuery.cpp.o
[4176/6838] Building CXX object src/CMakeFiles/dbms.dir/Interpreters/Access/InterpreterShowCreateAccessEntityQuery.cpp.o
[4177/6838] Building CXX object src/CMakeFiles/dbms.dir/Interpreters/Access/getValidUntilFromAST.cpp.o
[4178/6838] Building CXX object src/CMakeFiles/dbms.dir/Interpreters/JIT/CHJIT.cpp.o
[4179/6838] Building CXX object src/CMakeFiles/dbms.dir/Interpreters/JIT/CompileDAG.cpp.o
[4180/6838] Building CXX object src/CMakeFiles/dbms.dir/Interpreters/JIT/CompileRegexp.cpp.o
[4181/6838] Building CXX object src/CMakeFiles/dbms.dir/Interpreters/JIT/CompiledExpressionCache.cpp.o
[4182/6838] Building CXX object src/CMakeFiles/dbms.dir/Interpreters/JIT/compileFunction.cpp.o
[4183/6838] Building CXX object src/CMakeFiles/dbms.dir/Interpreters/WebAssembly/HostApi.cpp.o
[4184/6838] Building CXX object src/CMakeFiles/dbms.dir/Interpreters/WebAssembly/WasmEngine.cpp.o
[4185/6838] Building CXX object src/CMakeFiles/dbms.dir/Interpreters/WebAssembly/WasmMemory.cpp.o
[4186/6838] Building CXX object src/CMakeFiles/dbms.dir/Interpreters/WebAssembly/WasmTimeRuntime.cpp.o
[4187/6838] Building CXX object src/CMakeFiles/dbms.dir/Interpreters/WebAssembly/WasmTypes.cpp.o
[4188/6838] Building CXX object src/CMakeFiles/dbms.dir/Interpreters/MergeTreeTransaction/VersionInfo.cpp.o
[4189/6838] Building CXX object src/CMakeFiles/dbms.dir/Interpreters/ClusterProxy/distributedIndexAnalysis.cpp.o
[4190/6838] Building CXX object src/CMakeFiles/dbms.dir/Interpreters/ClusterProxy/SelectStreamFactory.cpp.o
[4191/6838] Building CXX object src/CMakeFiles/dbms.dir/Interpreters/ClusterProxy/executeQuery.cpp.o
[4192/6838] Building CXX object src/CMakeFiles/dbms.dir/Columns/Collator.cpp.o
[4193/6838] Building CXX object src/CMakeFiles/dbms.dir/Interpreters/Streaming/Utils.cpp.o
[4194/6838] Building CXX object src/CMakeFiles/dbms.dir/Interpreters/MergeTreeTransaction/VersionMetadata.cpp.o
[4195/6838] Building CXX object src/CMakeFiles/dbms.dir/Interpreters/MergeTreeTransaction/VersionMetadataOnDisk.cpp.o
[4196/6838] Building CXX object src/CMakeFiles/dbms.dir/Columns/ColumnCompressed.cpp.o
[4197/6838] Building CXX object src/CMakeFiles/dbms.dir/Columns/ColumnAggregateFunction.cpp.o
[4198/6838] Building CXX object src/CMakeFiles/dbms.dir/Columns/ColumnConst.cpp.o
[4199/6838] Building CXX object src/CMakeFiles/dbms.dir/Columns/ColumnArray.cpp.o
[4200/6838] Building CXX object src/CMakeFiles/dbms.dir/Columns/ColumnFixedString.cpp.o
[4201/6838] Building CXX object src/CMakeFiles/dbms.dir/Columns/ColumnDynamic.cpp.o
[4202/6838] Building CXX object src/CMakeFiles/dbms.dir/Columns/ColumnFunction.cpp.o
[4203/6838] Building CXX object src/CMakeFiles/dbms.dir/Columns/ColumnIndex.cpp.o
[4204/6838] Building CXX object src/CMakeFiles/dbms.dir/Columns/ColumnLazy.cpp.o
[4205/6838] Building CXX object src/CMakeFiles/dbms.dir/Columns/ColumnMap.cpp.o
[4206/6838] Building CXX object src/CMakeFiles/dbms.dir/Columns/ColumnNullable.cpp.o
[4207/6838] Building CXX object src/CMakeFiles/dbms.dir/Columns/ColumnLowCardinality.cpp.o
[4208/6838] Building CXX object src/CMakeFiles/dbms.dir/Columns/ColumnQBit.cpp.o
[4209/6838] Building CXX object src/CMakeFiles/dbms.dir/Columns/ColumnSparse.cpp.o
[4210/6838] Building CXX object src/CMakeFiles/dbms.dir/Columns/ColumnReplicated.cpp.o
[4211/6838] Building CXX object src/CMakeFiles/dbms.dir/Columns/ColumnObject.cpp.o
[4212/6838] Building CXX object src/CMakeFiles/dbms.dir/Columns/ColumnDecimal.cpp.o
[4213/6838] Building CXX object src/CMakeFiles/dbms.dir/Columns/ColumnTuple.cpp.o
[4214/6838] Building CXX object src/CMakeFiles/dbms.dir/Columns/ColumnString.cpp.o
[4215/6838] Building CXX object src/CMakeFiles/dbms.dir/Columns/ColumnVariant.cpp.o
[4216/6838] Building CXX object src/CMakeFiles/dbms.dir/Columns/FilterDescription.cpp.o
[4217/6838] Building CXX object src/CMakeFiles/dbms.dir/Columns/ColumnsCommon.cpp.o
[4218/6838] Building CXX object src/CMakeFiles/dbms.dir/Columns/IColumnDummy.cpp.o
[4219/6838] Building CXX object src/CMakeFiles/dbms.dir/Columns/ColumnUnique.cpp.o
[4220/6838] Building CXX object src/CMakeFiles/dbms.dir/Columns/MaskOperations.cpp.o
[4221/6838] Building CXX object src/CMakeFiles/dbms.dir/Columns/getLeastSuperColumn.cpp.o
[4222/6838] Building CXX object src/CMakeFiles/dbms.dir/Columns/validateColumnType.cpp.o
[4223/6838] Building CXX object src/CMakeFiles/dbms.dir/Storages/ColumnDefault.cpp.o
[4224/6838] Building CXX object src/CMakeFiles/dbms.dir/Storages/ColumnDependency.cpp.o
[4225/6838] Building CXX object src/CMakeFiles/dbms.dir/Columns/IColumn.cpp.o
[4226/6838] Building CXX object src/CMakeFiles/dbms.dir/Storages/ColumnsDescription.cpp.o
[4227/6838] Building CXX object src/CMakeFiles/dbms.dir/Storages/AlterCommands.cpp.o
[4228/6838] Building CXX object src/CMakeFiles/dbms.dir/Storages/ConstraintsDescription.cpp.o
[4229/6838] Building CXX object src/CMakeFiles/dbms.dir/Storages/ExecutableSettings.cpp.o
[4230/6838] Building CXX object src/CMakeFiles/dbms.dir/Storages/IMessageProducer.cpp.o
[4231/6838] Building CXX object src/CMakeFiles/dbms.dir/Storages/HivePartitioningUtils.cpp.o
[4232/6838] Building CXX object src/CMakeFiles/dbms.dir/Storages/IPartitionStrategy.cpp.o
[4233/6838] Building CXX object src/CMakeFiles/dbms.dir/Storages/Freeze.cpp.o
[4234/6838] Building CXX object src/CMakeFiles/dbms.dir/Storages/IStorage.cpp.o
[4235/6838] Building CXX object src/CMakeFiles/dbms.dir/Storages/IndicesDescription.cpp.o
[4236/6838] Building CXX object src/CMakeFiles/dbms.dir/Storages/IStorageCluster.cpp.o
[4237/6838] Building CXX object src/CMakeFiles/dbms.dir/Storages/MarkCache.cpp.o
[4238/6838] Building CXX object src/CMakeFiles/dbms.dir/Columns/ColumnVector.cpp.o
[4239/6838] Building CXX object src/CMakeFiles/dbms.dir/Storages/KVStorageUtils.cpp.o
[4240/6838] Building CXX object src/CMakeFiles/dbms.dir/Storages/KeyDescription.cpp.o
[4241/6838] Building CXX object src/CMakeFiles/dbms.dir/Storages/MemorySettings.cpp.o
[4242/6838] Building CXX object src/CMakeFiles/dbms.dir/Storages/MessageQueueSink.cpp.o
[4243/6838] Building CXX object src/CMakeFiles/dbms.dir/Storages/MutationCommands.cpp.o
[4244/6838] Building CXX object src/CMakeFiles/dbms.dir/Storages/NamedCollectionsHelpers.cpp.o
[4245/6838] Building CXX object src/CMakeFiles/dbms.dir/Storages/PartitionCommands.cpp.o
[4246/6838] Building CXX object src/CMakeFiles/dbms.dir/Storages/ReadFinalForExternalReplicaStorage.cpp.o
[4247/6838] Building CXX object src/CMakeFiles/dbms.dir/Storages/QueryRunnerSettings.cpp.o
[4248/6838] Building CXX object src/CMakeFiles/dbms.dir/Storages/PartitionedSink.cpp.o
[4249/6838] Building CXX object src/CMakeFiles/dbms.dir/Storages/RedisCommon.cpp.o
[4250/6838] Building CXX object src/CMakeFiles/dbms.dir/Storages/ReplaceAliasByExpressionVisitor.cpp.o
[4251/6838] Building CXX object src/CMakeFiles/dbms.dir/Storages/ProjectionsDescription.cpp.o
[4252/6838] Building CXX object src/CMakeFiles/dbms.dir/Storages/SelectQueryInfo.cpp.o
[4253/6838] Building CXX object src/CMakeFiles/dbms.dir/Storages/SelectQueryDescription.cpp.o
[4254/6838] Building CXX object src/CMakeFiles/dbms.dir/Storages/ReadInOrderOptimizer.cpp.o
[4255/6838] Building CXX object src/CMakeFiles/dbms.dir/Storages/StatisticsDescription.cpp.o
[4256/6838] Building CXX object src/CMakeFiles/dbms.dir/Storages/SetSettings.cpp.o
[4257/6838] Building CXX object src/CMakeFiles/dbms.dir/Storages/StorageArrowFlight.cpp.o
[4258/6838] Building CXX object src/CMakeFiles/dbms.dir/Storages/StorageAlias.cpp.o
[4259/6838] Building CXX object src/CMakeFiles/dbms.dir/Storages/StorageDictionary.cpp.o
[4260/6838] Building CXX object src/CMakeFiles/dbms.dir/Storages/StorageDummy.cpp.o
[4261/6838] Building CXX object src/CMakeFiles/dbms.dir/Storages/StorageFactory.cpp.o
[4262/6838] Building CXX object src/CMakeFiles/dbms.dir/Storages/StorageBuffer.cpp.o
[4263/6838] Building CXX object src/CMakeFiles/dbms.dir/Storages/StorageExecutable.cpp.o
[4264/6838] Building CXX object src/CMakeFiles/dbms.dir/Storages/StorageDistributed.cpp.o
[4265/6838] Building CXX object src/CMakeFiles/dbms.dir/Storages/StorageFuzzJSON.cpp.o
[4266/6838] Building CXX object src/CMakeFiles/dbms.dir/Storages/StorageFilesystem.cpp.o
[4267/6838] Building CXX object src/CMakeFiles/dbms.dir/Storages/StorageFileCluster.cpp.o
[4268/6838] Building CXX object src/CMakeFiles/dbms.dir/Storages/StorageFile.cpp.o
[4269/6838] Building CXX object src/CMakeFiles/dbms.dir/Storages/StorageFuzzQuery.cpp.o
[4270/6838] Building CXX object src/CMakeFiles/dbms.dir/Storages/StorageGenerateRandom.cpp.o
[4271/6838] Building CXX object src/CMakeFiles/dbms.dir/Storages/StorageInput.cpp.o
[4272/6838] Building CXX object src/CMakeFiles/dbms.dir/Storages/StorageInMemoryMetadata.cpp.o
[4273/6838] Building CXX object src/CMakeFiles/dbms.dir/Storages/StorageLogSettings.cpp.o
[4274/6838] Building CXX object src/CMakeFiles/dbms.dir/Storages/StorageLoop.cpp.o
[4275/6838] Building CXX object src/CMakeFiles/dbms.dir/Storages/StorageLog.cpp.o
[4276/6838] Building CXX object src/CMakeFiles/dbms.dir/Storages/StorageKeeperMap.cpp.o
[4277/6838] Building CXX object src/CMakeFiles/dbms.dir/Storages/StorageJoin.cpp.o
[4278/6838] Building CXX object src/CMakeFiles/dbms.dir/Storages/StorageMaterializedView.cpp.o
[4279/6838] Building CXX object src/CMakeFiles/dbms.dir/Storages/StorageMemory.cpp.o
[4280/6838] Building CXX object src/CMakeFiles/dbms.dir/Storages/StorageMergeTreeAnalyzeIndexes.cpp.o
[4281/6838] Building CXX object src/CMakeFiles/dbms.dir/Storages/StorageMerge.cpp.o
[4282/6838] Building CXX object src/CMakeFiles/dbms.dir/Storages/StorageMergeTreeCodecBlockCounts.cpp.o
[4283/6838] Building CXX object src/CMakeFiles/dbms.dir/Storages/StorageMongoDB.cpp.o
[4284/6838] Building CXX object src/CMakeFiles/dbms.dir/Storages/StorageMongoDBPocoLegacy.cpp.o
[4285/6838] Building CXX object src/CMakeFiles/dbms.dir/Storages/StorageMySQL.cpp.o
[4286/6838] Building CXX object src/CMakeFiles/dbms.dir/Storages/StorageMergeTree.cpp.o
[4287/6838] Building CXX object src/CMakeFiles/dbms.dir/Storages/StoragePostgreSQL.cpp.o
[4288/6838] Building CXX object src/CMakeFiles/dbms.dir/Storages/StorageNull.cpp.o
[4289/6838] Building CXX object src/CMakeFiles/dbms.dir/Storages/StoragePrometheusQuery.cpp.o
[4290/6838] Building CXX object src/CMakeFiles/dbms.dir/Storages/StorageMergeTreeIndex.cpp.o
[4291/6838] Building CXX object src/CMakeFiles/dbms.dir/Storages/StorageMergeTreeTextIndex.cpp.o
[4292/6838] Building CXX object src/CMakeFiles/dbms.dir/Storages/StorageSQLite.cpp.o
[4293/6838] Building CXX object src/CMakeFiles/dbms.dir/Storages/StorageQueryRunner.cpp.o
[4294/6838] Building CXX object src/CMakeFiles/dbms.dir/Storages/StorageSet.cpp.o
[4295/6838] Building CXX object src/CMakeFiles/dbms.dir/Storages/StorageRedis.cpp.o
[4296/6838] Building CXX object src/CMakeFiles/dbms.dir/Storages/StorageSnapshot.cpp.o
[4297/6838] Building CXX object src/CMakeFiles/dbms.dir/Storages/StorageStripeLog.cpp.o
[4298/6838] Building CXX object src/CMakeFiles/dbms.dir/Storages/StorageTimeSeriesSelector.cpp.o
[4299/6838] Building CXX object src/CMakeFiles/dbms.dir/Storages/StorageTimeSeries.cpp.o
[4300/6838] Building CXX object src/CMakeFiles/dbms.dir/Storages/StorageValues.cpp.o
[4301/6838] Building CXX object src/CMakeFiles/dbms.dir/Storages/StorageURLCluster.cpp.o
[4302/6838] Building CXX object src/CMakeFiles/dbms.dir/Storages/StorageURL.cpp.o
[4303/6838] Building CXX object src/CMakeFiles/dbms.dir/Storages/StorageView.cpp.o
[4304/6838] Building CXX object src/CMakeFiles/dbms.dir/Storages/StorageWithCommonVirtualColumns.cpp.o
[4305/6838] Building CXX object src/CMakeFiles/dbms.dir/Storages/StorageXDBC.cpp.o
[4306/6838] Building CXX object src/CMakeFiles/dbms.dir/Storages/TTLDescription.cpp.o
[4307/6838] Building CXX object src/CMakeFiles/dbms.dir/Storages/StreamingStorageRegistry.cpp.o
[4308/6838] Building CXX object src/CMakeFiles/dbms.dir/Storages/TableNameOrQuery.cpp.o
[4309/6838] Building CXX object src/CMakeFiles/dbms.dir/Storages/StorageReplicatedMergeTree.cpp.o
[4310/6838] Building CXX object src/CMakeFiles/dbms.dir/Storages/TableZnodeInfo.cpp.o
[4311/6838] Building CXX object src/CMakeFiles/dbms.dir/Storages/VirtualColumnsDescription.cpp.o
[4312/6838] Building CXX object src/CMakeFiles/dbms.dir/Storages/checkAndGetLiteralArgument.cpp.o
[4313/6838] Building CXX object src/CMakeFiles/dbms.dir/Storages/extractKeyExpressionList.cpp.o
[4314/6838] Building CXX object src/CMakeFiles/dbms.dir/Storages/extractTableFunctionFromSelectQuery.cpp.o
[4315/6838] Building CXX object src/CMakeFiles/dbms.dir/Storages/Utils.cpp.o
[4316/6838] Building CXX object src/CMakeFiles/dbms.dir/Storages/VirtualColumnUtils.cpp.o
[4317/6838] Building CXX object src/CMakeFiles/dbms.dir/Storages/buildQueryTreeForShard.cpp.o
[4318/6838] Building CXX object src/CMakeFiles/dbms.dir/Storages/registerStorages.cpp.o
[4319/6838] Building CXX object src/CMakeFiles/dbms.dir/Storages/removeGroupingFunctionSpecializations.cpp.o
[4320/6838] Building CXX object src/CMakeFiles/dbms.dir/Storages/getStructureOfRemoteTable.cpp.o
[4321/6838] Building CXX object src/CMakeFiles/dbms.dir/Storages/MySQL/MySQLHelpers.cpp.o
[4322/6838] Building CXX object src/CMakeFiles/dbms.dir/Storages/prepareReadingFromFormat.cpp.o
[4323/6838] Building CXX object src/CMakeFiles/dbms.dir/Storages/transformQueryForExternalDatabase.cpp.o
[4324/6838] Building CXX object src/CMakeFiles/dbms.dir/Storages/MySQL/MySQLSettings.cpp.o
[4325/6838] Building CXX object src/CMakeFiles/dbms.dir/Storages/transformQueryForExternalDatabaseAnalyzer.cpp.o
[4326/6838] Building CXX object src/CMakeFiles/dbms.dir/Storages/Distributed/DistributedAsyncInsertHeader.cpp.o
[4327/6838] Building CXX object src/CMakeFiles/dbms.dir/Storages/Distributed/DistributedAsyncInsertBatch.cpp.o
[4328/6838] Building CXX object src/CMakeFiles/dbms.dir/Storages/Distributed/DistributedAsyncInsertHelpers.cpp.o
[4329/6838] Building CXX object src/CMakeFiles/dbms.dir/Storages/Distributed/DistributedAsyncInsertDirectoryQueue.cpp.o
[4330/6838] Building CXX object src/CMakeFiles/dbms.dir/Storages/Distributed/DistributedSettings.cpp.o
[4331/6838] Building CXX object src/CMakeFiles/dbms.dir/Storages/Distributed/DistributedAsyncInsertSource.cpp.o
[4332/6838] Building CXX object src/CMakeFiles/dbms.dir/Storages/MergeTree/ActiveDataPartSet.cpp.o
[4333/6838] Building CXX object src/CMakeFiles/dbms.dir/Storages/Distributed/parseRemoteFunctionArguments.cpp.o
[4334/6838] Building CXX object src/CMakeFiles/dbms.dir/Storages/Distributed/DistributedSink.cpp.o
[4335/6838] Building CXX object src/CMakeFiles/dbms.dir/Storages/MergeTree/Backup.cpp.o
[4336/6838] Building CXX object src/CMakeFiles/dbms.dir/Storages/MergeTree/AlterConversions.cpp.o
[4337/6838] Building CXX object src/CMakeFiles/dbms.dir/Storages/MergeTree/BoolMask.cpp.o
[4338/6838] Building CXX object src/CMakeFiles/dbms.dir/Storages/MergeTree/BackgroundJobsAssignee.cpp.o
[4339/6838] Building CXX object src/CMakeFiles/dbms.dir/Storages/MergeTree/ColumnsSubstreams.cpp.o
[4340/6838] Building CXX object src/CMakeFiles/dbms.dir/Storages/MergeTree/AsyncBlockIDsCache.cpp.o
[4341/6838] Building CXX object src/CMakeFiles/dbms.dir/Storages/MergeTree/ConditionTemplate.cpp.o
[4342/6838] Building CXX object src/CMakeFiles/dbms.dir/Storages/MergeTree/DataPartStorageOnDiskFull.cpp.o
[4343/6838] Building CXX object src/CMakeFiles/dbms.dir/Storages/MergeTree/DeserializationPrefixesCache.cpp.o
[4344/6838] Building CXX object src/CMakeFiles/dbms.dir/Storages/MergeTree/DropPartsRanges.cpp.o
[4345/6838] Building CXX object src/CMakeFiles/dbms.dir/Storages/MergeTree/DataPartStorageOnDiskPacked.cpp.o
[4346/6838] Building CXX object src/CMakeFiles/dbms.dir/Storages/MergeTree/DataPartStorageOnDiskBase.cpp.o
[4347/6838] Building CXX object src/CMakeFiles/dbms.dir/Storages/MergeTree/GenericExclusionSearch.cpp.o
[4348/6838] Building CXX object src/CMakeFiles/dbms.dir/Storages/MergeTree/IExecutableTask.cpp.o
[4349/6838] Building CXX object src/CMakeFiles/dbms.dir/Storages/MergeTree/EphemeralLockInZooKeeper.cpp.o
[4350/6838] Building CXX object src/CMakeFiles/dbms.dir/Storages/MergeTree/FutureMergedMutatedPart.cpp.o
[4351/6838] Building CXX object src/CMakeFiles/dbms.dir/Storages/MergeTree/DataPartsExchange.cpp.o
[4352/6838] Building CXX object src/CMakeFiles/dbms.dir/Storages/MergeTree/IMergeTreeCleanupThread.cpp.o
[4353/6838] Building CXX object src/CMakeFiles/dbms.dir/Storages/MergeTree/IMergeTreeDataPartWriter.cpp.o
[4354/6838] Building CXX object src/CMakeFiles/dbms.dir/Storages/MergeTree/IPostingListCodec.cpp.o
[4355/6838] Building CXX object src/CMakeFiles/dbms.dir/Storages/MergeTree/IMergeTreeReader.cpp.o
[4356/6838] Building CXX object src/CMakeFiles/dbms.dir/Storages/MergeTree/IMergedBlockOutputStream.cpp.o
[4357/6838] Building CXX object src/CMakeFiles/dbms.dir/Storages/MergeTree/InsertBlockInfo.cpp.o
[4358/6838] Building CXX object src/CMakeFiles/dbms.dir/Storages/MergeTree/KeyOrder.cpp.o
[4359/6838] Building CXX object src/CMakeFiles/dbms.dir/Storages/MergeTree/IMergeTreeDataPart.cpp.o
[4360/6838] Building CXX object src/CMakeFiles/dbms.dir/Storages/MergeTree/MarkRange.cpp.o
[4361/6838] Building CXX object src/CMakeFiles/dbms.dir/Storages/MergeTree/IndexReadRangesRefiner.cpp.o
[4362/6838] Building CXX object src/CMakeFiles/dbms.dir/Storages/MergeTree/MergeList.cpp.o
[4363/6838] Building CXX object src/CMakeFiles/dbms.dir/Storages/MergeTree/MergePlainMergeTreeTask.cpp.o
[4364/6838] Building CXX object src/CMakeFiles/dbms.dir/Storages/MergeTree/MergeFromLogEntryTask.cpp.o
[4365/6838] Building CXX object src/CMakeFiles/dbms.dir/Storages/MergeTree/KeyCondition.cpp.o
[4366/6838] Building CXX object src/CMakeFiles/dbms.dir/Storages/MergeTree/MergeTreeBackgroundExecutor.cpp.o
[4367/6838] Building CXX object src/CMakeFiles/dbms.dir/Storages/MergeTree/MergeProjectionPartsTask.cpp.o
[4368/6838] Building CXX object src/CMakeFiles/dbms.dir/Storages/MergeTree/MergeTreeBlockReadUtils.cpp.o
[4369/6838] Building CXX object src/CMakeFiles/dbms.dir/Storages/MergeTree/MergeTreeCleanupThread.cpp.o
[4370/6838] Building CXX object src/CMakeFiles/dbms.dir/Storages/MergeTree/MergeTreeCommittingBlock.cpp.o
[4371/6838] Building CXX object src/CMakeFiles/dbms.dir/Storages/MergeTree/MergeTask.cpp.o
[4372/6838] Building CXX object src/CMakeFiles/dbms.dir/Storages/MergeTree/MergeTreeDataPartBuilder.cpp.o
[4373/6838] Building CXX object src/CMakeFiles/dbms.dir/Storages/MergeTree/MergeTreeDataPartChecksum.cpp.o
[4374/6838] Building CXX object src/CMakeFiles/dbms.dir/Storages/MergeTree/MergeTreeDataMergerMutator.cpp.o
[4375/6838] Building CXX object src/CMakeFiles/dbms.dir/Storages/MergeTree/MergeTreeDataPartType.cpp.o
[4376/6838] Building CXX object src/CMakeFiles/dbms.dir/Storages/MergeTree/MergeTreeDataPartTTLInfo.cpp.o
[4377/6838] Building CXX object src/CMakeFiles/dbms.dir/Storages/MergeTree/MergeTreeDataPartCompact.cpp.o
[4378/6838] Building CXX object src/CMakeFiles/dbms.dir/Storages/MergeTree/MergeTreeDataPartWriterCompact.cpp.o
[4379/6838] Building CXX object src/CMakeFiles/dbms.dir/Storages/MergeTree/MergeTreeDataPartWide.cpp.o
[4380/6838] Building CXX object src/CMakeFiles/dbms.dir/Storages/MergeTree/MergeTreeDataPartWriterOnDisk.cpp.o
[4381/6838] Building CXX object src/CMakeFiles/dbms.dir/Storages/MergeTree/MergeTreeDataPartWriterWide.cpp.o
[4382/6838] Building CXX object src/CMakeFiles/dbms.dir/Storages/MergeTree/MergeTreeDeduplicationLog.cpp.o
[4383/6838] Building CXX object src/CMakeFiles/dbms.dir/Storages/MergeTree/MergeTreeDataSelectExecutor.cpp.o
[4384/6838] Building CXX object src/CMakeFiles/dbms.dir/Storages/MergeTree/MergeTreeData.cpp.o
[4385/6838] Building CXX object src/CMakeFiles/dbms.dir/Storages/MergeTree/MergeTreeDataWriter.cpp.o
[4386/6838] Building CXX object src/CMakeFiles/dbms.dir/Storages/MergeTree/MergeTreeIOSettings.cpp.o
[4387/6838] Building CXX object src/CMakeFiles/dbms.dir/Storages/MergeTree/MergeTreeIndexGranularity.cpp.o
[4388/6838] Building CXX object src/CMakeFiles/dbms.dir/Storages/MergeTree/MergeTreeIndexGranularityAdaptive.cpp.o
[4389/6838] Building CXX object src/CMakeFiles/dbms.dir/Storages/MergeTree/MergeTreeIndexGranularityConstant.cpp.o
[4390/6838] Building CXX object src/CMakeFiles/dbms.dir/Storages/MergeTree/MergeTreeIndexBloomFilter.cpp.o
[4391/6838] Building CXX object src/CMakeFiles/dbms.dir/Storages/MergeTree/MergeTreeIndexBloomFilterText.cpp.o
[4392/6838] Building CXX object src/CMakeFiles/dbms.dir/Storages/MergeTree/MergeTreeIndexJSONSubcolumnHelper.cpp.o
[4393/6838] Building CXX object src/CMakeFiles/dbms.dir/Storages/MergeTree/MergeTreeIndexConditionText.cpp.o
[4394/6838] Building CXX object src/CMakeFiles/dbms.dir/Storages/MergeTree/MergeTreeIndexGranularityInfo.cpp.o
[4395/6838] Building CXX object src/CMakeFiles/dbms.dir/Storages/MergeTree/MergeTreeIndexLegacyHypothesis.cpp.o
[4396/6838] Building CXX object src/CMakeFiles/dbms.dir/Storages/MergeTree/MergeTreeIndexMinMax.cpp.o
[4397/6838] Building CXX object src/CMakeFiles/dbms.dir/Storages/MergeTree/MergeTreeIndexReader.cpp.o
[4398/6838] Building CXX object src/CMakeFiles/dbms.dir/Storages/MergeTree/MergeTreeIndexReadResultPool.cpp.o
[4399/6838] Building CXX object src/CMakeFiles/dbms.dir/Storages/MergeTree/MergeTreeIndexSet.cpp.o
[4400/6838] Building CXX object src/CMakeFiles/dbms.dir/Storages/MergeTree/MergeTreeIndexTextPostingListCodec.cpp.o
[4401/6838] Building CXX object src/CMakeFiles/dbms.dir/Storages/MergeTree/MergeTreeIndexTextPostprocessor.cpp.o
[4402/6838] Building CXX object src/CMakeFiles/dbms.dir/Storages/MergeTree/MergeTreeIndexTextPrePostProcessorUtils.cpp.o
[4403/6838] Building CXX object src/CMakeFiles/dbms.dir/Storages/MergeTree/MergeTreeIndexVectorSimilarity.cpp.o
[4404/6838] Building CXX object src/CMakeFiles/dbms.dir/Storages/MergeTree/MergeTreeIndexTextPostingListCursor.cpp.o
[4405/6838] Building CXX object src/CMakeFiles/dbms.dir/Storages/MergeTree/MergeTreeIndexText.cpp.o
[4406/6838] Building CXX object src/CMakeFiles/dbms.dir/Storages/MergeTree/MergeTreeIndexTextPreprocessor.cpp.o
[4407/6838] Building CXX object src/CMakeFiles/dbms.dir/Storages/MergeTree/MergeTreeIndices.cpp.o
[4408/6838] Building CXX object src/CMakeFiles/dbms.dir/Storages/MergeTree/MergeTreeMutationEntry.cpp.o
[4409/6838] Building CXX object src/CMakeFiles/dbms.dir/Storages/MergeTree/MergeTreeMutationStatus.cpp.o
[4410/6838] Building CXX object src/CMakeFiles/dbms.dir/Storages/MergeTree/MergeTreeMarksLoader.cpp.o
[4411/6838] Building CXX object src/CMakeFiles/dbms.dir/Storages/MergeTree/MergeTreePartInfo.cpp.o
[4412/6838] Building CXX object src/CMakeFiles/dbms.dir/Storages/MergeTree/MergeTreePartition.cpp.o
[4413/6838] Building CXX object src/CMakeFiles/dbms.dir/Storages/MergeTree/MergeTreePartsMover.cpp.o
[4414/6838] Building CXX object src/CMakeFiles/dbms.dir/Storages/MergeTree/MergeTreeRangeReader.cpp.o
[4415/6838] Building CXX object src/CMakeFiles/dbms.dir/Storages/MergeTree/MergeTreePrefetchedReadPool.cpp.o
[4416/6838] Building CXX object src/CMakeFiles/dbms.dir/Storages/MergeTree/MergeTreeReadPool.cpp.o
[4417/6838] Building CXX object src/CMakeFiles/dbms.dir/Storages/MergeTree/MergeTreeReadPoolInOrder.cpp.o
[4418/6838] Building CXX object src/CMakeFiles/dbms.dir/Storages/MergeTree/MergeTreeReadPoolBase.cpp.o
[4419/6838] Building CXX object src/CMakeFiles/dbms.dir/Storages/MergeTree/MergeTreeReadPoolParallelReplicas.cpp.o
[4420/6838] Building CXX object src/CMakeFiles/dbms.dir/Storages/MergeTree/MergeTreeReadPoolParallelReplicasInOrder.cpp.o
[4421/6838] Building CXX object src/CMakeFiles/dbms.dir/Storages/MergeTree/MergeTreeReadPoolProjectionIndex.cpp.o
[4422/6838] Building CXX object src/CMakeFiles/dbms.dir/Storages/MergeTree/MergeTreeReadTask.cpp.o
[4423/6838] Building CXX object src/CMakeFiles/dbms.dir/Storages/MergeTree/MergeTreeReaderCompact.cpp.o
[4424/6838] Building CXX object src/CMakeFiles/dbms.dir/Storages/MergeTree/MergeTreeReaderCompactSingleBuffer.cpp.o
[4425/6838] Building CXX object src/CMakeFiles/dbms.dir/Storages/MergeTree/MergeTreeReaderStream.cpp.o
[4426/6838] Building CXX object src/CMakeFiles/dbms.dir/Storages/MergeTree/MergeTreeReaderIndex.cpp.o
[4427/6838] Building CXX object src/CMakeFiles/dbms.dir/Storages/MergeTree/MergeTreeReaderWide.cpp.o
[4428/6838] Building CXX object src/CMakeFiles/dbms.dir/Storages/MergeTree/MergeTreeReadersChain.cpp.o
[4429/6838] Building CXX object src/CMakeFiles/dbms.dir/Storages/MergeTree/MergeTreeSelectAlgorithms.cpp.o
[4430/6838] Building CXX object src/CMakeFiles/dbms.dir/Storages/MergeTree/MergeTreeReaderTextIndex.cpp.o
[4431/6838] Building CXX object src/CMakeFiles/dbms.dir/Storages/MergeTree/MergeTreeSequentialSource.cpp.o
[4432/6838] Building CXX object src/CMakeFiles/dbms.dir/Storages/MergeTree/MergeTreeSelectProcessor.cpp.o
[4433/6838] Building CXX object src/CMakeFiles/dbms.dir/Storages/MergeTree/MergeTreeSink.cpp.o
[4434/6838] Building CXX object src/CMakeFiles/dbms.dir/Storages/MergeTree/MergeTreeSettings.cpp.o
[4435/6838] Building CXX object src/CMakeFiles/dbms.dir/Storages/MergeTree/MergeTreeSplitPrewhereIntoReadSteps.cpp.o
[4436/6838] Building CXX object src/CMakeFiles/dbms.dir/Storages/MergeTree/MergeTreeVirtualColumns.cpp.o
[4437/6838] Building CXX object src/CMakeFiles/dbms.dir/Storages/MergeTree/MergeTreeSource.cpp.o
[4438/6838] Building CXX object src/CMakeFiles/dbms.dir/Storages/MergeTree/MergeTreeSinkPatch.cpp.o
[4439/6838] Building CXX object src/CMakeFiles/dbms.dir/Storages/MergeTree/MergeType.cpp.o
[4440/6838] Building CXX object src/CMakeFiles/dbms.dir/Storages/MergeTree/MergeTreeWriterStream.cpp.o
[4441/6838] Building CXX object src/CMakeFiles/dbms.dir/Storages/MergeTree/MovesList.cpp.o
[4442/6838] Building CXX object src/CMakeFiles/dbms.dir/Storages/MergeTree/MergeTreeWhereOptimizer.cpp.o
[4443/6838] Building CXX object src/CMakeFiles/dbms.dir/Storages/MergeTree/MergedColumnOnlyOutputStream.cpp.o
[4444/6838] Building CXX object src/CMakeFiles/dbms.dir/Storages/MergeTree/MergedBlockOutputStream.cpp.o
[4445/6838] Building CXX object src/CMakeFiles/dbms.dir/Storages/MergeTree/MutateFromLogEntryTask.cpp.o
[4446/6838] Building CXX object src/CMakeFiles/dbms.dir/Storages/MergeTree/ParallelReplicasReadingCoordinator.cpp.o
[4447/6838] Building CXX object src/CMakeFiles/dbms.dir/Storages/MergeTree/MutatePlainMergeTreeTask.cpp.o
[4448/6838] Building CXX object src/CMakeFiles/dbms.dir/Storages/MergeTree/ParallelSyncFiles.cpp.o
[4449/6838] Building CXX object src/CMakeFiles/dbms.dir/Storages/MergeTree/PartitionActionBlocker.cpp.o
[4450/6838] Building CXX object src/CMakeFiles/dbms.dir/Storages/MergeTree/PinnedPartUUIDs.cpp.o
[4451/6838] Building CXX object src/CMakeFiles/dbms.dir/Storages/MergeTree/PartitionPruner.cpp.o
[4452/6838] Building CXX object src/CMakeFiles/dbms.dir/Storages/MergeTree/PrimaryIndexCache.cpp.o
[4453/6838] Building CXX object src/CMakeFiles/dbms.dir/Storages/MergeTree/PostingListBlockCodec.cpp.o
[4454/6838] Building CXX object src/CMakeFiles/dbms.dir/Storages/MergeTree/MutateTask.cpp.o
[4455/6838] Building CXX object src/CMakeFiles/dbms.dir/Storages/MergeTree/ReplicatedFetchList.cpp.o
[4456/6838] Building CXX object src/CMakeFiles/dbms.dir/Storages/MergeTree/PartMovesBetweenShardsOrchestrator.cpp.o
[4457/6838] Building CXX object src/CMakeFiles/dbms.dir/Storages/MergeTree/RangesInDataPart.cpp.o
[4458/6838] Building CXX object src/CMakeFiles/dbms.dir/Storages/MergeTree/RPNBuilder.cpp.o
[4459/6838] Building CXX object src/CMakeFiles/dbms.dir/Storages/MergeTree/ReplicatedMergeTreeAltersSequence.cpp.o
[4460/6838] Building CXX object src/CMakeFiles/dbms.dir/Storages/MergeTree/ReplicatedMergeTreeAddress.cpp.o
[4461/6838] Building CXX object src/CMakeFiles/dbms.dir/Storages/MergeTree/ReplicatedMergeTreeLogEntry.cpp.o
[4462/6838] Building CXX object src/CMakeFiles/dbms.dir/Storages/MergeTree/ReplicatedMergeMutateTaskBase.cpp.o
[4463/6838] Building CXX object src/CMakeFiles/dbms.dir/Storages/MergeTree/ReplicatedMergeTreeMutationEntry.cpp.o
[4464/6838] Building CXX object src/CMakeFiles/dbms.dir/Storages/MergeTree/ReplicatedMergeTreeAttachThread.cpp.o
[4465/6838] Building CXX object src/CMakeFiles/dbms.dir/Storages/MergeTree/ReplicatedMergeTreePartHeader.cpp.o
[4466/6838] Building CXX object src/CMakeFiles/dbms.dir/Storages/MergeTree/ReplicatedMergeTreeCleanupThread.cpp.o
[4467/6838] Building CXX object src/CMakeFiles/dbms.dir/Storages/MergeTree/ReplicatedMergeTreeMergeStrategyPicker.cpp.o
[4468/6838] Building CXX object src/CMakeFiles/dbms.dir/Storages/MergeTree/ReplicatedMergeTreePartCheckThread.cpp.o
[4469/6838] Building CXX object src/CMakeFiles/dbms.dir/Storages/MergeTree/ReplicatedMergeTreeRestartingThread.cpp.o
[4470/6838] Building CXX object src/CMakeFiles/dbms.dir/Storages/MergeTree/ReplicatedMergeTreeSink.cpp.o
[4471/6838] Building CXX object src/CMakeFiles/dbms.dir/Storages/MergeTree/ReplicatedMergeTreeQueue.cpp.o
[4472/6838] Building CXX object src/CMakeFiles/dbms.dir/Storages/MergeTree/ReplicatedMergeTreeSinkPatch.cpp.o
[4473/6838] Building CXX object src/CMakeFiles/dbms.dir/Storages/MergeTree/RequestResponse.cpp.o
[4474/6838] Building CXX object src/CMakeFiles/dbms.dir/Storages/MergeTree/RowOrderOptimizer.cpp.o
[4475/6838] Building CXX object src/CMakeFiles/dbms.dir/Storages/MergeTree/ReplicatedMergeTreeTableMetadata.cpp.o
[4476/6838] Building CXX object src/CMakeFiles/dbms.dir/Storages/MergeTree/SparsityFilter.cpp.o
[4477/6838] Building CXX object src/CMakeFiles/dbms.dir/Storages/MergeTree/SharedPartColumns.cpp.o
[4478/6838] Building CXX object src/CMakeFiles/dbms.dir/Storages/MergeTree/TemporaryParts.cpp.o
[4479/6838] Building CXX object src/CMakeFiles/dbms.dir/Storages/MergeTree/StatisticsSerialization.cpp.o
[4480/6838] Building CXX object src/CMakeFiles/dbms.dir/Storages/MergeTree/StorageFromMergeTreeDataPart.cpp.o
[4481/6838] Building CXX object src/CMakeFiles/dbms.dir/Storages/MergeTree/TextIndexBlockedPositionsCodec.cpp.o
[4482/6838] Building CXX object src/CMakeFiles/dbms.dir/Storages/MergeTree/TextIndexPhraseSearch.cpp.o
[4483/6838] Building CXX object src/CMakeFiles/dbms.dir/Storages/MergeTree/TextIndexAnalyzer.cpp.o
[4484/6838] Building CXX object src/CMakeFiles/dbms.dir/Storages/MergeTree/StorageFromMergeTreeProjection.cpp.o
[4485/6838] Building CXX object src/CMakeFiles/dbms.dir/Storages/MergeTree/WhatIfFilterAnalysis.cpp.o
[4486/6838] Building CXX object src/CMakeFiles/dbms.dir/Storages/MergeTree/TextIndexCache.cpp.o
[4487/6838] Building CXX object src/CMakeFiles/dbms.dir/Storages/MergeTree/WhatIfResultFormatter.cpp.o
[4488/6838] Building CXX object src/CMakeFiles/dbms.dir/Storages/MergeTree/WhatIfSettings.cpp.o
[4489/6838] Building CXX object src/CMakeFiles/dbms.dir/Storages/MergeTree/WhatIfEmpiricalEstimator.cpp.o
[4490/6838] Building CXX object src/CMakeFiles/dbms.dir/Storages/MergeTree/TextIndexUtils.cpp.o
[4491/6838] Building CXX object src/CMakeFiles/dbms.dir/Storages/MergeTree/ZeroCopyLock.cpp.o
[4492/6838] Building CXX object src/CMakeFiles/dbms.dir/Storages/MergeTree/WhatIfIndexEstimator.cpp.o
[4493/6838] Building CXX object src/CMakeFiles/dbms.dir/Storages/MergeTree/WhatIfStatisticalEstimator.cpp.o
[4494/6838] Building CXX object src/CMakeFiles/dbms.dir/Storages/MergeTree/UniqueKey/DeleteBitmap.cpp.o
[4495/6838] Building CXX object src/CMakeFiles/dbms.dir/Storages/MergeTree/UniqueKey/DeleteBitmapFileOps.cpp.o
[4496/6838] Building CXX object src/CMakeFiles/dbms.dir/Storages/MergeTree/checkDataPart.cpp.o
[4497/6838] Building CXX object src/CMakeFiles/dbms.dir/Storages/MergeTree/UniqueKey/SSTIndexWriter.cpp.o
[4498/6838] Building CXX object src/CMakeFiles/dbms.dir/Storages/MergeTree/UniqueKey/UniqueKeyEncoding.cpp.o
[4499/6838] Building CXX object src/CMakeFiles/dbms.dir/Storages/MergeTree/UniqueKey/MergeTreeBitmapStore.cpp.o
[4500/6838] Building CXX object src/CMakeFiles/dbms.dir/Storages/MergeTree/UniqueKey/UniqueKeyIndexCache.cpp.o
[4501/6838] Building CXX object src/CMakeFiles/dbms.dir/Storages/MergeTree/UniqueKey/UniqueKeyProbe.cpp.o
[4502/6838] Building CXX object src/CMakeFiles/dbms.dir/Storages/MergeTree/UniqueKey/UniqueKeySSTProbe.cpp.o
[4503/6838] Building CXX object src/CMakeFiles/dbms.dir/Storages/MergeTree/UniqueKey/UniqueKeyProbeSimple.cpp.o
[4504/6838] Building CXX object src/CMakeFiles/dbms.dir/Storages/MergeTree/registerStorageMergeTree.cpp.o
[4505/6838] Building CXX object src/CMakeFiles/dbms.dir/Storages/MergeTree/Compaction/MergeSelectorApplier.cpp.o
[4506/6838] Building CXX object src/CMakeFiles/dbms.dir/Storages/MergeTree/UniqueKey/UniqueKeyDenseIndexOps.cpp.o
[4507/6838] Building CXX object src/CMakeFiles/dbms.dir/Storages/MergeTree/Compaction/CompactionStatistics.cpp.o
[4508/6838] Building CXX object src/CMakeFiles/dbms.dir/Storages/MergeTree/Compaction/ConstructFuturePart.cpp.o
[4509/6838] Building CXX object src/CMakeFiles/dbms.dir/Storages/MergeTree/Compaction/PartProperties.cpp.o
[4510/6838] Building CXX object src/CMakeFiles/dbms.dir/Storages/MergeTree/Compaction/PartitionStatistics.cpp.o
[4511/6838] Building CXX object src/CMakeFiles/dbms.dir/Storages/MergeTree/Compaction/MergeSelectors/AllMergeSelector.cpp.o
[4512/6838] Building CXX object src/CMakeFiles/dbms.dir/Storages/MergeTree/Compaction/MergePredicates/DistributedMergePredicate.cpp.o
[4513/6838] Building CXX object src/CMakeFiles/dbms.dir/Storages/MergeTree/Compaction/MergeSelectors/DisjointPartsRangesSet.cpp.o
[4514/6838] Building CXX object src/CMakeFiles/dbms.dir/Storages/MergeTree/Compaction/MergeSelectors/ManualMergeSelector.cpp.o
[4515/6838] Building CXX object src/CMakeFiles/dbms.dir/Storages/MergeTree/Compaction/MergeSelectors/SimpleMergeSelector.cpp.o
[4516/6838] Building CXX object src/CMakeFiles/dbms.dir/Storages/MergeTree/Compaction/MergeSelectors/TTLMergeSelector.cpp.o
[4517/6838] Building CXX object src/CMakeFiles/dbms.dir/Storages/MergeTree/Compaction/MergeSelectors/TrivialMergeSelector.cpp.o
[4518/6838] Building CXX object src/CMakeFiles/dbms.dir/Storages/MergeTree/Compaction/MergePredicates/MergeTreeMergePredicate.cpp.o
[4519/6838] Building CXX object src/CMakeFiles/dbms.dir/Storages/MergeTree/Compaction/MergePredicates/ReplicatedMergeTreeMergePredicate.cpp.o
[4520/6838] Building CXX object src/CMakeFiles/dbms.dir/Storages/MergeTree/Compaction/PartsCollectors/Common.cpp.o
[4521/6838] Building CXX object src/CMakeFiles/dbms.dir/Storages/MergeTree/Compaction/PartsCollectors/MergeTreePartsCollector.cpp.o
[4522/6838] Building CXX object src/CMakeFiles/dbms.dir/Storages/MergeTree/Compaction/PartsCollectors/ReplicatedMergeTreePartsCollector.cpp.o
[4523/6838] Building CXX object src/CMakeFiles/dbms.dir/Storages/MergeTree/PatchParts/MergeTreePatchReader.cpp.o
[4524/6838] Building CXX object src/CMakeFiles/dbms.dir/Storages/MergeTree/PatchParts/PatchJoinCache.cpp.o
[4525/6838] Building CXX object src/CMakeFiles/dbms.dir/Storages/MergeTree/PatchParts/PatchPartIndex.cpp.o
[4526/6838] Building CXX object src/CMakeFiles/dbms.dir/Storages/MergeTree/PatchParts/PatchPartInfo.cpp.o
[4527/6838] Building CXX object src/CMakeFiles/dbms.dir/Storages/MergeTree/PatchParts/applyPatches.cpp.o
[4528/6838] Building CXX object src/CMakeFiles/dbms.dir/Storages/MergeTree/PatchParts/PatchPartsLock.cpp.o
[4529/6838] Building CXX object src/CMakeFiles/dbms.dir/Storages/MergeTree/ProjectionIndex/IProjectionIndex.cpp.o
[4530/6838] Building CXX object src/CMakeFiles/dbms.dir/Storages/MergeTree/PatchParts/PatchPartsUtils.cpp.o
[4531/6838] Building CXX object src/CMakeFiles/dbms.dir/Storages/MergeTree/PatchParts/RangesInPatchParts.cpp.o
[4532/6838] Building CXX object src/CMakeFiles/dbms.dir/Storages/MergeTree/ProjectionIndex/ProjectionIndexBasic.cpp.o
[4533/6838] Building CXX object src/CMakeFiles/dbms.dir/Storages/MergeTree/ProjectionIndex/ProjectionIndexCommitOrder.cpp.o
[4534/6838] Building CXX object src/CMakeFiles/dbms.dir/Storages/MergeTree/PatchParts/applyPatchesLegacy.cpp.o
[4535/6838] Building CXX object src/CMakeFiles/dbms.dir/Storages/Statistics/StatisticsBasic.cpp.o
[4536/6838] Building CXX object src/CMakeFiles/dbms.dir/Storages/Statistics/StatisticsCountMinSketch.cpp.o
[4537/6838] Building CXX object src/CMakeFiles/dbms.dir/Storages/Statistics/StatisticsMinMax.cpp.o
[4538/6838] Building CXX object src/CMakeFiles/dbms.dir/Storages/Statistics/Statistics.cpp.o
[4539/6838] Building CXX object src/CMakeFiles/dbms.dir/Storages/Statistics/ConditionSelectivityEstimator.cpp.o
[4540/6838] Building CXX object src/CMakeFiles/dbms.dir/Storages/Statistics/StatisticsTDigest.cpp.o
[4541/6838] Building CXX object src/CMakeFiles/dbms.dir/Storages/Statistics/StatisticsUniq.cpp.o
[4542/6838] Building CXX object src/CMakeFiles/dbms.dir/Storages/Statistics/StatisticsUniqV2.cpp.o
[4543/6838] Building CXX object src/CMakeFiles/dbms.dir/Storages/Statistics/StatisticsPartPruner.cpp.o
[4544/6838] Building CXX object src/CMakeFiles/dbms.dir/Storages/ObjectStorageQueue/ObjectStorageQueueFilenameParser.cpp.o
[4545/6838] Building CXX object src/CMakeFiles/dbms.dir/Storages/ObjectStorageQueue/ObjectStorageQueuePostProcessor.cpp.o
[4546/6838] Building CXX object src/CMakeFiles/dbms.dir/Storages/ObjectStorageQueue/ObjectStorageQueueIFileMetadata.cpp.o
[4547/6838] Building CXX object src/CMakeFiles/dbms.dir/Storages/ObjectStorageQueue/ObjectStorageQueueOrderedFileMetadata.cpp.o
[4548/6838] Building CXX object src/CMakeFiles/dbms.dir/Storages/ObjectStorageQueue/ObjectStorageQueueMetadata.cpp.o
[4549/6838] Building CXX object src/CMakeFiles/dbms.dir/Storages/ObjectStorageQueue/ObjectStorageQueueSettings.cpp.o
[4550/6838] Building CXX object src/CMakeFiles/dbms.dir/Storages/ObjectStorageQueue/ObjectStorageQueueTableMetadata.cpp.o
[4551/6838] Building CXX object src/CMakeFiles/dbms.dir/Storages/ObjectStorageQueue/ObjectStorageQueueUnorderedFileMetadata.cpp.o
[4552/6838] Building CXX object src/CMakeFiles/dbms.dir/Storages/MaterializedView/RefreshSchedule.cpp.o
[4553/6838] Building CXX object src/CMakeFiles/dbms.dir/Storages/ObjectStorageQueue/ObjectStorageQueueSource.cpp.o
[4554/6838] Building CXX object src/CMakeFiles/dbms.dir/Storages/MaterializedView/RefreshSettings.cpp.o
[4555/6838] Building CXX object src/CMakeFiles/dbms.dir/Storages/ObjectStorageQueue/registerQueueStorage.cpp.o
[4556/6838] Building CXX object src/CMakeFiles/dbms.dir/Storages/MaterializedView/RefreshSet.cpp.o
[4557/6838] Building CXX object src/CMakeFiles/dbms.dir/Storages/TimeSeries/PrometheusRemoteReadProtocol.cpp.o
[4558/6838] Building CXX object src/CMakeFiles/dbms.dir/Storages/TimeSeries/PrometheusRemoteWriteProtocol.cpp.o
[4559/6838] Building CXX object src/CMakeFiles/dbms.dir/Storages/TimeSeries/TimeSeriesIDGenerator.cpp.o
[4560/6838] Building CXX object src/CMakeFiles/dbms.dir/Storages/ObjectStorageQueue/StorageObjectStorageQueue.cpp.o
[4561/6838] Building CXX object src/CMakeFiles/dbms.dir/Storages/TimeSeries/TimeSeriesSettings.cpp.o
[4562/6838] Building CXX object src/CMakeFiles/dbms.dir/Storages/TimeSeries/PrometheusHTTPProtocolAPI.cpp.o
[4563/6838] Building CXX object src/CMakeFiles/dbms.dir/Storages/MaterializedView/RefreshTask.cpp.o
[4564/6838] Building CXX object src/CMakeFiles/dbms.dir/Storages/TimeSeries/TimeSeriesVersion.cpp.o
[4565/6838] Building CXX object src/CMakeFiles/dbms.dir/Storages/TimeSeries/createTimeSeriesInnerTable.cpp.o
[4566/6838] Building CXX object src/CMakeFiles/dbms.dir/Storages/TimeSeries/TimeSeriesSink.cpp.o
[4567/6838] Building CXX object src/CMakeFiles/dbms.dir/Storages/TimeSeries/splitTimeSeriesType.cpp.o
[4568/6838] Building CXX object src/CMakeFiles/dbms.dir/Storages/TimeSeries/timeSeriesTypesToAST.cpp.o
[4569/6838] Building CXX object src/CMakeFiles/dbms.dir/Storages/TimeSeries/makeASTSelectFromTimeSeries.cpp.o
[4570/6838] Building CXX object src/CMakeFiles/dbms.dir/Storages/TimeSeries/PrometheusQueryToSQL/Converter.cpp.o
[4571/6838] Building CXX object src/CMakeFiles/dbms.dir/Storages/TimeSeries/PrometheusQueryToSQL/ConverterContext.cpp.o
[4572/6838] Building CXX object src/CMakeFiles/dbms.dir/Storages/TimeSeries/PrometheusQueryToSQL/SQLSubquery.cpp.o
[4573/6838] Building CXX object src/CMakeFiles/dbms.dir/Storages/TimeSeries/PrometheusQueryToSQL/SQLQueryPiece.cpp.o
[4574/6838] Building CXX object src/CMakeFiles/dbms.dir/Storages/TimeSeries/PrometheusQueryToSQL/NodeEvaluationRangeGetter.cpp.o
[4575/6838] Building CXX object src/CMakeFiles/dbms.dir/Storages/TimeSeries/normalizeTimeSeriesDefinition.cpp.o
[4576/6838] Building CXX object src/CMakeFiles/dbms.dir/Storages/TimeSeries/PrometheusQueryToSQL/alignTimestampWithStep.cpp.o
[4577/6838] Building CXX object src/CMakeFiles/dbms.dir/Storages/TimeSeries/PrometheusQueryToSQL/applyAggregationOperator.cpp.o
[4578/6838] Building CXX object src/CMakeFiles/dbms.dir/Storages/TimeSeries/PrometheusQueryToSQL/SelectQueryBuilder.cpp.o
[4579/6838] Building CXX object src/CMakeFiles/dbms.dir/Storages/TimeSeries/PrometheusQueryToSQL/applyBinaryOperator.cpp.o
[4580/6838] Building CXX object src/CMakeFiles/dbms.dir/Storages/TimeSeries/PrometheusQueryToSQL/applyAggregationOperatorQuantile.cpp.o
[4581/6838] Building CXX object src/CMakeFiles/dbms.dir/Storages/TimeSeries/PrometheusQueryToSQL/applyBinaryOperatorAnd.cpp.o
[4582/6838] Building CXX object src/CMakeFiles/dbms.dir/Storages/TimeSeries/PrometheusQueryToSQL/applyAggregationOperatorCountValues.cpp.o
[4583/6838] Building CXX object src/CMakeFiles/dbms.dir/Storages/TimeSeries/PrometheusQueryToSQL/applyBinaryOperatorOr.cpp.o
[4584/6838] Building CXX object src/CMakeFiles/dbms.dir/Storages/TimeSeries/PrometheusQueryToSQL/applyBinaryOperatorUnless.cpp.o
[4585/6838] Building CXX object src/CMakeFiles/dbms.dir/Storages/TimeSeries/PrometheusQueryToSQL/applyBinaryOperatorSet.cpp.o
[4586/6838] Building CXX object src/CMakeFiles/dbms.dir/Storages/TimeSeries/PrometheusQueryToSQL/applyClampFunction.cpp.o
[4587/6838] Building CXX object src/CMakeFiles/dbms.dir/Storages/TimeSeries/PrometheusQueryToSQL/applyComparisonOperator.cpp.o
[4588/6838] Building CXX object src/CMakeFiles/dbms.dir/Storages/TimeSeries/PrometheusQueryToSQL/applyFunction.cpp.o
[4589/6838] Building CXX object src/CMakeFiles/dbms.dir/Storages/TimeSeries/PrometheusQueryToSQL/applyDateTimeFunction.cpp.o
[4590/6838] Building CXX object src/CMakeFiles/dbms.dir/Storages/TimeSeries/PrometheusQueryToSQL/applyFunctionAbsent.cpp.o
[4591/6838] Building CXX object src/CMakeFiles/dbms.dir/Storages/TimeSeries/PrometheusQueryToSQL/applyFunctionScalar.cpp.o
[4592/6838] Building CXX object src/CMakeFiles/dbms.dir/Storages/TimeSeries/PrometheusQueryToSQL/applyFunctionOverRange.cpp.o
[4593/6838] Building CXX object src/CMakeFiles/dbms.dir/Storages/TimeSeries/PrometheusQueryToSQL/applyFunctionVector.cpp.o
[4594/6838] Building CXX object src/CMakeFiles/dbms.dir/Storages/TimeSeries/PrometheusQueryToSQL/applyFusedAggregationBinaryOperator.cpp.o
[4595/6838] Building CXX object src/CMakeFiles/dbms.dir/Storages/TimeSeries/PrometheusQueryToSQL/applyHistogramQuantile.cpp.o
[4596/6838] Building CXX object src/CMakeFiles/dbms.dir/Storages/TimeSeries/PrometheusQueryToSQL/applyLabelManipulationFunction.cpp.o
[4597/6838] Building CXX object src/CMakeFiles/dbms.dir/Storages/TimeSeries/PrometheusQueryToSQL/applyLimitAggregationOperator.cpp.o
[4598/6838] Building CXX object src/CMakeFiles/dbms.dir/Storages/TimeSeries/PrometheusQueryToSQL/applyMathBinaryOperator.cpp.o
[4599/6838] Building CXX object src/CMakeFiles/dbms.dir/Storages/TimeSeries/PrometheusQueryToSQL/applyOffset.cpp.o
[4600/6838] Building CXX object src/CMakeFiles/dbms.dir/Storages/TimeSeries/PrometheusQueryToSQL/applyOneArgumentMathFunction.cpp.o
[4601/6838] Building CXX object src/CMakeFiles/dbms.dir/Storages/TimeSeries/PrometheusQueryToSQL/applyOneArgumentAggregationOperator.cpp.o
[4602/6838] Building CXX object src/CMakeFiles/dbms.dir/Storages/TimeSeries/PrometheusQueryToSQL/applyRoundFunction.cpp.o
[4603/6838] Building CXX object src/CMakeFiles/dbms.dir/Storages/TimeSeries/PrometheusQueryToSQL/applySimpleBinaryOperator.cpp.o
[4604/6838] Building CXX object src/CMakeFiles/dbms.dir/Storages/TimeSeries/PrometheusQueryToSQL/applySubquery.cpp.o
[4605/6838] Building CXX object src/CMakeFiles/dbms.dir/Storages/TimeSeries/PrometheusQueryToSQL/checkSharedSubqueriesAreMaterialized.cpp.o
[4606/6838] Building CXX object src/CMakeFiles/dbms.dir/Storages/TimeSeries/PrometheusQueryToSQL/applySimpleFunction.cpp.o
[4607/6838] Building CXX object src/CMakeFiles/dbms.dir/Storages/TimeSeries/PrometheusQueryToSQL/applyUnaryOperator.cpp.o
[4608/6838] Building CXX object src/CMakeFiles/dbms.dir/Storages/TimeSeries/PrometheusQueryToSQL/fromFunctionPi.cpp.o
[4609/6838] Building CXX object src/CMakeFiles/dbms.dir/Storages/TimeSeries/PrometheusQueryToSQL/dropMetricName.cpp.o
[4610/6838] Building CXX object src/CMakeFiles/dbms.dir/Storages/TimeSeries/PrometheusQueryToSQL/fromFunctionTime.cpp.o
[4611/6838] Building CXX object src/CMakeFiles/dbms.dir/Storages/TimeSeries/PrometheusQueryToSQL/fromLiteral.cpp.o
[4612/6838] Building CXX object src/CMakeFiles/dbms.dir/Storages/TimeSeries/PrometheusQueryToSQL/fromSelector.cpp.o
[4613/6838] Building CXX object src/CMakeFiles/dbms.dir/Storages/TimeSeries/PrometheusQueryToSQL/finalizeSQL.cpp.o
[4614/6838] Building CXX object src/CMakeFiles/dbms.dir/Storages/TimeSeries/PrometheusQueryToSQL/getResultColumns.cpp.o
[4615/6838] Building CXX object src/CMakeFiles/dbms.dir/Storages/TimeSeries/PrometheusQueryToSQL/transformGroupASTForAggregationOperator.cpp.o
[4616/6838] Building CXX object src/CMakeFiles/dbms.dir/Storages/ArrowFlight/ArrowFlightConnection.cpp.o
[4617/6838] Building CXX object src/CMakeFiles/dbms.dir/Storages/TimeSeries/PrometheusQueryToSQL/getResultType.cpp.o
[4618/6838] Building CXX object src/CMakeFiles/dbms.dir/Storages/TimeSeries/PrometheusQueryToSQL/toVectorGrid.cpp.o
[4619/6838] Building CXX object src/CMakeFiles/dbms.dir/Storages/TimeSeries/PrometheusQueryToSQL/transformGroupASTForBinaryOperator.cpp.o
[4620/6838] Building CXX object src/CMakeFiles/dbms.dir/Client/ClientBaseHelpers.cpp.o
[4621/6838] Building CXX object src/CMakeFiles/dbms.dir/Client/ClientSlashCommands.cpp.o
[4622/6838] Building CXX object src/CMakeFiles/dbms.dir/Client/CloudJWTProvider.cpp.o
[4623/6838] Building CXX object src/CMakeFiles/dbms.dir/Client/ClientApplicationBase.cpp.o
[4624/6838] Building CXX object src/CMakeFiles/dbms.dir/Client/ClientApplicationBaseParser.cpp.o
[4625/6838] Building CXX object src/CMakeFiles/dbms.dir/Client/ConnectionParameters.cpp.o
[4626/6838] Building CXX object src/CMakeFiles/dbms.dir/Client/ConnectionEstablisher.cpp.o
[4627/6838] Building CXX object src/CMakeFiles/dbms.dir/Client/ConnectionPool.cpp.o
[4628/6838] Building CXX object src/CMakeFiles/dbms.dir/Client/ConnectionString.cpp.o
[4629/6838] Building CXX object src/CMakeFiles/dbms.dir/Client/ConnectionPoolWithFailover.cpp.o
[4630/6838] Building CXX object src/CMakeFiles/dbms.dir/Client/ClientBase.cpp.o
[4631/6838] Building CXX object src/CMakeFiles/dbms.dir/Client/Connection.cpp.o
[4632/6838] Building CXX object src/CMakeFiles/dbms.dir/Client/JWTProvider.cpp.o
[4633/6838] Building CXX object src/CMakeFiles/dbms.dir/Client/InternalTextLogs.cpp.o
[4634/6838] Building CXX object src/CMakeFiles/dbms.dir/Client/LineReader.cpp.o
[4635/6838] Building CXX object src/CMakeFiles/dbms.dir/Client/HedgedConnectionsFactory.cpp.o
[4636/6838] Building CXX object src/CMakeFiles/dbms.dir/Client/HedgedConnections.cpp.o
[4637/6838] Building CXX object src/CMakeFiles/dbms.dir/Client/PortsProbe.cpp.o
[4638/6838] Building CXX object src/CMakeFiles/dbms.dir/Client/PacketReceiver.cpp.o
[4639/6838] Building CXX object src/CMakeFiles/dbms.dir/Client/MultiplexedConnections.cpp.o
[4640/6838] Building CXX object src/CMakeFiles/dbms.dir/Client/SecondaryQuerySettings.cpp.o
[4641/6838] Building CXX object src/CMakeFiles/dbms.dir/Client/ProgressTable.cpp.o
[4642/6838] Building CXX object src/CMakeFiles/dbms.dir/Client/ReplxxLineReader.cpp.o
[4643/6838] Building CXX object src/CMakeFiles/dbms.dir/Client/TerminalKeystrokeInterceptor.cpp.o
[4644/6838] Building CXX object src/CMakeFiles/dbms.dir/Client/LocalConnection.cpp.o
[4645/6838] Building CXX object src/CMakeFiles/dbms.dir/Client/TestTags.cpp.o
[4646/6838] Building CXX object src/CMakeFiles/dbms.dir/Client/TestHint.cpp.o
[4647/6838] Building CXX object src/CMakeFiles/dbms.dir/Client/TerminalMarkdownRenderer.cpp.o
[4648/6838] Building CXX object src/CMakeFiles/dbms.dir/Client/Suggest.cpp.o
[4649/6838] Building CXX object src/CMakeFiles/dbms.dir/BridgeHelper/IBridgeHelper.cpp.o
[4650/6838] Building CXX object src/CMakeFiles/dbms.dir/Server/CloudPlacementInfo.cpp.o
[4651/6838] Building CXX object src/CMakeFiles/dbms.dir/Server/GRPCServer.cpp.o
[4652/6838] Building CXX object src/CMakeFiles/dbms.dir/BridgeHelper/XDBCBridgeHelper.cpp.o
[4653/6838] Building CXX object src/CMakeFiles/dbms.dir/Server/CertificateReloader.cpp.o
[4654/6838] Building CXX object src/CMakeFiles/dbms.dir/Server/HTTPPathHints.cpp.o
[4655/6838] Building CXX object src/CMakeFiles/dbms.dir/Server/HTTPHandlerRequestFilter.cpp.o
[4656/6838] Building CXX object src/CMakeFiles/dbms.dir/Server/HTTPQueryConstructor.cpp.o
[4657/6838] Building CXX object src/CMakeFiles/dbms.dir/Server/HTTPResponseHeaderWriter.cpp.o
[4658/6838] Building CXX object src/CMakeFiles/dbms.dir/Server/HTTPRequestHandlerFactoryMain.cpp.o
[4659/6838] Building CXX object src/CMakeFiles/dbms.dir/Server/IndexRequestHandler.cpp.o
[4660/6838] Building CXX object src/CMakeFiles/dbms.dir/Server/KeeperDashboardRequestHandler.cpp.o
[4661/6838] Building CXX object src/CMakeFiles/dbms.dir/Server/KeeperHTTPHandlerFactory.cpp.o
[4662/6838] Building CXX object src/CMakeFiles/dbms.dir/Server/KeeperHTTPStorageHandler.cpp.o
[4663/6838] Building CXX object src/CMakeFiles/dbms.dir/Server/KeeperJemallocHandler.cpp.o
[4664/6838] Building CXX object src/CMakeFiles/dbms.dir/Server/HTTPHandlerFactory.cpp.o
[4665/6838] Building CXX object src/CMakeFiles/dbms.dir/Server/KeeperReadinessHandler.cpp.o
[4666/6838] Building CXX object src/CMakeFiles/dbms.dir/Server/InterserverIOHTTPHandler.cpp.o
[4667/6838] Building CXX object src/CMakeFiles/dbms.dir/Server/KeeperTCPHandler.cpp.o
[4668/6838] Building CXX object src/CMakeFiles/dbms.dir/Server/KeeperNotFoundHandler.cpp.o
[4669/6838] Building CXX object src/CMakeFiles/dbms.dir/Server/HTTPHandler.cpp.o
[4670/6838] Building CXX object src/CMakeFiles/dbms.dir/Server/MySQLHandlerFactory.cpp.o
[4671/6838] Building CXX object src/CMakeFiles/dbms.dir/Server/NotFoundHandler.cpp.o
[4672/6838] Building CXX object src/CMakeFiles/dbms.dir/Server/PrometheusMetricsWriter.cpp.o
[4673/6838] Building CXX object src/CMakeFiles/dbms.dir/Server/MySQLHandler.cpp.o
[4674/6838] Building CXX object src/CMakeFiles/dbms.dir/Server/PostgreSQLHandlerFactory.cpp.o
[4675/6838] Building CXX object src/CMakeFiles/dbms.dir/Server/ProtocolServerAdapter.cpp.o
[4676/6838] Building CXX object src/CMakeFiles/dbms.dir/Server/PrometheusRequestHandlerFactory.cpp.o
[4677/6838] Building CXX object src/CMakeFiles/dbms.dir/Server/ProxyV1Handler.cpp.o
[4678/6838] Building CXX object src/CMakeFiles/dbms.dir/Server/ServerType.cpp.o
[4679/6838] Building CXX object src/CMakeFiles/dbms.dir/Server/PostgreSQLHandler.cpp.o
[4680/6838] Building CXX object src/CMakeFiles/dbms.dir/Server/PrometheusRequestHandler.cpp.o
[4681/6838] Building CXX object src/CMakeFiles/dbms.dir/Server/StartupWarnings.cpp.o
[4682/6838] Building CXX object src/CMakeFiles/dbms.dir/Server/StaticRequestHandler.cpp.o
[4683/6838] Building CXX object src/CMakeFiles/dbms.dir/Server/TCPServer.cpp.o
[4684/6838] Building CXX object src/CMakeFiles/dbms.dir/Server/TLSHandler.cpp.o
[4685/6838] Building CXX object src/CMakeFiles/dbms.dir/Server/WebUIRequestHandler.cpp.o
[4686/6838] Building CXX object src/CMakeFiles/dbms.dir/Server/ReplicasStatusHandler.cpp.o
[4687/6838] Building CXX object src/CMakeFiles/dbms.dir/Server/createServer.cpp.o
[4688/6838] Building CXX object src/CMakeFiles/dbms.dir/Server/socketBindListen.cpp.o
[4689/6838] Building CXX object src/CMakeFiles/dbms.dir/Server/waitServersToFinish.cpp.o
[4690/6838] Building CXX object src/CMakeFiles/dbms.dir/Server/stopServers.cpp.o
[4691/6838] Building CXX object src/CMakeFiles/dbms.dir/Server/WebTerminalRequestHandler.cpp.o
[4692/6838] Building CXX object src/CMakeFiles/dbms.dir/Server/HTTP/DeadlineReadBuffer.cpp.o
[4693/6838] Building CXX object src/CMakeFiles/dbms.dir/Server/HTTP/HTMLForm.cpp.o
[4694/6838] Building CXX object src/CMakeFiles/dbms.dir/Server/HTTP/HTTPServer.cpp.o
[4695/6838] Building CXX object src/CMakeFiles/dbms.dir/Server/HTTP/HTTPServerConnection.cpp.o
[4696/6838] Building CXX object src/CMakeFiles/dbms.dir/Server/HTTP/HTTPServerConnectionFactory.cpp.o
[4697/6838] Building CXX object src/CMakeFiles/dbms.dir/Server/HTTP/HTTPServerRequest.cpp.o
[4698/6838] Building CXX object src/CMakeFiles/dbms.dir/Server/HTTP/HTTPServerResponse.cpp.o
[4699/6838] Building CXX object src/CMakeFiles/dbms.dir/Server/TCPHandler.cpp.o
[4700/6838] Building CXX object src/CMakeFiles/dbms.dir/Server/HTTP/ReadHeaders.cpp.o
[4701/6838] Building CXX object src/CMakeFiles/dbms.dir/Server/HTTP/deferHTTP100Continue.cpp.o
[4702/6838] Building CXX object src/CMakeFiles/dbms.dir/Server/HTTP/checkHTTPHeader.cpp.o
[4703/6838] Building CXX object src/CMakeFiles/dbms.dir/Server/HTTP/exceptionCodeToHTTPStatus.cpp.o
[4704/6838] Building CXX object src/CMakeFiles/dbms.dir/Server/HTTP/sendExceptionToHTTPClient.cpp.o
[4705/6838] Building CXX object src/CMakeFiles/dbms.dir/Server/HTTP/authenticateUserByHTTP.cpp.o
[4706/6838] Building CXX object src/CMakeFiles/dbms.dir/Server/HTTP/WriteBufferFromHTTPServerResponse.cpp.o
[4707/6838] Building CXX object src/CMakeFiles/dbms.dir/Server/HTTP/setReadOnlyIfHTTPMethodIdempotent.cpp.o
[4708/6838] Building CXX object src/CMakeFiles/dbms.dir/Server/ACME/RequestHandler.cpp.o
[4709/6838] Building CXX object src/CMakeFiles/dbms.dir/Server/ACME/API.cpp.o
[4710/6838] Building CXX object src/CMakeFiles/dbms.dir/Server/ACME/Client.cpp.o
[4711/6838] Building CXX object src/CMakeFiles/dbms.dir/Server/ClientEmbedded/PtyClientDescriptorSet.cpp.o
[4712/6838] Building CXX object src/CMakeFiles/dbms.dir/Server/ClientEmbedded/ClientEmbedded.cpp.o
[4713/6838] Building CXX object src/CMakeFiles/dbms.dir/Server/ClientEmbedded/ClientEmbeddedRunner.cpp.o
[4714/6838] Building CXX object src/CMakeFiles/dbms.dir/Server/StatelessWorker/StatelessWorkerClient.cpp.o
[4715/6838] Building CXX object src/CMakeFiles/dbms.dir/Server/StatelessWorker/StatelessWorkerProtocol.cpp.o
[4716/6838] Building CXX object src/CMakeFiles/dbms.dir/Server/StatelessWorker/StatelessWorkerEndpoint.cpp.o
[4717/6838] Building CXX object src/CMakeFiles/dbms.dir/Server/StatelessWorker/StatelessTaskExecutor.cpp.o
[4718/6838] Building CXX object src/CMakeFiles/dbms.dir/Server/DistributedQuery/FutureConnection.cpp.o
[4719/6838] Building CXX object src/CMakeFiles/dbms.dir/Server/DistributedQuery/ExchangeConnections.cpp.o
[4720/6838] Building CXX object src/CMakeFiles/dbms.dir/Server/DistributedQuery/StreamingExchangeProtocol.cpp.o
[4721/6838] Building CXX object src/CMakeFiles/dbms.dir/Server/DistributedQuery/ExchangeServer.cpp.o
[4722/6838] Building CXX object src/CMakeFiles/dbms.dir/Server/DistributedQuery/StreamingExchangeLookup.cpp.o
[4723/6838] Building CXX object src/CMakeFiles/dbms.dir/Formats/BSONTypes.cpp.o
[4724/6838] Building CXX object src/CMakeFiles/dbms.dir/Formats/BuffersWriter.cpp.o
[4725/6838] Building CXX object src/CMakeFiles/dbms.dir/Formats/CapnProtoSchema.cpp.o
[4726/6838] Building CXX object src/CMakeFiles/dbms.dir/Formats/CapnProtoSerializer.cpp.o
[4727/6838] Building CXX object src/CMakeFiles/dbms.dir/Formats/BuffersReader.cpp.o
[4728/6838] Building CXX object src/CMakeFiles/dbms.dir/Formats/ColumnMapping.cpp.o
[4729/6838] Building CXX object src/CMakeFiles/dbms.dir/Server/DistributedQuery/StreamingExchangeSink.cpp.o
[4730/6838] Building CXX object src/CMakeFiles/dbms.dir/Server/DistributedQuery/StreamingExchangeSource.cpp.o
[4731/6838] Building CXX object src/CMakeFiles/dbms.dir/Formats/FlattenTupleForCSVHeader.cpp.o
[4732/6838] Building CXX object src/CMakeFiles/dbms.dir/Formats/EscapingRuleUtils.cpp.o
[4733/6838] Building CXX object src/CMakeFiles/dbms.dir/Formats/FormatParserSharedResources.cpp.o
[4734/6838] Building CXX object src/CMakeFiles/dbms.dir/Formats/FormatFilterInfo.cpp.o
[4735/6838] Building CXX object src/CMakeFiles/dbms.dir/Formats/FormatSchemaInfo.cpp.o
[4736/6838] Building CXX object src/CMakeFiles/dbms.dir/Formats/IndexForNativeFormat.cpp.o
[4737/6838] Building CXX object src/CMakeFiles/dbms.dir/Formats/FormatFactory.cpp.o
[4738/6838] Building CXX object src/CMakeFiles/dbms.dir/Formats/MarkInCompressedFile.cpp.o
[4739/6838] Building CXX object src/CMakeFiles/dbms.dir/Formats/JSONUtils.cpp.o
[4740/6838] Building CXX object src/CMakeFiles/dbms.dir/Formats/NativeWriter.cpp.o
[4741/6838] Building CXX object src/CMakeFiles/dbms.dir/Formats/PNGTerminalOutput.cpp.o
[4742/6838] Building CXX object src/CMakeFiles/dbms.dir/Formats/NativeReader.cpp.o
[4743/6838] Building CXX object src/CMakeFiles/dbms.dir/Formats/PNGSerializer.cpp.o
[4744/6838] Building CXX object src/CMakeFiles/dbms.dir/Formats/ParseError.cpp.o
[4745/6838] Building CXX object src/CMakeFiles/dbms.dir/Formats/PNGWriter.cpp.o
[4746/6838] Building CXX object src/CMakeFiles/dbms.dir/Formats/ProtobufReader.cpp.o
[4747/6838] Building CXX object src/CMakeFiles/dbms.dir/Formats/ProtobufSchemas.cpp.o
[4748/6838] Building CXX object src/CMakeFiles/dbms.dir/Formats/ProtobufSerializer.cpp.o
[4749/6838] Building CXX object src/CMakeFiles/dbms.dir/Formats/ProtobufWriter.cpp.o
[4750/6838] Building CXX object src/CMakeFiles/dbms.dir/Formats/JSONExtractTree.cpp.o
[4751/6838] Building CXX object src/CMakeFiles/dbms.dir/Formats/PrettyFormatHelpers.cpp.o
[4752/6838] Building CXX object src/CMakeFiles/dbms.dir/Formats/ParsedTemplateFormatString.cpp.o
[4753/6838] Building CXX object src/CMakeFiles/dbms.dir/Formats/RowInputMissingColumnsFiller.cpp.o
[4754/6838] Building CXX object src/CMakeFiles/dbms.dir/Formats/StructureToCapnProtoSchema.cpp.o
[4755/6838] Building CXX object src/CMakeFiles/dbms.dir/Formats/StructureToFormatSchemaUtils.cpp.o
[4756/6838] Building CXX object src/CMakeFiles/dbms.dir/Formats/ReadSchemaUtils.cpp.o
[4757/6838] Building CXX object src/CMakeFiles/dbms.dir/Formats/castColumnToRequestedType.cpp.o
[4758/6838] Building CXX object src/CMakeFiles/dbms.dir/Formats/SchemaInferenceUtils.cpp.o
[4759/6838] Building CXX object src/CMakeFiles/dbms.dir/Formats/StructureToProtobufSchema.cpp.o
[4760/6838] Building CXX object src/CMakeFiles/dbms.dir/Formats/formatBlock.cpp.o
[4761/6838] Building CXX object src/CMakeFiles/dbms.dir/Formats/registerFormats.cpp.o
[4762/6838] Building CXX object src/CMakeFiles/dbms.dir/Formats/insertNullAsDefaultIfNeeded.cpp.o
[4763/6838] Building CXX object src/CMakeFiles/dbms.dir/Formats/registerWithNamesAndTypes.cpp.o
[4764/6838] Building CXX object src/CMakeFiles/dbms.dir/Formats/verbosePrintString.cpp.o
[4765/6838] Building CXX object src/CMakeFiles/dbms.dir/Processors/ConcatProcessor.cpp.o
[4766/6838] Building CXX object src/CMakeFiles/dbms.dir/Processors/Chunk.cpp.o
[4767/6838] Building CXX object src/CMakeFiles/dbms.dir/Processors/DelayedPortsProcessor.cpp.o
[4768/6838] Building CXX object src/CMakeFiles/dbms.dir/Processors/ForkProcessor.cpp.o
[4769/6838] Building CXX object src/CMakeFiles/dbms.dir/Processors/IAccumulatingTransform.cpp.o
[4770/6838] Building CXX object src/CMakeFiles/dbms.dir/Processors/FractionalOffsetTransform.cpp.o
[4771/6838] Building CXX object src/CMakeFiles/dbms.dir/Processors/IInflatingTransform.cpp.o
[4772/6838] Building CXX object src/CMakeFiles/dbms.dir/Processors/FractionalLimitTransform.cpp.o
[4773/6838] Building CXX object src/CMakeFiles/dbms.dir/Processors/ISimpleTransform.cpp.o
[4774/6838] Building CXX object src/CMakeFiles/dbms.dir/Processors/ISource.cpp.o
[4775/6838] Building CXX object src/CMakeFiles/dbms.dir/Processors/ISink.cpp.o
[4776/6838] Building CXX object src/CMakeFiles/dbms.dir/Processors/IProcessor.cpp.o
[4777/6838] Building CXX object src/CMakeFiles/dbms.dir/Processors/NegativeLimitTransform.cpp.o
[4778/6838] Building CXX object src/CMakeFiles/dbms.dir/Processors/LimitRangeTransform.cpp.o
[4779/6838] Building CXX object src/CMakeFiles/dbms.dir/Processors/LimitTransform.cpp.o
[4780/6838] Building CXX object src/CMakeFiles/dbms.dir/Processors/NegativeOffsetTransform.cpp.o
[4781/6838] Building CXX object src/CMakeFiles/dbms.dir/Processors/PingPongProcessor.cpp.o
[4782/6838] Building CXX object src/CMakeFiles/dbms.dir/Processors/Port.cpp.o
[4783/6838] Building CXX object src/CMakeFiles/dbms.dir/Processors/OffsetTransform.cpp.o
[4784/6838] Building CXX object src/CMakeFiles/dbms.dir/Processors/ResizeProcessor.cpp.o
[4785/6838] Building CXX object src/CMakeFiles/dbms.dir/Processors/TopKThresholdTracker.cpp.o
[4786/6838] Building CXX object src/CMakeFiles/dbms.dir/Processors/StepWallClockRegistry.cpp.o
[4787/6838] Building CXX object src/CMakeFiles/dbms.dir/Processors/Executors/CompletedPipelineExecutor.cpp.o
[4788/6838] Building CXX object src/CMakeFiles/dbms.dir/Processors/Executors/PushingAsyncPipelineExecutor.cpp.o
[4789/6838] Building CXX object src/CMakeFiles/dbms.dir/Processors/Executors/PushingPipelineExecutor.cpp.o
[4790/6838] Building CXX object src/CMakeFiles/dbms.dir/Processors/Executors/PullingPipelineExecutor.cpp.o
[4791/6838] Building CXX object src/CMakeFiles/dbms.dir/Processors/Executors/PullingAsyncPipelineExecutor.cpp.o
[4792/6838] Building CXX object src/CMakeFiles/dbms.dir/Processors/Executors/StreamingFormatExecutor.cpp.o
[4793/6838] Building CXX object src/CMakeFiles/dbms.dir/Processors/Executors/Runtime/ExecutionThreadContext.cpp.o
[4794/6838] Building CXX object src/CMakeFiles/dbms.dir/Processors/Executors/Runtime/ExecutorTasks.cpp.o
[4795/6838] Building CXX object src/CMakeFiles/dbms.dir/Processors/Executors/Runtime/ExecutingGraph.cpp.o
[4796/6838] Building CXX object src/CMakeFiles/dbms.dir/Processors/Formats/IInputFormat.cpp.o
[4797/6838] Building CXX object src/CMakeFiles/dbms.dir/Processors/Executors/Runtime/PollingQueue.cpp.o
[4798/6838] Building CXX object src/CMakeFiles/dbms.dir/Processors/Formats/IOutputFormat.cpp.o
[4799/6838] Building CXX object src/CMakeFiles/dbms.dir/Processors/Formats/IRowOutputFormat.cpp.o
[4800/6838] Building CXX object src/CMakeFiles/dbms.dir/Processors/Executors/Runtime/PipelineExecutor.cpp.o
[4801/6838] Building CXX object src/CMakeFiles/dbms.dir/Processors/Formats/IRowInputFormat.cpp.o
[4802/6838] Building CXX object src/CMakeFiles/dbms.dir/Processors/Formats/PullingOutputFormat.cpp.o
[4803/6838] Building CXX object src/CMakeFiles/dbms.dir/Processors/Formats/InputFormatErrorsLogger.cpp.o
[4804/6838] Building CXX object src/CMakeFiles/dbms.dir/Processors/Formats/ISchemaReader.cpp.o
[4805/6838] Building CXX object src/CMakeFiles/dbms.dir/Processors/Formats/LazyOutputFormat.cpp.o
[4806/6838] Building CXX object src/CMakeFiles/dbms.dir/Processors/Formats/RowInputFormatWithDiagnosticInfo.cpp.o
[4807/6838] Building CXX object src/CMakeFiles/dbms.dir/Processors/Formats/Framing/FramingFormatEventStream.cpp.o
[4808/6838] Building CXX object src/CMakeFiles/dbms.dir/Processors/Formats/Framing/FramingFormatFactory.cpp.o
[4809/6838] Building CXX object src/CMakeFiles/dbms.dir/Processors/Formats/Framing/FramingFormatJSONEachPacket.cpp.o
[4810/6838] Building CXX object src/CMakeFiles/dbms.dir/Processors/Formats/Impl/ArrowColumnToCHColumn.cpp.o
[4811/6838] Building CXX object src/CMakeFiles/dbms.dir/Processors/Formats/Framing/IFramingFormat.cpp.o
[4812/6838] Building CXX object src/CMakeFiles/dbms.dir/Processors/Formats/Impl/AvroConfluentSchemaRegistry.cpp.o
[4813/6838] Building CXX object src/CMakeFiles/dbms.dir/Processors/Formats/Impl/AvroRowInputFormat.cpp.o
[4814/6838] Building CXX object src/CMakeFiles/dbms.dir/Processors/Formats/Impl/AvroRowOutputFormat.cpp.o
[4815/6838] Building CXX object src/CMakeFiles/dbms.dir/Processors/Formats/RowInputFormatWithNamesAndTypes.cpp.o
[4816/6838] Building CXX object src/CMakeFiles/dbms.dir/Processors/Formats/Impl/ArrowBufferedStreams.cpp.o
[4817/6838] Building CXX object src/CMakeFiles/dbms.dir/Processors/Formats/Impl/BSONEachRowRowOutputFormat.cpp.o
[4818/6838] Building CXX object src/CMakeFiles/dbms.dir/Processors/Formats/Impl/BinaryRowInputFormat.cpp.o
[4819/6838] Building CXX object src/CMakeFiles/dbms.dir/Processors/Formats/Impl/BSONEachRowRowInputFormat.cpp.o
[4820/6838] Building CXX object src/CMakeFiles/dbms.dir/Processors/Formats/Impl/CHColumnToArrowColumn.cpp.o
[4821/6838] Building CXX object src/CMakeFiles/dbms.dir/Processors/Formats/Impl/BinaryRowOutputFormat.cpp.o
[4822/6838] Building CXX object src/CMakeFiles/dbms.dir/Processors/Formats/Impl/BuffersFormat.cpp.o
[4823/6838] Building CXX object src/CMakeFiles/dbms.dir/Processors/Formats/Impl/CapnProtoRowInputFormat.cpp.o
[4824/6838] Building CXX object src/CMakeFiles/dbms.dir/Processors/Formats/Impl/CapnProtoRowOutputFormat.cpp.o
[4825/6838] Building CXX object src/CMakeFiles/dbms.dir/Processors/Formats/Impl/ArrowGeoTypes.cpp.o
[4826/6838] Building CXX object src/CMakeFiles/dbms.dir/Processors/Formats/Impl/CSVRowOutputFormat.cpp.o
[4827/6838] Building CXX object src/CMakeFiles/dbms.dir/Processors/Formats/Impl/CSVRowInputFormat.cpp.o
[4828/6838] Building CXX object src/CMakeFiles/dbms.dir/Processors/Formats/Impl/DWARFBlockInputFormat.cpp.o
[4829/6838] Building CXX object src/CMakeFiles/dbms.dir/Processors/Formats/Impl/CustomSeparatedRowOutputFormat.cpp.o
[4830/6838] Building CXX object src/CMakeFiles/dbms.dir/Processors/Formats/Impl/CustomSeparatedRowInputFormat.cpp.o
[4831/6838] Building CXX object src/CMakeFiles/dbms.dir/Processors/Formats/Impl/ConstantExpressionTemplate.cpp.o
[4832/6838] Building CXX object src/CMakeFiles/dbms.dir/Processors/Formats/Impl/FormRowInputFormat.cpp.o
[4833/6838] Building CXX object src/CMakeFiles/dbms.dir/Processors/Formats/Impl/HashOutputFormat.cpp.o
[4834/6838] Building CXX object src/CMakeFiles/dbms.dir/Processors/Formats/Impl/GeoJSONRowInputFormat.cpp.o
[4835/6838] Building CXX object src/CMakeFiles/dbms.dir/Processors/Formats/Impl/GeoJSONRowOutputFormat.cpp.o
[4836/6838] Building CXX object src/CMakeFiles/dbms.dir/Processors/Formats/Impl/HiveTextRowInputFormat.cpp.o
[4837/6838] Building CXX object src/CMakeFiles/dbms.dir/Processors/Formats/Impl/HiveTextRowOutputFormat.cpp.o
[4838/6838] Building CXX object src/CMakeFiles/dbms.dir/Processors/Formats/Impl/JSONColumnsBlockInputFormat.cpp.o
[4839/6838] Building CXX object src/CMakeFiles/dbms.dir/Processors/Formats/Impl/JSONAsStringRowInputFormat.cpp.o
[4840/6838] Building CXX object src/CMakeFiles/dbms.dir/Processors/Formats/Impl/JSONColumnsBlockInputFormatBase.cpp.o
[4841/6838] Building CXX object src/CMakeFiles/dbms.dir/Processors/Formats/Impl/JSONColumnsBlockOutputFormat.cpp.o
[4842/6838] Building CXX object src/CMakeFiles/dbms.dir/Processors/Formats/Impl/JSONColumnsBlockOutputFormatBase.cpp.o
[4843/6838] Building CXX object src/CMakeFiles/dbms.dir/Processors/Formats/Impl/JSONColumnsWithMetadataBlockInputFormat.cpp.o
[4844/6838] Building CXX object src/CMakeFiles/dbms.dir/Processors/Formats/Impl/JSONColumnsWithMetadataBlockOutputFormat.cpp.o
[4845/6838] Building CXX object src/CMakeFiles/dbms.dir/Processors/Formats/Impl/JSONCompactColumnsBlockOutputFormat.cpp.o
[4846/6838] Building CXX object src/CMakeFiles/dbms.dir/Processors/Formats/Impl/JSONCompactColumnsBlockInputFormat.cpp.o
[4847/6838] Building CXX object src/CMakeFiles/dbms.dir/Processors/Formats/Impl/JSONCompactEachRowRowOutputFormat.cpp.o
[4848/6838] Building CXX object src/CMakeFiles/dbms.dir/Processors/Formats/Impl/JSONCompactEachRowWithProgressRowOutputFormat.cpp.o
[4849/6838] Building CXX object src/CMakeFiles/dbms.dir/Processors/Formats/Impl/JSONCompactRowInputFormat.cpp.o
[4850/6838] Building CXX object src/CMakeFiles/dbms.dir/Processors/Formats/Impl/JSONCompactEachRowRowInputFormat.cpp.o
[4851/6838] Building CXX object src/CMakeFiles/dbms.dir/Processors/Formats/Impl/JSONCompactRowOutputFormat.cpp.o
[4852/6838] Building CXX object src/CMakeFiles/dbms.dir/Processors/Formats/Impl/JSONEachRowWithProgressRowOutputFormat.cpp.o
[4853/6838] Building CXX object src/CMakeFiles/dbms.dir/Processors/Formats/Impl/JSONEachRowRowOutputFormat.cpp.o
[4854/6838] Building CXX object src/CMakeFiles/dbms.dir/Processors/Formats/Impl/JSONEachRowRowInputFormat.cpp.o
[4855/6838] Building CXX object src/CMakeFiles/dbms.dir/Processors/Formats/Impl/JSONObjectEachRowRowInputFormat.cpp.o
[4856/6838] Building CXX object src/CMakeFiles/dbms.dir/Processors/Formats/Impl/JSONRowOutputFormat.cpp.o
[4857/6838] Building CXX object src/CMakeFiles/dbms.dir/Processors/Formats/Impl/JSONRowInputFormat.cpp.o
[4858/6838] Building CXX object src/CMakeFiles/dbms.dir/Processors/Formats/Impl/JSONObjectEachRowRowOutputFormat.cpp.o
[4859/6838] Building CXX object src/CMakeFiles/dbms.dir/Processors/Formats/Impl/MsgPackRowOutputFormat.cpp.o
[4860/6838] Building CXX object src/CMakeFiles/dbms.dir/Processors/Formats/Impl/MsgPackRowInputFormat.cpp.o
[4861/6838] Building CXX object src/CMakeFiles/dbms.dir/Processors/Formats/Impl/LineAsStringRowInputFormat.cpp.o
[4862/6838] Building CXX object src/CMakeFiles/dbms.dir/Processors/Formats/Impl/MarkdownRowOutputFormat.cpp.o
[4863/6838] Building CXX object src/CMakeFiles/dbms.dir/Processors/Formats/Impl/NativeORCBlockInputFormat.cpp.o
[4864/6838] Building CXX object src/CMakeFiles/dbms.dir/Processors/Formats/Impl/MySQLOutputFormat.cpp.o
[4865/6838] Building CXX object src/CMakeFiles/dbms.dir/Processors/Formats/Impl/NpyOutputFormat.cpp.o
[4866/6838] Building CXX object src/CMakeFiles/dbms.dir/Processors/Formats/Impl/NativeFormat.cpp.o
[4867/6838] Building CXX object src/CMakeFiles/dbms.dir/Processors/Formats/Impl/MySQLDumpRowInputFormat.cpp.o
[4868/6838] Building CXX object src/CMakeFiles/dbms.dir/Processors/Formats/Impl/ORCBlockOutputFormat.cpp.o
[4869/6838] Building CXX object src/CMakeFiles/dbms.dir/Processors/Formats/Impl/NullFormat.cpp.o
[4870/6838] Building CXX object src/CMakeFiles/dbms.dir/Processors/Formats/Impl/PNGOutputFormat.cpp.o
[4871/6838] Building CXX object src/CMakeFiles/dbms.dir/Processors/Formats/Impl/ODBCDriver2BlockOutputFormat.cpp.o
[4872/6838] Building CXX object src/CMakeFiles/dbms.dir/Processors/Formats/Impl/OneFormat.cpp.o
[4873/6838] Building CXX object src/CMakeFiles/dbms.dir/Processors/Formats/Impl/ParquetBlockOutputFormat.cpp.o
[4874/6838] Building CXX object src/CMakeFiles/dbms.dir/Processors/Formats/Impl/ParquetMetadataCache.cpp.o
[4875/6838] Building CXX object src/CMakeFiles/dbms.dir/Processors/Formats/Impl/ParquetMetadataInputFormat.cpp.o
[4876/6838] Building CXX object src/CMakeFiles/dbms.dir/Processors/Formats/Impl/ParallelFormattingOutputFormat.cpp.o
[4877/6838] Building CXX object src/CMakeFiles/dbms.dir/Processors/Formats/Impl/NpyRowInputFormat.cpp.o
[4878/6838] Building CXX object src/CMakeFiles/dbms.dir/Processors/Formats/Impl/ParquetV3BlockInputFormat.cpp.o
[4879/6838] Building CXX object src/CMakeFiles/dbms.dir/Processors/Formats/Impl/ParallelParsingInputFormat.cpp.o
[4880/6838] Building CXX object src/CMakeFiles/dbms.dir/Processors/Formats/Impl/ProtobufListInputFormat.cpp.o
[4881/6838] Building CXX object src/CMakeFiles/dbms.dir/Processors/Formats/Impl/ProtobufListOutputFormat.cpp.o
[4882/6838] Building CXX object src/CMakeFiles/dbms.dir/Processors/Formats/Impl/ProtobufRowInputFormat.cpp.o
[4883/6838] Building CXX object src/CMakeFiles/dbms.dir/Processors/Formats/Impl/ProtobufRowOutputFormat.cpp.o
[4884/6838] Building CXX object src/CMakeFiles/dbms.dir/Processors/Formats/Impl/PrometheusTextOutputFormat.cpp.o
[4885/6838] Building CXX object src/CMakeFiles/dbms.dir/Processors/Formats/Impl/PrettyBlockOutputFormat.cpp.o
[4886/6838] Building CXX object src/CMakeFiles/dbms.dir/Processors/Formats/Impl/PostgreSQLOutputFormat.cpp.o
[4887/6838] Building CXX object src/CMakeFiles/dbms.dir/Processors/Formats/Impl/RawBLOBRowOutputFormat.cpp.o
[4888/6838] Building CXX object src/CMakeFiles/dbms.dir/Processors/Formats/Impl/RawBLOBRowInputFormat.cpp.o
[4889/6838] Building CXX object src/CMakeFiles/dbms.dir/Processors/Formats/Impl/PuffinBlockInputFormat.cpp.o
[4890/6838] Building CXX object src/CMakeFiles/dbms.dir/Processors/Formats/Impl/SQLInsertRowOutputFormat.cpp.o
[4891/6838] Building CXX object src/CMakeFiles/dbms.dir/Processors/Formats/Impl/RegexpRowInputFormat.cpp.o
[4892/6838] Building CXX object src/CMakeFiles/dbms.dir/Processors/Formats/Impl/TSKVRowInputFormat.cpp.o
[4893/6838] Building CXX object src/CMakeFiles/dbms.dir/Processors/Formats/Impl/TSKVRowOutputFormat.cpp.o
[4894/6838] Building CXX object src/CMakeFiles/dbms.dir/Processors/Formats/Impl/TabSeparatedRowOutputFormat.cpp.o
[4895/6838] Building CXX object src/CMakeFiles/dbms.dir/Processors/Formats/Impl/TabSeparatedRowInputFormat.cpp.o
[4896/6838] Building CXX object src/CMakeFiles/dbms.dir/Processors/Formats/Impl/TemplateBlockOutputFormat.cpp.o
[4897/6838] Building CXX object src/CMakeFiles/dbms.dir/Processors/Formats/Impl/TemplateRowInputFormat.cpp.o
[4898/6838] Building CXX object src/CMakeFiles/dbms.dir/Processors/Formats/Impl/ValuesRowOutputFormat.cpp.o
[4899/6838] Building CXX object src/CMakeFiles/dbms.dir/Processors/Formats/Impl/VerticalRowOutputFormat.cpp.o
[4900/6838] Building CXX object src/CMakeFiles/dbms.dir/Processors/Formats/Impl/ValuesBlockInputFormat.cpp.o
[4901/6838] Building CXX object src/CMakeFiles/dbms.dir/Processors/Formats/Impl/XMLRowOutputFormat.cpp.o
[4902/6838] Building CXX object src/CMakeFiles/dbms.dir/Processors/Transforms/ApplySquashingTransform.cpp.o
[4903/6838] Building CXX object src/CMakeFiles/dbms.dir/Processors/Transforms/AddingDefaultsTransform.cpp.o
[4904/6838] Building CXX object src/CMakeFiles/dbms.dir/Processors/Transforms/ArrayJoinTransform.cpp.o
[4905/6838] Building CXX object src/CMakeFiles/dbms.dir/Processors/Transforms/AggregatingInOrderTransform.cpp.o
[4906/6838] Building CXX object src/CMakeFiles/dbms.dir/Processors/Transforms/AggregatingTransform.cpp.o
[4907/6838] Building CXX object src/CMakeFiles/dbms.dir/Processors/Transforms/BuildRuntimeFilterTransform.cpp.o
[4908/6838] Building CXX object src/CMakeFiles/dbms.dir/Processors/Transforms/CheckConstraintsTransform.cpp.o
[4909/6838] Building CXX object src/CMakeFiles/dbms.dir/Processors/Transforms/CheckSortedTransform.cpp.o
[4910/6838] Building CXX object src/CMakeFiles/dbms.dir/Processors/Transforms/ChunkRowRange.cpp.o
[4911/6838] Building CXX object src/CMakeFiles/dbms.dir/Processors/Transforms/ColumnPermuteTransform.cpp.o
[4912/6838] Building CXX object src/CMakeFiles/dbms.dir/Processors/Transforms/CopyTransform.cpp.o
[4913/6838] Building CXX object src/CMakeFiles/dbms.dir/Processors/Transforms/ColumnGathererTransform.cpp.o
[4914/6838] Building CXX object src/CMakeFiles/dbms.dir/Processors/Transforms/CountingTransform.cpp.o
[4915/6838] Building CXX object src/CMakeFiles/dbms.dir/Processors/Transforms/CreateSetAndFilterOnTheFlyTransform.cpp.o
[4916/6838] Building CXX object src/CMakeFiles/dbms.dir/Processors/Transforms/CubeTransform.cpp.o
[4917/6838] Building CXX object src/CMakeFiles/dbms.dir/Processors/Transforms/CreatingSetsTransform.cpp.o
[4918/6838] Building CXX object src/CMakeFiles/dbms.dir/Processors/Transforms/DroppingTransform.cpp.o
[4919/6838] Building CXX object src/CMakeFiles/dbms.dir/Processors/Transforms/DistinctSortedStreamTransform.cpp.o
[4920/6838] Building CXX object src/CMakeFiles/dbms.dir/Processors/Transforms/ExceptionKeepingTransform.cpp.o
[4921/6838] Building CXX object src/CMakeFiles/dbms.dir/Processors/Transforms/DistinctTransform.cpp.o
[4922/6838] Building CXX object src/CMakeFiles/dbms.dir/Processors/Transforms/ExpressionTransform.cpp.o
[4923/6838] Building CXX object src/CMakeFiles/dbms.dir/Processors/Transforms/ExtractColumnsTransform.cpp.o
[4924/6838] Building CXX object src/CMakeFiles/dbms.dir/Processors/Transforms/ExtremesOnlyTransform.cpp.o
[4925/6838] Building CXX object src/CMakeFiles/dbms.dir/Processors/Transforms/DeduplicationTokenTransforms.cpp.o
[4926/6838] Building CXX object src/CMakeFiles/dbms.dir/Processors/Transforms/ExtremesTransform.cpp.o
[4927/6838] Building CXX object src/CMakeFiles/dbms.dir/Processors/Transforms/FilterSortedStreamByRange.cpp.o
[4928/6838] Building CXX object src/CMakeFiles/dbms.dir/Processors/Transforms/FilterTransform.cpp.o
[4929/6838] Building CXX object src/CMakeFiles/dbms.dir/Processors/Transforms/FinishSortingTransform.cpp.o
[4930/6838] Building CXX object src/CMakeFiles/dbms.dir/Processors/Transforms/FillingTransform.cpp.o
[4931/6838] Building CXX object src/CMakeFiles/dbms.dir/Processors/Transforms/InputSelectorTransform.cpp.o
[4932/6838] Building CXX object src/CMakeFiles/dbms.dir/Processors/Transforms/IEJoinTransform.cpp.o
[4933/6838] Building CXX object src/CMakeFiles/dbms.dir/Processors/Transforms/IntersectOrExceptTransform.cpp.o
[4934/6838] Building CXX object src/CMakeFiles/dbms.dir/Processors/Transforms/JoiningTransform.cpp.o
[4935/6838] Building CXX object src/CMakeFiles/dbms.dir/Processors/Transforms/LimitsCheckingTransform.cpp.o
[4936/6838] Building CXX object src/CMakeFiles/dbms.dir/Processors/Transforms/LazyMaterializingTransform.cpp.o
[4937/6838] Building CXX object src/CMakeFiles/dbms.dir/Processors/Transforms/MaterializingTransform.cpp.o
[4938/6838] Building CXX object src/CMakeFiles/dbms.dir/Processors/Transforms/LazyFinalKeyAnalysisTransform.cpp.o
[4939/6838] Building CXX object src/CMakeFiles/dbms.dir/Processors/Transforms/MaterializingCTETransform.cpp.o
[4940/6838] Building CXX object src/CMakeFiles/dbms.dir/Processors/Transforms/LimitByTransform.cpp.o
[4941/6838] Building CXX object src/CMakeFiles/dbms.dir/Processors/Transforms/MergeJoinTransform.cpp.o
[4942/6838] Building CXX object src/CMakeFiles/dbms.dir/Processors/Transforms/MergingAggregatedMemoryEfficientTransform.cpp.o
[4943/6838] Building CXX object src/CMakeFiles/dbms.dir/Processors/Transforms/MergeSortingTransform.cpp.o
[4944/6838] Building CXX object src/CMakeFiles/dbms.dir/Processors/Transforms/NestedElementsValidationTransform.cpp.o
[4945/6838] Building CXX object src/CMakeFiles/dbms.dir/Processors/Transforms/MergingAggregatedTransform.cpp.o
[4946/6838] Building CXX object src/CMakeFiles/dbms.dir/Processors/Transforms/PartialSortingTransform.cpp.o
[4947/6838] Building CXX object src/CMakeFiles/dbms.dir/Processors/Transforms/PlanSquashingTransform.cpp.o
[4948/6838] Building CXX object src/CMakeFiles/dbms.dir/Processors/Transforms/RemovingReplicatedColumnsTransform.cpp.o
[4949/6838] Building CXX object src/CMakeFiles/dbms.dir/Processors/Transforms/PasteJoinTransform.cpp.o
[4950/6838] Building CXX object src/CMakeFiles/dbms.dir/Processors/Transforms/RemovingSparseTransform.cpp.o
[4951/6838] Building CXX object src/CMakeFiles/dbms.dir/Processors/Transforms/ReverseTransform.cpp.o
[4952/6838] Building CXX object src/CMakeFiles/dbms.dir/Processors/Transforms/SaveSubqueryResultToBufferTransform.cpp.o
[4953/6838] Building CXX object src/CMakeFiles/dbms.dir/Processors/Transforms/NegativeLimitByTransform.cpp.o
[4954/6838] Building CXX object src/CMakeFiles/dbms.dir/Processors/Transforms/ScatterByPartitionTransform.cpp.o
[4955/6838] Building CXX object src/CMakeFiles/dbms.dir/Processors/Transforms/ShrinkColumnsTransform.cpp.o
[4956/6838] Building CXX object src/CMakeFiles/dbms.dir/Processors/Transforms/SortChunksBySequenceNumber.cpp.o
[4957/6838] Building CXX object src/CMakeFiles/dbms.dir/Processors/Transforms/RollupTransform.cpp.o
[4958/6838] Building CXX object src/CMakeFiles/dbms.dir/Processors/Transforms/SquashingTransform.cpp.o
[4959/6838] Building CXX object src/CMakeFiles/dbms.dir/Processors/Transforms/StreamInQueryResultCacheTransform.cpp.o
[4960/6838] Building CXX object src/CMakeFiles/dbms.dir/Processors/Transforms/TTLDeleteFilterTransform.cpp.o
[4961/6838] Building CXX object src/CMakeFiles/dbms.dir/Processors/Transforms/TTLCalcTransform.cpp.o
[4962/6838] Building CXX object src/CMakeFiles/dbms.dir/Processors/Transforms/TTLTransform.cpp.o
[4963/6838] Building CXX object src/CMakeFiles/dbms.dir/Processors/Transforms/TotalsHavingTransform.cpp.o
[4964/6838] Building CXX object src/CMakeFiles/dbms.dir/Processors/Transforms/VirtualRowTransform.cpp.o
[4965/6838] Building CXX object src/CMakeFiles/dbms.dir/Processors/Transforms/finalizeChunk.cpp.o
[4966/6838] Building CXX object src/CMakeFiles/dbms.dir/Processors/Sources/ArrowFlightSource.cpp.o
[4967/6838] Building CXX object src/CMakeFiles/dbms.dir/Processors/Sources/DelayedSource.cpp.o
[4968/6838] Building CXX object src/CMakeFiles/dbms.dir/Processors/Sources/JemallocProfileSource.cpp.o
[4969/6838] Building CXX object src/CMakeFiles/dbms.dir/Processors/Transforms/getSourceFromASTInsertQuery.cpp.o
[4970/6838] Building CXX object src/CMakeFiles/dbms.dir/Processors/Transforms/WindowTransform.cpp.o
[4971/6838] Building CXX object src/CMakeFiles/dbms.dir/Processors/Sources/LazyReadFromFileSource.cpp.o
[4972/6838] Building CXX object src/CMakeFiles/dbms.dir/Processors/Transforms/SortingTransform.cpp.o
[4973/6838] Building CXX object src/CMakeFiles/dbms.dir/Processors/Sources/LazyReadFromObjectStorageSource.cpp.o
[4974/6838] Building CXX object src/CMakeFiles/dbms.dir/Processors/Sources/MongoDBSource.cpp.o
[4975/6838] Building CXX object src/CMakeFiles/dbms.dir/Processors/Sources/MySQLSource.cpp.o
[4976/6838] Building CXX object src/CMakeFiles/dbms.dir/Processors/Sources/LazyReadFromMergeTreeSource.cpp.o
[4977/6838] Building CXX object src/CMakeFiles/dbms.dir/Processors/Sources/PostgreSQLSource.cpp.o
[4978/6838] Building CXX object src/CMakeFiles/dbms.dir/Processors/Sources/NativeCompressedSource.cpp.o
[4979/6838] Building CXX object src/CMakeFiles/dbms.dir/Processors/Sources/ReadFromDistributedPlanSource.cpp.o
[4980/6838] Building CXX object src/CMakeFiles/dbms.dir/Processors/Sources/LazyUnorderedReadFromMergeTreeSource.cpp.o
[4981/6838] Building CXX object src/CMakeFiles/dbms.dir/Processors/Sources/SQLiteSource.cpp.o
[4982/6838] Building CXX object src/CMakeFiles/dbms.dir/Processors/Sources/LazyReadReplacingFinalSource.cpp.o
[4983/6838] Building CXX object src/CMakeFiles/dbms.dir/Processors/Sources/SourceFromChunks.cpp.o
[4984/6838] Building CXX object src/CMakeFiles/dbms.dir/Processors/Sources/RecursiveCTESource.cpp.o
[4985/6838] Building CXX object src/CMakeFiles/dbms.dir/Processors/Sources/ShellCommandSource.cpp.o
[4986/6838] Building CXX object src/CMakeFiles/dbms.dir/Processors/Sources/RemoteSource.cpp.o
[4987/6838] Building CXX object src/CMakeFiles/dbms.dir/Processors/Sources/SourceFromSingleChunk.cpp.o
[4988/6838] Building CXX object src/CMakeFiles/dbms.dir/Processors/Sinks/SinkToStorage.cpp.o
[4989/6838] Building CXX object src/CMakeFiles/dbms.dir/Processors/Sources/YTsaurusSource.cpp.o
[4990/6838] Building CXX object src/CMakeFiles/dbms.dir/Processors/Merges/IMergingTransform.cpp.o
[4991/6838] Building CXX object src/CMakeFiles/dbms.dir/Processors/Sinks/NativeCompressedSink.cpp.o
[4992/6838] Building CXX object src/CMakeFiles/dbms.dir/Processors/Merges/MergingSortedTransform.cpp.o
[4993/6838] Building CXX object src/CMakeFiles/dbms.dir/Processors/TTL/ITTLAlgorithm.cpp.o
[4994/6838] Building CXX object src/CMakeFiles/dbms.dir/Processors/TTL/TTLColumnAlgorithm.cpp.o
[4995/6838] Building CXX object src/CMakeFiles/dbms.dir/Processors/TTL/TTLDeleteAlgorithm.cpp.o
[4996/6838] Building CXX object src/CMakeFiles/dbms.dir/Processors/TTL/TTLAggregationAlgorithm.cpp.o
[4997/6838] Building CXX object src/CMakeFiles/dbms.dir/Processors/Merges/Algorithms/AggregatingSortedAlgorithm.cpp.o
[4998/6838] Building CXX object src/CMakeFiles/dbms.dir/Processors/TTL/TTLUpdateInfoAlgorithm.cpp.o
[4999/6838] Building CXX object src/CMakeFiles/dbms.dir/Processors/Merges/Algorithms/CollapsingSortedAlgorithm.cpp.o
[5000/6838] Building CXX object src/CMakeFiles/dbms.dir/Processors/Merges/Algorithms/Graphite.cpp.o
[5001/6838] Building CXX object src/CMakeFiles/dbms.dir/Processors/Merges/Algorithms/GraphiteRollupSortedAlgorithm.cpp.o
[5002/6838] Building CXX object src/CMakeFiles/dbms.dir/Processors/Merges/Algorithms/IMergingAlgorithmWithDelayedChunk.cpp.o
[5003/6838] Building CXX object src/CMakeFiles/dbms.dir/Processors/Merges/Algorithms/FinishAggregatingInOrderAlgorithm.cpp.o
[5004/6838] Building CXX object src/CMakeFiles/dbms.dir/Processors/Merges/Algorithms/MergeTreeReadInfo.cpp.o
[5005/6838] Building CXX object src/CMakeFiles/dbms.dir/Processors/Merges/Algorithms/IMergingAlgorithmWithSharedChunks.cpp.o
[5006/6838] Building CXX object src/CMakeFiles/dbms.dir/Processors/Merges/Algorithms/MergedData.cpp.o
[5007/6838] Building CXX object src/CMakeFiles/dbms.dir/Processors/Merges/Algorithms/RowRef.cpp.o
[5008/6838] Building CXX object src/CMakeFiles/dbms.dir/Processors/Merges/Algorithms/ReplacingSortedAlgorithm.cpp.o
[5009/6838] Building CXX object src/CMakeFiles/dbms.dir/Processors/Streaming/CalculateWatermarksTransform.cpp.o
[5010/6838] Building CXX object src/CMakeFiles/dbms.dir/Processors/Merges/Algorithms/VersionedCollapsingAlgorithm.cpp.o
[5011/6838] Building CXX object src/CMakeFiles/dbms.dir/Processors/Merges/Algorithms/SummingSortedAlgorithm.cpp.o
[5012/6838] Building CXX object src/CMakeFiles/dbms.dir/Processors/Streaming/Markers.cpp.o
[5013/6838] Building CXX object src/CMakeFiles/dbms.dir/Processors/Streaming/CalibrateWatermarksProcessor.cpp.o
[5014/6838] Building CXX object src/CMakeFiles/dbms.dir/Processors/Streaming/RaiseWatermarksTransform.cpp.o
[5015/6838] Building CXX object src/CMakeFiles/dbms.dir/Processors/QueryPlan/AnalyzePlanStats.cpp.o
[5016/6838] Building CXX object src/CMakeFiles/dbms.dir/Processors/QueryPlan/ArrayJoinStep.cpp.o
[5017/6838] Building CXX object src/CMakeFiles/dbms.dir/Processors/QueryPlan/BlocksMarshallingStep.cpp.o
[5018/6838] Building CXX object src/CMakeFiles/dbms.dir/Processors/QueryPlan/BroadcastExchangeStep.cpp.o
[5019/6838] Building CXX object src/CMakeFiles/dbms.dir/Processors/QueryPlan/BroadcastReceiveStep.cpp.o
[5020/6838] Building CXX object src/CMakeFiles/dbms.dir/Processors/QueryPlan/BroadcastSendStep.cpp.o
[5021/6838] Building CXX object src/CMakeFiles/dbms.dir/Processors/QueryPlan/AggregatingStep.cpp.o
[5022/6838] Building CXX object src/CMakeFiles/dbms.dir/Processors/QueryPlan/BufferChunksTransform.cpp.o
[5023/6838] Building CXX object src/CMakeFiles/dbms.dir/Processors/QueryPlan/BuildQueryPipelineSettings.cpp.o
[5024/6838] Building CXX object src/CMakeFiles/dbms.dir/Processors/QueryPlan/CommonSubplanReferenceStep.cpp.o
[5025/6838] Building CXX object src/CMakeFiles/dbms.dir/Processors/QueryPlan/CommonSubplanStep.cpp.o
[5026/6838] Building CXX object src/CMakeFiles/dbms.dir/Processors/QueryPlan/BuildRuntimeFilterStep.cpp.o
[5027/6838] Building CXX object src/CMakeFiles/dbms.dir/Processors/QueryPlan/ConvertingActions.cpp.o
[5028/6838] Building CXX object src/CMakeFiles/dbms.dir/Processors/QueryPlan/CreateSetAndFilterOnTheFlyStep.cpp.o
[5029/6838] Building CXX object src/CMakeFiles/dbms.dir/Processors/QueryPlan/CreatingSetsStep.cpp.o
[5030/6838] Building CXX object src/CMakeFiles/dbms.dir/Processors/QueryPlan/CubeStep.cpp.o
[5031/6838] Building CXX object src/CMakeFiles/dbms.dir/Processors/QueryPlan/DistinctStep.cpp.o
[5032/6838] Building CXX object src/CMakeFiles/dbms.dir/Processors/QueryPlan/DistributedCreateLocalPlan.cpp.o
[5033/6838] Building CXX object src/CMakeFiles/dbms.dir/Processors/QueryPlan/DistributedPlanSets.cpp.o
[5034/6838] Building CXX object src/CMakeFiles/dbms.dir/Processors/QueryPlan/ExtractColumnsStep.cpp.o
[5035/6838] Building CXX object src/CMakeFiles/dbms.dir/Processors/QueryPlan/ExtremesStep.cpp.o
[5036/6838] Building CXX object src/CMakeFiles/dbms.dir/Processors/QueryPlan/ExpressionStep.cpp.o
[5037/6838] Building CXX object src/CMakeFiles/dbms.dir/Processors/QueryPlan/FillingStep.cpp.o
[5038/6838] Building CXX object src/CMakeFiles/dbms.dir/Processors/QueryPlan/FractionalLimitStep.cpp.o
[5039/6838] Building CXX object src/CMakeFiles/dbms.dir/Processors/QueryPlan/FilterStep.cpp.o
[5040/6838] Building CXX object src/CMakeFiles/dbms.dir/Processors/Merges/Algorithms/MergingSortedAlgorithm.cpp.o
[5041/6838] Building CXX object src/CMakeFiles/dbms.dir/Processors/QueryPlan/FractionalOffsetStep.cpp.o
[5042/6838] Building CXX object src/CMakeFiles/dbms.dir/Processors/QueryPlan/GatherExchangeStep.cpp.o
[5043/6838] Building CXX object src/CMakeFiles/dbms.dir/Processors/QueryPlan/IQueryPlanStep.cpp.o
[5044/6838] Building CXX object src/CMakeFiles/dbms.dir/Processors/QueryPlan/IEJoinStep.cpp.o
[5045/6838] Building CXX object src/CMakeFiles/dbms.dir/Processors/QueryPlan/GatherSendStep.cpp.o
[5046/6838] Building CXX object src/CMakeFiles/dbms.dir/Processors/QueryPlan/GatherReceiveStep.cpp.o
[5047/6838] Building CXX object src/CMakeFiles/dbms.dir/Processors/QueryPlan/ISourceStep.cpp.o
[5048/6838] Building CXX object src/CMakeFiles/dbms.dir/Processors/QueryPlan/ITransformingStep.cpp.o
[5049/6838] Building CXX object src/CMakeFiles/dbms.dir/Processors/QueryPlan/InputSelectorStep.cpp.o
[5050/6838] Building CXX object src/CMakeFiles/dbms.dir/Processors/QueryPlan/JoinLazyColumnsStep.cpp.o
[5051/6838] Building CXX object src/CMakeFiles/dbms.dir/Processors/QueryPlan/IntersectOrExceptStep.cpp.o
[5052/6838] Building CXX object src/CMakeFiles/dbms.dir/Processors/QueryPlan/JoinStatsAnalyzer.cpp.o
[5053/6838] Building CXX object src/CMakeFiles/dbms.dir/Processors/QueryPlan/JoinStep.cpp.o
[5054/6838] Building CXX object src/CMakeFiles/dbms.dir/Processors/QueryPlan/LazilyReadFromFile.cpp.o
[5055/6838] Building CXX object src/CMakeFiles/dbms.dir/Processors/QueryPlan/LazilyReadFromMergeTree.cpp.o
[5056/6838] Building CXX object src/CMakeFiles/dbms.dir/Processors/QueryPlan/LazilyReadFromObjectStorage.cpp.o
[5057/6838] Building CXX object src/CMakeFiles/dbms.dir/Processors/QueryPlan/LazilyUnorderedReadFromMergeTree.cpp.o
[5058/6838] Building CXX object src/CMakeFiles/dbms.dir/Processors/QueryPlan/JoinStepLogical.cpp.o
[5059/6838] Building CXX object src/CMakeFiles/dbms.dir/Processors/QueryPlan/LimitByStep.cpp.o
[5060/6838] Building CXX object src/CMakeFiles/dbms.dir/Processors/QueryPlan/LazyFinalKeyAnalysisStep.cpp.o
[5061/6838] Building CXX object src/CMakeFiles/dbms.dir/Processors/QueryPlan/LimitRangeStep.cpp.o
[5062/6838] Building CXX object src/CMakeFiles/dbms.dir/Processors/QueryPlan/MaterializingCTEStep.cpp.o
[5063/6838] Building CXX object src/CMakeFiles/dbms.dir/Processors/QueryPlan/LazyReadReplacingFinalStep.cpp.o
[5064/6838] Building CXX object src/CMakeFiles/dbms.dir/Processors/QueryPlan/LimitStep.cpp.o
[5065/6838] Building CXX object src/CMakeFiles/dbms.dir/Processors/QueryPlan/NegativeLimitByStep.cpp.o
[5066/6838] Building CXX object src/CMakeFiles/dbms.dir/Processors/QueryPlan/NegativeLimitStep.cpp.o
[5067/6838] Building CXX object src/CMakeFiles/dbms.dir/Processors/QueryPlan/MergingAggregatedStep.cpp.o
[5068/6838] Building CXX object src/CMakeFiles/dbms.dir/Processors/QueryPlan/NegativeOffsetStep.cpp.o
[5069/6838] Building CXX object src/CMakeFiles/dbms.dir/Processors/QueryPlan/ObjectFilterStep.cpp.o
[5070/6838] Building CXX object src/CMakeFiles/dbms.dir/Processors/QueryPlan/ParallelReplicasSplitStep.cpp.o
[5071/6838] Building CXX object src/CMakeFiles/dbms.dir/Processors/QueryPlan/OffsetStep.cpp.o
[5072/6838] Building CXX object src/CMakeFiles/dbms.dir/Processors/QueryPlan/MergeTreeFinalMerge.cpp.o
[5073/6838] Building CXX object src/CMakeFiles/dbms.dir/Processors/QueryPlan/QueryIdHolder.cpp.o
[5074/6838] Building CXX object src/CMakeFiles/dbms.dir/Processors/QueryPlan/ParallelReplicasLocalPlan.cpp.o
[5075/6838] Building CXX object src/CMakeFiles/dbms.dir/Processors/QueryPlan/PartsSplitter.cpp.o
[5076/6838] Building CXX object src/CMakeFiles/dbms.dir/Processors/QueryPlan/QueryPlanStepRegistry.cpp.o
[5077/6838] Building CXX object src/CMakeFiles/dbms.dir/Processors/QueryPlan/QueryPlanSerializationSettings.cpp.o
[5078/6838] Building CXX object src/CMakeFiles/dbms.dir/Processors/QueryPlan/ReadFromCommonBufferStep.cpp.o
[5079/6838] Building CXX object src/CMakeFiles/dbms.dir/Processors/QueryPlan/ReadFromLocalReplica.cpp.o
[5080/6838] Building CXX object src/CMakeFiles/dbms.dir/Processors/QueryPlan/QueryPlan.cpp.o
[5081/6838] Building CXX object src/CMakeFiles/dbms.dir/Processors/QueryPlan/QueryPlanFormat.cpp.o
[5082/6838] Building CXX object src/CMakeFiles/dbms.dir/Processors/QueryPlan/ReadFromLoopStep.cpp.o
[5083/6838] Building CXX object src/CMakeFiles/dbms.dir/Processors/QueryPlan/ReadFromMemoryStorageStep.cpp.o
[5084/6838] Building CXX object src/CMakeFiles/dbms.dir/Processors/QueryPlan/ReadFromPreparedSource.cpp.o
[5085/6838] Building CXX object src/CMakeFiles/dbms.dir/Processors/QueryPlan/ReadFromQueryResultCacheStep.cpp.o
[5086/6838] Building CXX object src/CMakeFiles/dbms.dir/Processors/QueryPlan/ReadFromObjectStorageStep.cpp.o
[5087/6838] Building CXX object src/CMakeFiles/dbms.dir/Processors/QueryPlan/ReadFromRecursiveCTEStep.cpp.o
[5088/6838] Building CXX object src/CMakeFiles/dbms.dir/Processors/QueryPlan/ReadFromParallelReplicas.cpp.o
[5089/6838] Building CXX object src/CMakeFiles/dbms.dir/Processors/QueryPlan/ReadFromStreamLikeEngine.cpp.o
[5090/6838] Building CXX object src/CMakeFiles/dbms.dir/Processors/QueryPlan/ReadFromSystemNumbersStep.cpp.o
[5091/6838] Building CXX object src/CMakeFiles/dbms.dir/Processors/QueryPlan/ReadFromSystemPrimesStep.cpp.o
[5092/6838] Building CXX object src/CMakeFiles/dbms.dir/Processors/QueryPlan/ReadFromTableFunctionStep.cpp.o
[5093/6838] Building CXX object src/CMakeFiles/dbms.dir/Processors/QueryPlan/ReadFromTableStep.cpp.o
[5094/6838] Building CXX object src/CMakeFiles/dbms.dir/Processors/QueryPlan/ReadFromMergeTree.cpp.o
[5095/6838] Building CXX object src/CMakeFiles/dbms.dir/Processors/QueryPlan/ReadFromRemote.cpp.o
[5096/6838] Building CXX object src/CMakeFiles/dbms.dir/Processors/QueryPlan/ReadFromTimeSeries.cpp.o
[5097/6838] Building CXX object src/CMakeFiles/dbms.dir/Processors/QueryPlan/ReadNothingStep.cpp.o
[5098/6838] Building CXX object src/CMakeFiles/dbms.dir/Processors/QueryPlan/SaveSubqueryResultToBufferStep.cpp.o
[5099/6838] Building CXX object src/CMakeFiles/dbms.dir/Processors/QueryPlan/RuntimeFilterLookup.cpp.o
[5100/6838] Building CXX object src/CMakeFiles/dbms.dir/Processors/QueryPlan/ScatterExchangeStep.cpp.o
[5101/6838] Building CXX object src/CMakeFiles/dbms.dir/Processors/QueryPlan/RollupStep.cpp.o
[5102/6838] Building CXX object src/CMakeFiles/dbms.dir/Processors/QueryPlan/ReadFromTextIndexCount.cpp.o
[5103/6838] Building CXX object src/CMakeFiles/dbms.dir/Processors/QueryPlan/ShuffleExchangeStep.cpp.o
[5104/6838] Building CXX object src/CMakeFiles/dbms.dir/Processors/QueryPlan/Serialization.cpp.o
[5105/6838] Building CXX object src/CMakeFiles/dbms.dir/Processors/QueryPlan/ShuffleReceiveStep.cpp.o
[5106/6838] Building CXX object src/CMakeFiles/dbms.dir/Processors/QueryPlan/ShuffleSendStep.cpp.o
[5107/6838] Building CXX object src/CMakeFiles/dbms.dir/Processors/QueryPlan/SetsSerialization.cpp.o
[5108/6838] Building CXX object src/CMakeFiles/dbms.dir/Processors/QueryPlan/StepAnalyzeInfo.cpp.o
[5109/6838] Building CXX object src/CMakeFiles/dbms.dir/Processors/QueryPlan/StepStatsAnalyzer.cpp.o
[5110/6838] Building CXX object src/CMakeFiles/dbms.dir/Processors/QueryPlan/StreamInQueryResultCacheStep.cpp.o
[5111/6838] Building CXX object src/CMakeFiles/dbms.dir/Processors/QueryPlan/SourceStepWithFilter.cpp.o
[5112/6838] Building CXX object src/CMakeFiles/dbms.dir/Processors/QueryPlan/UnionStep.cpp.o
[5113/6838] Building CXX object src/CMakeFiles/dbms.dir/Processors/QueryPlan/TotalsHavingStep.cpp.o
[5114/6838] Building CXX object src/CMakeFiles/dbms.dir/Processors/QueryPlan/SortingStep.cpp.o
[5115/6838] Building CXX object src/CMakeFiles/dbms.dir/Processors/QueryPlan/WindowStep.cpp.o
[5116/6838] Building CXX object src/CMakeFiles/dbms.dir/Processors/QueryPlan/numbersLikeUtils.cpp.o
[5117/6838] Building CXX object src/CMakeFiles/dbms.dir/Processors/QueryPlan/Optimizations/QueryPlanOptimizationSettings.cpp.o
[5118/6838] Building CXX object src/CMakeFiles/dbms.dir/Processors/QueryPlan/resolveStorages.cpp.o
[5119/6838] Building CXX object src/CMakeFiles/dbms.dir/Processors/QueryPlan/Optimizations/Utils.cpp.o
[5120/6838] Building CXX object src/CMakeFiles/dbms.dir/Processors/QueryPlan/Optimizations/RuntimeDataflowStatistics.cpp.o
[5121/6838] Building CXX object src/CMakeFiles/dbms.dir/Processors/QueryPlan/Optimizations/addPlansForSets.cpp.o
[5122/6838] Building CXX object src/CMakeFiles/dbms.dir/Processors/QueryPlan/Optimizations/addPlansForMaterializingCTEs.cpp.o
[5123/6838] Building CXX object src/CMakeFiles/dbms.dir/Processors/QueryPlan/Optimizations/actionsDAGUtils.cpp.o
[5124/6838] Building CXX object src/CMakeFiles/dbms.dir/Processors/QueryPlan/Optimizations/aggregationBucketTopK.cpp.o
[5125/6838] Building CXX object src/CMakeFiles/dbms.dir/Processors/QueryPlan/Optimizations/applyOrder.cpp.o
[5126/6838] Building CXX object src/CMakeFiles/dbms.dir/Processors/QueryPlan/Optimizations/applyStreamDisjointness.cpp.o
[5127/6838] Building CXX object src/CMakeFiles/dbms.dir/Processors/QueryPlan/Optimizations/conflictDetector.cpp.o
[5128/6838] Building CXX object src/CMakeFiles/dbms.dir/Processors/QueryPlan/Optimizations/calculateHashTableCacheKeys.cpp.o
[5129/6838] Building CXX object src/CMakeFiles/dbms.dir/Processors/QueryPlan/Optimizations/applyParallelReplicas.cpp.o
[5130/6838] Building CXX object src/CMakeFiles/dbms.dir/Processors/QueryPlan/Optimizations/convertAnyJoinToSemiOrAntiJoin.cpp.o
[5131/6838] Building CXX object src/CMakeFiles/dbms.dir/Processors/QueryPlan/Optimizations/convertOuterJoinToInnerJoin.cpp.o
[5132/6838] Building CXX object src/CMakeFiles/dbms.dir/Processors/QueryPlan/Optimizations/convertJoinToIn.cpp.o
[5133/6838] Building CXX object src/CMakeFiles/dbms.dir/Processors/QueryPlan/Optimizations/debugHelpers.cpp.o
[5134/6838] Building CXX object src/CMakeFiles/dbms.dir/Processors/QueryPlan/Optimizations/considerEnablingParallelReplicas.cpp.o
[5135/6838] Building CXX object src/CMakeFiles/dbms.dir/Processors/QueryPlan/Optimizations/deriveNotNullFiltersFromJoin.cpp.o
[5136/6838] Building CXX object src/CMakeFiles/dbms.dir/Processors/QueryPlan/Optimizations/fuseFilterIntoArrayJoin.cpp.o
[5137/6838] Building CXX object src/CMakeFiles/dbms.dir/Processors/QueryPlan/Optimizations/enableMemoryBoundMerging.cpp.o
[5138/6838] Building CXX object src/CMakeFiles/dbms.dir/Processors/QueryPlan/Optimizations/joinOrderBitSet.cpp.o
[5139/6838] Building CXX object src/CMakeFiles/dbms.dir/Processors/QueryPlan/Optimizations/joinOrder.cpp.o
[5140/6838] Building CXX object src/CMakeFiles/dbms.dir/Processors/QueryPlan/Optimizations/joinOrderDP.cpp.o
[5141/6838] Building CXX object src/CMakeFiles/dbms.dir/Processors/QueryPlan/Optimizations/filterPushDown.cpp.o
[5142/6838] Building CXX object src/CMakeFiles/dbms.dir/Processors/QueryPlan/Optimizations/joinOrderDPHyp.cpp.o
[5143/6838] Building CXX object src/CMakeFiles/dbms.dir/Processors/QueryPlan/Optimizations/joinOrderDPSub.cpp.o
[5144/6838] Building CXX object src/CMakeFiles/dbms.dir/Processors/QueryPlan/Optimizations/joinOrderDPSize.cpp.o
[5145/6838] Building CXX object src/CMakeFiles/dbms.dir/Processors/QueryPlan/Optimizations/keyTypeBreaksHashSharding.cpp.o
[5146/6838] Building CXX object src/CMakeFiles/dbms.dir/Processors/QueryPlan/Optimizations/joinOrderGreedy.cpp.o
[5147/6838] Building CXX object src/CMakeFiles/dbms.dir/Processors/QueryPlan/Optimizations/liftUpArrayJoin.cpp.o
[5148/6838] Building CXX object src/CMakeFiles/dbms.dir/Processors/QueryPlan/Optimizations/liftUpUnion.cpp.o
[5149/6838] Building CXX object src/CMakeFiles/dbms.dir/Processors/QueryPlan/Optimizations/liftUpFunctions.cpp.o
[5150/6838] Building CXX object src/CMakeFiles/dbms.dir/Processors/QueryPlan/Optimizations/limitPushDown.cpp.o
[5151/6838] Building CXX object src/CMakeFiles/dbms.dir/Processors/QueryPlan/Optimizations/lowerArrayJoinFunction.cpp.o
[5152/6838] Building CXX object src/CMakeFiles/dbms.dir/Processors/QueryPlan/Optimizations/mergeExpressions.cpp.o
[5153/6838] Building CXX object src/CMakeFiles/dbms.dir/Processors/QueryPlan/Optimizations/materializeQueryPlanReferences.cpp.o
[5154/6838] Building CXX object src/CMakeFiles/dbms.dir/Processors/QueryPlan/Optimizations/joinRuntimeFilter.cpp.o
[5155/6838] Building CXX object src/CMakeFiles/dbms.dir/Processors/QueryPlan/Optimizations/mergeFilterIntoJoinCondition.cpp.o
[5156/6838] Building CXX object src/CMakeFiles/dbms.dir/Processors/QueryPlan/Optimizations/optimizeGroupByTopK.cpp.o
[5157/6838] Building CXX object src/CMakeFiles/dbms.dir/Processors/QueryPlan/Optimizations/makeDistributed.cpp.o
[5158/6838] Building CXX object src/CMakeFiles/dbms.dir/Processors/QueryPlan/Optimizations/optimizeDirectReadFromTextIndex.cpp.o
[5159/6838] Building CXX object src/CMakeFiles/dbms.dir/Processors/QueryPlan/Optimizations/optimizeJoinLazyIndexing.cpp.o
[5160/6838] Building CXX object src/CMakeFiles/dbms.dir/Processors/QueryPlan/Optimizations/optimizeJoinByShards.cpp.o
[5161/6838] Building CXX object src/CMakeFiles/dbms.dir/Processors/QueryPlan/Optimizations/optimizeLimitForAggregationInOrder.cpp.o
[5162/6838] Building CXX object src/CMakeFiles/dbms.dir/Processors/QueryPlan/Optimizations/optimizeJoin.cpp.o
[5163/6838] Building CXX object src/CMakeFiles/dbms.dir/Processors/QueryPlan/Optimizations/optimizeLazyFinal.cpp.o
[5164/6838] Building CXX object src/CMakeFiles/dbms.dir/Processors/QueryPlan/Optimizations/optimizePrimaryKeyConditionAndLimit.cpp.o
[5165/6838] Building CXX object src/CMakeFiles/dbms.dir/Processors/QueryPlan/Optimizations/optimizeLazyMaterialization.cpp.o
[5166/6838] Building CXX object src/CMakeFiles/dbms.dir/Processors/QueryPlan/Optimizations/optimizePrewhere.cpp.o
[5167/6838] Building CXX object src/CMakeFiles/dbms.dir/Processors/QueryPlan/Optimizations/optimizeTopK.cpp.o
[5168/6838] Building CXX object src/CMakeFiles/dbms.dir/Processors/QueryPlan/Optimizations/optimizeTree.cpp.o
[5169/6838] Building CXX object src/CMakeFiles/dbms.dir/Processors/QueryPlan/Optimizations/optimizeReadInOrder.cpp.o
[5170/6838] Building CXX object src/CMakeFiles/dbms.dir/Processors/QueryPlan/Optimizations/partialJoinFilterPushDown.cpp.o
[5171/6838] Building CXX object src/CMakeFiles/dbms.dir/Processors/QueryPlan/Optimizations/optimizeTrivialCountFromTextIndex.cpp.o
[5172/6838] Building CXX object src/CMakeFiles/dbms.dir/Processors/QueryPlan/Optimizations/optimizeUseNormalProjection.cpp.o
[5173/6838] Building CXX object src/CMakeFiles/dbms.dir/Processors/QueryPlan/Optimizations/optimizeUseAggregateProjection.cpp.o
[5174/6838] Building CXX object src/CMakeFiles/dbms.dir/Processors/QueryPlan/Optimizations/pushDownVolumeReducingFunctions.cpp.o
[5175/6838] Building CXX object src/CMakeFiles/dbms.dir/Processors/QueryPlan/Optimizations/projectionsCommon.cpp.o
[5176/6838] Building CXX object src/CMakeFiles/dbms.dir/Processors/QueryPlan/Optimizations/propagatePredicateAcrossEquiJoin.cpp.o
[5177/6838] Building CXX object src/CMakeFiles/dbms.dir/Processors/QueryPlan/Optimizations/removeRedundantDistinct.cpp.o
[5178/6838] Building CXX object src/CMakeFiles/dbms.dir/Processors/QueryPlan/Optimizations/removeUnusedColumns.cpp.o
[5179/6838] Building CXX object src/CMakeFiles/dbms.dir/Processors/QueryPlan/Optimizations/shortCircuitConstantFalseJoin.cpp.o
[5180/6838] Building CXX object src/CMakeFiles/dbms.dir/Processors/QueryPlan/Optimizations/splitFilter.cpp.o
[5181/6838] Building CXX object src/CMakeFiles/dbms.dir/Processors/QueryPlan/Optimizations/removeRedundantSorting.cpp.o
[5182/6838] Building CXX object src/CMakeFiles/dbms.dir/Processors/QueryPlan/Optimizations/resolvePlannerOnlyFilters.cpp.o
[5183/6838] Building CXX object src/CMakeFiles/dbms.dir/Processors/QueryPlan/Optimizations/useMemoryBufferForCommonSubplanResult.cpp.o
[5184/6838] Building CXX object src/CMakeFiles/dbms.dir/Processors/QueryPlan/Optimizations/topKThroughJoin.cpp.o
[5185/6838] Building CXX object src/CMakeFiles/dbms.dir/Processors/QueryPlan/Optimizations/updateQueryConditionCache.cpp.o
[5186/6838] Building CXX object src/CMakeFiles/dbms.dir/Processors/QueryPlan/Streaming/CalculateWatermarksStep.cpp.o
[5187/6838] Building CXX object src/CMakeFiles/dbms.dir/Processors/QueryPlan/Optimizations/useDataParallelAggregation.cpp.o
[5188/6838] Building CXX object src/CMakeFiles/dbms.dir/Processors/QueryPlan/Streaming/RaiseWatermarksStep.cpp.o
[5189/6838] Building CXX object src/CMakeFiles/dbms.dir/Processors/QueryPlan/Optimizations/Cascades/CascadesParams.cpp.o
[5190/6838] Building CXX object src/CMakeFiles/dbms.dir/Processors/QueryPlan/Optimizations/useVectorSearch.cpp.o
[5191/6838] Building CXX object src/CMakeFiles/dbms.dir/Processors/QueryPlan/Optimizations/Cascades/DagNameTranslation.cpp.o
[5192/6838] Building CXX object src/CMakeFiles/dbms.dir/Processors/QueryPlan/Optimizations/useVectorSearchWithQuantizedCodes.cpp.o
[5193/6838] Building CXX object src/CMakeFiles/dbms.dir/Processors/QueryPlan/Optimizations/Cascades/Group.cpp.o
[5194/6838] Building CXX object src/CMakeFiles/dbms.dir/Processors/QueryPlan/Optimizations/Cascades/GroupExpression.cpp.o
[5195/6838] Building CXX object src/CMakeFiles/dbms.dir/Processors/QueryPlan/Optimizations/Cascades/Properties.cpp.o
[5196/6838] Building CXX object src/CMakeFiles/dbms.dir/Processors/QueryPlan/Optimizations/Cascades/Memo.cpp.o
[5197/6838] Building CXX object src/CMakeFiles/dbms.dir/Processors/QueryPlan/Optimizations/Cascades/Cost.cpp.o
[5198/6838] Building CXX object src/CMakeFiles/dbms.dir/Processors/QueryPlan/Optimizations/Cascades/Rule.cpp.o
[5199/6838] Building CXX object src/CMakeFiles/dbms.dir/Processors/QueryPlan/Optimizations/Cascades/Optimizer.cpp.o
[5200/6838] Building CXX object src/CMakeFiles/dbms.dir/Processors/QueryPlan/Optimizations/Cascades/RuleUtils.cpp.o
[5201/6838] Building CXX object src/CMakeFiles/dbms.dir/Processors/QueryPlan/Optimizations/Cascades/Statistics.cpp.o
[5202/6838] Building CXX object src/CMakeFiles/dbms.dir/Processors/QueryPlan/Optimizations/Cascades/Task.cpp.o
[5203/6838] Building CXX object src/CMakeFiles/dbms.dir/Processors/QueryPlan/Optimizations/Cascades/StatisticsDerivation.cpp.o
[5204/6838] Building CXX object src/CMakeFiles/dbms.dir/Processors/QueryPlan/Optimizations/Cascades/Rules/AggregationImplementations.cpp.o
[5205/6838] Building CXX object src/CMakeFiles/dbms.dir/Processors/QueryPlan/Optimizations/Cascades/Rules/AggregationPushdown.cpp.o
[5206/6838] Building CXX object src/CMakeFiles/dbms.dir/Processors/QueryPlan/Optimizations/Cascades/Rules/DistributionPassthrough.cpp.o
[5207/6838] Building CXX object src/CMakeFiles/dbms.dir/Processors/QueryPlan/Optimizations/Cascades/Rules/DistributionEnforcer.cpp.o
[5208/6838] Building CXX object src/CMakeFiles/dbms.dir/Processors/QueryPlan/Optimizations/Cascades/Rules/DefaultImplementation.cpp.o
[5209/6838] Building CXX object src/CMakeFiles/dbms.dir/Processors/QueryPlan/Optimizations/Cascades/Rules/JoinCommutativity.cpp.o
[5210/6838] Building CXX object src/CMakeFiles/dbms.dir/Processors/QueryPlan/Optimizations/Cascades/Rules/HashJoinImplementation.cpp.o
[5211/6838] Building CXX object src/CMakeFiles/dbms.dir/Processors/QueryPlan/Optimizations/Cascades/Rules/LocalReadImplementation.cpp.o
[5212/6838] Building CXX object src/CMakeFiles/dbms.dir/Processors/QueryPlan/Optimizations/Cascades/Rules/ReplicatedSubplanImplementation.cpp.o
[5213/6838] Building CXX object src/CMakeFiles/dbms.dir/Processors/QueryPlan/Optimizations/Cascades/Rules/ParallelReadImplementation.cpp.o
[5214/6838] Building CXX object src/CMakeFiles/dbms.dir/Processors/QueryPlan/Optimizations/Cascades/Rules/SortingEnforcer.cpp.o
[5215/6838] Building CXX object src/CMakeFiles/dbms.dir/Processors/QueryPlan/Optimizations/Cascades/Rules/ReplicatedReadImplementation.cpp.o
[5216/6838] Building CXX object src/CMakeFiles/dbms.dir/Processors/QueryPlan/Optimizations/Cascades/Rules/TopNImplementation.cpp.o
[5217/6838] Building CXX object src/CMakeFiles/dbms.dir/Processors/QueryPlan/Optimizations/Cascades/Rules/TwoStageTopN.cpp.o
[5218/6838] Building CXX object src/CMakeFiles/dbms.dir/Functions/UserDefined/UserDefinedExecutableFunction.cpp.o
[5219/6838] Building CXX object src/CMakeFiles/dbms.dir/Functions/UserDefined/UserDefinedExecutableFunctionDriverInvoker.cpp.o
[5220/6838] Building CXX object src/CMakeFiles/dbms.dir/Functions/UserDefined/ExternalUserDefinedExecutableFunctionsLoader.cpp.o
[5221/6838] Building CXX object src/CMakeFiles/dbms.dir/Functions/UserDefined/UserDefinedExecutableFunctionDriverRegistry.cpp.o
[5222/6838] Building CXX object src/CMakeFiles/dbms.dir/Functions/UserDefined/UserDefinedExecutableFunctionDriverUtils.cpp.o
[5223/6838] Building CXX object src/CMakeFiles/dbms.dir/Functions/UserDefined/UserDefinedSQLFunctionVisitor.cpp.o
[5224/6838] Building CXX object src/CMakeFiles/dbms.dir/Functions/UserDefined/UserDefinedExecutableFunctionFactory.cpp.o
[5225/6838] Building CXX object src/CMakeFiles/dbms.dir/Functions/UserDefined/UserDefinedSQLFunctionFactory.cpp.o
[5226/6838] Building CXX object src/CMakeFiles/dbms.dir/Functions/UserDefined/UserDefinedSQLObjectsBackup.cpp.o
[5227/6838] Building CXX object src/CMakeFiles/dbms.dir/Functions/UserDefined/UserDefinedSQLObjectsDiskStorage.cpp.o
[5228/6838] Building CXX object src/CMakeFiles/dbms.dir/Functions/UserDefined/UserDefinedSQLObjectsStorageBase.cpp.o
[5229/6838] Building CXX object src/CMakeFiles/dbms.dir/Functions/UserDefined/UserDefinedWebAssemblyScriptAbi.cpp.o
[5230/6838] Building CXX object src/CMakeFiles/dbms.dir/Functions/UserDefined/UserDefinedWebAssemblyTypeHelpers.cpp.o
[5231/6838] Building CXX object src/CMakeFiles/dbms.dir/Functions/UserDefined/UserDefinedSQLObjectsZooKeeperStorage.cpp.o
[5232/6838] Building CXX object src/CMakeFiles/dbms.dir/Functions/UserDefined/UserDefinedWebAssembly.cpp.o
[5233/6838] Building CXX object src/CMakeFiles/dbms.dir/Functions/UserDefined/createUserDefinedSQLObjectsStorage.cpp.o
[5234/6838] Building CXX object src/Dictionaries/CMakeFiles/clickhouse_dictionaries.dir/CassandraHelpers.cpp.o
[5235/6838] Building CXX object src/Dictionaries/CMakeFiles/clickhouse_dictionaries.dir/CassandraSource.cpp.o
[5236/6838] Building CXX object src/Dictionaries/CMakeFiles/clickhouse_dictionaries.dir/CassandraDictionarySource.cpp.o
[5237/6838] Building CXX object src/Dictionaries/CMakeFiles/clickhouse_dictionaries.dir/CacheDictionaryUpdateQueue.cpp.o
[5238/6838] Building CXX object src/Dictionaries/CMakeFiles/clickhouse_dictionaries.dir/CacheDictionary.cpp.o
[5239/6838] Building CXX object src/Dictionaries/CMakeFiles/clickhouse_dictionaries.dir/DictionaryPipelineExecutor.cpp.o
[5240/6838] Building CXX object src/Dictionaries/CMakeFiles/clickhouse_dictionaries.dir/DictionaryHelpers.cpp.o
[5241/6838] Building CXX object src/Dictionaries/CMakeFiles/clickhouse_dictionaries.dir/ClickHouseDictionarySource.cpp.o
[5242/6838] Building CXX object src/Dictionaries/CMakeFiles/clickhouse_dictionaries.dir/DictionarySourceHelpers.cpp.o
[5243/6838] Building CXX object src/Dictionaries/CMakeFiles/clickhouse_dictionaries.dir/DictionarySource.cpp.o
[5244/6838] Building CXX object src/Dictionaries/CMakeFiles/clickhouse_dictionaries.dir/ExternalQueryBuilder.cpp.o
[5245/6838] Building CXX object src/Dictionaries/CMakeFiles/clickhouse_dictionaries.dir/ExecutableDictionarySource.cpp.o
[5246/6838] Building CXX object src/Dictionaries/CMakeFiles/clickhouse_dictionaries.dir/ExecutablePoolDictionarySource.cpp.o
[5247/6838] Building CXX object src/Dictionaries/CMakeFiles/clickhouse_dictionaries.dir/DirectDictionary.cpp.o
[5248/6838] Building CXX object src/Dictionaries/CMakeFiles/clickhouse_dictionaries.dir/FileDictionarySource.cpp.o
[5249/6838] Building CXX object src/Dictionaries/CMakeFiles/clickhouse_dictionaries.dir/HTTPDictionarySource.cpp.o
[5250/6838] Building CXX object src/Dictionaries/CMakeFiles/clickhouse_dictionaries.dir/HierarchyDictionariesUtils.cpp.o
[5251/6838] Building CXX object src/Dictionaries/CMakeFiles/clickhouse_dictionaries.dir/FlatDictionary.cpp.o
[5252/6838] Building CXX object src/Dictionaries/CMakeFiles/clickhouse_dictionaries.dir/InvalidateQueryResponse.cpp.o
[5253/6838] Building CXX object src/Dictionaries/CMakeFiles/clickhouse_dictionaries.dir/MongoDBDictionarySource.cpp.o
[5254/6838] Building CXX object src/Dictionaries/CMakeFiles/clickhouse_dictionaries.dir/MySQLDictionarySource.cpp.o
[5255/6838] Building CXX object src/Dictionaries/CMakeFiles/clickhouse_dictionaries.dir/NaiveBayesDictionary.cpp.o
[5256/6838] Building CXX object src/Dictionaries/CMakeFiles/clickhouse_dictionaries.dir/IPAddressDictionary.cpp.o
[5257/6838] Building CXX object src/Dictionaries/CMakeFiles/clickhouse_dictionaries.dir/NullDictionarySource.cpp.o
[5258/6838] Building CXX object src/Dictionaries/CMakeFiles/clickhouse_dictionaries.dir/HashedArrayDictionary.cpp.o
[5259/6838] Building CXX object src/Dictionaries/CMakeFiles/clickhouse_dictionaries.dir/PolygonDictionary.cpp.o
[5260/6838] Building CXX object src/Dictionaries/CMakeFiles/clickhouse_dictionaries.dir/PostgreSQLDictionarySource.cpp.o
[5261/6838] Building CXX object src/Dictionaries/CMakeFiles/clickhouse_dictionaries.dir/PolygonDictionaryImplementations.cpp.o
[5262/6838] Building CXX object src/Dictionaries/CMakeFiles/clickhouse_dictionaries.dir/HashedDictionary.cpp.o
[5263/6838] Building CXX object src/Dictionaries/CMakeFiles/clickhouse_dictionaries.dir/RangeHashedDictionary.cpp.o
[5264/6838] Building CXX object src/Dictionaries/CMakeFiles/clickhouse_dictionaries.dir/PolygonDictionaryUtils.cpp.o
[5265/6838] Building CXX object src/Dictionaries/CMakeFiles/clickhouse_dictionaries.dir/RangeHashedDictionaryComplex.cpp.o
[5266/6838] Building CXX object src/Dictionaries/CMakeFiles/clickhouse_dictionaries.dir/RangeHashedDictionaryGetItemsImplFloat.cpp.o
[5267/6838] Building CXX object src/Dictionaries/CMakeFiles/clickhouse_dictionaries.dir/RangeHashedDictionaryGetItemsImplDecimal.cpp.o
[5268/6838] Building CXX object src/Dictionaries/CMakeFiles/clickhouse_dictionaries.dir/RangeHashedDictionaryGetItemsImplInt.cpp.o
[5269/6838] Building CXX object src/Dictionaries/CMakeFiles/clickhouse_dictionaries.dir/RangeHashedDictionaryGetItemsImplUInt.cpp.o
[5270/6838] Building CXX object src/Dictionaries/CMakeFiles/clickhouse_dictionaries.dir/RangeHashedDictionaryGetItemsShortCircuitImplFloat.cpp.o
[5271/6838] Building CXX object src/Dictionaries/CMakeFiles/clickhouse_dictionaries.dir/RangeHashedDictionaryGetItemsShortCircuitImplDecimal.cpp.o
[5272/6838] Building CXX object src/Dictionaries/CMakeFiles/clickhouse_dictionaries.dir/RangeHashedDictionaryGetItemsImplOthers.cpp.o
[5273/6838] Building CXX object src/Dictionaries/CMakeFiles/clickhouse_dictionaries.dir/RangeHashedDictionarySimple.cpp.o
[5274/6838] Building CXX object src/Dictionaries/CMakeFiles/clickhouse_dictionaries.dir/RangeHashedDictionaryGetItemsShortCircuitImplInt.cpp.o
[5275/6838] Building CXX object src/Dictionaries/CMakeFiles/clickhouse_dictionaries.dir/RedisDictionarySource.cpp.o
[5276/6838] Building CXX object src/Dictionaries/CMakeFiles/clickhouse_dictionaries.dir/RedisSource.cpp.o
[5277/6838] Building CXX object src/Dictionaries/CMakeFiles/clickhouse_dictionaries.dir/RangeHashedDictionaryGetItemsShortCircuitImplUInt.cpp.o
[5278/6838] Building CXX object src/Dictionaries/CMakeFiles/clickhouse_dictionaries.dir/RangeHashedDictionaryGetItemsShortCircuitImplOthers.cpp.o
[5279/6838] Building CXX object src/Dictionaries/CMakeFiles/clickhouse_dictionaries.dir/YAMLRegExpTreeDictionarySource.cpp.o
[5280/6838] Building CXX object src/Dictionaries/CMakeFiles/clickhouse_dictionaries.dir/RegExpTreeDictionary.cpp.o
[5281/6838] Building CXX object src/Dictionaries/CMakeFiles/clickhouse_dictionaries.dir/XDBCDictionarySource.cpp.o
[5282/6838] Building CXX object src/Dictionaries/CMakeFiles/clickhouse_dictionaries.dir/readInvalidateQuery.cpp.o
[5283/6838] Building CXX object src/Dictionaries/CMakeFiles/clickhouse_dictionaries.dir/registerDictionaries.cpp.o
[5284/6838] Building CXX object src/Dictionaries/CMakeFiles/clickhouse_dictionaries.dir/YTsaurusDictionarySource.cpp.o
[5285/6838] Building CXX object src/Dictionaries/CMakeFiles/clickhouse_dictionaries.dir/registerHashedDictionary.cpp.o
[5286/6838] Building CXX object src/Dictionaries/Embedded/CMakeFiles/clickhouse_dictionaries_embedded.dir/GeoDictionariesLoader.cpp.o
[5287/6838] Building CXX object src/Dictionaries/CMakeFiles/clickhouse_dictionaries.dir/registerCacheDictionaries.cpp.o
[5288/6838] Building CXX object src/Dictionaries/CMakeFiles/clickhouse_dictionaries.dir/registerRangeHashedDictionary.cpp.o
[5289/6838] Building CXX object src/Dictionaries/Embedded/CMakeFiles/clickhouse_dictionaries_embedded.dir/RegionsHierarchies.cpp.o
[5290/6838] Building CXX object src/Dictionaries/Embedded/CMakeFiles/clickhouse_dictionaries_embedded.dir/RegionsHierarchy.cpp.o
[5291/6838] Building CXX object src/Dictionaries/Embedded/CMakeFiles/clickhouse_dictionaries_embedded.dir/RegionsNames.cpp.o
[5292/6838] Building CXX object src/Dictionaries/Embedded/CMakeFiles/clickhouse_dictionaries_embedded.dir/GeodataProviders/HierarchiesProvider.cpp.o
[5293/6838] Building CXX object src/Dictionaries/Embedded/CMakeFiles/clickhouse_dictionaries_embedded.dir/GeodataProviders/HierarchyFormatReader.cpp.o
[5294/6838] Building CXX object src/Storages/System/CMakeFiles/clickhouse_storages_system.dir/StorageSystemLicenses.generated.cpp.o
[5295/6838] Building CXX object src/Dictionaries/Embedded/CMakeFiles/clickhouse_dictionaries_embedded.dir/GeodataProviders/NamesProvider.cpp.o
[5296/6838] Building CXX object src/Dictionaries/Embedded/CMakeFiles/clickhouse_dictionaries_embedded.dir/GeodataProviders/NamesFormatReader.cpp.o
[5297/6838] Linking CXX static library src/Dictionaries/Embedded/libclickhouse_dictionaries_embedded.a
[5298/6838] Building CXX object src/Storages/System/CMakeFiles/clickhouse_storages_system.dir/DatabaseTablesCursor.cpp.o
[5299/6838] Building CXX object src/Storages/System/CMakeFiles/clickhouse_storages_system.dir/StatusRequestsPool.cpp.o
[5300/6838] Building CXX object src/Storages/System/CMakeFiles/clickhouse_storages_system.dir/IStorageSystemOneBlock.cpp.o
[5301/6838] Building CXX object src/Storages/System/CMakeFiles/clickhouse_storages_system.dir/StorageSystemAggregateFunctionCombinators.cpp.o
[5302/6838] Building CXX object src/Storages/System/CMakeFiles/clickhouse_storages_system.dir/StorageSystemAsyncLoader.cpp.o
[5303/6838] Building CXX object src/Storages/System/CMakeFiles/clickhouse_storages_system.dir/StorageSystemAsynchronousInserts.cpp.o
[5304/6838] Building CXX object src/Storages/System/CMakeFiles/clickhouse_storages_system.dir/StorageSystemAsynchronousMetrics.cpp.o
[5305/6838] Building CXX object src/Storages/System/CMakeFiles/clickhouse_storages_system.dir/StorageSystemBackgroundSchedulePool.cpp.o
[5306/6838] Building CXX object src/Storages/System/CMakeFiles/clickhouse_storages_system.dir/StorageSystemBuildOptions.generated.cpp.o
[5307/6838] Building CXX object src/Storages/System/CMakeFiles/clickhouse_storages_system.dir/StorageSystemBuildOptions.cpp.o
[5308/6838] Building CXX object src/Storages/System/CMakeFiles/clickhouse_storages_system.dir/StorageSystemBackups.cpp.o
[5309/6838] Building CXX object src/Storages/System/CMakeFiles/clickhouse_storages_system.dir/StorageSystemCertificates.cpp.o
[5310/6838] Building CXX object src/Storages/System/CMakeFiles/clickhouse_storages_system.dir/StorageSystemClusters.cpp.o
[5311/6838] Building CXX object src/Storages/System/CMakeFiles/clickhouse_storages_system.dir/StorageSystemCollations.cpp.o
[5312/6838] Building CXX object src/Storages/System/CMakeFiles/clickhouse_storages_system.dir/StorageSystemCodecs.cpp.o
[5313/6838] Building CXX object src/Storages/System/CMakeFiles/clickhouse_storages_system.dir/StorageSystemCompletions.cpp.o
[5314/6838] Building CXX object src/Storages/System/CMakeFiles/clickhouse_storages_system.dir/StorageSystemConstraints.cpp.o
[5315/6838] Building CXX object src/Storages/System/CMakeFiles/clickhouse_storages_system.dir/StorageSystemContributors.generated.cpp.o
[5316/6838] Building CXX object src/Storages/System/CMakeFiles/clickhouse_storages_system.dir/StorageSystemColumns.cpp.o
[5317/6838] Building CXX object src/Storages/System/CMakeFiles/clickhouse_storages_system.dir/StorageSystemContributors.cpp.o
[5318/6838] Building CXX object src/Storages/System/CMakeFiles/clickhouse_storages_system.dir/StorageSystemCurrentRoles.cpp.o
[5319/6838] Building CXX object src/Dictionaries/CMakeFiles/clickhouse_dictionaries.dir/SparseHashedDictionary.cpp.o
[5320/6838] Building CXX object src/Storages/System/CMakeFiles/clickhouse_storages_system.dir/StorageSystemDNSCache.cpp.o
[5321/6838] Building CXX object src/Storages/System/CMakeFiles/clickhouse_storages_system.dir/StorageSystemDashboardsFilesystemCache.cpp.o
[5322/6838] Building CXX object src/Storages/System/CMakeFiles/clickhouse_storages_system.dir/StorageSystemDashboards.cpp.o
[5323/6838] Building CXX object src/Storages/System/CMakeFiles/clickhouse_storages_system.dir/StorageSystemDDLWorkerQueue.cpp.o
[5324/6838] Building CXX object src/Storages/System/CMakeFiles/clickhouse_storages_system.dir/StorageSystemDataSkippingIndexTypes.cpp.o
[5325/6838] Building CXX object src/Storages/System/CMakeFiles/clickhouse_storages_system.dir/StorageSystemDataTypeFamilies.cpp.o
[5326/6838] Building CXX object src/Storages/System/CMakeFiles/clickhouse_storages_system.dir/StorageSystemDatabaseEngines.cpp.o
[5327/6838] Building CXX object src/Storages/System/CMakeFiles/clickhouse_storages_system.dir/StorageSystemDataSkippingIndices.cpp.o
[5328/6838] Building CXX object src/Storages/System/CMakeFiles/clickhouse_storages_system.dir/StorageSystemDatabases.cpp.o
[5329/6838] Building CXX object src/Storages/System/CMakeFiles/clickhouse_storages_system.dir/StorageSystemDetachedTables.cpp.o
[5330/6838] Building CXX object src/Storages/System/CMakeFiles/clickhouse_storages_system.dir/StorageSystemDatabaseReplicas.cpp.o
[5331/6838] Building CXX object src/Storages/System/CMakeFiles/clickhouse_storages_system.dir/StorageSystemDetachedParts.cpp.o
[5332/6838] Building CXX object src/Storages/System/CMakeFiles/clickhouse_storages_system.dir/StorageSystemDictionaryLayouts.cpp.o
[5333/6838] Building CXX object src/Storages/System/CMakeFiles/clickhouse_storages_system.dir/StorageSystemDictionarySources.cpp.o
[5334/6838] Building CXX object src/Storages/System/CMakeFiles/clickhouse_storages_system.dir/StorageSystemDictionaries.cpp.o
[5335/6838] Building CXX object src/Storages/System/CMakeFiles/clickhouse_storages_system.dir/StorageSystemDimensionalMetrics.cpp.o
[5336/6838] Building CXX object src/Storages/System/CMakeFiles/clickhouse_storages_system.dir/StorageSystemDiskTypes.cpp.o
[5337/6838] Building CXX object src/Storages/System/CMakeFiles/clickhouse_storages_system.dir/StorageSystemDistributionQueue.cpp.o
[5338/6838] Building CXX object src/Storages/System/CMakeFiles/clickhouse_storages_system.dir/StorageSystemDroppedTables.cpp.o
[5339/6838] Building CXX object src/Storages/System/CMakeFiles/clickhouse_storages_system.dir/StorageSystemDisks.cpp.o
[5340/6838] Building CXX object src/Storages/System/CMakeFiles/clickhouse_storages_system.dir/StorageSystemDocumentation.cpp.o
[5341/6838] Building CXX object src/Storages/System/CMakeFiles/clickhouse_storages_system.dir/StorageSystemEnabledRoles.cpp.o
[5342/6838] Building CXX object src/Storages/System/CMakeFiles/clickhouse_storages_system.dir/StorageSystemErrors.cpp.o
[5343/6838] Building CXX object src/Storages/System/CMakeFiles/clickhouse_storages_system.dir/StorageSystemDroppedTablesParts.cpp.o
[5344/6838] Building CXX object src/Storages/System/CMakeFiles/clickhouse_storages_system.dir/StorageSystemEvents.cpp.o
[5345/6838] Building CXX object src/Storages/System/CMakeFiles/clickhouse_storages_system.dir/StorageSystemFailPoints.cpp.o
[5346/6838] Building CXX object src/Storages/System/CMakeFiles/clickhouse_storages_system.dir/StorageSystemFormats.cpp.o
[5347/6838] Building CXX object src/Storages/System/CMakeFiles/clickhouse_storages_system.dir/StorageSystemFilesystemCacheSettings.cpp.o
[5348/6838] Building CXX object src/Storages/System/CMakeFiles/clickhouse_storages_system.dir/StorageSystemFilesystemCache.cpp.o
[5349/6838] Building CXX object src/Storages/System/CMakeFiles/clickhouse_storages_system.dir/StorageSystemFunctions.cpp.o
[5350/6838] Building CXX object src/Storages/System/CMakeFiles/clickhouse_storages_system.dir/StorageSystemGrants.cpp.o
[5351/6838] Building CXX object src/Storages/System/CMakeFiles/clickhouse_storages_system.dir/StorageSystemHandlers.cpp.o
[5352/6838] Building CXX object src/Storages/System/CMakeFiles/clickhouse_storages_system.dir/StorageSystemHistogramMetrics.cpp.o
[5353/6838] Building CXX object src/Storages/System/CMakeFiles/clickhouse_storages_system.dir/StorageSystemGraphite.cpp.o
[5354/6838] Building CXX object src/Storages/System/CMakeFiles/clickhouse_storages_system.dir/StorageSystemHypotheticalIndexes.cpp.o
[5355/6838] Building CXX object src/Storages/System/CMakeFiles/clickhouse_storages_system.dir/StorageSystemHypotheticalProjections.cpp.o
[5356/6838] Building CXX object src/Storages/System/CMakeFiles/clickhouse_storages_system.dir/StorageSystemInstrumentation.cpp.o
[5357/6838] Building CXX object src/Storages/System/CMakeFiles/clickhouse_storages_system.dir/StorageSystemIcebergFiles.cpp.o
[5358/6838] Building CXX object src/Storages/System/CMakeFiles/clickhouse_storages_system.dir/StorageSystemJemalloc.cpp.o
[5359/6838] Building CXX object src/Storages/System/CMakeFiles/clickhouse_storages_system.dir/StorageSystemJemallocProfileText.cpp.o
[5360/6838] Building CXX object src/Storages/System/CMakeFiles/clickhouse_storages_system.dir/StorageSystemKafkaConsumers.cpp.o
[5361/6838] Building CXX object src/Storages/System/CMakeFiles/clickhouse_storages_system.dir/StorageSystemKeeperChangelogs.cpp.o
[5362/6838] Building CXX object src/Storages/System/CMakeFiles/clickhouse_storages_system.dir/StorageSystemIcebergHistory.cpp.o
[5363/6838] Building CXX object src/Storages/System/CMakeFiles/clickhouse_storages_system.dir/StorageSystemKeeperSnapshots.cpp.o
[5364/6838] Building CXX object src/Storages/System/CMakeFiles/clickhouse_storages_system.dir/StorageSystemKeeperStorage.cpp.o
[5365/6838] Building CXX object src/Storages/System/CMakeFiles/clickhouse_storages_system.dir/StorageSystemJemallocSampledAllocations.cpp.o
[5366/6838] Building CXX object src/Storages/System/CMakeFiles/clickhouse_storages_system.dir/StorageSystemJemallocStats.cpp.o
[5367/6838] Building CXX object src/Storages/System/CMakeFiles/clickhouse_storages_system.dir/StorageSystemKeeperCluster.cpp.o
[5368/6838] Building CXX object src/Storages/System/CMakeFiles/clickhouse_storages_system.dir/StorageSystemKeywords.cpp.o
[5369/6838] Building CXX object src/Storages/System/CMakeFiles/clickhouse_storages_system.dir/StorageSystemLicenses.cpp.o
[5370/6838] Building CXX object src/Storages/System/CMakeFiles/clickhouse_storages_system.dir/StorageSystemMacros.cpp.o
[5371/6838] Building CXX object src/Storages/System/CMakeFiles/clickhouse_storages_system.dir/StorageSystemMaskingPolicies.cpp.o
[5372/6838] Building CXX object src/Storages/System/CMakeFiles/clickhouse_storages_system.dir/StorageSystemMergeTreeSettings.cpp.o
[5373/6838] Building CXX object src/Storages/System/CMakeFiles/clickhouse_storages_system.dir/StorageSystemMetrics.cpp.o
[5374/6838] Building CXX object src/Storages/System/CMakeFiles/clickhouse_storages_system.dir/StorageSystemMerges.cpp.o
[5375/6838] Building CXX object src/Storages/System/CMakeFiles/clickhouse_storages_system.dir/StorageSystemMoves.cpp.o
[5376/6838] Building CXX object src/Storages/System/CMakeFiles/clickhouse_storages_system.dir/StorageSystemNamedCollections.cpp.o
[5377/6838] Building CXX object src/Storages/System/CMakeFiles/clickhouse_storages_system.dir/StorageSystemNumbers.cpp.o
[5378/6838] Building CXX object src/Storages/System/CMakeFiles/clickhouse_storages_system.dir/StorageSystemMutations.cpp.o
[5379/6838] Building CXX object src/Storages/System/CMakeFiles/clickhouse_storages_system.dir/StorageSystemObjectStorageQueueMetadata.cpp.o
[5380/6838] Building CXX object src/Storages/System/CMakeFiles/clickhouse_storages_system.dir/StorageSystemOne.cpp.o
[5381/6838] Building CXX object src/Storages/System/CMakeFiles/clickhouse_storages_system.dir/StorageSystemObjectStorageQueueSettings.cpp.o
[5382/6838] Building CXX object src/Storages/System/CMakeFiles/clickhouse_storages_system.dir/StorageSystemObjectStorageQueueMetadataCache.cpp.o
[5383/6838] Building CXX object src/Storages/System/CMakeFiles/clickhouse_storages_system.dir/StorageSystemParts.cpp.o
[5384/6838] Building CXX object src/Storages/System/CMakeFiles/clickhouse_storages_system.dir/StorageSystemPartsBase.cpp.o
[5385/6838] Building CXX object src/Storages/System/CMakeFiles/clickhouse_storages_system.dir/StorageSystemPartsColumns.cpp.o
[5386/6838] Building CXX object src/Storages/System/CMakeFiles/clickhouse_storages_system.dir/StorageSystemPartMovesBetweenShards.cpp.o
[5387/6838] Building CXX object src/Storages/System/CMakeFiles/clickhouse_storages_system.dir/StorageSystemPrimes.cpp.o
[5388/6838] Building CXX object src/Storages/System/CMakeFiles/clickhouse_storages_system.dir/StorageSystemPrivileges.cpp.o
[5389/6838] Building CXX object src/Storages/System/CMakeFiles/clickhouse_storages_system.dir/StorageSystemProcesses.cpp.o
[5390/6838] Building CXX object src/Storages/System/CMakeFiles/clickhouse_storages_system.dir/StorageSystemProjectionParts.cpp.o
[5391/6838] Building CXX object src/Storages/System/CMakeFiles/clickhouse_storages_system.dir/StorageSystemQueryConditionCache.cpp.o
[5392/6838] Building CXX object src/Storages/System/CMakeFiles/clickhouse_storages_system.dir/StorageSystemProjectionPartsColumns.cpp.o
[5393/6838] Building CXX object src/Storages/System/CMakeFiles/clickhouse_storages_system.dir/StorageSystemProjections.cpp.o
[5394/6838] Building CXX object src/Storages/System/CMakeFiles/clickhouse_storages_system.dir/StorageSystemQueryResultCache.cpp.o
[5395/6838] Building CXX object src/Storages/System/CMakeFiles/clickhouse_storages_system.dir/StorageSystemQuotaLimits.cpp.o
[5396/6838] Building CXX object src/Storages/System/CMakeFiles/clickhouse_storages_system.dir/StorageSystemQuotaUsage.cpp.o
[5397/6838] Building CXX object src/Storages/System/CMakeFiles/clickhouse_storages_system.dir/StorageSystemQuotasUsage.cpp.o
[5398/6838] Building CXX object src/Storages/System/CMakeFiles/clickhouse_storages_system.dir/StorageSystemQuotas.cpp.o
[5399/6838] Building CXX object src/Storages/System/CMakeFiles/clickhouse_storages_system.dir/StorageSystemReplicatedFetches.cpp.o
[5400/6838] Building CXX object src/Storages/System/CMakeFiles/clickhouse_storages_system.dir/StorageSystemRemoteDataPaths.cpp.o
[5401/6838] Building CXX object src/Storages/System/CMakeFiles/clickhouse_storages_system.dir/StorageSystemResources.cpp.o
[5402/6838] Building CXX object src/Storages/System/CMakeFiles/clickhouse_storages_system.dir/StorageSystemRoleGrants.cpp.o
[5403/6838] Building CXX object src/Storages/System/CMakeFiles/clickhouse_storages_system.dir/StorageSystemReplicationQueue.cpp.o
[5404/6838] Building CXX object src/Storages/System/CMakeFiles/clickhouse_storages_system.dir/StorageSystemReplicas.cpp.o
[5405/6838] Building CXX object src/Storages/System/CMakeFiles/clickhouse_storages_system.dir/StorageSystemRoles.cpp.o
[5406/6838] Building CXX object src/Storages/System/CMakeFiles/clickhouse_storages_system.dir/StorageSystemRowPolicies.cpp.o
[5407/6838] Building CXX object src/Storages/System/CMakeFiles/clickhouse_storages_system.dir/StorageSystemScheduler.cpp.o
[5408/6838] Building CXX object src/Storages/System/CMakeFiles/clickhouse_storages_system.dir/StorageSystemServerSettings.cpp.o
[5409/6838] Building CXX object src/Storages/System/CMakeFiles/clickhouse_storages_system.dir/StorageSystemSchemaInferenceCache.cpp.o
[5410/6838] Building CXX object src/Storages/System/CMakeFiles/clickhouse_storages_system.dir/StorageSystemSettings.cpp.o
[5411/6838] Building CXX object src/Storages/System/CMakeFiles/clickhouse_storages_system.dir/StorageSystemSettingsChanges.cpp.o
[5412/6838] Building CXX object src/Storages/System/CMakeFiles/clickhouse_storages_system.dir/StorageSystemSettingsProfileElements.cpp.o
[5413/6838] Building CXX object src/Storages/System/CMakeFiles/clickhouse_storages_system.dir/StorageSystemStemmers.cpp.o
[5414/6838] Building CXX object src/Storages/System/CMakeFiles/clickhouse_storages_system.dir/StorageSystemStatements.cpp.o
[5415/6838] Building CXX object src/Storages/System/CMakeFiles/clickhouse_storages_system.dir/StorageSystemSettingsProfiles.cpp.o
[5416/6838] Building CXX object src/Storages/System/CMakeFiles/clickhouse_storages_system.dir/StorageSystemStackTrace.cpp.o
[5417/6838] Building CXX object src/Storages/System/CMakeFiles/clickhouse_storages_system.dir/StorageSystemTableEngines.cpp.o
[5418/6838] Building CXX object src/Storages/System/CMakeFiles/clickhouse_storages_system.dir/StorageSystemSymbols.cpp.o
[5419/6838] Building CXX object src/Storages/System/CMakeFiles/clickhouse_storages_system.dir/StorageSystemTableFunctions.cpp.o
[5420/6838] Building CXX object src/Storages/System/CMakeFiles/clickhouse_storages_system.dir/StorageSystemStoragePolicies.cpp.o
[5421/6838] Building CXX object src/Storages/System/CMakeFiles/clickhouse_storages_system.dir/StorageSystemTimeZones.cpp.o
[5422/6838] Building CXX object src/Storages/System/CMakeFiles/clickhouse_storages_system.dir/StorageSystemTokenizers.cpp.o
[5423/6838] Building CXX object src/Storages/System/CMakeFiles/clickhouse_storages_system.dir/StorageSystemTransactions.cpp.o
[5424/6838] Building CXX object src/Storages/System/CMakeFiles/clickhouse_storages_system.dir/StorageSystemUserDefinedFunctions.cpp.o
[5425/6838] Building CXX object src/Storages/System/CMakeFiles/clickhouse_storages_system.dir/StorageSystemUserDirectories.cpp.o
[5426/6838] Building CXX object src/Storages/System/CMakeFiles/clickhouse_storages_system.dir/StorageSystemTables.cpp.o
[5427/6838] Building CXX object src/Storages/System/CMakeFiles/clickhouse_storages_system.dir/StorageSystemUserProcesses.cpp.o
[5428/6838] Building CXX object src/Storages/System/CMakeFiles/clickhouse_storages_system.dir/StorageSystemUserQueryLog.cpp.o
[5429/6838] Building CXX object src/Storages/System/CMakeFiles/clickhouse_storages_system.dir/StorageSystemWarnings.cpp.o
[5430/6838] Building CXX object src/Storages/System/CMakeFiles/clickhouse_storages_system.dir/StorageSystemViewRefreshes.cpp.o
[5431/6838] Building CXX object src/Storages/System/CMakeFiles/clickhouse_storages_system.dir/StorageSystemUsers.cpp.o
[5432/6838] Building CXX object src/Storages/System/CMakeFiles/clickhouse_storages_system.dir/StorageSystemWorkloads.cpp.o
[5433/6838] Building CXX object src/Storages/System/CMakeFiles/clickhouse_storages_system.dir/StorageSystemZeros.cpp.o
[5434/6838] Building CXX object src/Storages/System/CMakeFiles/clickhouse_storages_system.dir/StorageSystemWasmModules.cpp.o
[5435/6838] Building CXX object src/Storages/System/CMakeFiles/clickhouse_storages_system.dir/StorageSystemZooKeeperConnection.cpp.o
[5436/6838] Building CXX object src/Storages/System/CMakeFiles/clickhouse_storages_system.dir/SystemTableSourceRegistry.cpp.o
[5437/6838] Building CXX object src/Storages/System/CMakeFiles/clickhouse_storages_system.dir/StorageSystemZooKeeperWatches.cpp.o
[5438/6838] Building CXX object src/Storages/System/CMakeFiles/clickhouse_storages_system.dir/StorageSystemZooKeeperInfo.cpp.o
[5439/6838] Building CXX object src/Storages/System/CMakeFiles/clickhouse_storages_system.dir/getQueriedColumnsMaskAndHeader.cpp.o
[5440/6838] Building CXX object src/Storages/System/CMakeFiles/clickhouse_storages_system.dir/attachInformationSchemaTables.cpp.o
[5441/6838] Building CXX object src/Storages/System/CMakeFiles/clickhouse_storages_system.dir/StorageSystemZooKeeper.cpp.o
[5442/6838] Building CXX object src/Parsers/CMakeFiles/clickhouse_parsers.dir/ASTAlterNamedCollectionQuery.cpp.o
[5443/6838] Building CXX object src/Parsers/CMakeFiles/clickhouse_parsers.dir/ASTAssignment.cpp.o
[5444/6838] Building CXX object src/Parsers/CMakeFiles/clickhouse_parsers.dir/ASTAsterisk.cpp.o
[5445/6838] Building CXX object src/Parsers/CMakeFiles/clickhouse_parsers.dir/ASTAlterQuery.cpp.o
[5446/6838] Building CXX object src/Parsers/CMakeFiles/clickhouse_parsers.dir/ASTCheckQuery.cpp.o
[5447/6838] Building CXX object src/Parsers/CMakeFiles/clickhouse_parsers.dir/ASTCollation.cpp.o
[5448/6838] Building CXX object src/Parsers/CMakeFiles/clickhouse_parsers.dir/ASTBackupQuery.cpp.o
[5449/6838] Building CXX object src/Storages/System/CMakeFiles/clickhouse_storages_system.dir/attachSystemTables.cpp.o
[5450/6838] Building CXX object src/Parsers/CMakeFiles/clickhouse_parsers.dir/ASTColumnDeclaration.cpp.o
[5451/6838] Building CXX object src/Parsers/CMakeFiles/clickhouse_parsers.dir/ASTColumnsMatcher.cpp.o
[5452/6838] Building CXX object src/Parsers/CMakeFiles/clickhouse_parsers.dir/ASTColumnsTransformers.cpp.o
[5453/6838] Building CXX object src/Parsers/CMakeFiles/clickhouse_parsers.dir/ASTCopyQuery.cpp.o
[5454/6838] Building CXX object src/Parsers/CMakeFiles/clickhouse_parsers.dir/ASTCreateFunctionWithDriverQuery.cpp.o
[5455/6838] Building CXX object src/Parsers/CMakeFiles/clickhouse_parsers.dir/ASTConstraintDeclaration.cpp.o
[5456/6838] Building CXX object src/Parsers/CMakeFiles/clickhouse_parsers.dir/ASTCreateHandlerQuery.cpp.o
[5457/6838] Building CXX object src/Parsers/CMakeFiles/clickhouse_parsers.dir/ASTCreateNamedCollectionQuery.cpp.o
[5458/6838] Building CXX object src/Parsers/CMakeFiles/clickhouse_parsers.dir/ASTCreateResourceQuery.cpp.o
[5459/6838] Building CXX object src/Parsers/CMakeFiles/clickhouse_parsers.dir/ASTCreateIndexQuery.cpp.o
[5460/6838] Building CXX object src/Parsers/CMakeFiles/clickhouse_parsers.dir/ASTCreateQuery.cpp.o
[5461/6838] Building CXX object src/Parsers/CMakeFiles/clickhouse_parsers.dir/ASTCreateWorkloadQuery.cpp.o
[5462/6838] Building CXX object src/Parsers/CMakeFiles/clickhouse_parsers.dir/ASTCreateSQLFunctionQuery.cpp.o
[5463/6838] Building CXX object src/Parsers/CMakeFiles/clickhouse_parsers.dir/ASTDatabaseOrNone.cpp.o
[5464/6838] Building CXX object src/Parsers/CMakeFiles/clickhouse_parsers.dir/ASTCreateWasmFunctionQuery.cpp.o
[5465/6838] Building CXX object src/Parsers/CMakeFiles/clickhouse_parsers.dir/ASTDescribeCacheQuery.cpp.o
[5466/6838] Building CXX object src/Parsers/CMakeFiles/clickhouse_parsers.dir/ASTDataType.cpp.o
[5467/6838] Building CXX object src/Parsers/CMakeFiles/clickhouse_parsers.dir/ASTDeleteQuery.cpp.o
[5468/6838] Building CXX object src/Parsers/CMakeFiles/clickhouse_parsers.dir/ASTDropFunctionQuery.cpp.o
[5469/6838] Building CXX object src/Parsers/CMakeFiles/clickhouse_parsers.dir/ASTDropHandlerQuery.cpp.o
[5470/6838] Building CXX object src/Parsers/CMakeFiles/clickhouse_parsers.dir/ASTDictionary.cpp.o
[5471/6838] Building CXX object src/Parsers/CMakeFiles/clickhouse_parsers.dir/ASTDictionaryAttributeDeclaration.cpp.o
[5472/6838] Building CXX object src/Parsers/CMakeFiles/clickhouse_parsers.dir/ASTDropNamedCollectionQuery.cpp.o
[5473/6838] Building CXX object src/Parsers/CMakeFiles/clickhouse_parsers.dir/ASTDropResourceQuery.cpp.o
[5474/6838] Building CXX object src/Parsers/CMakeFiles/clickhouse_parsers.dir/ASTDropIndexQuery.cpp.o
[5475/6838] Building CXX object src/Parsers/CMakeFiles/clickhouse_parsers.dir/ASTDropWorkloadQuery.cpp.o
[5476/6838] Building CXX object src/Parsers/CMakeFiles/clickhouse_parsers.dir/ASTDropQuery.cpp.o
[5477/6838] Building CXX object src/Parsers/CMakeFiles/clickhouse_parsers.dir/ASTEnumDataType.cpp.o
[5478/6838] Building CXX object src/Parsers/CMakeFiles/clickhouse_parsers.dir/ASTExplainQuery.cpp.o
[5479/6838] Building CXX object src/Parsers/CMakeFiles/clickhouse_parsers.dir/ASTExpressionList.cpp.o
[5480/6838] Building CXX object src/Parsers/CMakeFiles/clickhouse_parsers.dir/ASTForeignKeyDeclaration.cpp.o
[5481/6838] Building CXX object src/Parsers/CMakeFiles/clickhouse_parsers.dir/ASTHypotheticalObjectQuery.cpp.o
[5482/6838] Building CXX object src/Parsers/CMakeFiles/clickhouse_parsers.dir/ASTFunctionWithKeyValueArguments.cpp.o
[5483/6838] Building CXX object src/Parsers/CMakeFiles/clickhouse_parsers.dir/ASTFunction.cpp.o
[5484/6838] Building CXX object src/Parsers/CMakeFiles/clickhouse_parsers.dir/ASTFromJSON.cpp.o
[5485/6838] Building CXX object src/Parsers/CMakeFiles/clickhouse_parsers.dir/ASTIdentifier.cpp.o
[5486/6838] Building CXX object src/Parsers/CMakeFiles/clickhouse_parsers.dir/ASTIdentifierTypePair.cpp.o
[5487/6838] Building CXX object src/Parsers/CMakeFiles/clickhouse_parsers.dir/ASTIndexDeclaration.cpp.o
[5488/6838] Building CXX object src/Parsers/CMakeFiles/clickhouse_parsers.dir/ASTInsertQuery.cpp.o
[5489/6838] Building CXX object src/Parsers/CMakeFiles/clickhouse_parsers.dir/ASTJSONHelpers.cpp.o
[5490/6838] Building CXX object src/Parsers/CMakeFiles/clickhouse_parsers.dir/ASTInterpolateElement.cpp.o
[5491/6838] Building CXX object src/Parsers/CMakeFiles/clickhouse_parsers.dir/ASTJSONReadHelpers.cpp.o
[5492/6838] Building CXX object src/Parsers/CMakeFiles/clickhouse_parsers.dir/ASTKillQueryQuery.cpp.o
[5493/6838] Building CXX object src/Parsers/CMakeFiles/clickhouse_parsers.dir/ASTLiteral.cpp.o
[5494/6838] Building CXX object src/Parsers/CMakeFiles/clickhouse_parsers.dir/ASTObjectTypeArgument.cpp.o
[5495/6838] Building CXX object src/Parsers/CMakeFiles/clickhouse_parsers.dir/ASTNameTypePair.cpp.o
[5496/6838] Building CXX object src/Parsers/CMakeFiles/clickhouse_parsers.dir/ASTParallelWithQuery.cpp.o
[5497/6838] Building CXX object src/Parsers/CMakeFiles/clickhouse_parsers.dir/ASTOptimizeQuery.cpp.o
[5498/6838] Building CXX object src/Parsers/CMakeFiles/clickhouse_parsers.dir/ASTOrderByElement.cpp.o
[5499/6838] Building CXX object src/Parsers/CMakeFiles/clickhouse_parsers.dir/ASTPartition.cpp.o
[5500/6838] Building CXX object src/Parsers/CMakeFiles/clickhouse_parsers.dir/ASTProjectionDeclaration.cpp.o
[5501/6838] Building CXX object src/Parsers/CMakeFiles/clickhouse_parsers.dir/ASTProjectionSelectQuery.cpp.o
[5502/6838] Building CXX object src/Parsers/CMakeFiles/clickhouse_parsers.dir/ASTQualifiedAsterisk.cpp.o
[5503/6838] Building CXX object src/Parsers/CMakeFiles/clickhouse_parsers.dir/ASTQueryWithOnCluster.cpp.o
[5504/6838] Building CXX object src/Parsers/CMakeFiles/clickhouse_parsers.dir/ASTQueryParameter.cpp.o
[5505/6838] Building CXX object src/Parsers/CMakeFiles/clickhouse_parsers.dir/ASTQueryWithTableAndOutput.cpp.o
[5506/6838] Building CXX object src/Parsers/CMakeFiles/clickhouse_parsers.dir/ASTQueryWithOutput.cpp.o
[5507/6838] Building CXX object src/Parsers/CMakeFiles/clickhouse_parsers.dir/ASTRefreshStrategy.cpp.o
[5508/6838] Building CXX object src/Parsers/CMakeFiles/clickhouse_parsers.dir/ASTRenameQuery.cpp.o
[5509/6838] Building CXX object src/Parsers/CMakeFiles/clickhouse_parsers.dir/ASTSQLSecurity.cpp.o
[5510/6838] Building CXX object src/Parsers/CMakeFiles/clickhouse_parsers.dir/ASTSampleRatio.cpp.o
[5511/6838] Building CXX object src/Parsers/CMakeFiles/clickhouse_parsers.dir/ASTSelectIntersectExceptQuery.cpp.o
[5512/6838] Building CXX object src/Parsers/CMakeFiles/clickhouse_parsers.dir/ASTSelectQuery.cpp.o
[5513/6838] Building CXX object src/Parsers/CMakeFiles/clickhouse_parsers.dir/ASTSelectWithUnionQuery.cpp.o
[5514/6838] Building CXX object src/Parsers/CMakeFiles/clickhouse_parsers.dir/ASTShowFunctionsQuery.cpp.o
[5515/6838] Building CXX object src/Parsers/CMakeFiles/clickhouse_parsers.dir/ASTSetQuery.cpp.o
[5516/6838] Building CXX object src/Parsers/CMakeFiles/clickhouse_parsers.dir/ASTShowColumnsQuery.cpp.o
[5517/6838] Building CXX object src/Parsers/CMakeFiles/clickhouse_parsers.dir/ASTShowSettingQuery.cpp.o
[5518/6838] Building CXX object src/Parsers/CMakeFiles/clickhouse_parsers.dir/ASTShowIndexesQuery.cpp.o
[5519/6838] Building CXX object src/Parsers/CMakeFiles/clickhouse_parsers.dir/ASTSnapshotQuery.cpp.o
[5520/6838] Building CXX object src/Parsers/CMakeFiles/clickhouse_parsers.dir/ASTShowTablesQuery.cpp.o
[5521/6838] Building CXX object src/Parsers/CMakeFiles/clickhouse_parsers.dir/ASTStatisticsDeclaration.cpp.o
[5522/6838] Building CXX object src/Parsers/CMakeFiles/clickhouse_parsers.dir/ASTStreamSettings.cpp.o
[5523/6838] Building CXX object src/Parsers/CMakeFiles/clickhouse_parsers.dir/ASTSubquery.cpp.o
[5524/6838] Building CXX object src/Parsers/CMakeFiles/clickhouse_parsers.dir/ASTTTLElement.cpp.o
[5525/6838] Building CXX object src/Parsers/CMakeFiles/clickhouse_parsers.dir/ASTTableOverrides.cpp.o
[5526/6838] Building CXX object src/Parsers/CMakeFiles/clickhouse_parsers.dir/ASTSystemQuery.cpp.o
[5527/6838] Building CXX object src/Parsers/CMakeFiles/clickhouse_parsers.dir/ASTTablesInSelectQuery.cpp.o
[5528/6838] Building CXX object src/Parsers/CMakeFiles/clickhouse_parsers.dir/ASTToJSON.cpp.o
[5529/6838] Building CXX object src/Parsers/CMakeFiles/clickhouse_parsers.dir/ASTTimeInterval.cpp.o
[5530/6838] Building CXX object src/Parsers/CMakeFiles/clickhouse_parsers.dir/ASTUndropQuery.cpp.o
[5531/6838] Building CXX object src/Parsers/CMakeFiles/clickhouse_parsers.dir/ASTTransactionControl.cpp.o
[5532/6838] Building CXX object src/Parsers/CMakeFiles/clickhouse_parsers.dir/ASTTupleDataType.cpp.o
[5533/6838] Building CXX object src/Parsers/CMakeFiles/clickhouse_parsers.dir/ASTUseQuery.cpp.o
[5534/6838] Building CXX object src/Parsers/CMakeFiles/clickhouse_parsers.dir/ASTUpdateQuery.cpp.o
[5535/6838] Building CXX object src/Parsers/CMakeFiles/clickhouse_parsers.dir/ASTWithAlias.cpp.o
[5536/6838] Building CXX object src/Parsers/CMakeFiles/clickhouse_parsers.dir/ASTViewTargets.cpp.o
[5537/6838] Building CXX object src/Parsers/CMakeFiles/clickhouse_parsers.dir/ASTWindowDefinition.cpp.o
[5538/6838] Building CXX object src/Parsers/CMakeFiles/clickhouse_parsers.dir/CommonParsers.cpp.o
[5539/6838] Building CXX object src/Parsers/CMakeFiles/clickhouse_parsers.dir/ASTWithElement.cpp.o
[5540/6838] Building CXX object src/Parsers/CMakeFiles/clickhouse_parsers.dir/CreateQueryUUIDs.cpp.o
[5541/6838] Building CXX object src/Parsers/CMakeFiles/clickhouse_parsers.dir/FieldFromAST.cpp.o
[5542/6838] Building CXX object src/Parsers/CMakeFiles/clickhouse_parsers.dir/FunctionParameterValuesVisitor.cpp.o
[5543/6838] Building CXX object src/Parsers/CMakeFiles/clickhouse_parsers.dir/FunctionSecretArgumentsFinder.cpp.o
[5544/6838] Building CXX object src/Parsers/CMakeFiles/clickhouse_parsers.dir/ExpressionListParsers.cpp.o
[5545/6838] Building CXX object src/Parsers/CMakeFiles/clickhouse_parsers.dir/ExpressionElementParsers.cpp.o
[5546/6838] Building CXX object src/Parsers/CMakeFiles/clickhouse_parsers.dir/IParserBase.cpp.o
[5547/6838] Building CXX object src/Parsers/CMakeFiles/clickhouse_parsers.dir/IParser.cpp.o
[5548/6838] Building CXX object src/Parsers/CMakeFiles/clickhouse_parsers.dir/IAST.cpp.o
[5549/6838] Building CXX object src/Parsers/CMakeFiles/clickhouse_parsers.dir/Lexer.cpp.o
[5550/6838] Building CXX object src/Parsers/CMakeFiles/clickhouse_parsers.dir/InsertQuerySettingsPushDownVisitor.cpp.o
[5551/6838] Building CXX object src/Parsers/CMakeFiles/clickhouse_parsers.dir/ParserAttachAccessEntity.cpp.o
[5552/6838] Building CXX object src/Parsers/CMakeFiles/clickhouse_parsers.dir/ParserAlterNamedCollectionQuery.cpp.o
[5553/6838] Building CXX object src/Parsers/CMakeFiles/clickhouse_parsers.dir/ParserAlterQuery.cpp.o
[5554/6838] Building CXX object src/Parsers/CMakeFiles/clickhouse_parsers.dir/ParserCase.cpp.o
[5555/6838] Building CXX object src/Parsers/CMakeFiles/clickhouse_parsers.dir/ParserBackupQuery.cpp.o
[5556/6838] Building CXX object src/Parsers/CMakeFiles/clickhouse_parsers.dir/ParserCheckQuery.cpp.o
[5557/6838] Building CXX object src/Parsers/CMakeFiles/clickhouse_parsers.dir/ParserCreateFunctionQuery.cpp.o
[5558/6838] Building CXX object src/Parsers/CMakeFiles/clickhouse_parsers.dir/ParserCreateHandlerQuery.cpp.o
[5559/6838] Building CXX object src/Parsers/CMakeFiles/clickhouse_parsers.dir/ParserCopyQuery.cpp.o
[5560/6838] Building CXX object src/Parsers/CMakeFiles/clickhouse_parsers.dir/ParserCreateIndexQuery.cpp.o
[5561/6838] Building CXX object src/Parsers/CMakeFiles/clickhouse_parsers.dir/ParserCreateWorkloadEntity.cpp.o
[5562/6838] Building CXX object src/Parsers/CMakeFiles/clickhouse_parsers.dir/ParserCreateResourceQuery.cpp.o
[5563/6838] Building CXX object src/Parsers/CMakeFiles/clickhouse_parsers.dir/ParserCreateWorkloadQuery.cpp.o
[5564/6838] Building CXX object src/Parsers/CMakeFiles/clickhouse_parsers.dir/ParserDatabaseOrNone.cpp.o
[5565/6838] Building CXX object src/Parsers/CMakeFiles/clickhouse_parsers.dir/ParserDataType.cpp.o
[5566/6838] Building CXX object src/Parsers/CMakeFiles/clickhouse_parsers.dir/ParserCreateQuery.cpp.o
[5567/6838] Building CXX object src/Parsers/CMakeFiles/clickhouse_parsers.dir/ParserDeleteQuery.cpp.o
[5568/6838] Building CXX object src/Parsers/CMakeFiles/clickhouse_parsers.dir/ParserDescribeCacheQuery.cpp.o
[5569/6838] Building CXX object src/Parsers/CMakeFiles/clickhouse_parsers.dir/ParserDescribeTableQuery.cpp.o
[5570/6838] Building CXX object src/Parsers/CMakeFiles/clickhouse_parsers.dir/ParserDropFunctionQuery.cpp.o
[5571/6838] Building CXX object src/Parsers/CMakeFiles/clickhouse_parsers.dir/ParserDictionaryAttributeDeclaration.cpp.o
[5572/6838] Building CXX object src/Parsers/CMakeFiles/clickhouse_parsers.dir/ParserDictionary.cpp.o
[5573/6838] Building CXX object src/Parsers/CMakeFiles/clickhouse_parsers.dir/ParserDropHandlerQuery.cpp.o
[5574/6838] Building CXX object src/Parsers/CMakeFiles/clickhouse_parsers.dir/ParserDropNamedCollectionQuery.cpp.o
[5575/6838] Building CXX object src/Parsers/CMakeFiles/clickhouse_parsers.dir/ParserDropIndexQuery.cpp.o
[5576/6838] Building CXX object src/Parsers/CMakeFiles/clickhouse_parsers.dir/ParserDropQuery.cpp.o
[5577/6838] Building CXX object src/Parsers/CMakeFiles/clickhouse_parsers.dir/ParserDropResourceQuery.cpp.o
[5578/6838] Building CXX object src/Parsers/CMakeFiles/clickhouse_parsers.dir/ParserDropWorkloadQuery.cpp.o
[5579/6838] Building CXX object src/Parsers/CMakeFiles/clickhouse_parsers.dir/ParserExplainQuery.cpp.o
[5580/6838] Building CXX object src/Parsers/CMakeFiles/clickhouse_parsers.dir/ParserHypotheticalObjectQuery.cpp.o
[5581/6838] Building CXX object src/Parsers/CMakeFiles/clickhouse_parsers.dir/ParserKillQueryQuery.cpp.o
[5582/6838] Building CXX object src/Parsers/CMakeFiles/clickhouse_parsers.dir/ParserInsertQuery.cpp.o
[5583/6838] Building CXX object src/Parsers/CMakeFiles/clickhouse_parsers.dir/ParserParallelWithQuery.cpp.o
[5584/6838] Building CXX object src/Parsers/CMakeFiles/clickhouse_parsers.dir/ParserOptimizeQuery.cpp.o
[5585/6838] Building CXX object src/Parsers/CMakeFiles/clickhouse_parsers.dir/ParserPartition.cpp.o
[5586/6838] Building CXX object src/Parsers/CMakeFiles/clickhouse_parsers.dir/ParserPipeOperators.cpp.o
[5587/6838] Building CXX object src/Parsers/CMakeFiles/clickhouse_parsers.dir/ParserPreparedStatement.cpp.o
[5588/6838] Building CXX object src/Parsers/CMakeFiles/clickhouse_parsers.dir/ParserProjectionSelectQuery.cpp.o
[5589/6838] Building CXX object src/Parsers/CMakeFiles/clickhouse_parsers.dir/ParserQuery.cpp.o
[5590/6838] Building CXX object src/Parsers/CMakeFiles/clickhouse_parsers.dir/ParserRefreshStrategy.cpp.o
[5591/6838] Building CXX object src/Parsers/CMakeFiles/clickhouse_parsers.dir/ParserQueryWithOutput.cpp.o
[5592/6838] Building CXX object src/Parsers/CMakeFiles/clickhouse_parsers.dir/ParserRenameQuery.cpp.o
[5593/6838] Building CXX object src/Parsers/CMakeFiles/clickhouse_parsers.dir/ParserSampleRatio.cpp.o
[5594/6838] Building CXX object src/Parsers/CMakeFiles/clickhouse_parsers.dir/ParserSelectQuery.cpp.o
[5595/6838] Building CXX object src/Parsers/CMakeFiles/clickhouse_parsers.dir/ParserSelectWithUnionQuery.cpp.o
[5596/6838] Building CXX object src/Parsers/CMakeFiles/clickhouse_parsers.dir/ParserShowColumnsQuery.cpp.o
[5597/6838] Building CXX object src/Parsers/CMakeFiles/clickhouse_parsers.dir/ParserSetQuery.cpp.o
[5598/6838] Building CXX object src/Parsers/CMakeFiles/clickhouse_parsers.dir/ParserShowFunctionsQuery.cpp.o
[5599/6838] Building CXX object src/Parsers/CMakeFiles/clickhouse_parsers.dir/ParserShowIndexesQuery.cpp.o
[5600/6838] Building CXX object src/Parsers/CMakeFiles/clickhouse_parsers.dir/ParserShowSettingQuery.cpp.o
[5601/6838] Building CXX object src/Parsers/CMakeFiles/clickhouse_parsers.dir/ParserShowTablesQuery.cpp.o
[5602/6838] Building CXX object src/Parsers/CMakeFiles/clickhouse_parsers.dir/ParserStringAndSubstitution.cpp.o
[5603/6838] Building CXX object src/Parsers/CMakeFiles/clickhouse_parsers.dir/ParserSnapshotQuery.cpp.o
[5604/6838] Building CXX object src/Parsers/CMakeFiles/clickhouse_parsers.dir/ParserStreamSettings.cpp.o
[5605/6838] Building CXX object src/Parsers/CMakeFiles/clickhouse_parsers.dir/ParserSystemQuery.cpp.o
[5606/6838] Building CXX object src/Parsers/CMakeFiles/clickhouse_parsers.dir/ParserTablePropertiesQuery.cpp.o
[5607/6838] Building CXX object src/Parsers/CMakeFiles/clickhouse_parsers.dir/ParserTimeInterval.cpp.o
[5608/6838] Building CXX object src/Parsers/CMakeFiles/clickhouse_parsers.dir/ParserTablesInSelectQuery.cpp.o
[5609/6838] Building CXX object src/Parsers/CMakeFiles/clickhouse_parsers.dir/ParserTransactionControl.cpp.o
[5610/6838] Building CXX object src/Parsers/CMakeFiles/clickhouse_parsers.dir/ParserUndropQuery.cpp.o
[5611/6838] Building CXX object src/Parsers/CMakeFiles/clickhouse_parsers.dir/ParserUnionQueryElement.cpp.o
[5612/6838] Building CXX object src/Parsers/CMakeFiles/clickhouse_parsers.dir/ParserUpdateQuery.cpp.o
[5613/6838] Building CXX object src/Parsers/CMakeFiles/clickhouse_parsers.dir/ParserUseQuery.cpp.o
[5614/6838] Building CXX object src/Parsers/CMakeFiles/clickhouse_parsers.dir/ParserWithElement.cpp.o
[5615/6838] Building CXX object src/Parsers/CMakeFiles/clickhouse_parsers.dir/SelectUnionMode.cpp.o
[5616/6838] Building CXX object src/Parsers/CMakeFiles/clickhouse_parsers.dir/QueryParameterVisitor.cpp.o
[5617/6838] Building CXX object src/Parsers/CMakeFiles/clickhouse_parsers.dir/TokenIterator.cpp.o
[5618/6838] Building CXX object src/Parsers/CMakeFiles/clickhouse_parsers.dir/StatementFactory.cpp.o
[5619/6838] Building CXX object src/Parsers/CMakeFiles/clickhouse_parsers.dir/ParserViewTargets.cpp.o
[5620/6838] Building CXX object src/Parsers/CMakeFiles/clickhouse_parsers.dir/isDiskFunction.cpp.o
[5621/6838] Building CXX object src/Parsers/CMakeFiles/clickhouse_parsers.dir/isUnquotedIdentifier.cpp.o
[5622/6838] Building CXX object src/Parsers/CMakeFiles/clickhouse_parsers.dir/formatSettingName.cpp.o
[5623/6838] Building CXX object src/Parsers/CMakeFiles/clickhouse_parsers.dir/getInsertQuery.cpp.o
[5624/6838] Building CXX object src/Parsers/CMakeFiles/clickhouse_parsers.dir/parseDatabaseAndTableName.cpp.o
[5625/6838] Building CXX object src/Parsers/CMakeFiles/clickhouse_parsers.dir/makeASTForLogicalFunction.cpp.o
[5626/6838] Building CXX object src/Parsers/CMakeFiles/clickhouse_parsers.dir/parseIntervalKind.cpp.o
[5627/6838] Building CXX object src/Parsers/CMakeFiles/clickhouse_parsers.dir/parseFieldFromCastedLiteral.cpp.o
[5628/6838] Building CXX object src/Parsers/CMakeFiles/clickhouse_parsers.dir/parseIdentifierOrStringLiteral.cpp.o
[5629/6838] Building CXX object src/Parsers/CMakeFiles/clickhouse_parsers.dir/obfuscateQueries.cpp.o
[5630/6838] Building CXX object src/Parsers/CMakeFiles/clickhouse_parsers.dir/registerStatements.cpp.o
[5631/6838] Building CXX object src/Parsers/CMakeFiles/clickhouse_parsers.dir/queryNormalization.cpp.o
[5632/6838] Building CXX object src/Parsers/CMakeFiles/clickhouse_parsers.dir/toOneLineQuery.cpp.o
[5633/6838] Building CXX object src/Parsers/CMakeFiles/clickhouse_parsers.dir/parseQuery.cpp.o
[5634/6838] Building CXX object src/Parsers/CMakeFiles/clickhouse_parsers.dir/stripQuerySettings.cpp.o
[5635/6838] Building CXX object src/Parsers/CMakeFiles/clickhouse_parsers.dir/Access/ASTCheckGrantQuery.cpp.o
[5636/6838] Building CXX object src/Parsers/CMakeFiles/clickhouse_parsers.dir/Access/ASTAuthenticationData.cpp.o
[5637/6838] Building CXX object src/Parsers/CMakeFiles/clickhouse_parsers.dir/Access/ASTCreateMaskingPolicyQuery.cpp.o
[5638/6838] Building CXX object src/Parsers/CMakeFiles/clickhouse_parsers.dir/Access/ASTCreateRoleQuery.cpp.o
[5639/6838] Building CXX object src/Parsers/CMakeFiles/clickhouse_parsers.dir/Access/ASTCreateQuotaQuery.cpp.o
[5640/6838] Building CXX object src/Parsers/CMakeFiles/clickhouse_parsers.dir/Access/ASTCreateRowPolicyQuery.cpp.o
[5641/6838] Building CXX object src/Parsers/CMakeFiles/clickhouse_parsers.dir/Access/ASTCreateSettingsProfileQuery.cpp.o
[5642/6838] Building CXX object src/Parsers/CMakeFiles/clickhouse_parsers.dir/Access/ASTCreateTokenQuery.cpp.o
[5643/6838] Building CXX object src/Parsers/CMakeFiles/clickhouse_parsers.dir/Access/ASTDropAccessEntityQuery.cpp.o
[5644/6838] Building CXX object src/Parsers/CMakeFiles/clickhouse_parsers.dir/Access/ASTCreateUserQuery.cpp.o
[5645/6838] Building CXX object src/Parsers/CMakeFiles/clickhouse_parsers.dir/Access/ASTExecuteAsQuery.cpp.o
[5646/6838] Building CXX object src/Parsers/CMakeFiles/clickhouse_parsers.dir/Access/ASTGrantQuery.cpp.o
[5647/6838] Building CXX object src/Parsers/CMakeFiles/clickhouse_parsers.dir/Access/ASTMoveAccessEntityQuery.cpp.o
[5648/6838] Building CXX object src/Parsers/CMakeFiles/clickhouse_parsers.dir/Access/ASTPublicSSHKey.cpp.o
[5649/6838] Building CXX object src/Parsers/CMakeFiles/clickhouse_parsers.dir/Access/ASTRolesOrUsersSet.cpp.o
[5650/6838] Building CXX object src/Parsers/CMakeFiles/clickhouse_parsers.dir/Access/ASTSetRoleQuery.cpp.o
[5651/6838] Building CXX object src/Parsers/CMakeFiles/clickhouse_parsers.dir/Access/ASTRowPolicyName.cpp.o
[5652/6838] Building CXX object src/Parsers/CMakeFiles/clickhouse_parsers.dir/Access/ASTSettingsProfileElement.cpp.o
[5653/6838] Building CXX object src/Parsers/CMakeFiles/clickhouse_parsers.dir/Access/ASTShowAccessEntitiesQuery.cpp.o
[5654/6838] Building CXX object src/Parsers/CMakeFiles/clickhouse_parsers.dir/Access/ASTShowCreateAccessEntityQuery.cpp.o
[5655/6838] Building CXX object src/Parsers/CMakeFiles/clickhouse_parsers.dir/Access/ASTShowGrantsQuery.cpp.o
[5656/6838] Building CXX object src/Parsers/CMakeFiles/clickhouse_parsers.dir/Access/ParserCheckGrantQuery.cpp.o
[5657/6838] Building CXX object src/Parsers/CMakeFiles/clickhouse_parsers.dir/Access/ParserCreateMaskingPolicyQuery.cpp.o
[5658/6838] Building CXX object src/Parsers/CMakeFiles/clickhouse_parsers.dir/Access/ParserCreateRoleQuery.cpp.o
[5659/6838] Building CXX object src/Parsers/CMakeFiles/clickhouse_parsers.dir/Access/ASTUserNameWithHost.cpp.o
[5660/6838] Building CXX object src/Parsers/CMakeFiles/clickhouse_parsers.dir/Access/ParserCreateQuotaQuery.cpp.o
[5661/6838] Building CXX object src/Parsers/CMakeFiles/clickhouse_parsers.dir/Access/ParserCreateSettingsProfileQuery.cpp.o
[5662/6838] Building CXX object src/Parsers/CMakeFiles/clickhouse_parsers.dir/Access/ParserCreateTokenQuery.cpp.o
[5663/6838] Building CXX object src/Parsers/CMakeFiles/clickhouse_parsers.dir/Access/ParserCreateRowPolicyQuery.cpp.o
[5664/6838] Building CXX object src/Parsers/CMakeFiles/clickhouse_parsers.dir/Access/ParserCreateUserQuery.cpp.o
[5665/6838] Building CXX object src/Parsers/CMakeFiles/clickhouse_parsers.dir/Access/ParserExecuteAsQuery.cpp.o
[5666/6838] Building CXX object src/Parsers/CMakeFiles/clickhouse_parsers.dir/Access/ParserDropAccessEntityQuery.cpp.o
[5667/6838] Building CXX object src/Parsers/CMakeFiles/clickhouse_parsers.dir/Access/ParserGrantQuery.cpp.o
[5668/6838] Building CXX object src/Parsers/CMakeFiles/clickhouse_parsers.dir/Access/ParserPublicSSHKey.cpp.o
[5669/6838] Building CXX object src/Parsers/CMakeFiles/clickhouse_parsers.dir/Access/ParserMoveAccessEntityQuery.cpp.o
[5670/6838] Building CXX object src/Parsers/CMakeFiles/clickhouse_parsers.dir/Access/ParserRowPolicyName.cpp.o
[5671/6838] Building CXX object src/Parsers/CMakeFiles/clickhouse_parsers.dir/Access/ParserRolesOrUsersSet.cpp.o
[5672/6838] Building CXX object src/Parsers/CMakeFiles/clickhouse_parsers.dir/Access/ParserSetRoleQuery.cpp.o
[5673/6838] Building CXX object src/Parsers/CMakeFiles/clickhouse_parsers.dir/Access/ParserSettingsProfileElement.cpp.o
[5674/6838] Building CXX object src/Parsers/CMakeFiles/clickhouse_parsers.dir/Access/ParserShowAccessEntitiesQuery.cpp.o
[5675/6838] Building CXX object src/Parsers/CMakeFiles/clickhouse_parsers.dir/Access/ParserShowCreateAccessEntityQuery.cpp.o
[5676/6838] Building CXX object src/Parsers/CMakeFiles/clickhouse_parsers.dir/Access/ParserShowGrantsQuery.cpp.o
[5677/6838] Building CXX object src/Parsers/CMakeFiles/clickhouse_parsers.dir/Access/ParserShowPrivilegesQuery.cpp.o
[5678/6838] Building CXX object src/Parsers/CMakeFiles/clickhouse_parsers.dir/Access/parseAccessEntityName.cpp.o
[5679/6838] Building CXX object src/Parsers/CMakeFiles/clickhouse_parsers.dir/Access/ParserUserNameWithHost.cpp.o
[5680/6838] Building CXX object src/Parsers/CMakeFiles/clickhouse_parsers.dir/Access/parseAccessRightsElements.cpp.o
[5681/6838] Building CXX object src/Parsers/CMakeFiles/clickhouse_parsers.dir/Access/parseUserName.cpp.o
[5682/6838] Building CXX object src/Parsers/CMakeFiles/clickhouse_parsers.dir/Kusto/KQLLexer.cpp.o
[5683/6838] Building CXX object src/Parsers/CMakeFiles/clickhouse_parsers.dir/Kusto/parseKQLQuery.cpp.o
[5684/6838] Building CXX object src/Parsers/CMakeFiles/clickhouse_parsers.dir/Kusto/KQLTranslator.cpp.o
[5685/6838] Building CXX object src/Parsers/CMakeFiles/clickhouse_parsers.dir/MySQL/ASTAlterCommand.cpp.o
[5686/6838] Building CXX object src/Parsers/CMakeFiles/clickhouse_parsers.dir/Kusto/KQLFunctions.cpp.o
[5687/6838] Building CXX object src/Parsers/CMakeFiles/clickhouse_parsers.dir/Kusto/KQLParser.cpp.o
[5688/6838] Building CXX object src/Parsers/CMakeFiles/clickhouse_parsers.dir/MySQL/ASTAlterQuery.cpp.o
[5689/6838] Building CXX object src/Parsers/CMakeFiles/clickhouse_parsers.dir/MySQL/ASTCreateDefines.cpp.o
[5690/6838] Building CXX object src/Parsers/CMakeFiles/clickhouse_parsers.dir/MySQL/ASTCreateQuery.cpp.o
[5691/6838] Building CXX object src/Parsers/CMakeFiles/clickhouse_parsers.dir/MySQL/ASTDeclareConstraint.cpp.o
[5692/6838] Building CXX object src/Parsers/CMakeFiles/clickhouse_parsers.dir/MySQL/ASTDeclareColumn.cpp.o
[5693/6838] Building CXX object src/Parsers/CMakeFiles/clickhouse_parsers.dir/MySQL/ASTDeclareIndex.cpp.o
[5694/6838] Building CXX object src/Parsers/CMakeFiles/clickhouse_parsers.dir/MySQL/ASTDeclarePartition.cpp.o
[5695/6838] Building CXX object src/Parsers/CMakeFiles/clickhouse_parsers.dir/MySQL/ASTDeclareOption.cpp.o
[5696/6838] Building CXX object src/Parsers/CMakeFiles/clickhouse_parsers.dir/MySQL/ASTDeclarePartitionOptions.cpp.o
[5697/6838] Building CXX object src/Parsers/CMakeFiles/clickhouse_parsers.dir/MySQL/ASTDeclareReference.cpp.o
[5698/6838] Building CXX object src/Parsers/CMakeFiles/clickhouse_parsers.dir/PRQL/ParserPRQLQuery.cpp.o
[5699/6838] Building CXX object src/Parsers/CMakeFiles/clickhouse_parsers.dir/MySQL/ASTDeclareSubPartition.cpp.o
[5700/6838] Building CXX object src/Parsers/CMakeFiles/clickhouse_parsers.dir/MySQL/ASTDeclareTableOptions.cpp.o
[5701/6838] Building CXX object src/Parsers/CMakeFiles/clickhouse_parsers.dir/MySQL/ASTDropQuery.cpp.o
[5702/6838] Building CXX object src/Parsers/CMakeFiles/clickhouse_parsers.dir/Polyglot/ParserPolyglotQuery.cpp.o
[5703/6838] Building CXX object src/Parsers/CMakeFiles/clickhouse_parsers.dir/Prometheus/PrometheusQueryParsingUtil-antlr.cpp.o
[5704/6838] Building CXX object src/Parsers/CMakeFiles/clickhouse_parsers.dir/Prometheus/ParserPrometheusQuery.cpp.o
[5705/6838] Building CXX object src/Parsers/CMakeFiles/clickhouse_parsers.dir/Prometheus/PrometheusQueryParsingUtil.cpp.o
[5706/6838] Building CXX object src/Parsers/CMakeFiles/clickhouse_parsers.dir/Prometheus/stepsInTimeSeriesRange.cpp.o
[5707/6838] Building CXX object src/Parsers/CMakeFiles/clickhouse_parsers.dir/Prometheus/parseTimeSeriesTypes.cpp.o
[5708/6838] Building CXX object src/Parsers/CMakeFiles/clickhouse_parsers.dir/Prometheus/PrometheusQueryTree.cpp.o
[5709/6838] Building CXX object src/Functions/CMakeFiles/clickhouse_functions_obj.dir/CRC.cpp.o
[5710/6838] Building CXX object src/Functions/CMakeFiles/clickhouse_functions_obj.dir/DateTimeTransforms.cpp.o
[5711/6838] Building CXX object src/Functions/CMakeFiles/clickhouse_functions_obj.dir/ComparisonParams.cpp.o
[5712/6838] Building CXX object src/Functions/CMakeFiles/clickhouse_functions_obj.dir/CancellationBudget.cpp.o
[5713/6838] Building CXX object src/Functions/CMakeFiles/clickhouse_functions_obj.dir/FunctionChar.cpp.o
[5714/6838] Building CXX object src/Functions/CMakeFiles/clickhouse_functions_obj.dir/FunctionApplyFilter.cpp.o
[5715/6838] Building CXX object src/Functions/CMakeFiles/clickhouse_functions_obj.dir/FunctionFQDN.cpp.o
[5716/6838] Building CXX object src/Functions/CMakeFiles/clickhouse_functions_obj.dir/FunctionBaseAI.cpp.o
[5717/6838] Building CXX object src/Functions/CMakeFiles/clickhouse_functions_obj.dir/FunctionFile.cpp.o
[5718/6838] Building CXX object src/Functions/CMakeFiles/clickhouse_functions_obj.dir/FunctionDictGetKeys.cpp.o
[5719/6838] Building CXX object src/Functions/CMakeFiles/clickhouse_functions_obj.dir/FunctionMD5.cpp.o
[5720/6838] Building CXX object src/Functions/CMakeFiles/clickhouse_functions_obj.dir/FunctionJoinGet.cpp.o
[5721/6838] Building CXX object src/Functions/CMakeFiles/clickhouse_functions_obj.dir/FunctionNaiveBayesNgrams.cpp.o
[5722/6838] Building CXX object src/Functions/CMakeFiles/clickhouse_functions_obj.dir/FunctionReverseBySeparator.cpp.o
[5723/6838] Building CXX object src/Functions/CMakeFiles/clickhouse_functions_obj.dir/FunctionNaiveBayesClassifier.cpp.o
[5724/6838] Building CXX object src/Functions/CMakeFiles/clickhouse_functions_obj.dir/FunctionSHA1.cpp.o
[5725/6838] Building CXX object src/Functions/CMakeFiles/clickhouse_functions_obj.dir/FunctionSQLJSON.cpp.o
[5726/6838] Building CXX object src/Functions/CMakeFiles/clickhouse_functions_obj.dir/FunctionUnixTimestamp64.cpp.o
[5727/6838] Building CXX object src/Functions/CMakeFiles/clickhouse_functions_obj.dir/FunctionShowCertificate.cpp.o
[5728/6838] Building CXX object src/Functions/CMakeFiles/clickhouse_functions_obj.dir/FunctionsAES.cpp.o
[5729/6838] Building CXX object src/Functions/CMakeFiles/clickhouse_functions_obj.dir/FunctionsCharsetClassification.cpp.o
[5730/6838] Building CXX object src/Functions/CMakeFiles/clickhouse_functions_obj.dir/FunctionsBitToArray.cpp.o
[5731/6838] Building CXX object src/Functions/CMakeFiles/clickhouse_functions_obj.dir/FunctionsBinaryRepresentation.cpp.o
[5732/6838] Building CXX object src/Functions/CMakeFiles/clickhouse_functions_obj.dir/FunctionsCodingUUID.cpp.o
[5733/6838] Building CXX object src/Functions/CMakeFiles/clickhouse_functions_obj.dir/FunctionsCodingIP.cpp.o
[5734/6838] Building CXX object src/Functions/CMakeFiles/clickhouse_functions_obj.dir/FunctionsBitmap.cpp.o
[5735/6838] Building CXX object src/Functions/CMakeFiles/clickhouse_functions_obj.dir/FunctionsEmbeddedDictionaries.cpp.o
[5736/6838] Building CXX object src/Functions/CMakeFiles/clickhouse_functions_obj.dir/FunctionsHashingInt.cpp.o
[5737/6838] Building CXX object src/Functions/CMakeFiles/clickhouse_functions_obj.dir/FunctionsExternalDictionaries.cpp.o
[5738/6838] Building CXX object src/Functions/CMakeFiles/clickhouse_functions_obj.dir/FunctionsJSON.cpp.o
[5739/6838] Building CXX object src/Functions/CMakeFiles/clickhouse_functions_obj.dir/FunctionsLanguageClassification.cpp.o
[5740/6838] Building CXX object src/Functions/CMakeFiles/clickhouse_functions_obj.dir/FunctionsHashingMurmur.cpp.o
[5741/6838] Building CXX object src/Functions/CMakeFiles/clickhouse_functions_obj.dir/FunctionsMergeTreePartInfo.cpp.o
[5742/6838] Building CXX object src/Functions/CMakeFiles/clickhouse_functions_obj.dir/FunctionsOpDate.cpp.o
[5743/6838] Building CXX object src/Functions/CMakeFiles/clickhouse_functions_obj.dir/FunctionsRandom.cpp.o
[5744/6838] Building CXX object src/Functions/CMakeFiles/clickhouse_functions_obj.dir/FunctionsConversion_reg.cpp.o
[5745/6838] Building CXX object src/Functions/CMakeFiles/clickhouse_functions_obj.dir/FunctionsStringDistance.cpp.o
[5746/6838] Building CXX object src/Functions/CMakeFiles/clickhouse_functions_obj.dir/FunctionsStringHash.cpp.o
[5747/6838] Building CXX object src/Functions/CMakeFiles/clickhouse_functions_obj.dir/FunctionsStringHashFixedString.cpp.o
[5748/6838] Building CXX object src/Functions/CMakeFiles/clickhouse_functions_obj.dir/FunctionsStringSimilarity.cpp.o
[5749/6838] Building CXX object src/Functions/CMakeFiles/clickhouse_functions_obj.dir/FunctionsTimeWindow.cpp.o
[5750/6838] Building CXX object src/Functions/CMakeFiles/clickhouse_functions_obj.dir/FunctionsTonalityClassification.cpp.o
[5751/6838] Building CXX object src/Functions/CMakeFiles/clickhouse_functions_obj.dir/FunctionsHashingMisc.cpp.o
[5752/6838] Building CXX object src/Functions/CMakeFiles/clickhouse_functions_obj.dir/GeoHash.cpp.o
[5753/6838] Building CXX object src/Functions/CMakeFiles/clickhouse_functions_obj.dir/GregorianDate.cpp.o
[5754/6838] Building CXX object src/Functions/CMakeFiles/clickhouse_functions_obj.dir/FunctionsTransactionCounters.cpp.o
[5755/6838] Building CXX object src/Functions/CMakeFiles/clickhouse_functions_obj.dir/HTMLCharacterReference.generated.cpp.o
[5756/6838] Building CXX object src/Functions/CMakeFiles/clickhouse_functions_obj.dir/HMAC.cpp.o
[5757/6838] Building CXX object src/Functions/CMakeFiles/clickhouse_functions_obj.dir/JSONAllValues.cpp.o
[5758/6838] Building CXX object src/Functions/CMakeFiles/clickhouse_functions_obj.dir/JSONArrayLength.cpp.o
[5759/6838] Building CXX object src/Functions/CMakeFiles/clickhouse_functions_obj.dir/MVTBoundingBox.cpp.o
[5760/6838] Building CXX object src/Functions/CMakeFiles/clickhouse_functions_obj.dir/JSONPaths.cpp.o
[5761/6838] Building CXX object src/Functions/CMakeFiles/clickhouse_functions_obj.dir/ULIDStringToDateTime.cpp.o
[5762/6838] Building CXX object src/Functions/CMakeFiles/clickhouse_functions_obj.dir/UTCTimestamp.cpp.o
[5763/6838] Building CXX object src/Functions/CMakeFiles/clickhouse_functions_obj.dir/UTCTimestampTransform.cpp.o
[5764/6838] Building CXX object src/Functions/CMakeFiles/clickhouse_functions_obj.dir/UTMCoordinates.cpp.o
[5765/6838] Building CXX object src/Functions/CMakeFiles/clickhouse_functions_obj.dir/MVTEncodeGeom.cpp.o
[5766/6838] Building CXX object src/Functions/CMakeFiles/clickhouse_functions_obj.dir/UUIDv7Utils.cpp.o
[5767/6838] Building CXX object src/Functions/CMakeFiles/clickhouse_functions_obj.dir/FunctionsRound.cpp.o
[5768/6838] Building CXX object src/Functions/CMakeFiles/clickhouse_functions_obj.dir/abs.cpp.o
[5769/6838] Building CXX object src/Functions/CMakeFiles/clickhouse_functions_obj.dir/acos.cpp.o
[5770/6838] Building CXX object src/Functions/CMakeFiles/clickhouse_functions_obj.dir/acosh.cpp.o
[5771/6838] Building CXX object src/Functions/CMakeFiles/clickhouse_functions_obj.dir/addHours.cpp.o
[5772/6838] Building CXX object src/Functions/CMakeFiles/clickhouse_functions_obj.dir/addDays.cpp.o
[5773/6838] Building CXX object src/Functions/CMakeFiles/clickhouse_functions_obj.dir/addMicroseconds.cpp.o
[5774/6838] Building CXX object src/Functions/CMakeFiles/clickhouse_functions_obj.dir/addMilliseconds.cpp.o
[5775/6838] Building CXX object src/Functions/CMakeFiles/clickhouse_functions_obj.dir/addMinutes.cpp.o
[5776/6838] Building CXX object src/Functions/CMakeFiles/clickhouse_functions_obj.dir/addMonths.cpp.o
[5777/6838] Building CXX object src/Functions/CMakeFiles/clickhouse_functions_obj.dir/addNanoseconds.cpp.o
[5778/6838] Building CXX object src/Functions/CMakeFiles/clickhouse_functions_obj.dir/addQuarters.cpp.o
[5779/6838] Building CXX object src/Functions/CMakeFiles/clickhouse_functions_obj.dir/addSeconds.cpp.o
[5780/6838] Building CXX object src/Functions/CMakeFiles/clickhouse_functions_obj.dir/addWeeks.cpp.o
[5781/6838] Building CXX object src/Functions/CMakeFiles/clickhouse_functions_obj.dir/addYears.cpp.o
[5782/6838] Building CXX object src/Functions/CMakeFiles/clickhouse_functions_obj.dir/addressToLine.cpp.o
[5783/6838] Building CXX object src/Functions/CMakeFiles/clickhouse_functions_obj.dir/addressToSymbol.cpp.o
[5784/6838] Building CXX object src/Functions/CMakeFiles/clickhouse_functions_obj.dir/aes_decrypt_mysql.cpp.o
[5785/6838] Building CXX object src/Functions/CMakeFiles/clickhouse_functions_obj.dir/addressToLineWithInlines.cpp.o
[5786/6838] Building CXX object src/Functions/CMakeFiles/clickhouse_functions_obj.dir/aes_encrypt_mysql.cpp.o
[5787/6838] Building CXX object src/Functions/CMakeFiles/clickhouse_functions_obj.dir/aiEmbed.cpp.o
[5788/6838] Building CXX object src/Functions/CMakeFiles/clickhouse_functions_obj.dir/aiClassify.cpp.o
[5789/6838] Building CXX object src/Functions/CMakeFiles/clickhouse_functions_obj.dir/aiExtract.cpp.o
[5790/6838] Building CXX object src/Functions/CMakeFiles/clickhouse_functions_obj.dir/aiFilter.cpp.o
[5791/6838] Building CXX object src/Functions/CMakeFiles/clickhouse_functions_obj.dir/aiGenerate.cpp.o
[5792/6838] Building CXX object src/Functions/CMakeFiles/clickhouse_functions_obj.dir/aiRedact.cpp.o
[5793/6838] Building CXX object src/Functions/CMakeFiles/clickhouse_functions_obj.dir/aiSimilarity.cpp.o
[5794/6838] Building CXX object src/Functions/CMakeFiles/clickhouse_functions_obj.dir/aiTranslate.cpp.o
[5795/6838] Building CXX object src/Functions/CMakeFiles/clickhouse_functions_obj.dir/appendTrailingCharIfAbsent.cpp.o
[5796/6838] Building CXX object src/Functions/CMakeFiles/clickhouse_functions_obj.dir/alphaTokens.cpp.o
[5797/6838] Building CXX object src/Functions/CMakeFiles/clickhouse_functions_obj.dir/arrayStringConcat.cpp.o
[5798/6838] Building CXX object src/Functions/CMakeFiles/clickhouse_functions_obj.dir/ascii.cpp.o
[5799/6838] Building CXX object src/Functions/CMakeFiles/clickhouse_functions_obj.dir/area.cpp.o
[5800/6838] Building CXX object src/Functions/CMakeFiles/clickhouse_functions_obj.dir/asin.cpp.o
[5801/6838] Building CXX object src/Functions/CMakeFiles/clickhouse_functions_obj.dir/asinh.cpp.o
[5802/6838] Building CXX object src/Functions/CMakeFiles/clickhouse_functions_obj.dir/assumeNotNull.cpp.o
[5803/6838] Building CXX object src/Functions/CMakeFiles/clickhouse_functions_obj.dir/atan.cpp.o
[5804/6838] Building CXX object src/Functions/CMakeFiles/clickhouse_functions_obj.dir/atan2.cpp.o
[5805/6838] Building CXX object src/Functions/CMakeFiles/clickhouse_functions_obj.dir/assignCentroid.cpp.o
[5806/6838] Building CXX object src/Functions/CMakeFiles/clickhouse_functions_obj.dir/atanh.cpp.o
[5807/6838] Building CXX object src/Functions/CMakeFiles/clickhouse_functions_obj.dir/authenticatedUser.cpp.o
[5808/6838] Building CXX object src/Functions/CMakeFiles/clickhouse_functions_obj.dir/bar.cpp.o
[5809/6838] Building CXX object src/Functions/CMakeFiles/clickhouse_functions_obj.dir/base32Decode.cpp.o
[5810/6838] Building CXX object src/Functions/CMakeFiles/clickhouse_functions_obj.dir/base32Encode.cpp.o
[5811/6838] Building CXX object src/Functions/CMakeFiles/clickhouse_functions_obj.dir/base58Decode.cpp.o
[5812/6838] Building CXX object src/Functions/CMakeFiles/clickhouse_functions_obj.dir/base64Decode.cpp.o
[5813/6838] Building CXX object src/Functions/CMakeFiles/clickhouse_functions_obj.dir/base64Encode.cpp.o
[5814/6838] Building CXX object src/Functions/CMakeFiles/clickhouse_functions_obj.dir/base64URLDecode.cpp.o
[5815/6838] Building CXX object src/Functions/CMakeFiles/clickhouse_functions_obj.dir/base64URLEncode.cpp.o
[5816/6838] Building CXX object src/Functions/CMakeFiles/clickhouse_functions_obj.dir/bech32.cpp.o
[5817/6838] Building CXX object src/Functions/CMakeFiles/clickhouse_functions_obj.dir/base58Encode.cpp.o
[5818/6838] Building CXX object src/Functions/CMakeFiles/clickhouse_functions_obj.dir/FunctionsNumericIndexedVector.cpp.o
[5819/6838] Building CXX object src/Functions/CMakeFiles/clickhouse_functions_obj.dir/bitAnd.cpp.o
[5820/6838] Building CXX object src/Functions/CMakeFiles/clickhouse_functions_obj.dir/bitBoolMaskAnd.cpp.o
[5821/6838] Building CXX object src/Functions/CMakeFiles/clickhouse_functions_obj.dir/bitCount.cpp.o
[5822/6838] Building CXX object src/Functions/CMakeFiles/clickhouse_functions_obj.dir/avg2.cpp.o
[5823/6838] Building CXX object src/Functions/CMakeFiles/clickhouse_functions_obj.dir/bitNot.cpp.o
[5824/6838] Building CXX object src/Functions/CMakeFiles/clickhouse_functions_obj.dir/bitBoolMaskOr.cpp.o
[5825/6838] Building CXX object src/Functions/CMakeFiles/clickhouse_functions_obj.dir/bitHammingDistance.cpp.o
[5826/6838] Building CXX object src/Functions/CMakeFiles/clickhouse_functions_obj.dir/bitOr.cpp.o
[5827/6838] Building CXX object src/Functions/CMakeFiles/clickhouse_functions_obj.dir/bitRotateLeft.cpp.o
[5828/6838] Building CXX object src/Functions/CMakeFiles/clickhouse_functions_obj.dir/bitSlice.cpp.o
[5829/6838] Building CXX object src/Functions/CMakeFiles/clickhouse_functions_obj.dir/bitRotateRight.cpp.o
[5830/6838] Building CXX object src/Functions/CMakeFiles/clickhouse_functions_obj.dir/bitSwapLastTwo.cpp.o
[5831/6838] Building CXX object src/Functions/CMakeFiles/clickhouse_functions_obj.dir/bitTestAll.cpp.o
[5832/6838] Building CXX object src/Functions/CMakeFiles/clickhouse_functions_obj.dir/bitTestAny.cpp.o
[5833/6838] Building CXX object src/Functions/CMakeFiles/clickhouse_functions_obj.dir/bitShiftLeft.cpp.o
[5834/6838] Building CXX object src/Functions/CMakeFiles/clickhouse_functions_obj.dir/bitShiftRight.cpp.o
[5835/6838] Building CXX object src/Functions/CMakeFiles/clickhouse_functions_obj.dir/bitWrapperFunc.cpp.o
[5836/6838] Building CXX object src/Functions/CMakeFiles/clickhouse_functions_obj.dir/bitTest.cpp.o
[5837/6838] Building CXX object src/Functions/CMakeFiles/clickhouse_functions_obj.dir/blockNumber.cpp.o
[5838/6838] Building CXX object src/Functions/CMakeFiles/clickhouse_functions_obj.dir/blockSerializedSize.cpp.o
[5839/6838] Building CXX object src/Functions/CMakeFiles/clickhouse_functions_obj.dir/blockSize.cpp.o
[5840/6838] Building CXX object src/Functions/CMakeFiles/clickhouse_functions_obj.dir/byteSize.cpp.o
[5841/6838] Building CXX object src/Functions/CMakeFiles/clickhouse_functions_obj.dir/caseWithExpression.cpp.o
[5842/6838] Building CXX object src/Functions/CMakeFiles/clickhouse_functions_obj.dir/byteSwap.cpp.o
[5843/6838] Building CXX object src/Functions/CMakeFiles/clickhouse_functions_obj.dir/cbrt.cpp.o
[5844/6838] Building CXX object src/Functions/CMakeFiles/clickhouse_functions_obj.dir/changeDate.cpp.o
[5845/6838] Building CXX object src/Functions/CMakeFiles/clickhouse_functions_obj.dir/clamp.cpp.o
[5846/6838] Building CXX object src/Functions/CMakeFiles/clickhouse_functions_obj.dir/castOrDefault.cpp.o
[5847/6838] Building CXX object src/Functions/CMakeFiles/clickhouse_functions_obj.dir/coalesce.cpp.o
[5848/6838] Building CXX object src/Functions/CMakeFiles/clickhouse_functions_obj.dir/colorOKLABToSRGB.cpp.o
[5849/6838] Building CXX object src/Functions/CMakeFiles/clickhouse_functions_obj.dir/colorOKLCHToSRGB.cpp.o
[5850/6838] Building CXX object src/Functions/CMakeFiles/clickhouse_functions_obj.dir/bitXor.cpp.o
[5851/6838] Building CXX object src/Functions/CMakeFiles/clickhouse_functions_obj.dir/colorSRGBToOKLAB.cpp.o
[5852/6838] Building CXX object src/Functions/CMakeFiles/clickhouse_functions_obj.dir/colorSRGBToOKLCH.cpp.o
[5853/6838] Building CXX object src/Functions/CMakeFiles/clickhouse_functions_obj.dir/compareSubstrings.cpp.o
[5854/6838] Building CXX object src/Functions/CMakeFiles/clickhouse_functions_obj.dir/concat.cpp.o
[5855/6838] Building CXX object src/Functions/CMakeFiles/clickhouse_functions_obj.dir/convertCharset.cpp.o
[5856/6838] Building CXX object src/Functions/CMakeFiles/clickhouse_functions_obj.dir/concatWithSeparator.cpp.o
[5857/6838] Building CXX object src/Functions/CMakeFiles/clickhouse_functions_obj.dir/connectionId.cpp.o
[5858/6838] Building CXX object src/Functions/CMakeFiles/clickhouse_functions_obj.dir/conv.cpp.o
[5859/6838] Building CXX object src/Functions/CMakeFiles/clickhouse_functions_obj.dir/cos.cpp.o
[5860/6838] Building CXX object src/Functions/CMakeFiles/clickhouse_functions_obj.dir/cosh.cpp.o
[5861/6838] Building CXX object src/Functions/CMakeFiles/clickhouse_functions_obj.dir/countDigits.cpp.o
[5862/6838] Building CXX object src/Functions/CMakeFiles/clickhouse_functions_obj.dir/countMatches.cpp.o
[5863/6838] Building CXX object src/Functions/CMakeFiles/clickhouse_functions_obj.dir/coverage.cpp.o
[5864/6838] Building CXX object src/Functions/CMakeFiles/clickhouse_functions_obj.dir/countSubstrings.cpp.o
[5865/6838] Building CXX object src/Functions/CMakeFiles/clickhouse_functions_obj.dir/countSubstringsCaseInsensitive.cpp.o
[5866/6838] Building CXX object src/Functions/CMakeFiles/clickhouse_functions_obj.dir/countSubstringsCaseInsensitiveUTF8.cpp.o
[5867/6838] Building CXX object src/Functions/CMakeFiles/clickhouse_functions_obj.dir/currentDatabase.cpp.o
[5868/6838] Building CXX object src/Functions/CMakeFiles/clickhouse_functions_obj.dir/currentHandler.cpp.o
[5869/6838] Building CXX object src/Functions/CMakeFiles/clickhouse_functions_obj.dir/currentQueryID.cpp.o
[5870/6838] Building CXX object src/Functions/CMakeFiles/clickhouse_functions_obj.dir/currentRequestURL.cpp.o
[5871/6838] Building CXX object src/Functions/CMakeFiles/clickhouse_functions_obj.dir/currentProfiles.cpp.o
[5872/6838] Building CXX object src/Functions/CMakeFiles/clickhouse_functions_obj.dir/currentRoles.cpp.o
[5873/6838] Building CXX object src/Functions/CMakeFiles/clickhouse_functions_obj.dir/currentUser.cpp.o
[5874/6838] Building CXX object src/Functions/CMakeFiles/clickhouse_functions_obj.dir/currentSchemas.cpp.o
[5875/6838] Building CXX object src/Functions/CMakeFiles/clickhouse_functions_obj.dir/dateTimeToUUIDv7.cpp.o
[5876/6838] Building CXX object src/Functions/CMakeFiles/clickhouse_functions_obj.dir/dateTimeToSnowflakeID.cpp.o
[5877/6838] Building CXX object src/Functions/CMakeFiles/clickhouse_functions_obj.dir/dateName.cpp.o
[5878/6838] Building CXX object src/Functions/CMakeFiles/clickhouse_functions_obj.dir/dateDiff.cpp.o
[5879/6838] Building CXX object src/Functions/CMakeFiles/clickhouse_functions_obj.dir/decodeHTMLComponent.cpp.o
[5880/6838] Building CXX object src/Functions/CMakeFiles/clickhouse_functions_obj.dir/decodeXMLComponent.cpp.o
[5881/6838] Building CXX object src/Functions/CMakeFiles/clickhouse_functions_obj.dir/date_trunc.cpp.o
[5882/6838] Building CXX object src/Functions/CMakeFiles/clickhouse_functions_obj.dir/defaultValueOfArgumentType.cpp.o
[5883/6838] Building CXX object src/Functions/CMakeFiles/clickhouse_functions_obj.dir/defaultValueOfTypeName.cpp.o
[5884/6838] Building CXX object src/Functions/CMakeFiles/clickhouse_functions_obj.dir/decrypt.cpp.o
[5885/6838] Building CXX object src/Functions/CMakeFiles/clickhouse_functions_obj.dir/degrees.cpp.o
[5886/6838] Building CXX object src/Functions/CMakeFiles/clickhouse_functions_obj.dir/digits.cpp.o
[5887/6838] Building CXX object src/Functions/CMakeFiles/clickhouse_functions_obj.dir/demangle.cpp.o
[5888/6838] Building CXX object src/Functions/CMakeFiles/clickhouse_functions_obj.dir/divideImpl.cpp.o
[5889/6838] Building CXX object src/Functions/CMakeFiles/clickhouse_functions_obj.dir/dumpColumnStructure.cpp.o
[5890/6838] Building CXX object src/Functions/CMakeFiles/clickhouse_functions_obj.dir/divideDecimal.cpp.o
[5891/6838] Building CXX object src/Functions/CMakeFiles/clickhouse_functions_obj.dir/dynamicElement.cpp.o
[5892/6838] Building CXX object src/Functions/CMakeFiles/clickhouse_functions_obj.dir/dynamicType.cpp.o
[5893/6838] Building CXX object src/Functions/CMakeFiles/clickhouse_functions_obj.dir/encodeXMLComponent.cpp.o
[5894/6838] Building CXX object src/Functions/CMakeFiles/clickhouse_functions_obj.dir/empty.cpp.o
[5895/6838] Building CXX object src/Functions/CMakeFiles/clickhouse_functions_obj.dir/encrypt.cpp.o
[5896/6838] Building CXX object src/Functions/CMakeFiles/clickhouse_functions_obj.dir/endsWith.cpp.o
[5897/6838] Building CXX object src/Functions/CMakeFiles/clickhouse_functions_obj.dir/endsWithUTF8.cpp.o
[5898/6838] Building CXX object src/Functions/CMakeFiles/clickhouse_functions_obj.dir/erf.cpp.o
[5899/6838] Building CXX object src/Functions/CMakeFiles/clickhouse_functions_obj.dir/erfc.cpp.o
[5900/6838] Building CXX object src/Functions/CMakeFiles/clickhouse_functions_obj.dir/errorCodeToName.cpp.o
[5901/6838] Building CXX object src/Functions/CMakeFiles/clickhouse_functions_obj.dir/evalMLMethod.cpp.o
[5902/6838] Building CXX object src/Functions/CMakeFiles/clickhouse_functions_obj.dir/exp.cpp.o
[5903/6838] Building CXX object src/Functions/CMakeFiles/clickhouse_functions_obj.dir/exp10.cpp.o
[5904/6838] Building CXX object src/Functions/CMakeFiles/clickhouse_functions_obj.dir/exp2.cpp.o
[5905/6838] Building CXX object src/Functions/CMakeFiles/clickhouse_functions_obj.dir/extract.cpp.o
[5906/6838] Building CXX object src/Functions/CMakeFiles/clickhouse_functions_obj.dir/extractAll.cpp.o
[5907/6838] Building CXX object src/Functions/CMakeFiles/clickhouse_functions_obj.dir/extractAllGroupsHorizontal.cpp.o
[5908/6838] Building CXX object src/Functions/CMakeFiles/clickhouse_functions_obj.dir/extractAllGroupsVertical.cpp.o
[5909/6838] Building CXX object src/Functions/CMakeFiles/clickhouse_functions_obj.dir/extractGroups.cpp.o
[5910/6838] Building CXX object src/Functions/CMakeFiles/clickhouse_functions_obj.dir/extractTextFromHTML.cpp.o
[5911/6838] Building CXX object src/Functions/CMakeFiles/clickhouse_functions_obj.dir/extractKeyValuePairs.cpp.o
[5912/6838] Building CXX object src/Functions/CMakeFiles/clickhouse_functions_obj.dir/factorial.cpp.o
[5913/6838] Building CXX object src/Functions/CMakeFiles/clickhouse_functions_obj.dir/divide.cpp.o
[5914/6838] Building CXX object src/Functions/CMakeFiles/clickhouse_functions_obj.dir/finalizeAggregation.cpp.o
[5915/6838] Building CXX object src/Functions/CMakeFiles/clickhouse_functions_obj.dir/filesystem.cpp.o
[5916/6838] Building CXX object src/Functions/CMakeFiles/clickhouse_functions_obj.dir/equals.cpp.o
[5917/6838] Building CXX object src/Functions/CMakeFiles/clickhouse_functions_obj.dir/firstLine.cpp.o
[5918/6838] Building CXX object src/Functions/CMakeFiles/clickhouse_functions_obj.dir/firstNonDefault.cpp.o
[5919/6838] Building CXX object src/Functions/CMakeFiles/clickhouse_functions_obj.dir/foldString.cpp.o
[5920/6838] Building CXX object src/Functions/CMakeFiles/clickhouse_functions_obj.dir/flattenTuple.cpp.o
[5921/6838] Building CXX object src/Functions/CMakeFiles/clickhouse_functions_obj.dir/flipCoordinates.cpp.o
[5922/6838] Building CXX object src/Functions/CMakeFiles/clickhouse_functions_obj.dir/format.cpp.o
[5923/6838] Building CXX object src/Functions/CMakeFiles/clickhouse_functions_obj.dir/formatQuery.cpp.o
[5924/6838] Building CXX object src/Functions/CMakeFiles/clickhouse_functions_obj.dir/financial.cpp.o
[5925/6838] Building CXX object src/Functions/CMakeFiles/clickhouse_functions_obj.dir/formatQueryFromJSON.cpp.o
[5926/6838] Building CXX object src/Functions/CMakeFiles/clickhouse_functions_obj.dir/formatReadableDecimalSize.cpp.o
[5927/6838] Building CXX object src/Functions/CMakeFiles/clickhouse_functions_obj.dir/formatReadableQuantity.cpp.o
[5928/6838] Building CXX object src/Functions/CMakeFiles/clickhouse_functions_obj.dir/formatReadableSize.cpp.o
[5929/6838] Building CXX object src/Functions/CMakeFiles/clickhouse_functions_obj.dir/formatReadableTimeDelta.cpp.o
[5930/6838] Building CXX object src/Functions/CMakeFiles/clickhouse_functions_obj.dir/formatRow.cpp.o
[5931/6838] Building CXX object src/Functions/CMakeFiles/clickhouse_functions_obj.dir/fromDaysSinceYearZero.cpp.o
[5932/6838] Building CXX object src/Functions/CMakeFiles/clickhouse_functions_obj.dir/fromUnixTimestamp64Micro.cpp.o
[5933/6838] Building CXX object src/Functions/CMakeFiles/clickhouse_functions_obj.dir/fromUnixTimestamp64Milli.cpp.o
[5934/6838] Building CXX object src/Functions/CMakeFiles/clickhouse_functions_obj.dir/fromModifiedJulianDay.cpp.o
[5935/6838] Building CXX object src/Functions/CMakeFiles/clickhouse_functions_obj.dir/formatDateTime.cpp.o
[5936/6838] Building CXX object src/Functions/CMakeFiles/clickhouse_functions_obj.dir/fromUnixTimestamp64Nano.cpp.o
[5937/6838] Building CXX object src/Functions/CMakeFiles/clickhouse_functions_obj.dir/fromUnixTimestamp64Second.cpp.o
[5938/6838] Building CXX object src/Functions/CMakeFiles/clickhouse_functions_obj.dir/fuzzBits.cpp.o
[5939/6838] Building CXX object src/Functions/CMakeFiles/clickhouse_functions_obj.dir/generateULID.cpp.o
[5940/6838] Building CXX object src/Functions/CMakeFiles/clickhouse_functions_obj.dir/generateUUIDv4.cpp.o
[5941/6838] Building CXX object src/Functions/CMakeFiles/clickhouse_functions_obj.dir/fuzzQuery.cpp.o
[5942/6838] Building CXX object src/Functions/CMakeFiles/clickhouse_functions_obj.dir/geoToH3.cpp.o
[5943/6838] Building CXX object src/Functions/CMakeFiles/clickhouse_functions_obj.dir/generateUUIDv7.cpp.o
[5944/6838] Building CXX object src/Functions/CMakeFiles/clickhouse_functions_obj.dir/geoToS2.cpp.o
[5945/6838] Building CXX object src/Functions/CMakeFiles/clickhouse_functions_obj.dir/generateSerialID.cpp.o
[5946/6838] Building CXX object src/Functions/CMakeFiles/clickhouse_functions_obj.dir/geoToMGRS.cpp.o
[5947/6838] Building CXX object src/Functions/CMakeFiles/clickhouse_functions_obj.dir/geoToUTM.cpp.o
[5948/6838] Building CXX object src/Functions/CMakeFiles/clickhouse_functions_obj.dir/geohashDecode.cpp.o
[5949/6838] Building CXX object src/Functions/CMakeFiles/clickhouse_functions_obj.dir/geohashEncode.cpp.o
[5950/6838] Building CXX object src/Functions/CMakeFiles/clickhouse_functions_obj.dir/getClientHTTPHeader.cpp.o
[5951/6838] Building CXX object src/Functions/CMakeFiles/clickhouse_functions_obj.dir/getFuzzerData.cpp.o
[5952/6838] Building CXX object src/Functions/CMakeFiles/clickhouse_functions_obj.dir/geohashesInBox.cpp.o
[5953/6838] Building CXX object src/Functions/CMakeFiles/clickhouse_functions_obj.dir/getMacro.cpp.o
[5954/6838] Building CXX object src/Functions/CMakeFiles/clickhouse_functions_obj.dir/gcd.cpp.o
[5955/6838] Building CXX object src/Functions/CMakeFiles/clickhouse_functions_obj.dir/getMaxTableNameLength.cpp.o
[5956/6838] Building CXX object src/Functions/CMakeFiles/clickhouse_functions_obj.dir/getMergeTreeSetting.cpp.o
[5957/6838] Building CXX object src/Functions/CMakeFiles/clickhouse_functions_obj.dir/getServerPort.cpp.o
[5958/6838] Building CXX object src/Functions/CMakeFiles/clickhouse_functions_obj.dir/getScalar.cpp.o
[5959/6838] Building CXX object src/Functions/CMakeFiles/clickhouse_functions_obj.dir/getSizeOfEnumType.cpp.o
[5960/6838] Building CXX object src/Functions/CMakeFiles/clickhouse_functions_obj.dir/getServerSetting.cpp.o
[5961/6838] Building CXX object src/Functions/CMakeFiles/clickhouse_functions_obj.dir/getSetting.cpp.o
[5962/6838] Building CXX object src/Functions/CMakeFiles/clickhouse_functions_obj.dir/getSubcolumn.cpp.o
[5963/6838] Building CXX object src/Functions/CMakeFiles/clickhouse_functions_obj.dir/getTypeSerializationStreams.cpp.o
[5964/6838] Building CXX object src/Functions/CMakeFiles/clickhouse_functions_obj.dir/globalVariable.cpp.o
[5965/6838] Building CXX object src/Functions/CMakeFiles/clickhouse_functions_obj.dir/greatCircleDistance.cpp.o
[5966/6838] Building CXX object src/Functions/CMakeFiles/clickhouse_functions_obj.dir/geometryIntersect.cpp.o
[5967/6838] Building CXX object src/Functions/CMakeFiles/clickhouse_functions_obj.dir/grouping.cpp.o
[5968/6838] Building CXX object src/Functions/CMakeFiles/clickhouse_functions_obj.dir/h3CellAreaM2.cpp.o
[5969/6838] Building CXX object src/Functions/CMakeFiles/clickhouse_functions_obj.dir/h3CellAreaRads2.cpp.o
[5970/6838] Building CXX object src/Functions/CMakeFiles/clickhouse_functions_obj.dir/h3Common.cpp.o
[5971/6838] Building CXX object src/Functions/CMakeFiles/clickhouse_functions_obj.dir/h3Distance.cpp.o
[5972/6838] Building CXX object src/Functions/CMakeFiles/clickhouse_functions_obj.dir/h3EdgeAngle.cpp.o
[5973/6838] Building CXX object src/Functions/CMakeFiles/clickhouse_functions_obj.dir/h3EdgeLengthKm.cpp.o
[5974/6838] Building CXX object src/Functions/CMakeFiles/clickhouse_functions_obj.dir/h3EdgeLengthM.cpp.o
[5975/6838] Building CXX object src/Functions/CMakeFiles/clickhouse_functions_obj.dir/h3ExactEdgeLengthKm.cpp.o
[5976/6838] Building CXX object src/Functions/CMakeFiles/clickhouse_functions_obj.dir/h3ExactEdgeLengthM.cpp.o
[5977/6838] Building CXX object src/Functions/CMakeFiles/clickhouse_functions_obj.dir/h3ExactEdgeLengthRads.cpp.o
[5978/6838] Building CXX object src/Functions/CMakeFiles/clickhouse_functions_obj.dir/h3GeometryToCells.cpp.o
[5979/6838] Building CXX object src/Functions/CMakeFiles/clickhouse_functions_obj.dir/h3GetBaseCell.cpp.o
[5980/6838] Building CXX object src/Functions/CMakeFiles/clickhouse_functions_obj.dir/h3GetDestinationIndexFromUnidirectionalEdge.cpp.o
[5981/6838] Building CXX object src/Functions/CMakeFiles/clickhouse_functions_obj.dir/h3GetFaces.cpp.o
[5982/6838] Building CXX object src/Functions/CMakeFiles/clickhouse_functions_obj.dir/h3GetIndexesFromUnidirectionalEdge.cpp.o
[5983/6838] Building CXX object src/Functions/CMakeFiles/clickhouse_functions_obj.dir/h3GetOriginIndexFromUnidirectionalEdge.cpp.o
[5984/6838] Building CXX object src/Functions/CMakeFiles/clickhouse_functions_obj.dir/h3GetPentagonIndexes.cpp.o
[5985/6838] Building CXX object src/Functions/CMakeFiles/clickhouse_functions_obj.dir/h3GetRes0Indexes.cpp.o
[5986/6838] Building CXX object src/Functions/CMakeFiles/clickhouse_functions_obj.dir/h3GetResolution.cpp.o
[5987/6838] Building CXX object src/Functions/CMakeFiles/clickhouse_functions_obj.dir/h3GetUnidirectionalEdge.cpp.o
[5988/6838] Building CXX object src/Functions/CMakeFiles/clickhouse_functions_obj.dir/h3GetUnidirectionalEdgeBoundary.cpp.o
[5989/6838] Building CXX object src/Functions/CMakeFiles/clickhouse_functions_obj.dir/h3GetUnidirectionalEdgesFromHexagon.cpp.o
[5990/6838] Building CXX object src/Functions/CMakeFiles/clickhouse_functions_obj.dir/h3HexAreaKm2.cpp.o
[5991/6838] Building CXX object src/Functions/CMakeFiles/clickhouse_functions_obj.dir/h3HexAreaM2.cpp.o
[5992/6838] Building CXX object src/Functions/CMakeFiles/clickhouse_functions_obj.dir/h3HexRing.cpp.o
[5993/6838] Building CXX object src/Functions/CMakeFiles/clickhouse_functions_obj.dir/h3IndexesAreNeighbors.cpp.o
[5994/6838] Building CXX object src/Functions/CMakeFiles/clickhouse_functions_obj.dir/h3IsPentagon.cpp.o
[5995/6838] Building CXX object src/Functions/CMakeFiles/clickhouse_functions_obj.dir/h3IsResClassIII.cpp.o
[5996/6838] Building CXX object src/Functions/CMakeFiles/clickhouse_functions_obj.dir/h3IsValid.cpp.o
[5997/6838] Building CXX object src/Functions/CMakeFiles/clickhouse_functions_obj.dir/h3Line.cpp.o
[5998/6838] Building CXX object src/Functions/CMakeFiles/clickhouse_functions_obj.dir/h3NumHexagons.cpp.o
[5999/6838] Building CXX object src/Functions/CMakeFiles/clickhouse_functions_obj.dir/h3PointDist.cpp.o
[6000/6838] Building CXX object src/Functions/CMakeFiles/clickhouse_functions_obj.dir/h3PolygonToCells.cpp.o
[6001/6838] Building CXX object src/Functions/CMakeFiles/clickhouse_functions_obj.dir/h3PolygonToCellsWithContainment.cpp.o
[6002/6838] Building CXX object src/Functions/CMakeFiles/clickhouse_functions_obj.dir/h3ToCenterChild.cpp.o
[6003/6838] Building CXX object src/Functions/CMakeFiles/clickhouse_functions_obj.dir/h3ToChildren.cpp.o
[6004/6838] Building CXX object src/Functions/CMakeFiles/clickhouse_functions_obj.dir/h3ToGeoBoundary.cpp.o
[6005/6838] Building CXX object src/Functions/CMakeFiles/clickhouse_functions_obj.dir/h3ToParent.cpp.o
[6006/6838] Building CXX object src/Functions/CMakeFiles/clickhouse_functions_obj.dir/h3ToString.cpp.o
[6007/6838] Building CXX object src/Functions/CMakeFiles/clickhouse_functions_obj.dir/h3UnidirectionalEdgeIsValid.cpp.o
[6008/6838] Building CXX object src/Functions/CMakeFiles/clickhouse_functions_obj.dir/h3kRing.cpp.o
[6009/6838] Building CXX object src/Functions/CMakeFiles/clickhouse_functions_obj.dir/h3toGeo.cpp.o
[6010/6838] Building CXX object src/Functions/CMakeFiles/clickhouse_functions_obj.dir/hasAnyAllTokens.cpp.o
[6011/6838] Building CXX object src/Functions/CMakeFiles/clickhouse_functions_obj.dir/hasColumnInTable.cpp.o
[6012/6838] Building CXX object src/Functions/CMakeFiles/clickhouse_functions_obj.dir/hasPhrase.cpp.o
[6013/6838] Building CXX object src/Functions/CMakeFiles/clickhouse_functions_obj.dir/hasSubsequence.cpp.o
[6014/6838] Building CXX object src/Functions/CMakeFiles/clickhouse_functions_obj.dir/greater.cpp.o
[6015/6838] Building CXX object src/Functions/CMakeFiles/clickhouse_functions_obj.dir/greaterOrEquals.cpp.o
[6016/6838] Building CXX object src/Functions/CMakeFiles/clickhouse_functions_obj.dir/hasSubsequenceCaseInsensitive.cpp.o
[6017/6838] Building CXX object src/Functions/CMakeFiles/clickhouse_functions_obj.dir/hasSubsequenceCaseInsensitiveUTF8.cpp.o
[6018/6838] Building CXX object src/Functions/CMakeFiles/clickhouse_functions_obj.dir/greatest.cpp.o
[6019/6838] Building CXX object src/Functions/CMakeFiles/clickhouse_functions_obj.dir/hasSubsequenceUTF8.cpp.o
[6020/6838] Building CXX object src/Functions/CMakeFiles/clickhouse_functions_obj.dir/hasThreadFuzzer.cpp.o
[6021/6838] Building CXX object src/Functions/CMakeFiles/clickhouse_functions_obj.dir/hasToken.cpp.o
[6022/6838] Building CXX object src/Functions/CMakeFiles/clickhouse_functions_obj.dir/hasTokenCaseInsensitive.cpp.o
[6023/6838] Building CXX object src/Functions/CMakeFiles/clickhouse_functions_obj.dir/highlight.cpp.o
[6024/6838] Building CXX object src/Functions/CMakeFiles/clickhouse_functions_obj.dir/highlightQuery.cpp.o
[6025/6838] Building CXX object src/Functions/CMakeFiles/clickhouse_functions_obj.dir/hilbertDecode.cpp.o
[6026/6838] Building CXX object src/Functions/CMakeFiles/clickhouse_functions_obj.dir/hilbertEncode.cpp.o
[6027/6838] Building CXX object src/Functions/CMakeFiles/clickhouse_functions_obj.dir/hypot.cpp.o
[6028/6838] Building CXX object src/Functions/CMakeFiles/clickhouse_functions_obj.dir/idna.cpp.o
[6029/6838] Building CXX object src/Functions/CMakeFiles/clickhouse_functions_obj.dir/identity.cpp.o
[6030/6838] Building CXX object src/Functions/CMakeFiles/clickhouse_functions_obj.dir/icebergBucketTransform.cpp.o
[6031/6838] Building CXX object src/Functions/CMakeFiles/clickhouse_functions_obj.dir/ifNotFinite.cpp.o
[6032/6838] Building CXX object src/Functions/CMakeFiles/clickhouse_functions_obj.dir/icebergTruncate.cpp.o
[6033/6838] Building CXX object src/Functions/CMakeFiles/clickhouse_functions_obj.dir/ignore.cpp.o
[6034/6838] Building CXX object src/Functions/CMakeFiles/clickhouse_functions_obj.dir/ifNull.cpp.o
[6035/6838] Building CXX object src/Functions/CMakeFiles/clickhouse_functions_obj.dir/indexHint.cpp.o
[6036/6838] Building CXX object src/Functions/CMakeFiles/clickhouse_functions_obj.dir/in.cpp.o
[6037/6838] Building CXX object src/Functions/CMakeFiles/clickhouse_functions_obj.dir/initcap.cpp.o
[6038/6838] Building CXX object src/Functions/CMakeFiles/clickhouse_functions_obj.dir/ilike.cpp.o
[6039/6838] Building CXX object src/Functions/CMakeFiles/clickhouse_functions_obj.dir/initcapUTF8.cpp.o
[6040/6838] Building CXX object src/Functions/CMakeFiles/clickhouse_functions_obj.dir/initialQueryID.cpp.o
[6041/6838] Building CXX object src/Functions/CMakeFiles/clickhouse_functions_obj.dir/initialQueryStartTime.cpp.o
[6042/6838] Building CXX object src/Functions/CMakeFiles/clickhouse_functions_obj.dir/initializeAggregation.cpp.o
[6043/6838] Building CXX object src/Functions/CMakeFiles/clickhouse_functions_obj.dir/intExp10.cpp.o
[6044/6838] Building CXX object src/Functions/CMakeFiles/clickhouse_functions_obj.dir/intExp2.cpp.o
[6045/6838] Building CXX object src/Functions/CMakeFiles/clickhouse_functions_obj.dir/isConstant.cpp.o
[6046/6838] Building CXX object src/Functions/CMakeFiles/clickhouse_functions_obj.dir/isDecimalOverflow.cpp.o
[6047/6838] Building CXX object src/Functions/CMakeFiles/clickhouse_functions_obj.dir/isFinite.cpp.o
[6048/6838] Building CXX object src/Functions/CMakeFiles/clickhouse_functions_obj.dir/isIPAddressInRange.cpp.o
[6049/6838] Building CXX object src/Functions/CMakeFiles/clickhouse_functions_obj.dir/isInfinite.cpp.o
[6050/6838] Building CXX object src/Functions/CMakeFiles/clickhouse_functions_obj.dir/isNaN.cpp.o
[6051/6838] Building CXX object src/Functions/CMakeFiles/clickhouse_functions_obj.dir/intDivOrZero.cpp.o
[6052/6838] Building CXX object src/Functions/CMakeFiles/clickhouse_functions_obj.dir/isNotNull.cpp.o
[6053/6838] Building CXX object src/Functions/CMakeFiles/clickhouse_functions_obj.dir/isNull.cpp.o
[6054/6838] Building CXX object src/Functions/CMakeFiles/clickhouse_functions_obj.dir/isDistinctFrom.cpp.o
[6055/6838] Building CXX object src/Functions/CMakeFiles/clickhouse_functions_obj.dir/isNullable.cpp.o
[6056/6838] Building CXX object src/Functions/CMakeFiles/clickhouse_functions_obj.dir/isPrime.cpp.o
[6057/6838] Building CXX object src/Functions/CMakeFiles/clickhouse_functions_obj.dir/intDiv.cpp.o
[6058/6838] Building CXX object src/Functions/CMakeFiles/clickhouse_functions_obj.dir/isValidASCII.cpp.o
[6059/6838] Building CXX object src/Functions/CMakeFiles/clickhouse_functions_obj.dir/isValidUTF8.cpp.o
[6060/6838] Building CXX object src/Functions/CMakeFiles/clickhouse_functions_obj.dir/isProbablePrime.cpp.o
[6061/6838] Building CXX object src/Functions/CMakeFiles/clickhouse_functions_obj.dir/isZeroOrNull.cpp.o
[6062/6838] Building CXX object src/Functions/CMakeFiles/clickhouse_functions_obj.dir/jsonMergePatch.cpp.o
[6063/6838] Building CXX object src/Functions/CMakeFiles/clickhouse_functions_obj.dir/jumpConsistentHash.cpp.o
[6064/6838] Building CXX object src/Functions/CMakeFiles/clickhouse_functions_obj.dir/kostikConsistentHash.cpp.o
[6065/6838] Building CXX object src/Functions/CMakeFiles/clickhouse_functions_obj.dir/isNotDistinctFrom.cpp.o
[6066/6838] Building CXX object src/Functions/CMakeFiles/clickhouse_functions_obj.dir/lemmatize.cpp.o
[6067/6838] Building CXX object src/Functions/CMakeFiles/clickhouse_functions_obj.dir/lengthUTF8.cpp.o
[6068/6838] Building CXX object src/Functions/CMakeFiles/clickhouse_functions_obj.dir/left.cpp.o
[6069/6838] Building CXX object src/Functions/CMakeFiles/clickhouse_functions_obj.dir/lcm.cpp.o
[6070/6838] Building CXX object src/Functions/CMakeFiles/clickhouse_functions_obj.dir/lgamma.cpp.o
[6071/6838] Building CXX object src/Functions/CMakeFiles/clickhouse_functions_obj.dir/like.cpp.o
[6072/6838] Building CXX object src/Functions/CMakeFiles/clickhouse_functions_obj.dir/localtime.cpp.o
[6073/6838] Building CXX object src/Functions/CMakeFiles/clickhouse_functions_obj.dir/locate.cpp.o
[6074/6838] Building CXX object src/Functions/CMakeFiles/clickhouse_functions_obj.dir/log.cpp.o
[6075/6838] Building CXX object src/Functions/CMakeFiles/clickhouse_functions_obj.dir/least.cpp.o
[6076/6838] Building CXX object src/Functions/CMakeFiles/clickhouse_functions_obj.dir/log10.cpp.o
[6077/6838] Building CXX object src/Functions/CMakeFiles/clickhouse_functions_obj.dir/log1p.cpp.o
[6078/6838] Building CXX object src/Functions/CMakeFiles/clickhouse_functions_obj.dir/log2.cpp.o
[6079/6838] Building CXX object src/Functions/CMakeFiles/clickhouse_functions_obj.dir/less.cpp.o
[6080/6838] Building CXX object src/Functions/CMakeFiles/clickhouse_functions_obj.dir/lessOrEquals.cpp.o
[6081/6838] Building CXX object src/Functions/CMakeFiles/clickhouse_functions_obj.dir/logTrace.cpp.o
[6082/6838] Building CXX object src/Functions/CMakeFiles/clickhouse_functions_obj.dir/lowerUTF8.cpp.o
[6083/6838] Building CXX object src/Functions/CMakeFiles/clickhouse_functions_obj.dir/lowCardinalityIndices.cpp.o
[6084/6838] Building CXX object src/Functions/CMakeFiles/clickhouse_functions_obj.dir/lowCardinalityKeys.cpp.o
[6085/6838] Building CXX object src/Functions/CMakeFiles/clickhouse_functions_obj.dir/lower.cpp.o
[6086/6838] Building CXX object src/Functions/CMakeFiles/clickhouse_functions_obj.dir/makeDate.cpp.o
[6087/6838] Building CXX object src/Functions/CMakeFiles/clickhouse_functions_obj.dir/map.cpp.o
[6088/6838] Building CXX object src/Functions/CMakeFiles/clickhouse_functions_obj.dir/materialize.cpp.o
[6089/6838] Building CXX object src/Functions/CMakeFiles/clickhouse_functions_obj.dir/match.cpp.o
[6090/6838] Building CXX object src/Functions/CMakeFiles/clickhouse_functions_obj.dir/matchCaseInsensitive.cpp.o
[6091/6838] Building CXX object src/Functions/CMakeFiles/clickhouse_functions_obj.dir/mathConstants.cpp.o
[6092/6838] Building CXX object src/Functions/CMakeFiles/clickhouse_functions_obj.dir/max2.cpp.o
[6093/6838] Building CXX object src/Functions/CMakeFiles/clickhouse_functions_obj.dir/mgrsToGeo.cpp.o
[6094/6838] Building CXX object src/Functions/CMakeFiles/clickhouse_functions_obj.dir/min2.cpp.o
[6095/6838] Building CXX object src/Functions/CMakeFiles/clickhouse_functions_obj.dir/minSampleSize.cpp.o
[6096/6838] Building CXX object src/Functions/CMakeFiles/clickhouse_functions_obj.dir/midpoint.cpp.o
[6097/6838] Building CXX object src/Functions/CMakeFiles/clickhouse_functions_obj.dir/minus.cpp.o
[6098/6838] Building CXX object src/Functions/CMakeFiles/clickhouse_functions_obj.dir/monthName.cpp.o
[6099/6838] Building CXX object src/Functions/CMakeFiles/clickhouse_functions_obj.dir/moduloOrNull.cpp.o
[6100/6838] Building CXX object src/Functions/CMakeFiles/clickhouse_functions_obj.dir/mortonDecode.cpp.o
[6101/6838] Building CXX object src/Functions/CMakeFiles/clickhouse_functions_obj.dir/mortonEncode.cpp.o
[6102/6838] Building CXX object src/Functions/CMakeFiles/clickhouse_functions_obj.dir/multiFuzzyMatchAllIndices.cpp.o
[6103/6838] Building CXX object src/Functions/CMakeFiles/clickhouse_functions_obj.dir/multiFuzzyMatchAny.cpp.o
[6104/6838] Building CXX object src/Functions/CMakeFiles/clickhouse_functions_obj.dir/multiFuzzyMatchAnyIndex.cpp.o
[6105/6838] Building CXX object src/Functions/CMakeFiles/clickhouse_functions_obj.dir/multiMatchAllIndices.cpp.o
[6106/6838] Building CXX object src/Functions/CMakeFiles/clickhouse_functions_obj.dir/moduloOrZero.cpp.o
[6107/6838] Building CXX object src/Functions/CMakeFiles/clickhouse_functions_obj.dir/multiMatchAny.cpp.o
[6108/6838] Building CXX object src/Functions/CMakeFiles/clickhouse_functions_obj.dir/multiMatchAnyIndex.cpp.o
[6109/6838] Building CXX object src/Functions/CMakeFiles/clickhouse_functions_obj.dir/multiSearchAllPositions.cpp.o
[6110/6838] Building CXX object src/Functions/CMakeFiles/clickhouse_functions_obj.dir/multiSearchAllPositionsCaseInsensitive.cpp.o
[6111/6838] Building CXX object src/Functions/CMakeFiles/clickhouse_functions_obj.dir/multiSearchAllPositionsCaseInsensitiveUTF8.cpp.o
[6112/6838] Building CXX object src/Functions/CMakeFiles/clickhouse_functions_obj.dir/multiSearchAllPositionsUTF8.cpp.o
[6113/6838] Building CXX object src/Functions/CMakeFiles/clickhouse_functions_obj.dir/multiSearchAny.cpp.o
[6114/6838] Building CXX object src/Functions/CMakeFiles/clickhouse_functions_obj.dir/multiSearchAnyCaseInsensitive.cpp.o
[6115/6838] Building CXX object src/Functions/CMakeFiles/clickhouse_functions_obj.dir/multiSearchAnyCaseInsensitiveUTF8.cpp.o
[6116/6838] Building CXX object src/Functions/CMakeFiles/clickhouse_functions_obj.dir/multiSearchAnyUTF8.cpp.o
[6117/6838] Building CXX object src/Functions/CMakeFiles/clickhouse_functions_obj.dir/multiSearchFirstIndex.cpp.o
[6118/6838] Building CXX object src/Functions/CMakeFiles/clickhouse_functions_obj.dir/multiSearchFirstIndexCaseInsensitive.cpp.o
[6119/6838] Building CXX object src/Functions/CMakeFiles/clickhouse_functions_obj.dir/modulo.cpp.o
[6120/6838] Building CXX object src/Functions/CMakeFiles/clickhouse_functions_obj.dir/multiSearchFirstIndexCaseInsensitiveUTF8.cpp.o
[6121/6838] Building CXX object src/Functions/CMakeFiles/clickhouse_functions_obj.dir/multiSearchFirstIndexUTF8.cpp.o
[6122/6838] Building CXX object src/Functions/CMakeFiles/clickhouse_functions_obj.dir/multiSearchFirstPosition.cpp.o
[6123/6838] Building CXX object src/Functions/CMakeFiles/clickhouse_functions_obj.dir/multiSearchFirstPositionCaseInsensitive.cpp.o
[6124/6838] Building CXX object src/Functions/CMakeFiles/clickhouse_functions_obj.dir/multiSearchFirstPositionCaseInsensitiveUTF8.cpp.o
[6125/6838] Building CXX object src/Functions/CMakeFiles/clickhouse_functions_obj.dir/multiSearchFirstPositionUTF8.cpp.o
[6126/6838] Building CXX object src/Functions/CMakeFiles/clickhouse_functions_obj.dir/multiplyDecimal.cpp.o
[6127/6838] Building CXX object src/Functions/CMakeFiles/clickhouse_functions_obj.dir/naturalSortKey.cpp.o
[6128/6838] Building CXX object src/Functions/CMakeFiles/clickhouse_functions_obj.dir/negate.cpp.o
[6129/6838] Building CXX object src/Functions/CMakeFiles/clickhouse_functions_obj.dir/neighbor.cpp.o
[6130/6838] Building CXX object src/Functions/CMakeFiles/clickhouse_functions_obj.dir/nested.cpp.o
[6131/6838] Building CXX object src/Functions/CMakeFiles/clickhouse_functions_obj.dir/normalizeString.cpp.o
[6132/6838] Building CXX object src/Functions/CMakeFiles/clickhouse_functions_obj.dir/normalizeQuery.cpp.o
[6133/6838] Building CXX object src/Functions/CMakeFiles/clickhouse_functions_obj.dir/ngrams.cpp.o
[6134/6838] Building CXX object src/Functions/CMakeFiles/clickhouse_functions_obj.dir/normalizedQueryHash.cpp.o
[6135/6838] Building CXX object src/Functions/CMakeFiles/clickhouse_functions_obj.dir/notILike.cpp.o
[6136/6838] Building CXX object src/Functions/CMakeFiles/clickhouse_functions_obj.dir/notLike.cpp.o
[6137/6838] Building CXX object src/Functions/CMakeFiles/clickhouse_functions_obj.dir/notMatch.cpp.o
[6138/6838] Building CXX object src/Functions/CMakeFiles/clickhouse_functions_obj.dir/notMatchCaseInsensitive.cpp.o
[6139/6838] Building CXX object src/Functions/CMakeFiles/clickhouse_functions_obj.dir/now.cpp.o
[6140/6838] Building CXX object src/Functions/CMakeFiles/clickhouse_functions_obj.dir/now64.cpp.o
[6141/6838] Building CXX object src/Functions/CMakeFiles/clickhouse_functions_obj.dir/nowInBlock.cpp.o
[6142/6838] Building CXX object src/Functions/CMakeFiles/clickhouse_functions_obj.dir/nowInBlock64.cpp.o
[6143/6838] Building CXX object src/Functions/CMakeFiles/clickhouse_functions_obj.dir/nowSubsecond.cpp.o
[6144/6838] Building CXX object src/Functions/CMakeFiles/clickhouse_functions_obj.dir/nullIf.cpp.o
[6145/6838] Building CXX object src/Functions/CMakeFiles/clickhouse_functions_obj.dir/overlay.cpp.o
[6146/6838] Building CXX object src/Functions/CMakeFiles/clickhouse_functions_obj.dir/obfuscateQuery.cpp.o
[6147/6838] Building CXX object src/Functions/CMakeFiles/clickhouse_functions_obj.dir/multiply.cpp.o
[6148/6838] Building CXX object src/Functions/CMakeFiles/clickhouse_functions_obj.dir/padString.cpp.o
[6149/6838] Building CXX object src/Functions/CMakeFiles/clickhouse_functions_obj.dir/parseISO8601Duration.cpp.o
[6150/6838] Building CXX object src/Functions/CMakeFiles/clickhouse_functions_obj.dir/parseQueryToJSON.cpp.o
[6151/6838] Building CXX object src/Functions/CMakeFiles/clickhouse_functions_obj.dir/parseReadableSize.cpp.o
[6152/6838] Building CXX object src/Functions/CMakeFiles/clickhouse_functions_obj.dir/notEquals.cpp.o
[6153/6838] Building CXX object src/Functions/CMakeFiles/clickhouse_functions_obj.dir/parseTimeDelta.cpp.o
[6154/6838] Building CXX object src/Functions/CMakeFiles/clickhouse_functions_obj.dir/patchPartitionID.cpp.o
[6155/6838] Building CXX object src/Functions/CMakeFiles/clickhouse_functions_obj.dir/partitionId.cpp.o
[6156/6838] Building CXX object src/Functions/CMakeFiles/clickhouse_functions_obj.dir/pgTableIsVisible.cpp.o
[6157/6838] Building CXX object src/Functions/CMakeFiles/clickhouse_functions_obj.dir/pgGetUserById.cpp.o
[6158/6838] Building CXX object src/Functions/CMakeFiles/clickhouse_functions_obj.dir/perimeter.cpp.o
[6159/6838] Building CXX object src/Functions/CMakeFiles/clickhouse_functions_obj.dir/pointInEllipses.cpp.o
[6160/6838] Building CXX object src/Functions/CMakeFiles/clickhouse_functions_obj.dir/parseDateTime.cpp.o
[6161/6838] Building CXX object src/Functions/CMakeFiles/clickhouse_functions_obj.dir/polygonArea.cpp.o
[6162/6838] Building CXX object src/Functions/CMakeFiles/clickhouse_functions_obj.dir/polygonConvexHull.cpp.o
[6163/6838] Building CXX object src/Functions/CMakeFiles/clickhouse_functions_obj.dir/polygonPerimeter.cpp.o
[6164/6838] Building CXX object src/Functions/CMakeFiles/clickhouse_functions_obj.dir/pointInPolygon.cpp.o
[6165/6838] Building CXX object src/Functions/CMakeFiles/clickhouse_functions_obj.dir/polygonsEquals.cpp.o
[6166/6838] Building CXX object src/Functions/CMakeFiles/clickhouse_functions_obj.dir/plus.cpp.o
[6167/6838] Building CXX object src/Functions/CMakeFiles/clickhouse_functions_obj.dir/polygonsIntersect.cpp.o
[6168/6838] Building CXX object src/Functions/CMakeFiles/clickhouse_functions_obj.dir/polygonsDistance.cpp.o
[6169/6838] Building CXX object src/Functions/CMakeFiles/clickhouse_functions_obj.dir/polygonsWithin.cpp.o
[6170/6838] Building CXX object src/Functions/CMakeFiles/clickhouse_functions_obj.dir/position.cpp.o
[6171/6838] Building CXX object src/Functions/CMakeFiles/clickhouse_functions_obj.dir/polygonsIntersection.cpp.o
[6172/6838] Building CXX object src/Functions/CMakeFiles/clickhouse_functions_obj.dir/positionCaseInsensitive.cpp.o
[6173/6838] Building CXX object src/Functions/CMakeFiles/clickhouse_functions_obj.dir/positionCaseInsensitiveUTF8.cpp.o
[6174/6838] Building CXX object src/Functions/CMakeFiles/clickhouse_functions_obj.dir/pow.cpp.o
[6175/6838] Building CXX object src/Functions/CMakeFiles/clickhouse_functions_obj.dir/positionUTF8.cpp.o
[6176/6838] Building CXX object src/Functions/CMakeFiles/clickhouse_functions_obj.dir/prettyPrintJSON.cpp.o
[6177/6838] Building CXX object src/Functions/CMakeFiles/clickhouse_functions_obj.dir/punycode.cpp.o
[6178/6838] Building CXX object src/Functions/CMakeFiles/clickhouse_functions_obj.dir/printf.cpp.o
[6179/6838] Building CXX object src/Functions/CMakeFiles/clickhouse_functions_obj.dir/quantizeBFloat16ToInt8.cpp.o
[6180/6838] Building CXX object src/Functions/CMakeFiles/clickhouse_functions_obj.dir/polygonsUnion.cpp.o
[6181/6838] Building CXX object src/Functions/CMakeFiles/clickhouse_functions_obj.dir/queryID.cpp.o
[6182/6838] Building CXX object src/Functions/CMakeFiles/clickhouse_functions_obj.dir/rand.cpp.o
[6183/6838] Building CXX object src/Functions/CMakeFiles/clickhouse_functions_obj.dir/radians.cpp.o
[6184/6838] Building CXX object src/Functions/CMakeFiles/clickhouse_functions_obj.dir/rand64.cpp.o
[6185/6838] Building CXX object src/Functions/CMakeFiles/clickhouse_functions_obj.dir/randConstant.cpp.o
[6186/6838] Building CXX object src/Functions/CMakeFiles/clickhouse_functions_obj.dir/randCanonical.cpp.o
[6187/6838] Building CXX object src/Functions/CMakeFiles/clickhouse_functions_obj.dir/randomFixedString.cpp.o
[6188/6838] Building CXX object src/Functions/CMakeFiles/clickhouse_functions_obj.dir/randomHadamardTransform.cpp.o
[6189/6838] Building CXX object src/Functions/CMakeFiles/clickhouse_functions_obj.dir/randDistribution.cpp.o
[6190/6838] Building CXX object src/Functions/CMakeFiles/clickhouse_functions_obj.dir/randomPrintableASCII.cpp.o
[6191/6838] Building CXX object src/Functions/CMakeFiles/clickhouse_functions_obj.dir/randomString.cpp.o
[6192/6838] Building CXX object src/Functions/CMakeFiles/clickhouse_functions_obj.dir/randomStringUTF8.cpp.o
[6193/6838] Building CXX object src/Functions/CMakeFiles/clickhouse_functions_obj.dir/regexpExtract.cpp.o
[6194/6838] Building CXX object src/Functions/CMakeFiles/clickhouse_functions_obj.dir/polygonsSymDifference.cpp.o
[6195/6838] Building CXX object src/Functions/CMakeFiles/clickhouse_functions_obj.dir/readWkb.cpp.o
[6196/6838] Building CXX object src/Functions/CMakeFiles/clickhouse_functions_obj.dir/readWkt.cpp.o
[6197/6838] Building CXX object src/Functions/CMakeFiles/clickhouse_functions_obj.dir/registerFunctions.cpp.o
[6198/6838] Building CXX object src/Functions/CMakeFiles/clickhouse_functions_obj.dir/regexpQuoteMeta.cpp.o
[6199/6838] Building CXX object src/Functions/CMakeFiles/clickhouse_functions_obj.dir/regexpPosition.cpp.o
[6200/6838] Building CXX object src/Functions/CMakeFiles/clickhouse_functions_obj.dir/repeat.cpp.o
[6201/6838] Building CXX object src/Functions/CMakeFiles/clickhouse_functions_obj.dir/replaceAll.cpp.o
[6202/6838] Building CXX object src/Functions/CMakeFiles/clickhouse_functions_obj.dir/replaceOne.cpp.o
[6203/6838] Building CXX object src/Functions/CMakeFiles/clickhouse_functions_obj.dir/replicate.cpp.o
[6204/6838] Building CXX object src/Functions/CMakeFiles/clickhouse_functions_obj.dir/replaceRegexpAll.cpp.o
[6205/6838] Building CXX object src/Functions/CMakeFiles/clickhouse_functions_obj.dir/replaceRegexpOne.cpp.o
[6206/6838] Building CXX object src/Functions/CMakeFiles/clickhouse_functions_obj.dir/reverse.cpp.o
[6207/6838] Building CXX object src/Functions/CMakeFiles/clickhouse_functions_obj.dir/reverseUTF8.cpp.o
[6208/6838] Building CXX object src/Functions/CMakeFiles/clickhouse_functions_obj.dir/right.cpp.o
[6209/6838] Building CXX object src/Functions/CMakeFiles/clickhouse_functions_obj.dir/roundAge.cpp.o
[6210/6838] Building CXX object src/Functions/CMakeFiles/clickhouse_functions_obj.dir/roundDuration.cpp.o
[6211/6838] Building CXX object src/Functions/CMakeFiles/clickhouse_functions_obj.dir/rowNumberInAllBlocks.cpp.o
[6212/6838] Building CXX object src/Functions/CMakeFiles/clickhouse_functions_obj.dir/reinterpretAs.cpp.o
[6213/6838] Building CXX object src/Functions/CMakeFiles/clickhouse_functions_obj.dir/roundToExp2.cpp.o
[6214/6838] Building CXX object src/Functions/CMakeFiles/clickhouse_functions_obj.dir/rowNumberInBlock.cpp.o
[6215/6838] Building CXX object src/Functions/CMakeFiles/clickhouse_functions_obj.dir/runningAccumulate.cpp.o
[6216/6838] Building CXX object src/Functions/CMakeFiles/clickhouse_functions_obj.dir/runningConcurrency.cpp.o
[6217/6838] Building CXX object src/Functions/CMakeFiles/clickhouse_functions_obj.dir/s2CapContains.cpp.o
[6218/6838] Building CXX object src/Functions/CMakeFiles/clickhouse_functions_obj.dir/s2CapUnion.cpp.o
[6219/6838] Building CXX object src/Functions/CMakeFiles/clickhouse_functions_obj.dir/s2CellsIntersect.cpp.o
[6220/6838] Building CXX object src/Functions/CMakeFiles/clickhouse_functions_obj.dir/s2GetNeighbors.cpp.o
[6221/6838] Building CXX object src/Functions/CMakeFiles/clickhouse_functions_obj.dir/s2RectAdd.cpp.o
[6222/6838] Building CXX object src/Functions/CMakeFiles/clickhouse_functions_obj.dir/s2RectContains.cpp.o
[6223/6838] Building CXX object src/Functions/CMakeFiles/clickhouse_functions_obj.dir/s2RectIntersection.cpp.o
[6224/6838] Building CXX object src/Functions/CMakeFiles/clickhouse_functions_obj.dir/s2RectUnion.cpp.o
[6225/6838] Building CXX object src/Functions/CMakeFiles/clickhouse_functions_obj.dir/s2ToGeo.cpp.o
[6226/6838] Building CXX object src/Functions/CMakeFiles/clickhouse_functions_obj.dir/searchAnyAll.cpp.o
[6227/6838] Building CXX object src/Functions/CMakeFiles/clickhouse_functions_obj.dir/runningDifference.cpp.o
[6228/6838] Building CXX object src/Functions/CMakeFiles/clickhouse_functions_obj.dir/seriesPeriodDetectFFT.cpp.o
[6229/6838] Building CXX object src/Functions/CMakeFiles/clickhouse_functions_obj.dir/runningDifferenceStartingWithFirstValue.cpp.o
[6230/6838] Building CXX object src/Functions/CMakeFiles/clickhouse_functions_obj.dir/seriesDecomposeSTL.cpp.o
[6231/6838] Building CXX object src/Functions/CMakeFiles/clickhouse_functions_obj.dir/seriesOutliersDetectTukey.cpp.o
[6232/6838] Building CXX object src/Functions/CMakeFiles/clickhouse_functions_obj.dir/sigmoid.cpp.o
[6233/6838] Building CXX object src/Functions/CMakeFiles/clickhouse_functions_obj.dir/serverConstants.cpp.o
[6234/6838] Building CXX object src/Functions/CMakeFiles/clickhouse_functions_obj.dir/sin.cpp.o
[6235/6838] Building CXX object src/Functions/CMakeFiles/clickhouse_functions_obj.dir/sign.cpp.o
[6236/6838] Building CXX object src/Functions/CMakeFiles/clickhouse_functions_obj.dir/sinh.cpp.o
[6237/6838] Building CXX object src/Functions/CMakeFiles/clickhouse_functions_obj.dir/soundex.cpp.o
[6238/6838] Building CXX object src/Functions/CMakeFiles/clickhouse_functions_obj.dir/snowflakeIDToDateTime.cpp.o
[6239/6838] Building CXX object src/Functions/CMakeFiles/clickhouse_functions_obj.dir/sleep.cpp.o
[6240/6838] Building CXX object src/Functions/CMakeFiles/clickhouse_functions_obj.dir/space.cpp.o
[6241/6838] Building CXX object src/Functions/CMakeFiles/clickhouse_functions_obj.dir/sparseGrams.cpp.o
[6242/6838] Building CXX object src/Functions/CMakeFiles/clickhouse_functions_obj.dir/sparseGramsHashes.cpp.o
[6243/6838] Building CXX object src/Functions/CMakeFiles/clickhouse_functions_obj.dir/splitByNonAlpha.cpp.o
[6244/6838] Building CXX object src/Functions/CMakeFiles/clickhouse_functions_obj.dir/splitByChar.cpp.o
[6245/6838] Building CXX object src/Functions/CMakeFiles/clickhouse_functions_obj.dir/sqid.cpp.o
[6246/6838] Building CXX object src/Functions/CMakeFiles/clickhouse_functions_obj.dir/sqrt.cpp.o
[6247/6838] Building CXX object src/Functions/CMakeFiles/clickhouse_functions_obj.dir/splitByString.cpp.o
[6248/6838] Building CXX object src/Functions/CMakeFiles/clickhouse_functions_obj.dir/splitByRegexp.cpp.o
[6249/6838] Building CXX object src/Functions/CMakeFiles/clickhouse_functions_obj.dir/stem.cpp.o
[6250/6838] Building CXX object src/Functions/CMakeFiles/clickhouse_functions_obj.dir/splitByWhitespace.cpp.o
[6251/6838] Building CXX object src/Functions/CMakeFiles/clickhouse_functions_obj.dir/stringBytesEntropy.cpp.o
[6252/6838] Building CXX object src/Functions/CMakeFiles/clickhouse_functions_obj.dir/stringToH3.cpp.o
[6253/6838] Building CXX object src/Functions/CMakeFiles/clickhouse_functions_obj.dir/stringBytesUniq.cpp.o
[6254/6838] Building CXX object src/Functions/CMakeFiles/clickhouse_functions_obj.dir/startsWithUTF8.cpp.o
[6255/6838] Building CXX object src/Functions/CMakeFiles/clickhouse_functions_obj.dir/startsWith.cpp.o
[6256/6838] Building CXX object src/Functions/CMakeFiles/clickhouse_functions_obj.dir/structureToFormatSchema.cpp.o
[6257/6838] Building CXX object src/Functions/CMakeFiles/clickhouse_functions_obj.dir/substring.cpp.o
[6258/6838] Building CXX object src/Functions/CMakeFiles/clickhouse_functions_obj.dir/substringIndex.cpp.o
[6259/6838] Building CXX object src/Functions/CMakeFiles/clickhouse_functions_obj.dir/subtractDays.cpp.o
[6260/6838] Building CXX object src/Functions/CMakeFiles/clickhouse_functions_obj.dir/subtractHours.cpp.o
[6261/6838] Building CXX object src/Functions/CMakeFiles/clickhouse_functions_obj.dir/subtractMicroseconds.cpp.o
[6262/6838] Building CXX object src/Functions/CMakeFiles/clickhouse_functions_obj.dir/subtractMilliseconds.cpp.o
[6263/6838] Building CXX object src/Functions/CMakeFiles/clickhouse_functions_obj.dir/subtractMinutes.cpp.o
[6264/6838] Building CXX object src/Functions/CMakeFiles/clickhouse_functions_obj.dir/subtractMonths.cpp.o
[6265/6838] Building CXX object src/Functions/CMakeFiles/clickhouse_functions_obj.dir/subtractNanoseconds.cpp.o
[6266/6838] Building CXX object src/Functions/CMakeFiles/clickhouse_functions_obj.dir/subtractQuarters.cpp.o
[6267/6838] Building CXX object src/Functions/CMakeFiles/clickhouse_functions_obj.dir/subtractSeconds.cpp.o
[6268/6838] Building CXX object src/Functions/CMakeFiles/clickhouse_functions_obj.dir/synonyms.cpp.o
[6269/6838] Building CXX object src/Functions/CMakeFiles/clickhouse_functions_obj.dir/subtractWeeks.cpp.o
[6270/6838] Building CXX object src/Functions/CMakeFiles/clickhouse_functions_obj.dir/subtractYears.cpp.o
[6271/6838] Building CXX object src/Functions/CMakeFiles/clickhouse_functions_obj.dir/tan.cpp.o
[6272/6838] Building CXX object src/Functions/CMakeFiles/clickhouse_functions_obj.dir/tanh.cpp.o
[6273/6838] Building CXX object src/Functions/CMakeFiles/clickhouse_functions_obj.dir/tgamma.cpp.o
[6274/6838] Building CXX object src/Functions/CMakeFiles/clickhouse_functions_obj.dir/tid.cpp.o
[6275/6838] Building CXX object src/Functions/CMakeFiles/clickhouse_functions_obj.dir/throwIf.cpp.o
[6276/6838] Building CXX object src/Functions/CMakeFiles/clickhouse_functions_obj.dir/svg.cpp.o
[6277/6838] Building CXX object src/Functions/CMakeFiles/clickhouse_functions_obj.dir/timeSlot.cpp.o
[6278/6838] Building CXX object src/Functions/CMakeFiles/clickhouse_functions_obj.dir/timeSlots.cpp.o
[6279/6838] Building CXX object src/Functions/CMakeFiles/clickhouse_functions_obj.dir/timezoneOf.cpp.o
[6280/6838] Building CXX object src/Functions/CMakeFiles/clickhouse_functions_obj.dir/timestamp.cpp.o
[6281/6838] Building CXX object src/Functions/CMakeFiles/clickhouse_functions_obj.dir/timezoneOffset.cpp.o
[6282/6838] Building CXX object src/Functions/CMakeFiles/clickhouse_functions_obj.dir/toColumnTypeName.cpp.o
[6283/6838] Building CXX object src/Functions/CMakeFiles/clickhouse_functions_obj.dir/toBool.cpp.o
[6284/6838] Building CXX object src/Functions/CMakeFiles/clickhouse_functions_obj.dir/toCustomWeek.cpp.o
[6285/6838] Building CXX object src/Functions/CMakeFiles/clickhouse_functions_obj.dir/toDayOfMonth.cpp.o
[6286/6838] Building CXX object src/Functions/CMakeFiles/clickhouse_functions_obj.dir/toDayOfWeek.cpp.o
[6287/6838] Building CXX object src/Functions/CMakeFiles/clickhouse_functions_obj.dir/toDayOfYear.cpp.o
[6288/6838] Building CXX object src/Functions/CMakeFiles/clickhouse_functions_obj.dir/toFixedString.cpp.o
[6289/6838] Building CXX object src/Functions/CMakeFiles/clickhouse_functions_obj.dir/toDaysInMonth.cpp.o
[6290/6838] Building CXX object src/Functions/CMakeFiles/clickhouse_functions_obj.dir/toDaysSinceYearZero.cpp.o
[6291/6838] Building CXX object src/Functions/CMakeFiles/clickhouse_functions_obj.dir/toDecimalString.cpp.o
[6292/6838] Building CXX object src/Functions/CMakeFiles/clickhouse_functions_obj.dir/toISOWeek.cpp.o
[6293/6838] Building CXX object src/Functions/CMakeFiles/clickhouse_functions_obj.dir/toHour.cpp.o
[6294/6838] Building CXX object src/Functions/CMakeFiles/clickhouse_functions_obj.dir/toISOYear.cpp.o
[6295/6838] Building CXX object src/Functions/CMakeFiles/clickhouse_functions_obj.dir/toInterval.cpp.o
[6296/6838] Building CXX object src/Functions/CMakeFiles/clickhouse_functions_obj.dir/toLowCardinality.cpp.o
[6297/6838] Building CXX object src/Functions/CMakeFiles/clickhouse_functions_obj.dir/toJSONString.cpp.o
[6298/6838] Building CXX object src/Functions/CMakeFiles/clickhouse_functions_obj.dir/toLastDayOfMonth.cpp.o
[6299/6838] Building CXX object src/Functions/CMakeFiles/clickhouse_functions_obj.dir/toMicrosecond.cpp.o
[6300/6838] Building CXX object src/Functions/CMakeFiles/clickhouse_functions_obj.dir/toMillisecond.cpp.o
[6301/6838] Building CXX object src/Functions/CMakeFiles/clickhouse_functions_obj.dir/toMinute.cpp.o
[6302/6838] Building CXX object src/Functions/CMakeFiles/clickhouse_functions_obj.dir/toModifiedJulianDay.cpp.o
[6303/6838] Building CXX object src/Functions/CMakeFiles/clickhouse_functions_obj.dir/toMonday.cpp.o
[6304/6838] Building CXX object src/Functions/CMakeFiles/clickhouse_functions_obj.dir/toMonthNumSinceEpoch.cpp.o
[6305/6838] Building CXX object src/Functions/CMakeFiles/clickhouse_functions_obj.dir/toMonth.cpp.o
[6306/6838] Building CXX object src/Functions/CMakeFiles/clickhouse_functions_obj.dir/toNullable.cpp.o
[6307/6838] Building CXX object src/Functions/CMakeFiles/clickhouse_functions_obj.dir/toNanosecond.cpp.o
[6308/6838] Building CXX object src/Functions/CMakeFiles/clickhouse_functions_obj.dir/toRelativeDayNum.cpp.o
[6309/6838] Building CXX object src/Functions/CMakeFiles/clickhouse_functions_obj.dir/toQuarter.cpp.o
[6310/6838] Building CXX object src/Functions/CMakeFiles/clickhouse_functions_obj.dir/toRelativeHourNum.cpp.o
[6311/6838] Building CXX object src/Functions/CMakeFiles/clickhouse_functions_obj.dir/toRelativeMinuteNum.cpp.o
[6312/6838] Building CXX object src/Functions/CMakeFiles/clickhouse_functions_obj.dir/toRelativeMonthNum.cpp.o
[6313/6838] Building CXX object src/Functions/CMakeFiles/clickhouse_functions_obj.dir/toRelativeQuarterNum.cpp.o
[6314/6838] Building CXX object src/Functions/CMakeFiles/clickhouse_functions_obj.dir/toRelativeSecondNum.cpp.o
[6315/6838] Building CXX object src/Functions/CMakeFiles/clickhouse_functions_obj.dir/toRelativeWeekNum.cpp.o
[6316/6838] Building CXX object src/Functions/CMakeFiles/clickhouse_functions_obj.dir/toRelativeYearNum.cpp.o
[6317/6838] Building CXX object src/Functions/CMakeFiles/clickhouse_functions_obj.dir/toSecond.cpp.o
[6318/6838] Building CXX object src/Functions/CMakeFiles/clickhouse_functions_obj.dir/toStartOfDay.cpp.o
[6319/6838] Building CXX object src/Functions/CMakeFiles/clickhouse_functions_obj.dir/toStartOfFifteenMinutes.cpp.o
[6320/6838] Building CXX object src/Functions/CMakeFiles/clickhouse_functions_obj.dir/toStartOfFiveMinutes.cpp.o
[6321/6838] Building CXX object src/Functions/CMakeFiles/clickhouse_functions_obj.dir/toStartOfHour.cpp.o
[6322/6838] Building CXX object src/Functions/CMakeFiles/clickhouse_functions_obj.dir/toStartOfISOYear.cpp.o
[6323/6838] Building CXX object src/Functions/CMakeFiles/clickhouse_functions_obj.dir/toStartOfMinute.cpp.o
[6324/6838] Building CXX object src/Functions/CMakeFiles/clickhouse_functions_obj.dir/toStartOfMonth.cpp.o
[6325/6838] Building CXX object src/Functions/CMakeFiles/clickhouse_functions_obj.dir/toStartOfQuarter.cpp.o
[6326/6838] Building CXX object src/Functions/CMakeFiles/clickhouse_functions_obj.dir/toStartOfSecond.cpp.o
[6327/6838] Building CXX object src/Functions/CMakeFiles/clickhouse_functions_obj.dir/toStartOfSubsecond.cpp.o
[6328/6838] Building CXX object src/Functions/CMakeFiles/clickhouse_functions_obj.dir/toStartOfInterval.cpp.o
[6329/6838] Building CXX object src/Functions/CMakeFiles/clickhouse_functions_obj.dir/toStartOfTenMinutes.cpp.o
[6330/6838] Building CXX object src/Functions/CMakeFiles/clickhouse_functions_obj.dir/toStringCutToZero.cpp.o
[6331/6838] Building CXX object src/Functions/CMakeFiles/clickhouse_functions_obj.dir/toStartOfYear.cpp.o
[6332/6838] Building CXX object src/Functions/CMakeFiles/clickhouse_functions_obj.dir/toTime.cpp.o
[6333/6838] Building CXX object src/Functions/CMakeFiles/clickhouse_functions_obj.dir/toTimezone.cpp.o
[6334/6838] Building CXX object src/Functions/CMakeFiles/clickhouse_functions_obj.dir/toTypeName.cpp.o
[6335/6838] Building CXX object src/Functions/CMakeFiles/clickhouse_functions_obj.dir/toUnixTimestamp64Micro.cpp.o
[6336/6838] Building CXX object src/Functions/CMakeFiles/clickhouse_functions_obj.dir/toUnixTimestamp64Milli.cpp.o
[6337/6838] Building CXX object src/Functions/CMakeFiles/clickhouse_functions_obj.dir/toUnixTimestamp64Nano.cpp.o
[6338/6838] Building CXX object src/Functions/CMakeFiles/clickhouse_functions_obj.dir/toUnixTimestamp64Second.cpp.o
[6339/6838] Building CXX object src/Functions/CMakeFiles/clickhouse_functions_obj.dir/toValidUTF8.cpp.o
[6340/6838] Building CXX object src/Functions/CMakeFiles/clickhouse_functions_obj.dir/toYYYYMM.cpp.o
[6341/6838] Building CXX object src/Functions/CMakeFiles/clickhouse_functions_obj.dir/toYYYYMMDD.cpp.o
[6342/6838] Building CXX object src/Functions/CMakeFiles/clickhouse_functions_obj.dir/toYYYYMMDDhhmmss.cpp.o
[6343/6838] Building CXX object src/Functions/CMakeFiles/clickhouse_functions_obj.dir/toYear.cpp.o
[6344/6838] Building CXX object src/Functions/CMakeFiles/clickhouse_functions_obj.dir/toYearCalendarOnly.cpp.o
[6345/6838] Building CXX object src/Functions/CMakeFiles/clickhouse_functions_obj.dir/today.cpp.o
[6346/6838] Building CXX object src/Functions/CMakeFiles/clickhouse_functions_obj.dir/toYearNumSinceEpoch.cpp.o
[6347/6838] Building CXX object src/Functions/CMakeFiles/clickhouse_functions_obj.dir/tokenizeQuery.cpp.o
[6348/6838] Building CXX object src/Functions/CMakeFiles/clickhouse_functions_obj.dir/trap.cpp.o
[6349/6838] Building CXX object src/Functions/CMakeFiles/clickhouse_functions_obj.dir/translate.cpp.o
[6350/6838] Building CXX object src/Functions/CMakeFiles/clickhouse_functions_obj.dir/tokens.cpp.o
[6351/6838] Building CXX object src/Functions/CMakeFiles/clickhouse_functions_obj.dir/trim.cpp.o
[6352/6838] Building CXX object src/Functions/CMakeFiles/clickhouse_functions_obj.dir/tryBase64Decode.cpp.o
[6353/6838] Building CXX object src/Functions/CMakeFiles/clickhouse_functions_obj.dir/tryBase64URLDecode.cpp.o
[6354/6838] Building CXX object src/Functions/CMakeFiles/clickhouse_functions_obj.dir/tryDecrypt.cpp.o
[6355/6838] Building CXX object src/Functions/CMakeFiles/clickhouse_functions_obj.dir/tryBase32Decode.cpp.o
[6356/6838] Building CXX object src/Functions/CMakeFiles/clickhouse_functions_obj.dir/tryBase58Decode.cpp.o
[6357/6838] Building CXX object src/Functions/CMakeFiles/clickhouse_functions_obj.dir/transform.cpp.o
[6358/6838] Building CXX object src/Functions/CMakeFiles/clickhouse_functions_obj.dir/tuple.cpp.o
[6359/6838] Building CXX object src/Functions/CMakeFiles/clickhouse_functions_obj.dir/tupleConcat.cpp.o
[6360/6838] Building CXX object src/Functions/CMakeFiles/clickhouse_functions_obj.dir/tupleHammingDistance.cpp.o
[6361/6838] Building CXX object src/Functions/CMakeFiles/clickhouse_functions_obj.dir/tupleElement.cpp.o
[6362/6838] Building CXX object src/Functions/CMakeFiles/clickhouse_functions_obj.dir/upperUTF8.cpp.o
[6363/6838] Building CXX object src/Functions/CMakeFiles/clickhouse_functions_obj.dir/tupleNames.cpp.o
[6364/6838] Building CXX object src/Functions/CMakeFiles/clickhouse_functions_obj.dir/tupleToNameValuePairs.cpp.o
[6365/6838] Building CXX object src/Functions/CMakeFiles/clickhouse_functions_obj.dir/upper.cpp.o
[6366/6838] Building CXX object src/Functions/CMakeFiles/clickhouse_functions_obj.dir/utmToGeo.cpp.o
[6367/6838] Building CXX object src/Functions/CMakeFiles/clickhouse_functions_obj.dir/validateNestedArraySizes.cpp.o
[6368/6838] Building CXX object src/Functions/CMakeFiles/clickhouse_functions_obj.dir/variantElement.cpp.o
[6369/6838] Building CXX object src/Functions/CMakeFiles/clickhouse_functions_obj.dir/variantType.cpp.o
[6370/6838] Building CXX object src/Functions/CMakeFiles/clickhouse_functions_obj.dir/visibleWidth.cpp.o
[6371/6838] Building CXX object src/Functions/CMakeFiles/clickhouse_functions_obj.dir/visitParamExtractBool.cpp.o
[6372/6838] Building CXX object src/Functions/CMakeFiles/clickhouse_functions_obj.dir/visitParamExtractFloat.cpp.o
[6373/6838] Building CXX object src/Functions/CMakeFiles/clickhouse_functions_obj.dir/visitParamExtractInt.cpp.o
[6374/6838] Building CXX object src/Functions/CMakeFiles/clickhouse_functions_obj.dir/visitParamExtractRaw.cpp.o
[6375/6838] Building CXX object src/Functions/CMakeFiles/clickhouse_functions_obj.dir/visitParamExtractString.cpp.o
[6376/6838] Building CXX object src/Functions/CMakeFiles/clickhouse_functions_obj.dir/visitParamExtractUInt.cpp.o
[6377/6838] Building CXX object src/Functions/CMakeFiles/clickhouse_functions_obj.dir/vectorFunctions.cpp.o
[6378/6838] Building CXX object src/Functions/CMakeFiles/clickhouse_functions_obj.dir/visitParamHas.cpp.o
[6379/6838] Building CXX object src/Functions/CMakeFiles/clickhouse_functions_obj.dir/widthBucket.cpp.o
[6380/6838] Building CXX object src/Functions/CMakeFiles/clickhouse_functions_obj.dir/yesterday.cpp.o
[6381/6838] Building CXX object src/Functions/CMakeFiles/clickhouse_functions_obj.dir/year.cpp.o
[6382/6838] Building CXX object src/Functions/CMakeFiles/clickhouse_functions_obj.dir/AI/AIQuotaTracker.cpp.o
[6383/6838] Building CXX object src/Functions/CMakeFiles/clickhouse_functions_obj.dir/wkb.cpp.o
[6384/6838] Building CXX object src/Functions/CMakeFiles/clickhouse_functions_obj.dir/ztest.cpp.o
[6385/6838] Building CXX object src/Functions/CMakeFiles/clickhouse_functions_obj.dir/wkt.cpp.o
[6386/6838] Building CXX object src/Functions/CMakeFiles/clickhouse_functions_obj.dir/AI/AnthropicProvider.cpp.o
[6387/6838] Building CXX object src/Functions/CMakeFiles/clickhouse_functions_obj.dir/AI/IAIProvider.cpp.o
[6388/6838] Building CXX object src/Functions/CMakeFiles/clickhouse_functions_obj.dir/Kusto/FunctionKQLBin.cpp.o
[6389/6838] Building CXX object src/Functions/CMakeFiles/clickhouse_functions_obj.dir/AI/OpenAIProvider.cpp.o
[6390/6838] Building CXX object src/Functions/CMakeFiles/clickhouse_functions_obj.dir/Kusto/FunctionKQLDivide.cpp.o
[6391/6838] Building CXX object src/Functions/CMakeFiles/clickhouse_functions_obj.dir/Kusto/FunctionKQLBinAt.cpp.o
[6392/6838] Building CXX object src/Functions/CMakeFiles/clickhouse_functions_obj.dir/Kusto/FunctionKQLMultiply.cpp.o
[6393/6838] Building CXX object src/Functions/CMakeFiles/clickhouse_functions_obj.dir/Kusto/FunctionKQLParameterCast.cpp.o
[6394/6838] Building CXX object src/Functions/CMakeFiles/clickhouse_functions_obj.dir/Kusto/FunctionKQLRangeCount.cpp.o
[6395/6838] Building CXX object src/Functions/GatherUtils/CMakeFiles/clickhouse_functions_gatherutils.dir/GatherUtils.cpp.o
[6396/6838] Building CXX object src/Functions/CMakeFiles/clickhouse_functions_obj.dir/Kusto/FunctionKQLToTimespan.cpp.o
[6397/6838] Building CXX object src/Functions/GatherUtils/CMakeFiles/clickhouse_functions_gatherutils.dir/concat.cpp.o
[6398/6838] Building CXX object src/Functions/GatherUtils/CMakeFiles/clickhouse_functions_gatherutils.dir/ends_with.cpp.o
[6399/6838] Building CXX object src/Functions/GatherUtils/CMakeFiles/clickhouse_functions_gatherutils.dir/has_all.cpp.o
[6400/6838] Building CXX object src/Functions/GatherUtils/CMakeFiles/clickhouse_functions_gatherutils.dir/has_any.cpp.o
[6401/6838] Building CXX object src/Functions/GatherUtils/CMakeFiles/clickhouse_functions_gatherutils.dir/has_substr.cpp.o
[6402/6838] Building CXX object src/Functions/GatherUtils/CMakeFiles/clickhouse_functions_gatherutils.dir/sliceDynamicOffsetUnbounded.cpp.o
[6403/6838] Building CXX object src/Functions/GatherUtils/CMakeFiles/clickhouse_functions_gatherutils.dir/sliceDynamicOffsetBounded.cpp.o
[6404/6838] Building CXX object src/Functions/GatherUtils/CMakeFiles/clickhouse_functions_gatherutils.dir/push.cpp.o
[6405/6838] Building CXX object src/Functions/GatherUtils/CMakeFiles/clickhouse_functions_gatherutils.dir/sliceFromLeftConstantOffsetBounded.cpp.o
[6406/6838] Building CXX object src/Functions/GatherUtils/CMakeFiles/clickhouse_functions_gatherutils.dir/sliceFromLeftConstantOffsetUnbounded.cpp.o
[6407/6838] Building CXX object src/Functions/GatherUtils/CMakeFiles/clickhouse_functions_gatherutils.dir/sliceFromLeftDynamicLength.cpp.o
[6408/6838] Building CXX object src/Functions/GatherUtils/CMakeFiles/clickhouse_functions_gatherutils.dir/sliceFromRightConstantOffsetBounded.cpp.o
[6409/6838] Building CXX object src/Functions/GatherUtils/CMakeFiles/clickhouse_functions_gatherutils.dir/sliceFromRightConstantOffsetUnbounded.cpp.o
[6410/6838] Building CXX object src/Functions/GatherUtils/CMakeFiles/clickhouse_functions_gatherutils.dir/sliceFromRightDynamicLength.cpp.o
[6411/6838] Building CXX object src/Functions/URL/CMakeFiles/clickhouse_functions_url.dir/URLHierarchy.cpp.o
[6412/6838] Building CXX object src/Functions/URL/CMakeFiles/clickhouse_functions_url.dir/URLPathHierarchy.cpp.o
[6413/6838] Building CXX object src/Functions/URL/CMakeFiles/clickhouse_functions_url.dir/basename.cpp.o
[6414/6838] Building CXX object src/Functions/URL/CMakeFiles/clickhouse_functions_url.dir/cutFragment.cpp.o
[6415/6838] Building CXX object src/Functions/URL/CMakeFiles/clickhouse_functions_url.dir/cutQueryString.cpp.o
[6416/6838] Building CXX object src/Functions/GatherUtils/CMakeFiles/clickhouse_functions_gatherutils.dir/starts_with.cpp.o
[6417/6838] Building CXX object src/Functions/URL/CMakeFiles/clickhouse_functions_url.dir/cutQueryStringAndFragment.cpp.o
[6418/6838] Building CXX object src/Functions/URL/CMakeFiles/clickhouse_functions_url.dir/cutToFirstSignificantSubdomain.cpp.o
[6419/6838] Building CXX object src/Functions/URL/CMakeFiles/clickhouse_functions_url.dir/cutURLParameter.cpp.o
[6420/6838] Building CXX object src/Functions/URL/CMakeFiles/clickhouse_functions_url.dir/cutToFirstSignificantSubdomainCustom.cpp.o
[6421/6838] Building CXX object src/Functions/URL/CMakeFiles/clickhouse_functions_url.dir/cutWWW.cpp.o
[6422/6838] Building CXX object src/Functions/URL/CMakeFiles/clickhouse_functions_url.dir/decodeURLComponent.cpp.o
[6423/6838] Building CXX object src/Functions/URL/CMakeFiles/clickhouse_functions_url.dir/domain.cpp.o
[6424/6838] Building CXX object src/Functions/URL/CMakeFiles/clickhouse_functions_url.dir/domainWithoutWWW.cpp.o
[6425/6838] Building CXX object src/Functions/URL/CMakeFiles/clickhouse_functions_url.dir/extractURLParameter.cpp.o
[6426/6838] Building CXX object src/Functions/URL/CMakeFiles/clickhouse_functions_url.dir/extractURLParameterNames.cpp.o
[6427/6838] Building CXX object src/Functions/URL/CMakeFiles/clickhouse_functions_url.dir/firstSignificantSubdomain.cpp.o
[6428/6838] Building CXX object src/Functions/URL/CMakeFiles/clickhouse_functions_url.dir/extractURLParameters.cpp.o
[6429/6838] Building CXX object src/Functions/URL/CMakeFiles/clickhouse_functions_url.dir/firstSignificantSubdomainCustom.cpp.o
[6430/6838] Building CXX object src/Functions/URL/CMakeFiles/clickhouse_functions_url.dir/fragment.cpp.o
[6431/6838] Building CXX object src/Functions/URL/CMakeFiles/clickhouse_functions_url.dir/netloc.cpp.o
[6432/6838] Building CXX object src/Functions/URL/CMakeFiles/clickhouse_functions_url.dir/path.cpp.o
[6433/6838] Building CXX object src/Functions/URL/CMakeFiles/clickhouse_functions_url.dir/pathFull.cpp.o
[6434/6838] Building CXX object src/Functions/URL/CMakeFiles/clickhouse_functions_url.dir/protocol.cpp.o
[6435/6838] Building CXX object src/Functions/URL/CMakeFiles/clickhouse_functions_url.dir/port.cpp.o
[6436/6838] Building CXX object src/Functions/URL/CMakeFiles/clickhouse_functions_url.dir/tldLookup.generated.cpp.o
[6437/6838] Building CXX object src/Functions/URL/CMakeFiles/clickhouse_functions_url.dir/queryString.cpp.o
[6438/6838] Building CXX object src/Functions/URL/CMakeFiles/clickhouse_functions_url.dir/queryStringAndFragment.cpp.o
[6439/6838] Building CXX object src/Functions/URL/CMakeFiles/clickhouse_functions_url.dir/topLevelDomain.cpp.o
[6440/6838] Building CXX object src/Functions/array/CMakeFiles/clickhouse_functions_array.dir/arrayAUC.cpp.o
[6441/6838] Building CXX object src/Functions/array/CMakeFiles/clickhouse_functions_array.dir/array.cpp.o
[6442/6838] Building CXX object src/Functions/array/CMakeFiles/clickhouse_functions_array.dir/arrayAll.cpp.o
[6443/6838] Building CXX object src/Functions/array/CMakeFiles/clickhouse_functions_array.dir/arrayAutocorrelation.cpp.o
[6444/6838] Building CXX object src/Functions/array/CMakeFiles/clickhouse_functions_array.dir/arrayAggregation.cpp.o
[6445/6838] Building CXX object src/Functions/array/CMakeFiles/clickhouse_functions_array.dir/arrayConcat.cpp.o
[6446/6838] Building CXX object src/Functions/array/CMakeFiles/clickhouse_functions_array.dir/arrayCompact.cpp.o
[6447/6838] Building CXX object src/Functions/array/CMakeFiles/clickhouse_functions_array.dir/arrayCount.cpp.o
[6448/6838] Building CXX object src/Functions/array/CMakeFiles/clickhouse_functions_array.dir/arrayCumSum.cpp.o
[6449/6838] Building CXX object src/Functions/array/CMakeFiles/clickhouse_functions_array.dir/arrayCumSumNonNegative.cpp.o
[6450/6838] Building CXX object src/Functions/array/CMakeFiles/clickhouse_functions_array.dir/arrayDifference.cpp.o
[6451/6838] Building CXX object src/Functions/array/CMakeFiles/clickhouse_functions_array.dir/arrayDistinct.cpp.o
[6452/6838] Building CXX object src/Functions/array/CMakeFiles/clickhouse_functions_array.dir/FunctionsMapMiscellaneous.cpp.o
[6453/6838] Building CXX object src/Functions/array/CMakeFiles/clickhouse_functions_array.dir/arrayEnumerate.cpp.o
[6454/6838] Building CXX object src/Functions/array/CMakeFiles/clickhouse_functions_array.dir/arrayDotProduct.cpp.o
[6455/6838] Building CXX object src/Functions/array/CMakeFiles/clickhouse_functions_array.dir/arrayEnumerateDense.cpp.o
[6456/6838] Building CXX object src/Functions/array/CMakeFiles/clickhouse_functions_array.dir/arrayEnumerateDenseRanked.cpp.o
[6457/6838] Building CXX object src/Functions/array/CMakeFiles/clickhouse_functions_array.dir/arrayEnumerateRanked.cpp.o
[6458/6838] Building CXX object src/Functions/array/CMakeFiles/clickhouse_functions_array.dir/arrayEnumerateUniqRanked.cpp.o
[6459/6838] Building CXX object src/Functions/array/CMakeFiles/clickhouse_functions_array.dir/arrayEnumerateUniq.cpp.o
[6460/6838] Building CXX object src/Functions/array/CMakeFiles/clickhouse_functions_array.dir/arrayExists.cpp.o
[6461/6838] Building CXX object src/Functions/array/CMakeFiles/clickhouse_functions_array.dir/arrayExcept.cpp.o
[6462/6838] Building CXX object src/Functions/array/CMakeFiles/clickhouse_functions_array.dir/arrayFill.cpp.o
[6463/6838] Building CXX object src/Functions/array/CMakeFiles/clickhouse_functions_array.dir/arrayFilter.cpp.o
[6464/6838] Building CXX object src/Functions/array/CMakeFiles/clickhouse_functions_array.dir/arrayFirstLast.cpp.o
[6465/6838] Building CXX object src/Functions/array/CMakeFiles/clickhouse_functions_array.dir/arrayFirstLastIndex.cpp.o
[6466/6838] Building CXX object src/Functions/array/CMakeFiles/clickhouse_functions_array.dir/arrayFlatten.cpp.o
[6467/6838] Building CXX object src/Functions/array/CMakeFiles/clickhouse_functions_array.dir/arrayFlattenedLength.cpp.o
[6468/6838] Building CXX object src/Functions/array/CMakeFiles/clickhouse_functions_array.dir/arrayFold.cpp.o
[6469/6838] Building CXX object src/Functions/array/CMakeFiles/clickhouse_functions_array.dir/arrayJaccardIndex.cpp.o
[6470/6838] Building CXX object src/Functions/array/CMakeFiles/clickhouse_functions_array.dir/arrayJoin.cpp.o
[6471/6838] Building CXX object src/Functions/array/CMakeFiles/clickhouse_functions_array.dir/arrayIntersect.cpp.o
[6472/6838] Building CXX object src/Functions/array/CMakeFiles/clickhouse_functions_array.dir/arrayMap.cpp.o
[6473/6838] Building CXX object src/Functions/array/CMakeFiles/clickhouse_functions_array.dir/arrayDistance.cpp.o
[6474/6838] Building CXX object src/Functions/array/CMakeFiles/clickhouse_functions_array.dir/arrayNorm.cpp.o
[6475/6838] Building CXX object src/Functions/array/CMakeFiles/clickhouse_functions_array.dir/arrayPopBack.cpp.o
[6476/6838] Building CXX object src/Functions/array/CMakeFiles/clickhouse_functions_array.dir/arrayPopFront.cpp.o
[6477/6838] Building CXX object src/Functions/array/CMakeFiles/clickhouse_functions_array.dir/arrayNormalizedGini.cpp.o
[6478/6838] Building CXX object src/Functions/array/CMakeFiles/clickhouse_functions_array.dir/arrayPushBack.cpp.o
[6479/6838] Building CXX object src/Functions/array/CMakeFiles/clickhouse_functions_array.dir/arrayPushFront.cpp.o
[6480/6838] Building CXX object src/Functions/array/CMakeFiles/clickhouse_functions_array.dir/arrayRandomSample.cpp.o
[6481/6838] Building CXX object src/Functions/array/CMakeFiles/clickhouse_functions_array.dir/arrayReduce.cpp.o
[6482/6838] Building CXX object src/Functions/array/CMakeFiles/clickhouse_functions_array.dir/arrayElement.cpp.o
[6483/6838] Building CXX object src/Functions/array/CMakeFiles/clickhouse_functions_array.dir/arrayReduceInRanges.cpp.o
[6484/6838] Building CXX object src/Functions/array/CMakeFiles/clickhouse_functions_array.dir/arrayRemove.cpp.o
[6485/6838] Building CXX object src/Functions/array/CMakeFiles/clickhouse_functions_array.dir/arrayReverse.cpp.o
[6486/6838] Building CXX object src/Functions/array/CMakeFiles/clickhouse_functions_array.dir/arrayShiftRotate.cpp.o
[6487/6838] Building CXX object src/Functions/array/CMakeFiles/clickhouse_functions_array.dir/arrayShingles.cpp.o
[6488/6838] Building CXX object src/Functions/array/CMakeFiles/clickhouse_functions_array.dir/arrayShuffle.cpp.o
[6489/6838] Building CXX object src/Functions/array/CMakeFiles/clickhouse_functions_array.dir/arrayLevenshtein.cpp.o
[6490/6838] Building CXX object src/Functions/array/CMakeFiles/clickhouse_functions_array.dir/arraySlice.cpp.o
[6491/6838] Building CXX object src/Functions/array/CMakeFiles/clickhouse_functions_array.dir/arraySplit.cpp.o
[6492/6838] Building CXX object src/Functions/array/CMakeFiles/clickhouse_functions_array.dir/arrayTranspose.cpp.o
[6493/6838] Building CXX object src/Functions/array/CMakeFiles/clickhouse_functions_array.dir/arrayWithConstant.cpp.o
[6494/6838] Building CXX object src/Functions/array/CMakeFiles/clickhouse_functions_array.dir/arrayUniq.cpp.o
[6495/6838] Building CXX object src/Functions/array/CMakeFiles/clickhouse_functions_array.dir/arrayZip.cpp.o
[6496/6838] Building CXX object src/Functions/array/CMakeFiles/clickhouse_functions_array.dir/distanceTransposed.cpp.o
[6497/6838] Building CXX object src/Functions/array/CMakeFiles/clickhouse_functions_array.dir/emptyArray.cpp.o
[6498/6838] Building CXX object src/Functions/array/CMakeFiles/clickhouse_functions_array.dir/arrayTopK.cpp.o
[6499/6838] Building CXX object src/Functions/array/CMakeFiles/clickhouse_functions_array.dir/hasAll.cpp.o
[6500/6838] Building CXX object src/Functions/array/CMakeFiles/clickhouse_functions_array.dir/countEqual.cpp.o
[6501/6838] Building CXX object src/Functions/array/CMakeFiles/clickhouse_functions_array.dir/hasAny.cpp.o
[6502/6838] Building CXX object src/Functions/array/CMakeFiles/clickhouse_functions_array.dir/hasSubstr.cpp.o
[6503/6838] Building CXX object src/Functions/array/CMakeFiles/clickhouse_functions_array.dir/length.cpp.o
[6504/6838] Building CXX object src/Functions/array/CMakeFiles/clickhouse_functions_array.dir/indexOf.cpp.o
[6505/6838] Building CXX object src/Functions/array/CMakeFiles/clickhouse_functions_array.dir/indexOfAssumeSorted.cpp.o
[6506/6838] Building CXX object src/Functions/array/CMakeFiles/clickhouse_functions_array.dir/arraySort.cpp.o
[6507/6838] Building CXX object src/Functions/array/CMakeFiles/clickhouse_functions_array.dir/notHas.cpp.o
[6508/6838] Building CXX object src/Functions/TimeSeries/CMakeFiles/clickhouse_functions_time_series.dir/TimeSeriesTagsFunctionHelpers.cpp.o
[6509/6838] Building CXX object src/Functions/array/CMakeFiles/clickhouse_functions_array.dir/range.cpp.o
[6510/6838] Building CXX object src/Functions/TimeSeries/CMakeFiles/clickhouse_functions_time_series.dir/timeSeriesCopyTag.cpp.o
[6511/6838] Building CXX object src/Functions/TimeSeries/CMakeFiles/clickhouse_functions_time_series.dir/timeSeriesCopyTags.cpp.o
[6512/6838] Building CXX object src/Functions/array/CMakeFiles/clickhouse_functions_array.dir/mapOp.cpp.o
[6513/6838] Building CXX object src/Functions/TimeSeries/CMakeFiles/clickhouse_functions_time_series.dir/timeSeriesExtractTag.cpp.o
[6514/6838] Building CXX object src/Functions/TimeSeries/CMakeFiles/clickhouse_functions_time_series.dir/timeSeriesGroupToSamplingKey.cpp.o
[6515/6838] Building CXX object src/Functions/TimeSeries/CMakeFiles/clickhouse_functions_time_series.dir/timeSeriesGroupToTags.cpp.o
[6516/6838] Building CXX object src/Functions/TimeSeries/CMakeFiles/clickhouse_functions_time_series.dir/timeSeriesIdToGroup.cpp.o
[6517/6838] Building CXX object src/Functions/TimeSeries/CMakeFiles/clickhouse_functions_time_series.dir/timeSeriesIdToTags.cpp.o
[6518/6838] Building CXX object src/Functions/TimeSeries/CMakeFiles/clickhouse_functions_time_series.dir/timeSeriesMetricTypeToSuffixes.cpp.o
[6519/6838] Building CXX object src/Functions/TimeSeries/CMakeFiles/clickhouse_functions_time_series.dir/timeSeriesJoinTags.cpp.o
[6520/6838] Building CXX object src/Functions/TimeSeries/CMakeFiles/clickhouse_functions_time_series.dir/timeSeriesPrometheusValueToString.cpp.o
[6521/6838] Building CXX object src/Functions/TimeSeries/CMakeFiles/clickhouse_functions_time_series.dir/timeSeriesRemoveAllTagsExcept.cpp.o
[6522/6838] Building CXX object src/Functions/TimeSeries/CMakeFiles/clickhouse_functions_time_series.dir/timeSeriesRange.cpp.o
[6523/6838] Building CXX object src/Functions/TimeSeries/CMakeFiles/clickhouse_functions_time_series.dir/timeSeriesRemoveTag.cpp.o
[6524/6838] Building CXX object src/Functions/TimeSeries/CMakeFiles/clickhouse_functions_time_series.dir/timeSeriesRemoveTags.cpp.o
[6525/6838] Building CXX object src/Functions/TimeSeries/CMakeFiles/clickhouse_functions_time_series.dir/timeSeriesReplaceTag.cpp.o
[6526/6838] Building CXX object src/Functions/TimeSeries/CMakeFiles/clickhouse_functions_time_series.dir/timeSeriesStoreTags.cpp.o
[6527/6838] Building CXX object src/Functions/TimeSeries/CMakeFiles/clickhouse_functions_time_series.dir/timeSeriesTagsToMap.cpp.o
[6528/6838] Building CXX object src/Functions/TimeSeries/CMakeFiles/clickhouse_functions_time_series.dir/timeSeriesTagsToGroup.cpp.o
[6529/6838] Building CXX object src/Functions/JSONPath/CMakeFiles/clickhouse_functions_jsonpath.dir/Parsers/ParserJSONPath.cpp.o
[6530/6838] Building CXX object src/Functions/TimeSeries/CMakeFiles/clickhouse_functions_time_series.dir/timeSeriesThrowDuplicateSeriesIf.cpp.o
[6531/6838] Building CXX object src/Functions/array/CMakeFiles/clickhouse_functions_array.dir/mapPopulateSeries.cpp.o
[6532/6838] Building CXX object src/Functions/JSONPath/CMakeFiles/clickhouse_functions_jsonpath.dir/Parsers/ParserJSONPathMemberAccess.cpp.o
[6533/6838] Building CXX object src/Functions/JSONPath/CMakeFiles/clickhouse_functions_jsonpath.dir/Parsers/ParserJSONPathQuery.cpp.o
[6534/6838] Building CXX object src/Functions/JSONPath/CMakeFiles/clickhouse_functions_jsonpath.dir/Parsers/ParserJSONPathMemberSquareBracketAccess.cpp.o
[6535/6838] Building CXX object src/Functions/JSONPath/CMakeFiles/clickhouse_functions_jsonpath.dir/Parsers/ParserJSONPathRoot.cpp.o
[6536/6838] Building CXX object src/Functions/JSONPath/CMakeFiles/clickhouse_functions_jsonpath.dir/Parsers/ParserJSONPathRange.cpp.o
[6537/6838] Building CXX object src/Functions/JSONPath/CMakeFiles/clickhouse_functions_jsonpath.dir/Parsers/ParserJSONPathStar.cpp.o
[6538/6838] Building CXX object src/AggregateFunctions/CMakeFiles/clickhouse_aggregate_functions.dir/AggregateFunctionAggThrow.cpp.o
[6539/6838] Building CXX object src/AggregateFunctions/CMakeFiles/clickhouse_aggregate_functions.dir/AggregateFunctionAnyHeavy.cpp.o
[6540/6838] Building CXX object src/AggregateFunctions/CMakeFiles/clickhouse_aggregate_functions.dir/AggregateFunctionAnalysisOfVariance.cpp.o
[6541/6838] Building CXX object src/AggregateFunctions/CMakeFiles/clickhouse_aggregate_functions.dir/AggregateFunctionAnyRespectNulls.cpp.o
[6542/6838] Building CXX object src/AggregateFunctions/CMakeFiles/clickhouse_aggregate_functions.dir/AggregateFunctionAny.cpp.o
[6543/6838] Building CXX object src/AggregateFunctions/CMakeFiles/clickhouse_aggregate_functions.dir/AggregateFunctionBoundingRatio.cpp.o
[6544/6838] Building CXX object src/AggregateFunctions/CMakeFiles/clickhouse_aggregate_functions.dir/AggregateFunctionAvg.cpp.o
[6545/6838] Building CXX object src/AggregateFunctions/CMakeFiles/clickhouse_aggregate_functions.dir/AggregateFunctionCategoricalInformationValue.cpp.o
[6546/6838] Building CXX object src/AggregateFunctions/CMakeFiles/clickhouse_aggregate_functions.dir/AggregateFunctionBitwise.cpp.o
[6547/6838] Building CXX object src/AggregateFunctions/CMakeFiles/clickhouse_aggregate_functions.dir/AggregateFunctionContingencyCoefficient.cpp.o
[6548/6838] Building CXX object src/AggregateFunctions/CMakeFiles/clickhouse_aggregate_functions.dir/AggregateFunctionCramersV.cpp.o
[6549/6838] Building CXX object src/AggregateFunctions/CMakeFiles/clickhouse_aggregate_functions.dir/AggregateFunctionCramersVBiasCorrected.cpp.o
[6550/6838] Building CXX object src/AggregateFunctions/CMakeFiles/clickhouse_aggregate_functions.dir/AggregateFunctionDeltaSum.cpp.o
[6551/6838] Building CXX object src/AggregateFunctions/CMakeFiles/clickhouse_aggregate_functions.dir/AggregateFunctionDeltaSumTimestamp.cpp.o
[6552/6838] Building CXX object src/AggregateFunctions/CMakeFiles/clickhouse_aggregate_functions.dir/AggregateFunctionCorr.cpp.o
[6553/6838] Building CXX object src/AggregateFunctions/CMakeFiles/clickhouse_aggregate_functions.dir/AggregateFunctionCovar.cpp.o
[6554/6838] Building CXX object src/AggregateFunctions/CMakeFiles/clickhouse_aggregate_functions.dir/AggregateFunctionAvgWeighted.cpp.o
[6555/6838] Building CXX object src/AggregateFunctions/CMakeFiles/clickhouse_aggregate_functions.dir/AggregateFunctionDistinctDynamicTypes.cpp.o
[6556/6838] Building CXX object src/AggregateFunctions/CMakeFiles/clickhouse_aggregate_functions.dir/AggregateFunctionEstimateCompressionRatio.cpp.o
[6557/6838] Building CXX object src/AggregateFunctions/CMakeFiles/clickhouse_aggregate_functions.dir/AggregateFunctionDistinctJSONPaths.cpp.o
[6558/6838] Building CXX object src/AggregateFunctions/CMakeFiles/clickhouse_aggregate_functions.dir/AggregateFunctionExponentialMovingAverage.cpp.o
[6559/6838] Building CXX object src/AggregateFunctions/CMakeFiles/clickhouse_aggregate_functions.dir/AggregateFunctionEntropy.cpp.o
[6560/6838] Building CXX object src/AggregateFunctions/CMakeFiles/clickhouse_aggregate_functions.dir/AggregateFunctionFlameGraph.cpp.o
[6561/6838] Building CXX object src/AggregateFunctions/CMakeFiles/clickhouse_aggregate_functions.dir/AggregateFunctionGroupArrayInsertAt.cpp.o
[6562/6838] Building CXX object src/AggregateFunctions/CMakeFiles/clickhouse_aggregate_functions.dir/AggregateFunctionFourthMoment.cpp.o
[6563/6838] Building CXX object src/AggregateFunctions/CMakeFiles/clickhouse_aggregate_functions.dir/AggregateFunctionGini.cpp.o
[6564/6838] Building CXX object src/AggregateFunctions/CMakeFiles/clickhouse_aggregate_functions.dir/AggregateFunctionGroupArrayIntersect.cpp.o
[6565/6838] Building CXX object src/AggregateFunctions/CMakeFiles/clickhouse_aggregate_functions.dir/AggregateFunctionGroupArray.cpp.o
[6566/6838] Building CXX object src/AggregateFunctions/CMakeFiles/clickhouse_aggregate_functions.dir/AggregateFunctionGroupArraySorted.cpp.o
[6567/6838] Building CXX object src/AggregateFunctions/CMakeFiles/clickhouse_aggregate_functions.dir/AggregateFunctionGroupConcat.cpp.o
[6568/6838] Building CXX object src/AggregateFunctions/CMakeFiles/clickhouse_aggregate_functions.dir/AggregateFunctionGroupBitmap.cpp.o
[6569/6838] Building CXX object src/AggregateFunctions/CMakeFiles/clickhouse_aggregate_functions.dir/AggregateFunctionGroupArrayMoving.cpp.o
[6570/6838] Building CXX object src/AggregateFunctions/CMakeFiles/clickhouse_aggregate_functions.dir/AggregateFunctionGroupFormat.cpp.o
[6571/6838] Building CXX object src/AggregateFunctions/CMakeFiles/clickhouse_aggregate_functions.dir/AggregateFunctionHistogram.cpp.o
[6572/6838] Building CXX object src/AggregateFunctions/CMakeFiles/clickhouse_aggregate_functions.dir/AggregateFunctionHierarchicalKMeans.cpp.o
[6573/6838] Building CXX object src/AggregateFunctions/CMakeFiles/clickhouse_aggregate_functions.dir/AggregateFunctionGroupUniqArray.cpp.o
[6574/6838] Building CXX object src/AggregateFunctions/CMakeFiles/clickhouse_aggregate_functions.dir/AggregateFunctionKolmogorovSmirnovTest.cpp.o
[6575/6838] Building CXX object src/AggregateFunctions/CMakeFiles/clickhouse_aggregate_functions.dir/AggregateFunctionIntervalLengthSum.cpp.o
[6576/6838] Building CXX object src/AggregateFunctions/CMakeFiles/clickhouse_aggregate_functions.dir/AggregateFunctionLargestTriangleThreeBuckets.cpp.o
[6577/6838] Building CXX object src/AggregateFunctions/CMakeFiles/clickhouse_aggregate_functions.dir/AggregateFunctionMLMethod.cpp.o
[6578/6838] Building CXX object src/AggregateFunctions/CMakeFiles/clickhouse_aggregate_functions.dir/AggregateFunctionMVTEncode.cpp.o
[6579/6838] Building CXX object src/AggregateFunctions/CMakeFiles/clickhouse_aggregate_functions.dir/AggregateFunctionMannWhitney.cpp.o
[6580/6838] Building CXX object src/AggregateFunctions/CMakeFiles/clickhouse_aggregate_functions.dir/AggregateFunctionMeanZTest.cpp.o
[6581/6838] Building CXX object src/AggregateFunctions/CMakeFiles/clickhouse_aggregate_functions.dir/AggregateFunctionMaxIntersections.cpp.o
[6582/6838] Building CXX object src/AggregateFunctions/CMakeFiles/clickhouse_aggregate_functions.dir/AggregateFunctionNothing.cpp.o
[6583/6838] Building CXX object src/AggregateFunctions/CMakeFiles/clickhouse_aggregate_functions.dir/AggregateFunctionGroupNumericIndexedVector.cpp.o
[6584/6838] Building CXX object src/AggregateFunctions/CMakeFiles/clickhouse_aggregate_functions.dir/AggregateFunctionMergedJSONPatch.cpp.o
[6585/6838] Building CXX object src/AggregateFunctions/CMakeFiles/clickhouse_aggregate_functions.dir/AggregateFunctionQuantileBFloat16.cpp.o
[6586/6838] Building CXX object src/AggregateFunctions/CMakeFiles/clickhouse_aggregate_functions.dir/AggregateFunctionQuantileDD.cpp.o
[6587/6838] Building CXX object src/AggregateFunctions/CMakeFiles/clickhouse_aggregate_functions.dir/AggregateFunctionQuantileBFloat16Weighted.cpp.o
[6588/6838] Building CXX object src/AggregateFunctions/CMakeFiles/clickhouse_aggregate_functions.dir/AggregateFunctionQuantile.cpp.o
[6589/6838] Building CXX object src/AggregateFunctions/CMakeFiles/clickhouse_aggregate_functions.dir/AggregateFunctionQuantileExactExclusive.cpp.o
[6590/6838] Building CXX object src/AggregateFunctions/CMakeFiles/clickhouse_aggregate_functions.dir/AggregateFunctionQuantileDeterministic.cpp.o
[6591/6838] Building CXX object src/AggregateFunctions/CMakeFiles/clickhouse_aggregate_functions.dir/AggregateFunctionQuantileExact.cpp.o
[6592/6838] Building CXX object src/AggregateFunctions/CMakeFiles/clickhouse_aggregate_functions.dir/AggregateFunctionQuantileExactHigh.cpp.o
[6593/6838] Building CXX object src/AggregateFunctions/CMakeFiles/clickhouse_aggregate_functions.dir/AggregateFunctionQuantileExactInclusive.cpp.o
[6594/6838] Building CXX object src/AggregateFunctions/CMakeFiles/clickhouse_aggregate_functions.dir/AggregateFunctionQuantileExactLow.cpp.o
[6595/6838] Building CXX object src/AggregateFunctions/CMakeFiles/clickhouse_aggregate_functions.dir/AggregateFunctionQuantilePrometheusHistogram.cpp.o
[6596/6838] Building CXX object src/AggregateFunctions/CMakeFiles/clickhouse_aggregate_functions.dir/AggregateFunctionQuantileGK.cpp.o
[6597/6838] Building CXX object src/AggregateFunctions/CMakeFiles/clickhouse_aggregate_functions.dir/AggregateFunctionQuantileInterpolatedWeighted.cpp.o
[6598/6838] Building CXX object src/AggregateFunctions/CMakeFiles/clickhouse_aggregate_functions.dir/AggregateFunctionQuantileTDigest.cpp.o
[6599/6838] Building CXX object src/AggregateFunctions/CMakeFiles/clickhouse_aggregate_functions.dir/AggregateFunctionQuantileTDigestWeighted.cpp.o
[6600/6838] Building CXX object src/AggregateFunctions/CMakeFiles/clickhouse_aggregate_functions.dir/AggregateFunctionRankCorrelation.cpp.o
[6601/6838] Building CXX object src/AggregateFunctions/CMakeFiles/clickhouse_aggregate_functions.dir/AggregateFunctionQuantileTiming.cpp.o
[6602/6838] Building CXX object src/AggregateFunctions/CMakeFiles/clickhouse_aggregate_functions.dir/AggregateFunctionQuantileTimingWeighted.cpp.o
[6603/6838] Building CXX object src/AggregateFunctions/CMakeFiles/clickhouse_aggregate_functions.dir/AggregateFunctionRetention.cpp.o
[6604/6838] Building CXX object src/AggregateFunctions/CMakeFiles/clickhouse_aggregate_functions.dir/AggregateFunctionQuantileExactWeighted.cpp.o
[6605/6838] Building CXX object src/AggregateFunctions/CMakeFiles/clickhouse_aggregate_functions.dir/AggregateFunctionSimpleLinearRegression.cpp.o
[6606/6838] Building CXX object src/AggregateFunctions/CMakeFiles/clickhouse_aggregate_functions.dir/AggregateFunctionSequenceNextNode.cpp.o
[6607/6838] Building CXX object src/AggregateFunctions/CMakeFiles/clickhouse_aggregate_functions.dir/AggregateFunctionSingleValueOrNull.cpp.o
[6608/6838] Building CXX object src/AggregateFunctions/CMakeFiles/clickhouse_aggregate_functions.dir/AggregateFunctionSecondMoment.cpp.o
[6609/6838] Building CXX object src/AggregateFunctions/CMakeFiles/clickhouse_aggregate_functions.dir/AggregateFunctionStatistics.cpp.o
[6610/6838] Building CXX object src/AggregateFunctions/CMakeFiles/clickhouse_aggregate_functions.dir/AggregateFunctionStudentTTest.cpp.o
[6611/6838] Building CXX object src/AggregateFunctions/CMakeFiles/clickhouse_aggregate_functions.dir/AggregateFunctionStudentTTestOneSample.cpp.o
[6612/6838] Building CXX object src/AggregateFunctions/CMakeFiles/clickhouse_aggregate_functions.dir/AggregateFunctionSequenceMatch.cpp.o
[6613/6838] Building CXX object src/AggregateFunctions/CMakeFiles/clickhouse_aggregate_functions.dir/AggregateFunctionSum.cpp.o
[6614/6838] Building CXX object src/AggregateFunctions/CMakeFiles/clickhouse_aggregate_functions.dir/AggregateFunctionSumCount.cpp.o
[6615/6838] Building CXX object src/AggregateFunctions/CMakeFiles/clickhouse_aggregate_functions.dir/AggregateFunctionTheilsU.cpp.o
[6616/6838] Building CXX object src/AggregateFunctions/CMakeFiles/clickhouse_aggregate_functions.dir/AggregateFunctionSumMap.cpp.o
[6617/6838] Building CXX object src/AggregateFunctions/CMakeFiles/clickhouse_aggregate_functions.dir/AggregateFunctionThirdMoment.cpp.o
[6618/6838] Building CXX object src/AggregateFunctions/CMakeFiles/clickhouse_aggregate_functions.dir/AggregateFunctionSparkbar.cpp.o
[6619/6838] Building CXX object src/AggregateFunctions/CMakeFiles/clickhouse_aggregate_functions.dir/AggregateFunctionUniqCombined.cpp.o
[6620/6838] Building CXX object src/AggregateFunctions/CMakeFiles/clickhouse_aggregate_functions.dir/AggregateFunctionUniqCombined12.cpp.o
[6621/6838] Building CXX object src/AggregateFunctions/CMakeFiles/clickhouse_aggregate_functions.dir/AggregateFunctionUniqCombined13.cpp.o
[6622/6838] Building CXX object src/AggregateFunctions/CMakeFiles/clickhouse_aggregate_functions.dir/AggregateFunctionTopK.cpp.o
[6623/6838] Building CXX object src/AggregateFunctions/CMakeFiles/clickhouse_aggregate_functions.dir/AggregateFunctionUniqCombined14.cpp.o
[6624/6838] Building CXX object src/AggregateFunctions/CMakeFiles/clickhouse_aggregate_functions.dir/AggregateFunctionUniqCombined15.cpp.o
[6625/6838] Building CXX object src/AggregateFunctions/CMakeFiles/clickhouse_aggregate_functions.dir/AggregateFunctionUniqCombined16.cpp.o
[6626/6838] Building CXX object src/AggregateFunctions/CMakeFiles/clickhouse_aggregate_functions.dir/AggregateFunctionUniqCombined17.cpp.o
[6627/6838] Building CXX object src/AggregateFunctions/CMakeFiles/clickhouse_aggregate_functions.dir/AggregateFunctionUniqCombined18.cpp.o
[6628/6838] Building CXX object src/AggregateFunctions/CMakeFiles/clickhouse_aggregate_functions.dir/AggregateFunctionUniqCombined19.cpp.o
[6629/6838] Building CXX object src/AggregateFunctions/CMakeFiles/clickhouse_aggregate_functions.dir/AggregateFunctionUniqUpTo.cpp.o
[6630/6838] Building CXX object src/AggregateFunctions/CMakeFiles/clickhouse_aggregate_functions.dir/AggregateFunctionVarianceMatrix.cpp.o
[6631/6838] Building CXX object src/AggregateFunctions/CMakeFiles/clickhouse_aggregate_functions.dir/AggregateFunctionUniqCombined20.cpp.o
[6632/6838] Building CXX object src/AggregateFunctions/CMakeFiles/clickhouse_aggregate_functions.dir/AggregateFunctionUniq.cpp.o
[6633/6838] Building CXX object src/AggregateFunctions/CMakeFiles/clickhouse_aggregate_functions.dir/AggregateFunctionWelchTTest.cpp.o
[6634/6838] Building CXX object src/AggregateFunctions/CMakeFiles/clickhouse_aggregate_functions.dir/SingleValueData.cpp.o
[6635/6838] Building CXX object src/AggregateFunctions/CMakeFiles/clickhouse_aggregate_functions.dir/UniqCombinedBiasData.cpp.o
[6636/6838] Building CXX object src/AggregateFunctions/CMakeFiles/clickhouse_aggregate_functions.dir/AggregateFunctionsMinMax.cpp.o
[6637/6838] Building CXX object src/AggregateFunctions/CMakeFiles/clickhouse_aggregate_functions.dir/UniqVariadicHash.cpp.o
[6638/6838] Building CXX object src/AggregateFunctions/CMakeFiles/clickhouse_aggregate_functions.dir/AggregateFunctionWindowFunnel.cpp.o
[6639/6838] Building CXX object src/AggregateFunctions/CMakeFiles/clickhouse_aggregate_functions.dir/registerAggregateFunctions.cpp.o
[6640/6838] Building CXX object src/AggregateFunctions/CMakeFiles/clickhouse_aggregate_functions.dir/Combinators/AggregateFunctionArray.cpp.o
[6641/6838] Building CXX object src/AggregateFunctions/CMakeFiles/clickhouse_aggregate_functions.dir/Combinators/AggregateFunctionCombinatorsArgMinArgMax.cpp.o
[6642/6838] Building CXX object src/AggregateFunctions/CMakeFiles/clickhouse_aggregate_functions.dir/Combinators/AggregateFunctionForEach.cpp.o
[6643/6838] Building CXX object src/AggregateFunctions/CMakeFiles/clickhouse_aggregate_functions.dir/Combinators/AggregateFunctionIf.cpp.o
[6644/6838] Building CXX object src/AggregateFunctions/CMakeFiles/clickhouse_aggregate_functions.dir/Combinators/AggregateFunctionDistinct.cpp.o
[6645/6838] Building CXX object src/AggregateFunctions/CMakeFiles/clickhouse_aggregate_functions.dir/Combinators/AggregateFunctionMerge.cpp.o
[6646/6838] Building CXX object src/AggregateFunctions/CMakeFiles/clickhouse_aggregate_functions.dir/Combinators/AggregateFunctionOrFill.cpp.o
[6647/6838] Building CXX object src/AggregateFunctions/CMakeFiles/clickhouse_aggregate_functions.dir/Combinators/AggregateFunctionNull.cpp.o
[6648/6838] Building CXX object src/AggregateFunctions/CMakeFiles/clickhouse_aggregate_functions.dir/Combinators/AggregateFunctionResample.cpp.o
[6649/6838] Building CXX object src/AggregateFunctions/CMakeFiles/clickhouse_aggregate_functions.dir/Combinators/AggregateFunctionSimpleState.cpp.o
[6650/6838] Building CXX object src/AggregateFunctions/CMakeFiles/clickhouse_aggregate_functions.dir/Combinators/AggregateFunctionState.cpp.o
[6651/6838] Building CXX object src/AggregateFunctions/CMakeFiles/clickhouse_aggregate_functions.dir/Combinators/AggregateFunctionMap.cpp.o
[6652/6838] Building CXX object src/AggregateFunctions/CMakeFiles/clickhouse_aggregate_functions.dir/Combinators/AggregateFunctionTuple.cpp.o
[6653/6838] Building CXX object src/AggregateFunctions/CMakeFiles/clickhouse_aggregate_functions.dir/TimeSeries/AggregateFunctionTimeSeriesGroupArray.cpp.o
[6654/6838] Building CXX object src/AggregateFunctions/CMakeFiles/clickhouse_aggregate_functions.dir/TimeSeries/AggregateFunctionLast2Samples.cpp.o
[6655/6838] Building CXX object src/AggregateFunctions/CMakeFiles/clickhouse_aggregate_functions.dir/TimeSeries/AggregateFunctionTimeSeriesDiagnostics.cpp.o
[6656/6838] Building CXX object src/AggregateFunctions/CMakeFiles/clickhouse_aggregate_functions.dir/TimeSeries/AggregateFunctionTimeSeriesTopKMasks.cpp.o
[6657/6838] Building CXX object src/AggregateFunctions/CMakeFiles/clickhouse_aggregate_functions.dir/TimeSeries/AggregateFunctionTimeSeriesStatisticalExtensions.cpp.o
[6658/6838] Building CXX object src/AggregateFunctions/CMakeFiles/clickhouse_aggregate_functions.dir/AggregateFunctionsArgMinArgMax.cpp.o
[6659/6838] Building CXX object src/TableFunctions/CMakeFiles/clickhouse_table_functions.dir/TableFunctionArrowFlight.cpp.o
[6660/6838] Building CXX object src/TableFunctions/CMakeFiles/clickhouse_table_functions.dir/ITableFunctionFileLike.cpp.o
[6661/6838] Building CXX object src/TableFunctions/CMakeFiles/clickhouse_table_functions.dir/TableFunctionBigQuery.cpp.o
[6662/6838] Building CXX object src/TableFunctions/CMakeFiles/clickhouse_table_functions.dir/ITableFunctionXDBC.cpp.o
[6663/6838] Building CXX object src/TableFunctions/CMakeFiles/clickhouse_table_functions.dir/TableFunctionDictionary.cpp.o
[6664/6838] Building CXX object src/TableFunctions/CMakeFiles/clickhouse_table_functions.dir/TableFunctionEval.cpp.o
[6665/6838] Building CXX object src/TableFunctions/CMakeFiles/clickhouse_table_functions.dir/TableFunctionExecutable.cpp.o
[6666/6838] Building CXX object src/TableFunctions/CMakeFiles/clickhouse_table_functions.dir/TableFunctionExplain.cpp.o
[6667/6838] Building CXX object src/TableFunctions/CMakeFiles/clickhouse_table_functions.dir/TableFunctionFile.cpp.o
[6668/6838] Building CXX object src/TableFunctions/CMakeFiles/clickhouse_table_functions.dir/TableFunctionFilesystem.cpp.o
[6669/6838] Building CXX object src/TableFunctions/CMakeFiles/clickhouse_table_functions.dir/TableFunctionFileCluster.cpp.o
[6670/6838] Building CXX object src/TableFunctions/CMakeFiles/clickhouse_table_functions.dir/TableFunctionFuzzJSON.cpp.o
[6671/6838] Building CXX object src/TableFunctions/CMakeFiles/clickhouse_table_functions.dir/TableFunctionFormat.cpp.o
[6672/6838] Building CXX object src/TableFunctions/CMakeFiles/clickhouse_table_functions.dir/TableFunctionFuzzQuery.cpp.o
[6673/6838] Building CXX object src/TableFunctions/CMakeFiles/clickhouse_table_functions.dir/TableFunctionGenerateRandom.cpp.o
[6674/6838] Building CXX object src/TableFunctions/CMakeFiles/clickhouse_table_functions.dir/TableFunctionGenerateSeries.cpp.o
[6675/6838] Building CXX object src/TableFunctions/CMakeFiles/clickhouse_table_functions.dir/TableFunctionInput.cpp.o
[6676/6838] Building CXX object src/TableFunctions/CMakeFiles/clickhouse_table_functions.dir/TableFunctionLoop.cpp.o
[6677/6838] Building CXX object src/TableFunctions/CMakeFiles/clickhouse_table_functions.dir/TableFunctionMerge.cpp.o
[6678/6838] Building CXX object src/TableFunctions/CMakeFiles/clickhouse_table_functions.dir/TableFunctionMergeTreeCodecBlockCounts.cpp.o
[6679/6838] Building CXX object src/TableFunctions/CMakeFiles/clickhouse_table_functions.dir/TableFunctionMergeTreeAnalyzeIndexes.cpp.o
[6680/6838] Building CXX object src/TableFunctions/CMakeFiles/clickhouse_table_functions.dir/TableFunctionMongoDB.cpp.o
[6681/6838] Building CXX object src/TableFunctions/CMakeFiles/clickhouse_table_functions.dir/TableFunctionMySQL.cpp.o
[6682/6838] Building CXX object src/TableFunctions/CMakeFiles/clickhouse_table_functions.dir/TableFunctionMergeTreeIndex.cpp.o
[6683/6838] Building CXX object src/TableFunctions/CMakeFiles/clickhouse_table_functions.dir/TableFunctionNull.cpp.o
[6684/6838] Building CXX object src/TableFunctions/CMakeFiles/clickhouse_table_functions.dir/TableFunctionNumbers.cpp.o
[6685/6838] Building CXX object src/TableFunctions/CMakeFiles/clickhouse_table_functions.dir/TableFunctionMergeTreeTextIndex.cpp.o
[6686/6838] Building CXX object src/TableFunctions/CMakeFiles/clickhouse_table_functions.dir/TableFunctionPostgreSQL.cpp.o
[6687/6838] Building CXX object src/TableFunctions/CMakeFiles/clickhouse_table_functions.dir/TableFunctionPrimes.cpp.o
[6688/6838] Building CXX object src/TableFunctions/CMakeFiles/clickhouse_table_functions.dir/TableFunctionObjectStorage.cpp.o
[6689/6838] Building CXX object src/TableFunctions/CMakeFiles/clickhouse_table_functions.dir/TableFunctionObjectStorageCluster.cpp.o
[6690/6838] Building CXX object src/TableFunctions/CMakeFiles/clickhouse_table_functions.dir/TableFunctionPrometheusQuery.cpp.o
[6691/6838] Building CXX object src/TableFunctions/CMakeFiles/clickhouse_table_functions.dir/TableFunctionProjection.cpp.o
[6692/6838] Building CXX object src/TableFunctions/CMakeFiles/clickhouse_table_functions.dir/TableFunctionSQLite.cpp.o
[6693/6838] Building CXX object src/AggregateFunctions/CMakeFiles/clickhouse_aggregate_functions.dir/TimeSeries/AggregateFunctionTimeseriesHelpers.cpp.o
[6694/6838] Building CXX object src/TableFunctions/CMakeFiles/clickhouse_table_functions.dir/TableFunctionRedis.cpp.o
[6695/6838] Building CXX object src/TableFunctions/CMakeFiles/clickhouse_table_functions.dir/TableFunctionRemote.cpp.o
[6696/6838] Building CXX object src/TableFunctions/CMakeFiles/clickhouse_table_functions.dir/TableFunctionTimeSeries.cpp.o
[6697/6838] Building CXX object src/TableFunctions/CMakeFiles/clickhouse_table_functions.dir/TableFunctionTimeSeriesSelector.cpp.o
[6698/6838] Building CXX object src/TableFunctions/CMakeFiles/clickhouse_table_functions.dir/TableFunctionValues.cpp.o
[6699/6838] Building CXX object src/TableFunctions/CMakeFiles/clickhouse_table_functions.dir/TableFunctionURL.cpp.o
[6700/6838] Building CXX object src/TableFunctions/CMakeFiles/clickhouse_table_functions.dir/TableFunctionViewIfPermitted.cpp.o
[6701/6838] Building CXX object src/TableFunctions/CMakeFiles/clickhouse_table_functions.dir/TableFunctionURLCluster.cpp.o
[6702/6838] Building CXX object src/TableFunctions/CMakeFiles/clickhouse_table_functions.dir/registerTableFunctions.cpp.o
[6703/6838] Building CXX object src/Daemon/CMakeFiles/daemon.dir/GraphiteWriter.cpp.o
[6704/6838] Building CXX object src/TableFunctions/CMakeFiles/clickhouse_table_functions.dir/TableFunctionZeros.cpp.o
[6705/6838] Building CXX object src/TableFunctions/CMakeFiles/clickhouse_table_functions.dir/TableFunctionYtsaurus.cpp.o
[6706/6838] Building CXX object src/Daemon/CMakeFiles/daemon.dir/BaseDaemon.cpp.o
[6707/6838] Building CXX object src/Loggers/CMakeFiles/loggers.dir/ExtendedLogMessage.cpp.o
[6708/6838] Building CXX object src/Daemon/CMakeFiles/daemon.dir/CrashWriter.cpp.o
[6709/6838] Building CXX object src/Loggers/CMakeFiles/loggers.dir/OwnFormattingChannel.cpp.o
[6710/6838] Building CXX object src/Loggers/CMakeFiles/loggers.dir/Loggers.cpp.o
[6711/6838] Building CXX object src/Loggers/CMakeFiles/loggers.dir/OwnPatternFormatter.cpp.o
[6712/6838] Building CXX object src/Loggers/CMakeFiles/loggers.dir/OwnJSONPatternFormatter.cpp.o
[6713/6838] Building CXX object src/Access/Common/CMakeFiles/clickhouse_common_access.dir/AccessEntityType.cpp.o
[6714/6838] Building CXX object src/Access/Common/CMakeFiles/clickhouse_common_access.dir/AccessFlags.cpp.o
[6715/6838] Building CXX object src/Access/Common/CMakeFiles/clickhouse_common_access.dir/AccessType.cpp.o
[6716/6838] Building CXX object src/Loggers/CMakeFiles/loggers.dir/OwnSplitChannel.cpp.o
[6717/6838] Building CXX object src/Access/Common/CMakeFiles/clickhouse_common_access.dir/AuthenticationType.cpp.o
[6718/6838] Building CXX object src/Access/Common/CMakeFiles/clickhouse_common_access.dir/HTTPAuthenticationScheme.cpp.o
[6719/6838] Building CXX object src/Access/Common/CMakeFiles/clickhouse_common_access.dir/AccessRightsElement.cpp.o
[6720/6838] Building CXX object src/Access/Common/CMakeFiles/clickhouse_common_access.dir/AllowedClientHosts.cpp.o
[6721/6838] Building CXX object src/Access/Common/CMakeFiles/clickhouse_common_access.dir/OneTimePassword.cpp.o
[6722/6838] Building CXX object src/Access/Common/CMakeFiles/clickhouse_common_access.dir/RowPolicyDefs.cpp.o
[6723/6838] Building CXX object src/Access/Common/CMakeFiles/clickhouse_common_access.dir/QuotaDefs.cpp.o
[6724/6838] Linking CXX static library src/Access/Common/libclickhouse_common_access.a
[6725/6838] Building CXX object src/Common/ZooKeeper/CMakeFiles/clickhouse_common_zookeeper_base.dir/KeeperException.cpp.o
[6726/6838] Linking CXX static library src/Parsers/libclickhouse_parsers.a
[6727/6838] Linking CXX static library src/libclickhouse_compression.a
[6728/6838] Building CXX object src/Common/ZooKeeper/CMakeFiles/clickhouse_common_zookeeper_base.dir/KeeperFeatureFlags.cpp.o
[6729/6838] Building CXX object src/Common/ZooKeeper/CMakeFiles/clickhouse_common_zookeeper_base.dir/IKeeper.cpp.o
[6730/6838] Building CXX object src/Common/ZooKeeper/CMakeFiles/clickhouse_common_zookeeper_base.dir/SystemTablesDataTypes.cpp.o
[6731/6838] Building CXX object src/Common/ZooKeeper/CMakeFiles/clickhouse_common_zookeeper_base.dir/KeeperOverDispatcher.cpp.o
[6732/6838] Building CXX object src/Common/ZooKeeper/CMakeFiles/clickhouse_common_zookeeper_base.dir/KeeperSpans.cpp.o
[6733/6838] Building CXX object src/Common/ZooKeeper/CMakeFiles/clickhouse_common_zookeeper_base.dir/ZooKeeperCachingGetter.cpp.o
[6734/6838] Building CXX object src/Common/ZooKeeper/CMakeFiles/clickhouse_common_zookeeper_base.dir/ZooKeeperArgs.cpp.o
[6735/6838] Building CXX object src/Common/ZooKeeper/CMakeFiles/clickhouse_common_zookeeper_base.dir/TestKeeper.cpp.o
[6736/6838] Building CXX object src/Common/ZooKeeper/CMakeFiles/clickhouse_common_zookeeper_base.dir/ZooKeeperConstants.cpp.o
[6737/6838] Building CXX object src/Common/ZooKeeper/CMakeFiles/clickhouse_common_zookeeper_base.dir/ZooKeeperIO.cpp.o
[6738/6838] Building CXX object src/Common/ZooKeeper/CMakeFiles/clickhouse_common_zookeeper_base.dir/ZooKeeperLock.cpp.o
[6739/6838] Building CXX object src/Common/ZooKeeper/CMakeFiles/clickhouse_common_zookeeper_base.dir/ZooKeeperNodeCache.cpp.o
[6740/6838] Building CXX object src/Common/ZooKeeper/CMakeFiles/clickhouse_common_zookeeper_base.dir/ZooKeeperPathUtils.cpp.o
[6741/6838] Building CXX object src/Common/ZooKeeper/CMakeFiles/clickhouse_common_zookeeper_base.dir/ZooKeeper.cpp.o
[6742/6838] Building CXX object src/Common/ZooKeeper/CMakeFiles/clickhouse_common_zookeeper_base.dir/ZooKeeperCommon.cpp.o
[6743/6838] Building CXX object src/Common/ZooKeeper/CMakeFiles/clickhouse_common_zookeeper_base.dir/ZooKeeperWithFaultInjection.cpp.o
[6744/6838] Building CXX object src/Common/ZooKeeper/CMakeFiles/clickhouse_common_zookeeper_base.dir/KeeperClientCLI/KeeperClient.cpp.o
[6745/6838] Building CXX object src/Common/ZooKeeper/CMakeFiles/clickhouse_common_zookeeper_base.dir/KeeperClientCLI/Commands.cpp.o
[6746/6838] Building CXX object src/Common/ZooKeeper/CMakeFiles/clickhouse_common_zookeeper_base.dir/KeeperClientCLI/Parser.cpp.o
[6747/6838] Linking CXX static library src/Common/ZooKeeper/libclickhouse_common_zookeeper_base.a
[6748/6838] Building CXX object src/Common/Config/CMakeFiles/clickhouse_common_config.dir/AbstractConfigurationComparison.cpp.o
[6749/6838] Building CXX object src/Common/Config/CMakeFiles/clickhouse_common_config.dir/getClientConfigPath.cpp.o
[6750/6838] Building CXX object src/Common/Config/CMakeFiles/clickhouse_common_config.dir/getLocalConfigPath.cpp.o
[6751/6838] Building CXX object src/Common/Config/CMakeFiles/clickhouse_common_config.dir/YAMLParser.cpp.o
[6752/6838] Building CXX object src/Common/Config/CMakeFiles/clickhouse_common_config.dir/ConfigHelper.cpp.o
[6753/6838] Building CXX object src/Common/Config/CMakeFiles/clickhouse_common_config.dir/ConfigReloader.cpp.o
[6754/6838] Building CXX object src/Common/Config/CMakeFiles/clickhouse_common_config.dir/parseConnectionCredentials.cpp.o
[6755/6838] Building CXX object programs/CMakeFiles/clickhouse.dir/main.cpp.o
[6756/6838] Building CXX object src/Common/Config/CMakeFiles/clickhouse_common_config.dir/ConfigProcessor.cpp.o
[6757/6838] Building CXX object programs/checksum-for-compressed-block/CMakeFiles/clickhouse-checksum-for-compressed-block-lib.dir/ChecksumForCompressedBlock.cpp.o
[6758/6838] Building CXX object programs/check-marks/CMakeFiles/clickhouse-check-marks-lib.dir/CheckMarks.cpp.o
[6759/6838] Building CXX object src/Common/ZooKeeper/CMakeFiles/clickhouse_common_zookeeper.dir/ZooKeeperImpl.cpp.o
[6760/6838] Linking CXX static library src/Common/ZooKeeper/libclickhouse_common_zookeeper.a
[6761/6838] Linking CXX static library src/Common/Config/libclickhouse_common_config.a
[6762/6838] Linking CXX static library src/Loggers/libloggers.a
[6763/6838] Linking CXX static library src/Daemon/libdaemon.a
[6764/6838] Building CXX object programs/benchmark/CMakeFiles/clickhouse-benchmark-lib.dir/Benchmark.cpp.o
[6765/6838] Linking CXX static library src/libdbms.a
[6766/6838] Building CXX object programs/client/CMakeFiles/clickhouse-client-lib.dir/FuzzLoop.cpp.o
[6767/6838] Linking CXX static library src/Dictionaries/libclickhouse_dictionaries.a
[6768/6838] Linking CXX static library src/Storages/System/libclickhouse_storages_system.a
[6769/6838] Linking CXX static library src/Functions/GatherUtils/libclickhouse_functions_gatherutils.a
[6770/6838] Linking CXX static library src/Functions/JSONPath/libclickhouse_functions_jsonpath.a
[6771/6838] Linking CXX static library src/AggregateFunctions/libclickhouse_aggregate_functions.a
[6772/6838] Linking CXX static library src/TableFunctions/libclickhouse_table_functions.a
[6773/6838] Linking CXX static library programs/check-marks/libclickhouse-check-marks-lib.a
[6774/6838] Linking CXX static library programs/checksum-for-compressed-block/libclickhouse-checksum-for-compressed-block-lib.a
[6775/6838] Building CXX object programs/client/CMakeFiles/clickhouse-client-lib.dir/Client.cpp.o
[6776/6838] Linking CXX static library programs/client/libclickhouse-client-lib.a
[6777/6838] Linking CXX static library programs/benchmark/libclickhouse-benchmark-lib.a
[6778/6838] Building CXX object programs/compressor/CMakeFiles/clickhouse-compressor-lib.dir/Compressor.cpp.o
[6779/6838] Linking CXX static library programs/compressor/libclickhouse-compressor-lib.a
[6780/6838] Building CXX object programs/disks/CMakeFiles/clickhouse-disks-lib.dir/ICommand.cpp.o
[6781/6838] Building CXX object programs/disks/CMakeFiles/clickhouse-disks-lib.dir/CommandChangeDirectory.cpp.o
[6782/6838] Building CXX object programs/disks/CMakeFiles/clickhouse-disks-lib.dir/DisksApp.cpp.o
[6783/6838] Building CXX object programs/disks/CMakeFiles/clickhouse-disks-lib.dir/DisksClient.cpp.o
[6784/6838] Building CXX object programs/disks/CMakeFiles/clickhouse-disks-lib.dir/CommandCopy.cpp.o
[6785/6838] Building CXX object programs/disks/CMakeFiles/clickhouse-disks-lib.dir/CommandLink.cpp.o
[6786/6838] Building CXX object programs/disks/CMakeFiles/clickhouse-disks-lib.dir/CommandList.cpp.o
[6787/6838] Building CXX object programs/disks/CMakeFiles/clickhouse-disks-lib.dir/CommandListDisks.cpp.o
[6788/6838] Building CXX object programs/disks/CMakeFiles/clickhouse-disks-lib.dir/CommandMkDir.cpp.o
[6789/6838] Building CXX object programs/disks/CMakeFiles/clickhouse-disks-lib.dir/CommandMove.cpp.o
[6790/6838] Building CXX object programs/disks/CMakeFiles/clickhouse-disks-lib.dir/CommandRead.cpp.o
[6791/6838] Building CXX object programs/disks/CMakeFiles/clickhouse-disks-lib.dir/CommandReadBitmap.cpp.o
[6792/6838] Building CXX object programs/disks/CMakeFiles/clickhouse-disks-lib.dir/CommandRemove.cpp.o
[6793/6838] Building CXX object programs/disks/CMakeFiles/clickhouse-disks-lib.dir/CommandReadChecksums.cpp.o
[6794/6838] Building CXX object programs/disks/CMakeFiles/clickhouse-disks-lib.dir/CommandSwitchDisk.cpp.o
[6795/6838] Building CXX object programs/disks/CMakeFiles/clickhouse-disks-lib.dir/CommandWrite.cpp.o
[6796/6838] Building CXX object programs/disks/CMakeFiles/clickhouse-disks-lib.dir/CommandHelp.cpp.o
[6797/6838] Building CXX object programs/disks/CMakeFiles/clickhouse-disks-lib.dir/CommandSed.cpp.o
[6798/6838] Building CXX object programs/disks/CMakeFiles/clickhouse-disks-lib.dir/CommandTouch.cpp.o
[6799/6838] Building CXX object programs/disks/CMakeFiles/clickhouse-disks-lib.dir/CommandGetCurrentDiskAndPath.cpp.o
[6800/6838] Building CXX object programs/disks/CMakeFiles/clickhouse-disks-lib.dir/Utils.cpp.o
[6801/6838] Building CXX object programs/disks/CMakeFiles/clickhouse-disks-lib.dir/CommandPackedIO.cpp.o
[6802/6838] Building CXX object programs/disks/CMakeFiles/clickhouse-disks-lib.dir/CommandDiskUsage.cpp.o
[6803/6838] Building CXX object programs/disks/CMakeFiles/clickhouse-disks-lib.dir/CommandWordCount.cpp.o
[6804/6838] Linking CXX static library programs/disks/libclickhouse-disks-lib.a
[6805/6838] Building CXX object programs/docker-init/CMakeFiles/clickhouse-docker-init-lib.dir/docker-init.cpp.o
[6806/6838] Linking CXX static library programs/docker-init/libclickhouse-docker-init-lib.a
[6807/6838] Building CXX object programs/extract-from-config/CMakeFiles/clickhouse-extract-from-config-lib.dir/ExtractFromConfig.cpp.o
[6808/6838] Linking CXX static library programs/extract-from-config/libclickhouse-extract-from-config-lib.a
[6809/6838] Building CXX object programs/install/CMakeFiles/clickhouse-install-lib.dir/Install.cpp.o
[6810/6838] Linking CXX static library programs/install/libclickhouse-install-lib.a
[6811/6838] Building CXX object programs/git-import/CMakeFiles/clickhouse-git-import-lib.dir/git-import.cpp.o
[6812/6838] Linking CXX static library programs/git-import/libclickhouse-git-import-lib.a
[6813/6838] Building CXX object programs/oom-canary/CMakeFiles/clickhouse-oom-canary-lib.dir/clickhouse-oom-canary.cpp.o
[6814/6838] Building CXX object programs/format/CMakeFiles/clickhouse-format-lib.dir/Format.cpp.o
[6815/6838] Linking CXX static library programs/format/libclickhouse-format-lib.a
[6816/6838] Building CXX object programs/oom-canary/CMakeFiles/clickhouse-oom-canary-lib.dir/OomCanary.cpp.o
[6817/6838] Linking CXX static library programs/oom-canary/libclickhouse-oom-canary-lib.a
[6818/6838] Building CXX object programs/packed-io/CMakeFiles/clickhouse-packed-io-lib.dir/PackedIO.cpp.o
[6819/6838] Linking CXX static library programs/packed-io/libclickhouse-packed-io-lib.a
[6820/6838] Building CXX object programs/server/CMakeFiles/clickhouse-server-lib.dir/MetricsTransmitter.cpp.o
[6821/6838] Building CXX object programs/obfuscator/CMakeFiles/clickhouse-obfuscator-lib.dir/Obfuscator.cpp.o
[6822/6838] Linking CXX static library programs/obfuscator/libclickhouse-obfuscator-lib.a
[6823/6838] Building CXX object programs/su/CMakeFiles/clickhouse-su-lib.dir/clickhouse-su.cpp.o
[6824/6838] Building CXX object programs/static-files-disk-uploader/CMakeFiles/clickhouse-static-files-disk-uploader-lib.dir/static-files-disk-uploader.cpp.o
[6825/6838] Linking CXX static library programs/static-files-disk-uploader/libclickhouse-static-files-disk-uploader-lib.a
[6826/6838] Building CXX object programs/local/CMakeFiles/clickhouse-local-lib.dir/LocalServer.cpp.o
[6827/6838] Building CXX object programs/su/CMakeFiles/clickhouse-su-lib.dir/su.cpp.o
[6828/6838] Linking CXX static library programs/su/libclickhouse-su-lib.a
[6829/6838] Building CXX object programs/zookeeper-dump-tree/CMakeFiles/clickhouse-zookeeper-dump-tree-lib.dir/ZooKeeperDumpTree.cpp.o
[6830/6838] Linking CXX static library programs/zookeeper-dump-tree/libclickhouse-zookeeper-dump-tree-lib.a
[6831/6838] Building CXX object programs/zookeeper-remove-by-list/CMakeFiles/clickhouse-zookeeper-remove-by-list-lib.dir/ZooKeeperRemoveByList.cpp.o
[6832/6838] Linking CXX static library programs/zookeeper-remove-by-list/libclickhouse-zookeeper-remove-by-list-lib.a
[6833/6838] Building CXX object programs/keeper-client/CMakeFiles/clickhouse-keeper-client-lib.dir/KeeperClient.cpp.o
[6834/6838] Linking CXX static library programs/keeper-client/libclickhouse-keeper-client-lib.a
[6835/6838] Building CXX object programs/server/CMakeFiles/clickhouse-server-lib.dir/Server.cpp.o
[6836/6838] Linking CXX static library programs/server/libclickhouse-server-lib.a
[6837/6838] Linking CXX static library programs/local/libclickhouse-local-lib.a
[6838/6838] Linking CXX executable programs/clickhouse
