process,rep,lag,theoretical_acf,acf
white_noise,0,1,0.0,-0.04849744575354336
white_noise,0,2,0.0,-0.01538133540270336
white_noise,0,3,0.0,0.02767842623085089
white_noise,0,4,0.0,-0.1123086540598082
white_noise,0,5,0.0,-0.150853814796289
white_noise,0,6,0.0,0.04578456493414116
white_noise,0,7,0.0,-0.014742582061866088
white_noise,0,8,0.0,-0.050248537202127214
white_noise,0,9,0.0,-0.009631267531850516
white_noise,0,10,0.0,-0.010027199377393641
white_noise,0,11,0.0,0.06188532403411491
white_noise,0,12,0.0,0.016370942766389767
white_noise,0,13,0.0,0.0017026242287062775
white_noise,0,14,0.0,-0.0313353566581864
white_noise,0,15,0.0,0.0032792761098679015
white_noise,0,16,0.0,-0.06790966956554488
white_noise,0,17,0.0,0.007713718501282733
white_noise,0,18,0.0,0.005335288667385383
white_noise,0,19,0.0,-0.07117225578508236
white_noise,0,20,0.0,0.028015258022331423
white_noise,1,1,0.0,0.05945515570460134
white_noise,1,2,0.0,-0.042484402721624286
white_noise,1,3,0.0,-0.06054425831451959
white_noise,1,4,0.0,-0.06779464156554194
white_noise,1,5,0.0,-0.023425551193038685
white_noise,1,6,0.0,0.13120412870009066
white_noise,1,7,0.0,0.0359853924472754
white_noise,1,8,0.0,-0.028277289272062224
white_noise,1,9,0.0,0.006612583638627928
white_noise,1,10,0.0,0.12520321406583312
white_noise,1,11,0.0,-0.004130730831381752
white_noise,1,12,0.0,-0.010891396878520322
white_noise,1,13,0.0,0.02124378733626573
white_noise,1,14,0.0,-0.10362708962352771
white_noise,1,15,0.0,-0.07191568428336183
white_noise,1,16,0.0,0.01294231437377429
white_noise,1,17,0.0,0.01415895360391038
white_noise,1,18,0.0,-0.031152021279984256
white_noise,1,19,0.0,-0.013399101202036844
white_noise,1,20,0.0,0.03097472819318772
white_noise,2,1,0.0,0.006112732833211773
white_noise,2,2,0.0,-0.03975192539427882
white_noise,2,3,0.0,-0.0030854659223279964
white_noise,2,4,0.0,0.05077269417611622
white_noise,2,5,0.0,-0.08389438947161074
white_noise,2,6,0.0,-0.0682987253521003
white_noise,2,7,0.0,-0.014139024189329118
white_noise,2,8,0.0,0.1070351278453011
white_noise,2,9,0.0,-0.007244281062106029
white_noise,2,10,0.0,-0.005279791117560068
white_noise,2,11,0.0,0.006161547781477673
white_noise,2,12,0.0,0.013502755088656525
white_noise,2,13,0.0,-0.02210155030978604
white_noise,2,14,0.0,-0.03374370560650669
white_noise,2,15,0.0,-0.0314525239298134
white_noise,2,16,0.0,-0.004914486890945839
white_noise,2,17,0.0,-0.13466786411384613
white_noise,2,18,0.0,-0.030531673259492825
white_noise,2,19,0.0,0.013715607793684787
white_noise,2,20,0.0,0.02102165573298046
white_noise,3,1,0.0,-0.018352457059713865
white_noise,3,2,0.0,-0.030382214821031935
white_noise,3,3,0.0,-0.023741699329828912
white_noise,3,4,0.0,-0.01888376728925208
white_noise,3,5,0.0,0.01635925590824025
white_noise,3,6,0.0,0.004817852025073561
white_noise,3,7,0.0,-0.0396063237292488
white_noise,3,8,0.0,0.10862783729014307
white_noise,3,9,0.0,-0.006957065561497438
white_noise,3,10,0.0,0.007279264725821673
white_noise,3,11,0.0,-0.07186768364349012
white_noise,3,12,0.0,-0.10259467808210893
white_noise,3,13,0.0,-0.0730515432907461
white_noise,3,14,0.0,-0.0017901940011872527
white_noise,3,15,0.0,-0.04955168477650714
white_noise,3,16,0.0,0.07648521095700728
white_noise,3,17,0.0,-0.010307208927663921
white_noise,3,18,0.0,0.05962416716963509
white_noise,3,19,0.0,-0.028409015978089782
white_noise,3,20,0.0,-0.044233742093369145
white_noise,4,1,0.0,-0.02337724167444469
white_noise,4,2,0.0,-0.05270195017132831
white_noise,4,3,0.0,-0.1048000108561278
white_noise,4,4,0.0,-0.05025028038019473
white_noise,4,5,0.0,-0.0011291143440703584
white_noise,4,6,0.0,0.07966921561593221
white_noise,4,7,0.0,-0.028740208128917387
white_noise,4,8,0.0,-0.08967943660833759
white_noise,4,9,0.0,-0.021743614322149638
white_noise,4,10,0.0,0.008205119325475203
white_noise,4,11,0.0,0.029215100789572693
white_noise,4,12,0.0,0.0047148235225043895
white_noise,4,13,0.0,-0.09310179463743556
white_noise,4,14,0.0,-0.055549661459767086
white_noise,4,15,0.0,-0.05991394824280115
white_noise,4,16,0.0,0.01883866324714505
white_noise,4,17,0.0,0.049119400240305734
white_noise,4,18,0.0,-0.04000534955279035
white_noise,4,19,0.0,-0.0509959348531764
white_noise,4,20,0.0,-0.005393193084994059
white_noise,5,1,0.0,0.03979058127978575
white_noise,5,2,0.0,-0.02650331608963635
white_noise,5,3,0.0,-0.01747996590436414
white_noise,5,4,0.0,-0.16828009486914672
white_noise,5,5,0.0,-0.0008135455508849936
white_noise,5,6,0.0,-0.02121677578726685
white_noise,5,7,0.0,-0.049572330981842314
white_noise,5,8,0.0,0.021659437417796072
white_noise,5,9,0.0,0.0005925113270373672
white_noise,5,10,0.0,0.014482609918521922
white_noise,5,11,0.0,-0.002105929710637165
white_noise,5,12,0.0,0.08269437458601696
white_noise,5,13,0.0,-0.04925725536309735
white_noise,5,14,0.0,-0.01469005583962295
white_noise,5,15,0.0,0.04689220249179908
white_noise,5,16,0.0,-0.06328635301209887
white_noise,5,17,0.0,0.035948047537482125
white_noise,5,18,0.0,-0.04951595686779282
white_noise,5,19,0.0,0.0758531549672207
white_noise,5,20,0.0,0.04140695226102856
white_noise,6,1,0.0,0.026088993712622667
white_noise,6,2,0.0,-0.004250357944475898
white_noise,6,3,0.0,0.03393642548365089
white_noise,6,4,0.0,0.07018504431315334
white_noise,6,5,0.0,-0.10868257776983957
white_noise,6,6,0.0,0.005799947219610314
white_noise,6,7,0.0,0.07397239897478462
white_noise,6,8,0.0,0.0059257062166158565
white_noise,6,9,0.0,-0.003685066475800666
white_noise,6,10,0.0,-0.04431066944299634
white_noise,6,11,0.0,-0.05667389346032203
white_noise,6,12,0.0,0.02813363076134819
white_noise,6,13,0.0,-0.12913949665580315
white_noise,6,14,0.0,-0.04613318930563237
white_noise,6,15,0.0,0.08605399115414983
white_noise,6,16,0.0,0.04615121692235233
white_noise,6,17,0.0,-0.05868829087127814
white_noise,6,18,0.0,-0.05633821760902365
white_noise,6,19,0.0,-0.04104516809933641
white_noise,6,20,0.0,-0.049533010848929734
white_noise,7,1,0.0,0.042586061874928596
white_noise,7,2,0.0,-0.10409040301819819
white_noise,7,3,0.0,0.07760432791901634
white_noise,7,4,0.0,0.06068264068390335
white_noise,7,5,0.0,0.06319804566228984
white_noise,7,6,0.0,-0.0228728720667573
white_noise,7,7,0.0,-0.021068433338284776
white_noise,7,8,0.0,-0.06180156716074261
white_noise,7,9,0.0,0.05485762733434736
white_noise,7,10,0.0,0.10545848227284699
white_noise,7,11,0.0,-0.04736649640497523
white_noise,7,12,0.0,0.02944726487642056
white_noise,7,13,0.0,0.0422971961907695
white_noise,7,14,0.0,0.07314486585761255
white_noise,7,15,0.0,0.001319786843926509
white_noise,7,16,0.0,-0.041955245798940916
white_noise,7,17,0.0,-0.04243050486607977
white_noise,7,18,0.0,-0.05749755780788554
white_noise,7,19,0.0,-0.058679353176254404
white_noise,7,20,0.0,-0.05232760182538498
white_noise,8,1,0.0,-0.006408346950307311
white_noise,8,2,0.0,-0.04668494699340353
white_noise,8,3,0.0,-0.013213228687618317
white_noise,8,4,0.0,-0.05797889649480554
white_noise,8,5,0.0,-0.013087337189283945
white_noise,8,6,0.0,0.058895207374985825
white_noise,8,7,0.0,-0.020376501607369334
white_noise,8,8,0.0,0.0020010185717020883
white_noise,8,9,0.0,-0.004555901667397405
white_noise,8,10,0.0,0.06010800036635861
white_noise,8,11,0.0,0.0025987471867632084
white_noise,8,12,0.0,0.08328314998391469
white_noise,8,13,0.0,-0.08424919323137504
white_noise,8,14,0.0,-0.06195554123888244
white_noise,8,15,0.0,-0.09054288288214368
white_noise,8,16,0.0,-0.08891830051536531
white_noise,8,17,0.0,-0.03761432387970169
white_noise,8,18,0.0,0.13486156447395473
white_noise,8,19,0.0,0.09098319847394501
white_noise,8,20,0.0,-0.10518524153947312
white_noise,9,1,0.0,0.06764138439287502
white_noise,9,2,0.0,-0.035865828644689936
white_noise,9,3,0.0,0.046616426905143935
white_noise,9,4,0.0,-0.009345835045670112
white_noise,9,5,0.0,0.001648337618209007
white_noise,9,6,0.0,0.10440082114772685
white_noise,9,7,0.0,0.050805718034199365
white_noise,9,8,0.0,0.10254943406491732
white_noise,9,9,0.0,-0.007371114348550985
white_noise,9,10,0.0,-0.037545694375275475
white_noise,9,11,0.0,-0.022642788010883798
white_noise,9,12,0.0,0.01770786274962733
white_noise,9,13,0.0,0.05121209046224482
white_noise,9,14,0.0,0.0012066585923357085
white_noise,9,15,0.0,0.010251630181303992
white_noise,9,16,0.0,0.04752023813385116
white_noise,9,17,0.0,0.02651791231717884
white_noise,9,18,0.0,0.07490876210092036
white_noise,9,19,0.0,-0.028014636465630297
white_noise,9,20,0.0,0.011566509574688133
white_noise,10,1,0.0,0.04840976096891975
white_noise,10,2,0.0,-0.017602982128962483
white_noise,10,3,0.0,-0.036631434771122275
white_noise,10,4,0.0,-0.09195221586628766
white_noise,10,5,0.0,0.06195033407418098
white_noise,10,6,0.0,0.022868529892487752
white_noise,10,7,0.0,-0.07402333883409636
white_noise,10,8,0.0,0.024648228725507797
white_noise,10,9,0.0,-0.05249779257158377
white_noise,10,10,0.0,0.14494074517334718
white_noise,10,11,0.0,0.07481150937445676
white_noise,10,12,0.0,0.0010771180677370332
white_noise,10,13,0.0,0.026384983789789575
white_noise,10,14,0.0,-0.012604310816902208
white_noise,10,15,0.0,0.004101169843551665
white_noise,10,16,0.0,0.04885055357251499
white_noise,10,17,0.0,-0.05933195499179259
white_noise,10,18,0.0,-0.008925306955650547
white_noise,10,19,0.0,-0.012308552425999836
white_noise,10,20,0.0,0.0015671748623042323
white_noise,11,1,0.0,-0.00878537238540886
white_noise,11,2,0.0,-0.030495682306625513
white_noise,11,3,0.0,-0.025379037526611043
white_noise,11,4,0.0,-0.0014763074357955356
white_noise,11,5,0.0,0.05311710726348689
white_noise,11,6,0.0,-0.040585616999962715
white_noise,11,7,0.0,0.06149007083018363
white_noise,11,8,0.0,0.03823950849080029
white_noise,11,9,0.0,-0.06976376445277667
white_noise,11,10,0.0,-0.07785426256024251
white_noise,11,11,0.0,0.02244941099380512
white_noise,11,12,0.0,0.02559642801588138
white_noise,11,13,0.0,-0.020540811007862127
white_noise,11,14,0.0,-0.04154174148005299
white_noise,11,15,0.0,-0.07743659707721326
white_noise,11,16,0.0,0.03214813830736775
white_noise,11,17,0.0,-0.053147869612551635
white_noise,11,18,0.0,-0.07587685288215226
white_noise,11,19,0.0,-0.046858359066037164
white_noise,11,20,0.0,-0.005213383426530555
white_noise,12,1,0.0,-0.028284544033298786
white_noise,12,2,0.0,-0.011869687014911647
white_noise,12,3,0.0,0.002539930055252822
white_noise,12,4,0.0,0.10692876653186678
white_noise,12,5,0.0,0.0008937812965232054
white_noise,12,6,0.0,-0.018945825543676638
white_noise,12,7,0.0,-0.14754373566607634
white_noise,12,8,0.0,0.04800624899412454
white_noise,12,9,0.0,-0.0038090319101510258
white_noise,12,10,0.0,0.018884628989016345
white_noise,12,11,0.0,-0.08062562851904473
white_noise,12,12,0.0,0.0515992220256844
white_noise,12,13,0.0,-0.04627064229625231
white_noise,12,14,0.0,0.05711807132123768
white_noise,12,15,0.0,-0.05769894921278868
white_noise,12,16,0.0,0.046573010046365534
white_noise,12,17,0.0,-0.027952137252401008
white_noise,12,18,0.0,0.01604050431830428
white_noise,12,19,0.0,0.020835747427163282
white_noise,12,20,0.0,0.09351876907717323
white_noise,13,1,0.0,0.03874021121806262
white_noise,13,2,0.0,0.036822478741403236
white_noise,13,3,0.0,-0.07879574565397769
white_noise,13,4,0.0,0.05964619603728465
white_noise,13,5,0.0,-0.056672330327303407
white_noise,13,6,0.0,-0.03794632398617827
white_noise,13,7,0.0,-0.022595263676100933
white_noise,13,8,0.0,-0.15324971348480257
white_noise,13,9,0.0,-0.07856698221392902
white_noise,13,10,0.0,-0.14003845732241338
white_noise,13,11,0.0,-0.02719302007478906
white_noise,13,12,0.0,-0.01933512405199517
white_noise,13,13,0.0,0.04120585525895783
white_noise,13,14,0.0,0.055487826348957964
white_noise,13,15,0.0,0.06890314786175321
white_noise,13,16,0.0,0.13652313057365556
white_noise,13,17,0.0,0.147651591290123
white_noise,13,18,0.0,0.08479279243221848
white_noise,13,19,0.0,-0.025524187782931983
white_noise,13,20,0.0,-0.05616863905423056
white_noise,14,1,0.0,0.028759964939719055
white_noise,14,2,0.0,-0.0057828155924533955
white_noise,14,3,0.0,0.019205044581208152
white_noise,14,4,0.0,0.06279391527554215
white_noise,14,5,0.0,0.04521350080324191
white_noise,14,6,0.0,-0.11890166832985241
white_noise,14,7,0.0,-0.02315793353066179
white_noise,14,8,0.0,-0.031160751685418382
white_noise,14,9,0.0,0.11987294094177799
white_noise,14,10,0.0,0.07341990898580482
white_noise,14,11,0.0,0.11375742499844722
white_noise,14,12,0.0,0.05539257727809879
white_noise,14,13,0.0,-0.045681082263139855
white_noise,14,14,0.0,0.03494996833472367
white_noise,14,15,0.0,-0.02863544139950956
white_noise,14,16,0.0,-0.04418973494409434
white_noise,14,17,0.0,-0.06374063756371241
white_noise,14,18,0.0,-0.0013371011351689908
white_noise,14,19,0.0,-0.0355907973126099
white_noise,14,20,0.0,0.01569634299038277
white_noise,15,1,0.0,-0.07610953785583244
white_noise,15,2,0.0,-0.05771902179591374
white_noise,15,3,0.0,0.022286175192085755
white_noise,15,4,0.0,0.03659185363337531
white_noise,15,5,0.0,0.04449318223093501
white_noise,15,6,0.0,-0.05711319862507175
white_noise,15,7,0.0,0.017807469575031702
white_noise,15,8,0.0,0.0052594102070351815
white_noise,15,9,0.0,0.048341201754332305
white_noise,15,10,0.0,-0.0353689066282319
white_noise,15,11,0.0,0.011269085169294193
white_noise,15,12,0.0,0.04711858974809599
white_noise,15,13,0.0,0.03205280273937827
white_noise,15,14,0.0,-0.039871371107585006
white_noise,15,15,0.0,-0.054282867198712725
white_noise,15,16,0.0,0.02355078009407187
white_noise,15,17,0.0,0.03833214247745068
white_noise,15,18,0.0,0.041436837873641275
white_noise,15,19,0.0,0.025615050882908476
white_noise,15,20,0.0,-0.09522156691321694
white_noise,16,1,0.0,0.0699980101816047
white_noise,16,2,0.0,-0.05556357176969036
white_noise,16,3,0.0,-0.05736914185394758
white_noise,16,4,0.0,-0.07231221118984812
white_noise,16,5,0.0,-0.01998985746458528
white_noise,16,6,0.0,0.05098179128229077
white_noise,16,7,0.0,0.005282115023426482
white_noise,16,8,0.0,-0.01819317207823723
white_noise,16,9,0.0,-0.01353017903330377
white_noise,16,10,0.0,-0.018298942790836843
white_noise,16,11,0.0,0.0056288894117374755
white_noise,16,12,0.0,0.07990604096055089
white_noise,16,13,0.0,-0.0026241510154885734
white_noise,16,14,0.0,0.018445205119288356
white_noise,16,15,0.0,0.034074876759925564
white_noise,16,16,0.0,0.021398492953402296
white_noise,16,17,0.0,0.05074827103980335
white_noise,16,18,0.0,0.03161576625503093
white_noise,16,19,0.0,-0.10892881795824952
white_noise,16,20,0.0,0.0406448562529372
white_noise,17,1,0.0,0.06371632613394612
white_noise,17,2,0.0,0.010571295060198039
white_noise,17,3,0.0,-0.024296982403134156
white_noise,17,4,0.0,0.045622275867483644
white_noise,17,5,0.0,0.017292586087579092
white_noise,17,6,0.0,-0.00918592647324063
white_noise,17,7,0.0,-0.01018308938415577
white_noise,17,8,0.0,-0.011630558199390824
white_noise,17,9,0.0,0.11027486417822932
white_noise,17,10,0.0,-0.01778657579354045
white_noise,17,11,0.0,0.07773715133050793
white_noise,17,12,0.0,-0.021613623018865834
white_noise,17,13,0.0,0.019019109411678652
white_noise,17,14,0.0,0.018788176702241557
white_noise,17,15,0.0,0.002054041134350532
white_noise,17,16,0.0,0.025581037595568158
white_noise,17,17,0.0,-0.00021571398029644648
white_noise,17,18,0.0,-0.1250752001325249
white_noise,17,19,0.0,-0.06464809937673545
white_noise,17,20,0.0,0.039840510924018614
white_noise,18,1,0.0,-0.08459983694678973
white_noise,18,2,0.0,-0.06347728924724737
white_noise,18,3,0.0,-0.09979036693232718
white_noise,18,4,0.0,0.015422460790292842
white_noise,18,5,0.0,-0.07487801838112426
white_noise,18,6,0.0,0.06583944080305829
white_noise,18,7,0.0,0.047324619183452946
white_noise,18,8,0.0,0.0372152775670919
white_noise,18,9,0.0,-0.025769801973589856
white_noise,18,10,0.0,-0.0034328571559218554
white_noise,18,11,0.0,0.010859805382036456
white_noise,18,12,0.0,-0.0749775499815343
white_noise,18,13,0.0,-0.016197507220036034
white_noise,18,14,0.0,0.04368897764668308
white_noise,18,15,0.0,-0.07208369027084091
white_noise,18,16,0.0,0.057995440338774025
white_noise,18,17,0.0,0.08705978193731266
white_noise,18,18,0.0,-0.011912899798212724
white_noise,18,19,0.0,-0.07478907485962982
white_noise,18,20,0.0,0.057388043489416174
white_noise,19,1,0.0,-0.053246950278006626
white_noise,19,2,0.0,-0.016163985298384052
white_noise,19,3,0.0,-0.03197450804926478
white_noise,19,4,0.0,0.10149535024838471
white_noise,19,5,0.0,0.052403988258560436
white_noise,19,6,0.0,-0.01808082134976759
white_noise,19,7,0.0,0.09374487865430076
white_noise,19,8,0.0,-0.059795139803262495
white_noise,19,9,0.0,0.07543582906933947
white_noise,19,10,0.0,-0.02242042014162214
white_noise,19,11,0.0,0.06126561085998558
white_noise,19,12,0.0,0.019051575886397748
white_noise,19,13,0.0,-0.0017045359051949289
white_noise,19,14,0.0,-0.06508479755491603
white_noise,19,15,0.0,0.019898314669080232
white_noise,19,16,0.0,0.04320571091721203
white_noise,19,17,0.0,0.05817831210410897
white_noise,19,18,0.0,-0.05555999393754532
white_noise,19,19,0.0,-0.014548765764826723
white_noise,19,20,0.0,-0.005337158416214686
white_noise,20,1,0.0,-0.02109306634578537
white_noise,20,2,0.0,-0.012378944488217806
white_noise,20,3,0.0,-0.000185109178475849
white_noise,20,4,0.0,-0.01730490567082958
white_noise,20,5,0.0,-0.09013296399165228
white_noise,20,6,0.0,0.0878254835000219
white_noise,20,7,0.0,0.0006316607155205805
white_noise,20,8,0.0,0.010138782995158154
white_noise,20,9,0.0,-0.054241038275364944
white_noise,20,10,0.0,-0.07979589482401005
white_noise,20,11,0.0,0.09912258120887796
white_noise,20,12,0.0,0.02824489683679719
white_noise,20,13,0.0,-0.023142833802178908
white_noise,20,14,0.0,-0.02839354304978959
white_noise,20,15,0.0,0.12165069242823377
white_noise,20,16,0.0,-0.0329477466279589
white_noise,20,17,0.0,0.045216836007343685
white_noise,20,18,0.0,-0.05185463548584644
white_noise,20,19,0.0,-0.010583311233831124
white_noise,20,20,0.0,-0.04580761346210396
white_noise,21,1,0.0,0.07678427324180707
white_noise,21,2,0.0,0.008081190700032794
white_noise,21,3,0.0,0.06763052772158555
white_noise,21,4,0.0,0.10088167919775716
white_noise,21,5,0.0,0.0443290042429086
white_noise,21,6,0.0,0.0007338217560866136
white_noise,21,7,0.0,0.01513855705261723
white_noise,21,8,0.0,-0.05328370209877609
white_noise,21,9,0.0,0.07616098210002856
white_noise,21,10,0.0,-0.010246089055714497
white_noise,21,11,0.0,-0.06902532747868409
white_noise,21,12,0.0,0.10377025752381505
white_noise,21,13,0.0,-0.03341395869563686
white_noise,21,14,0.0,-0.003762114221324756
white_noise,21,15,0.0,-0.06671208101006289
white_noise,21,16,0.0,-0.04538996804252432
white_noise,21,17,0.0,-0.07084493159997915
white_noise,21,18,0.0,-0.10816229798641333
white_noise,21,19,0.0,0.05701491061259926
white_noise,21,20,0.0,-0.04163560786532485
white_noise,22,1,0.0,0.018346186596708614
white_noise,22,2,0.0,0.09114435349207047
white_noise,22,3,0.0,-0.013499058163229287
white_noise,22,4,0.0,0.0770064666141423
white_noise,22,5,0.0,-0.005601961017250586
white_noise,22,6,0.0,0.027350573008391752
white_noise,22,7,0.0,-0.04450038788254747
white_noise,22,8,0.0,0.02173736330908009
white_noise,22,9,0.0,-0.050981341696321104
white_noise,22,10,0.0,-0.14822461384754296
white_noise,22,11,0.0,0.0589293841171598
white_noise,22,12,0.0,-0.016685647046709808
white_noise,22,13,0.0,0.00650621211537587
white_noise,22,14,0.0,-0.042419079502475754
white_noise,22,15,0.0,0.020453348102990234
white_noise,22,16,0.0,0.04917640560452287
white_noise,22,17,0.0,0.04402376267422693
white_noise,22,18,0.0,-0.026818165653430624
white_noise,22,19,0.0,-0.05145525131698624
white_noise,22,20,0.0,-0.03351761107564337
white_noise,23,1,0.0,0.043586145959549905
white_noise,23,2,0.0,-0.02471022203355022
white_noise,23,3,0.0,-0.051904139553604185
white_noise,23,4,0.0,0.029397651253502098
white_noise,23,5,0.0,-0.04220652450506035
white_noise,23,6,0.0,0.006427596394257894
white_noise,23,7,0.0,0.000621042175835299
white_noise,23,8,0.0,0.049716986248402886
white_noise,23,9,0.0,0.10270332914063036
white_noise,23,10,0.0,0.08721767491839018
white_noise,23,11,0.0,0.017355160254585104
white_noise,23,12,0.0,-0.03615875063940122
white_noise,23,13,0.0,-0.02658363174492459
white_noise,23,14,0.0,0.017991508068324
white_noise,23,15,0.0,0.07989327403639596
white_noise,23,16,0.0,-0.007856215195448164
white_noise,23,17,0.0,0.08426264304971519
white_noise,23,18,0.0,0.030132805093959984
white_noise,23,19,0.0,0.02535872254724976
white_noise,23,20,0.0,-0.06377228439755006
white_noise,24,1,0.0,0.006896989927386773
white_noise,24,2,0.0,-0.02469742530975779
white_noise,24,3,0.0,0.04523612508141662
white_noise,24,4,0.0,-0.011776040886209361
white_noise,24,5,0.0,0.14098658196465874
white_noise,24,6,0.0,0.0727282886109263
white_noise,24,7,0.0,0.051071350624057155
white_noise,24,8,0.0,0.0733116370238488
white_noise,24,9,0.0,-0.019411107271808337
white_noise,24,10,0.0,0.10634394379206255
white_noise,24,11,0.0,-0.038663431853895924
white_noise,24,12,0.0,0.01572103889607182
white_noise,24,13,0.0,-0.03372084554885849
white_noise,24,14,0.0,-0.12880002092092446
white_noise,24,15,0.0,0.049412111368423654
white_noise,24,16,0.0,0.037101196435946414
white_noise,24,17,0.0,0.004477998200885784
white_noise,24,18,0.0,0.04127036012147986
white_noise,24,19,0.0,-0.09717964137188398
white_noise,24,20,0.0,0.07047131332106224
white_noise,25,1,0.0,-0.026585918517306056
white_noise,25,2,0.0,0.03199657064525878
white_noise,25,3,0.0,-0.022404228953409114
white_noise,25,4,0.0,0.001045381362787585
white_noise,25,5,0.0,-0.03347972808615828
white_noise,25,6,0.0,-0.07894851992361825
white_noise,25,7,0.0,0.03260682874621124
white_noise,25,8,0.0,-0.07242726320296705
white_noise,25,9,0.0,-0.056089594720248055
white_noise,25,10,0.0,-0.0430972116318634
white_noise,25,11,0.0,0.009625125998893475
white_noise,25,12,0.0,-0.011557703563338476
white_noise,25,13,0.0,-0.16881403523221147
white_noise,25,14,0.0,0.008029266314884874
white_noise,25,15,0.0,-0.08651287094091228
white_noise,25,16,0.0,0.00010800892176844806
white_noise,25,17,0.0,-0.04350358543953404
white_noise,25,18,0.0,0.022303150820866566
white_noise,25,19,0.0,0.03987974581247847
white_noise,25,20,0.0,0.0001862376574953177
white_noise,26,1,0.0,0.014954352865105406
white_noise,26,2,0.0,-0.03696935129232473
white_noise,26,3,0.0,0.04849183958287283
white_noise,26,4,0.0,-0.10561267881477622
white_noise,26,5,0.0,0.022649085367323553
white_noise,26,6,0.0,-0.03374596239186293
white_noise,26,7,0.0,-0.0110036442786861
white_noise,26,8,0.0,-0.09477879500839706
white_noise,26,9,0.0,-0.07558424802677996
white_noise,26,10,0.0,0.060759687684037916
white_noise,26,11,0.0,-0.08953663045757974
white_noise,26,12,0.0,-0.04990271223802899
white_noise,26,13,0.0,-0.09966148338084889
white_noise,26,14,0.0,2.2860311530245927e-05
white_noise,26,15,0.0,0.08121205502740404
white_noise,26,16,0.0,-0.00038110477243457995
white_noise,26,17,0.0,0.021705400373730498
white_noise,26,18,0.0,0.005213746010637566
white_noise,26,19,0.0,-0.01886128927257476
white_noise,26,20,0.0,-0.07745769372105599
white_noise,27,1,0.0,-0.04574759724814573
white_noise,27,2,0.0,-0.00905596698197425
white_noise,27,3,0.0,0.14637527109069715
white_noise,27,4,0.0,-0.006161216225894056
white_noise,27,5,0.0,0.0438453158064045
white_noise,27,6,0.0,0.11407322781621626
white_noise,27,7,0.0,0.008944814255289119
white_noise,27,8,0.0,0.06658728310438958
white_noise,27,9,0.0,0.0038302358739167566
white_noise,27,10,0.0,-0.00738623285961823
white_noise,27,11,0.0,0.003882321104218125
white_noise,27,12,0.0,-0.021329133772786547
white_noise,27,13,0.0,0.04747050063761179
white_noise,27,14,0.0,-0.016428570950365366
white_noise,27,15,0.0,0.03213420744539645
white_noise,27,16,0.0,-0.0025729253392429946
white_noise,27,17,0.0,0.0062434423017082704
white_noise,27,18,0.0,-0.019580895873743863
white_noise,27,19,0.0,-0.029306825633553878
white_noise,27,20,0.0,0.005344553699746404
white_noise,28,1,0.0,-0.05253729860319049
white_noise,28,2,0.0,-0.026963482053103463
white_noise,28,3,0.0,0.035217785547709414
white_noise,28,4,0.0,0.010411718714650771
white_noise,28,5,0.0,-0.07250254790811539
white_noise,28,6,0.0,0.04038115915148158
white_noise,28,7,0.0,-0.07337985894938663
white_noise,28,8,0.0,-0.02205495227977624
white_noise,28,9,0.0,-0.04215442295525772
white_noise,28,10,0.0,0.02799717452350711
white_noise,28,11,0.0,-0.03710360753306265
white_noise,28,12,0.0,0.02823244342505406
white_noise,28,13,0.0,-0.021402527361528347
white_noise,28,14,0.0,0.07983048790383304
white_noise,28,15,0.0,-0.04146372866241977
white_noise,28,16,0.0,0.004309814213353553
white_noise,28,17,0.0,0.0009539757236921758
white_noise,28,18,0.0,-0.05438219569676405
white_noise,28,19,0.0,-0.11796259301894664
white_noise,28,20,0.0,0.004884590089616334
white_noise,29,1,0.0,-0.042949387618031534
white_noise,29,2,0.0,-0.07943503254050058
white_noise,29,3,0.0,0.04469756805522113
white_noise,29,4,0.0,0.13085726753609067
white_noise,29,5,0.0,-0.02891742677714774
white_noise,29,6,0.0,-0.06281553093316795
white_noise,29,7,0.0,0.05403833719754036
white_noise,29,8,0.0,-0.04514661267466846
white_noise,29,9,0.0,-0.10655973405049152
white_noise,29,10,0.0,-0.0007573316451058469
white_noise,29,11,0.0,0.03644320576926224
white_noise,29,12,0.0,-0.07454057507730494
white_noise,29,13,0.0,0.001305930387764765
white_noise,29,14,0.0,-0.047148128080825795
white_noise,29,15,0.0,-0.017949141991344803
white_noise,29,16,0.0,0.10976269688650515
white_noise,29,17,0.0,-0.06386486429108255
white_noise,29,18,0.0,0.01195206911931831
white_noise,29,19,0.0,-0.031313920848889294
white_noise,29,20,0.0,0.007378771308851118
white_noise,30,1,0.0,0.03918193189571809
white_noise,30,2,0.0,-0.15148662232284307
white_noise,30,3,0.0,0.027557952072885566
white_noise,30,4,0.0,-0.03007954426798689
white_noise,30,5,0.0,0.02942894870246796
white_noise,30,6,0.0,8.160083471755241e-05
white_noise,30,7,0.0,-0.008162960487070972
white_noise,30,8,0.0,0.015500516025488725
white_noise,30,9,0.0,0.02026920680559403
white_noise,30,10,0.0,-0.010166571196097486
white_noise,30,11,0.0,-0.039960570658091304
white_noise,30,12,0.0,-0.06438321291161392
white_noise,30,13,0.0,-0.03968856531000604
white_noise,30,14,0.0,0.09741846471696702
white_noise,30,15,0.0,0.1077175747702867
white_noise,30,16,0.0,-0.09326627399288824
white_noise,30,17,0.0,-0.02497895549926141
white_noise,30,18,0.0,0.08211184514328827
white_noise,30,19,0.0,-0.025665329342042468
white_noise,30,20,0.0,0.043856823430613465
white_noise,31,1,0.0,0.12974488335938594
white_noise,31,2,0.0,-0.036652631903193914
white_noise,31,3,0.0,-0.10290172744082851
white_noise,31,4,0.0,-0.012376205015603057
white_noise,31,5,0.0,0.01626974926573957
white_noise,31,6,0.0,0.007465970161238039
white_noise,31,7,0.0,0.01695214650559183
white_noise,31,8,0.0,-0.07908839346586964
white_noise,31,9,0.0,-0.01655473880305733
white_noise,31,10,0.0,-0.10343454991453704
white_noise,31,11,0.0,0.026401005772483256
white_noise,31,12,0.0,-0.008980719329735416
white_noise,31,13,0.0,0.062003212232331406
white_noise,31,14,0.0,0.05258916730288008
white_noise,31,15,0.0,-0.04992300514433055
white_noise,31,16,0.0,-0.06008357569915342
white_noise,31,17,0.0,-0.0018558371169986741
white_noise,31,18,0.0,0.024966872724463483
white_noise,31,19,0.0,-0.09171335528336247
white_noise,31,20,0.0,-0.05143313509340398
white_noise,32,1,0.0,-0.035152290338846814
white_noise,32,2,0.0,0.00690935058971209
white_noise,32,3,0.0,-0.09767713864601268
white_noise,32,4,0.0,-0.07027103302689801
white_noise,32,5,0.0,0.06321703019173995
white_noise,32,6,0.0,-0.0534452783613027
white_noise,32,7,0.0,0.026799598113157706
white_noise,32,8,0.0,0.010177312307940199
white_noise,32,9,0.0,0.02234537614213451
white_noise,32,10,0.0,-0.018148933347231767
white_noise,32,11,0.0,-0.12674588800128006
white_noise,32,12,0.0,0.015894547615285085
white_noise,32,13,0.0,0.058551229890212615
white_noise,32,14,0.0,0.028305361174254477
white_noise,32,15,0.0,-0.08961838174012587
white_noise,32,16,0.0,0.004548779794459412
white_noise,32,17,0.0,0.006992210381531136
white_noise,32,18,0.0,-0.06515764259305885
white_noise,32,19,0.0,-0.03541385009438617
white_noise,32,20,0.0,-0.0657724558722691
white_noise,33,1,0.0,0.04064477524778769
white_noise,33,2,0.0,0.044745452177793896
white_noise,33,3,0.0,0.007439782005751297
white_noise,33,4,0.0,-0.06279885294579411
white_noise,33,5,0.0,0.034165902515425124
white_noise,33,6,0.0,-0.09701814610659835
white_noise,33,7,0.0,0.006904600028524681
white_noise,33,8,0.0,-0.07747453982626813
white_noise,33,9,0.0,-0.0468037094256622
white_noise,33,10,0.0,0.041215906585620854
white_noise,33,11,0.0,-0.028440035873214163
white_noise,33,12,0.0,-0.02183591464373371
white_noise,33,13,0.0,-0.00506021047229493
white_noise,33,14,0.0,-0.021107157841950767
white_noise,33,15,0.0,-0.0022802170370346186
white_noise,33,16,0.0,-0.002420686567904136
white_noise,33,17,0.0,0.008079077090354835
white_noise,33,18,0.0,0.010228176649577873
white_noise,33,19,0.0,0.01984340973303129
white_noise,33,20,0.0,0.011859713492525318
white_noise,34,1,0.0,-0.12995356627354876
white_noise,34,2,0.0,0.03161659313803563
white_noise,34,3,0.0,0.004352513109017605
white_noise,34,4,0.0,-0.0580003776587997
white_noise,34,5,0.0,0.040028579218716574
white_noise,34,6,0.0,-0.11608381305085429
white_noise,34,7,0.0,0.04138478198886546
white_noise,34,8,0.0,-0.0870687928965853
white_noise,34,9,0.0,0.01234415326979235
white_noise,34,10,0.0,-0.019199994725402757
white_noise,34,11,0.0,-0.10506929838061053
white_noise,34,12,0.0,0.09247121940484977
white_noise,34,13,0.0,-0.0039949427318869855
white_noise,34,14,0.0,0.04661840655716088
white_noise,34,15,0.0,0.01180635105728161
white_noise,34,16,0.0,-0.00923012660903917
white_noise,34,17,0.0,-0.008365675559875881
white_noise,34,18,0.0,0.027621002703345974
white_noise,34,19,0.0,0.0009364618846197797
white_noise,34,20,0.0,-0.06870425908880363
white_noise,35,1,0.0,-0.06496335949475154
white_noise,35,2,0.0,-0.09614296969830931
white_noise,35,3,0.0,0.04864927337576031
white_noise,35,4,0.0,0.04446632354227642
white_noise,35,5,0.0,0.01492981907865365
white_noise,35,6,0.0,-0.021860743937120557
white_noise,35,7,0.0,-0.042813182768384174
white_noise,35,8,0.0,0.0042708126585199215
white_noise,35,9,0.0,0.034805673609042485
white_noise,35,10,0.0,-0.06603966747346451
white_noise,35,11,0.0,-0.02591044540597216
white_noise,35,12,0.0,-0.08020460730912392
white_noise,35,13,0.0,0.020617230219446253
white_noise,35,14,0.0,-0.09306647199849394
white_noise,35,15,0.0,-0.06814632574550918
white_noise,35,16,0.0,-0.06612460778334411
white_noise,35,17,0.0,0.02449214680721482
white_noise,35,18,0.0,0.004418436969015146
white_noise,35,19,0.0,-0.044863193588632944
white_noise,35,20,0.0,0.034573614265655535
white_noise,36,1,0.0,-0.007117047721914647
white_noise,36,2,0.0,-0.004750593666417849
white_noise,36,3,0.0,0.08974086763911737
white_noise,36,4,0.0,-0.0728581975751797
white_noise,36,5,0.0,-0.050870590900019684
white_noise,36,6,0.0,-0.010664784593921063
white_noise,36,7,0.0,-0.04350164471462414
white_noise,36,8,0.0,0.10634543854321987
white_noise,36,9,0.0,0.010139298444668923
white_noise,36,10,0.0,0.06506815769623289
white_noise,36,11,0.0,0.0823085642501821
white_noise,36,12,0.0,-0.014181699727678692
white_noise,36,13,0.0,-0.04870836527401371
white_noise,36,14,0.0,0.005138551085190451
white_noise,36,15,0.0,-0.08374437855632061
white_noise,36,16,0.0,0.025704482750177452
white_noise,36,17,0.0,0.10992140730814394
white_noise,36,18,0.0,0.03580505663298979
white_noise,36,19,0.0,0.08606942803189538
white_noise,36,20,0.0,-0.0031973484944073176
white_noise,37,1,0.0,-0.09044952874247131
white_noise,37,2,0.0,0.0008389468749360384
white_noise,37,3,0.0,-0.01246697644511226
white_noise,37,4,0.0,0.05133726406835637
white_noise,37,5,0.0,-0.07964029703481286
white_noise,37,6,0.0,0.06925538710371268
white_noise,37,7,0.0,0.07813243961946781
white_noise,37,8,0.0,0.024168718046197003
white_noise,37,9,0.0,0.06232140822933581
white_noise,37,10,0.0,-0.08355290996689128
white_noise,37,11,0.0,-0.0764617802708664
white_noise,37,12,0.0,0.05674195122118714
white_noise,37,13,0.0,0.06393794590743297
white_noise,37,14,0.0,-0.042429484821298435
white_noise,37,15,0.0,-0.06737907854344521
white_noise,37,16,0.0,0.08880350869916077
white_noise,37,17,0.0,-0.004577912973827721
white_noise,37,18,0.0,-0.05828334853187274
white_noise,37,19,0.0,0.05790921633537857
white_noise,37,20,0.0,0.07163351465579382
white_noise,38,1,0.0,-0.0585575618824787
white_noise,38,2,0.0,0.04475949110716255
white_noise,38,3,0.0,0.09618864194734461
white_noise,38,4,0.0,-0.009236724279366266
white_noise,38,5,0.0,-0.03069265789082443
white_noise,38,6,0.0,-0.026354349773512666
white_noise,38,7,0.0,-0.023563146826821823
white_noise,38,8,0.0,0.0044298920277156635
white_noise,38,9,0.0,0.002731330697919198
white_noise,38,10,0.0,-0.024054508529989128
white_noise,38,11,0.0,0.027426745872518348
white_noise,38,12,0.0,-0.035351549284442986
white_noise,38,13,0.0,0.037212860613329464
white_noise,38,14,0.0,0.04989262127635612
white_noise,38,15,0.0,-0.03146400053205955
white_noise,38,16,0.0,0.060595259827132264
white_noise,38,17,0.0,0.07964903359790952
white_noise,38,18,0.0,0.03527273523496191
white_noise,38,19,0.0,-0.11141056183460409
white_noise,38,20,0.0,-0.0010343866932944078
white_noise,39,1,0.0,0.004474150745480462
white_noise,39,2,0.0,-0.09933955237150228
white_noise,39,3,0.0,0.012248337268928723
white_noise,39,4,0.0,-0.03011522873705123
white_noise,39,5,0.0,0.004507905606998003
white_noise,39,6,0.0,-0.10135284649502481
white_noise,39,7,0.0,0.01735108125085948
white_noise,39,8,0.0,0.06452870856253191
white_noise,39,9,0.0,-0.029148629271210928
white_noise,39,10,0.0,-0.07189711324676636
white_noise,39,11,0.0,-0.0007241502907496269
white_noise,39,12,0.0,0.056898012256312955
white_noise,39,13,0.0,0.05548468883997043
white_noise,39,14,0.0,0.05354293817676256
white_noise,39,15,0.0,0.02163741932586382
white_noise,39,16,0.0,0.005993531418759739
white_noise,39,17,0.0,0.057693493642413746
white_noise,39,18,0.0,-0.014853309772717578
white_noise,39,19,0.0,0.024973225035618333
white_noise,39,20,0.0,-0.0907975330340203
white_noise,40,1,0.0,0.08009937948260934
white_noise,40,2,0.0,0.05420535483787694
white_noise,40,3,0.0,0.06131205818795731
white_noise,40,4,0.0,0.029556789484968506
white_noise,40,5,0.0,-0.18769940071151595
white_noise,40,6,0.0,-0.07973944765389687
white_noise,40,7,0.0,-0.048576914572440844
white_noise,40,8,0.0,-0.04979105920431524
white_noise,40,9,0.0,-0.10075428266061716
white_noise,40,10,0.0,0.06147485467957454
white_noise,40,11,0.0,-0.028143767184068146
white_noise,40,12,0.0,-0.03714180911147855
white_noise,40,13,0.0,0.04320906881608762
white_noise,40,14,0.0,0.07718169167026942
white_noise,40,15,0.0,-0.012178644281804655
white_noise,40,16,0.0,0.08325331840146395
white_noise,40,17,0.0,0.03838697855449073
white_noise,40,18,0.0,0.002590405692998519
white_noise,40,19,0.0,-0.027172133904173553
white_noise,40,20,0.0,-0.03462936340794274
white_noise,41,1,0.0,0.1019080545135893
white_noise,41,2,0.0,0.043063643056405664
white_noise,41,3,0.0,0.02538633333516667
white_noise,41,4,0.0,-0.07622363761823443
white_noise,41,5,0.0,0.021510716629098016
white_noise,41,6,0.0,0.008715627661007395
white_noise,41,7,0.0,-0.033722882146067175
white_noise,41,8,0.0,0.052096492914321384
white_noise,41,9,0.0,-0.008740305225995197
white_noise,41,10,0.0,-0.04110371541824841
white_noise,41,11,0.0,-0.05262300541538523
white_noise,41,12,0.0,-0.1090095839788805
white_noise,41,13,0.0,0.0013857560127685648
white_noise,41,14,0.0,-0.003105302122053596
white_noise,41,15,0.0,-0.03266021763098485
white_noise,41,16,0.0,-0.04191266373247461
white_noise,41,17,0.0,-0.11945513711123609
white_noise,41,18,0.0,0.019430070791845062
white_noise,41,19,0.0,0.07104065581335944
white_noise,41,20,0.0,-0.10302584669141265
white_noise,42,1,0.0,0.033017960941789076
white_noise,42,2,0.0,-0.00301222772808919
white_noise,42,3,0.0,-0.08127954163416197
white_noise,42,4,0.0,0.053439320908512285
white_noise,42,5,0.0,-0.007945151807618065
white_noise,42,6,0.0,0.0038568409113442998
white_noise,42,7,0.0,0.0618239064145672
white_noise,42,8,0.0,0.06304209600986857
white_noise,42,9,0.0,-0.02648160028389587
white_noise,42,10,0.0,-0.04183353499731792
white_noise,42,11,0.0,0.07569003545254022
white_noise,42,12,0.0,0.025528039329441678
white_noise,42,13,0.0,0.06373486698235489
white_noise,42,14,0.0,-0.020232408818626837
white_noise,42,15,0.0,-0.02393405540749322
white_noise,42,16,0.0,-0.06636270062862801
white_noise,42,17,0.0,-0.03999552895409688
white_noise,42,18,0.0,-0.01687657905733802
white_noise,42,19,0.0,-0.013384371975596271
white_noise,42,20,0.0,0.02452554766554479
white_noise,43,1,0.0,0.010505492860280153
white_noise,43,2,0.0,-0.014232004916157474
white_noise,43,3,0.0,-0.04520688675256087
white_noise,43,4,0.0,-0.061340920262103985
white_noise,43,5,0.0,0.0658900857826007
white_noise,43,6,0.0,0.057943559184530376
white_noise,43,7,0.0,0.017362668113426433
white_noise,43,8,0.0,-0.0538687075892875
white_noise,43,9,0.0,0.007285587650894408
white_noise,43,10,0.0,-0.09922054520929538
white_noise,43,11,0.0,-0.035763151583137975
white_noise,43,12,0.0,0.06903383320839984
white_noise,43,13,0.0,-0.01694879612467478
white_noise,43,14,0.0,-0.023884864423042898
white_noise,43,15,0.0,-0.05575987974614046
white_noise,43,16,0.0,-0.06309070670688832
white_noise,43,17,0.0,0.005403283299457388
white_noise,43,18,0.0,0.08616754568556902
white_noise,43,19,0.0,0.015691094030293996
white_noise,43,20,0.0,0.029827642431298495
white_noise,44,1,0.0,0.027170551492714617
white_noise,44,2,0.0,0.04390252818394038
white_noise,44,3,0.0,-0.04114962622253283
white_noise,44,4,0.0,0.06504485168466215
white_noise,44,5,0.0,-0.08287409591006044
white_noise,44,6,0.0,-0.053691875569531956
white_noise,44,7,0.0,-0.044183814239413845
white_noise,44,8,0.0,-0.06959137955768985
white_noise,44,9,0.0,0.036175371913040634
white_noise,44,10,0.0,-0.020152167088223833
white_noise,44,11,0.0,-0.0033173532486109637
white_noise,44,12,0.0,0.06783814880024606
white_noise,44,13,0.0,0.034809422265285245
white_noise,44,14,0.0,-0.03819453625748548
white_noise,44,15,0.0,-0.046335276034764485
white_noise,44,16,0.0,-0.04544403262279458
white_noise,44,17,0.0,-0.027519365705386982
white_noise,44,18,0.0,-0.02827941092583957
white_noise,44,19,0.0,-0.025880693916960032
white_noise,44,20,0.0,-0.11804223638582478
white_noise,45,1,0.0,-0.178738548684035
white_noise,45,2,0.0,0.09444078706470113
white_noise,45,3,0.0,-0.05307886200304607
white_noise,45,4,0.0,-0.030167385873263484
white_noise,45,5,0.0,0.04210080778996084
white_noise,45,6,0.0,-0.11922860136053798
white_noise,45,7,0.0,0.046351057837390686
white_noise,45,8,0.0,-0.011692449439624605
white_noise,45,9,0.0,0.03891618983597014
white_noise,45,10,0.0,0.05584755732901078
white_noise,45,11,0.0,-0.10282761439747197
white_noise,45,12,0.0,0.0361436380080956
white_noise,45,13,0.0,-0.02199461491641566
white_noise,45,14,0.0,0.04135286540996329
white_noise,45,15,0.0,-0.008467724813608152
white_noise,45,16,0.0,0.024764964257150024
white_noise,45,17,0.0,0.006073259182037454
white_noise,45,18,0.0,0.09023680467742516
white_noise,45,19,0.0,-0.029695958868639592
white_noise,45,20,0.0,-0.016491526464959615
white_noise,46,1,0.0,-0.08492220660923676
white_noise,46,2,0.0,-0.015086551845927188
white_noise,46,3,0.0,-0.11932525507853463
white_noise,46,4,0.0,-0.12917601810869705
white_noise,46,5,0.0,0.12801074539684668
white_noise,46,6,0.0,0.02553090355645417
white_noise,46,7,0.0,0.022811794027749722
white_noise,46,8,0.0,0.03232529534077424
white_noise,46,9,0.0,-0.0033617127539993775
white_noise,46,10,0.0,0.0018308312389552748
white_noise,46,11,0.0,-0.0271240732690445
white_noise,46,12,0.0,0.08311882791652059
white_noise,46,13,0.0,-0.002922270067425985
white_noise,46,14,0.0,-0.022261884957287655
white_noise,46,15,0.0,-0.01596268410492112
white_noise,46,16,0.0,-0.04364770055595078
white_noise,46,17,0.0,0.06665475483369444
white_noise,46,18,0.0,0.020952123392236094
white_noise,46,19,0.0,-0.07425948420403736
white_noise,46,20,0.0,-0.02552262454324797
white_noise,47,1,0.0,0.004008811491866147
white_noise,47,2,0.0,0.044064266185055816
white_noise,47,3,0.0,-0.015939892071708
white_noise,47,4,0.0,-0.03560047280015119
white_noise,47,5,0.0,-0.026806551859515027
white_noise,47,6,0.0,-0.014860923984773504
white_noise,47,7,0.0,-0.05729053068198957
white_noise,47,8,0.0,-0.08387969700774117
white_noise,47,9,0.0,-0.06097275548229211
white_noise,47,10,0.0,-0.0948409242469951
white_noise,47,11,0.0,0.0019303135297271128
white_noise,47,12,0.0,0.03385445433548744
white_noise,47,13,0.0,0.003520293028257355
white_noise,47,14,0.0,0.022491639533807353
white_noise,47,15,0.0,0.12104499276270783
white_noise,47,16,0.0,0.008227524981538007
white_noise,47,17,0.0,-0.056815703884386747
white_noise,47,18,0.0,0.052897004407654644
white_noise,47,19,0.0,0.015916663946437492
white_noise,47,20,0.0,0.02325167746941455
white_noise,48,1,0.0,-0.05362859392674196
white_noise,48,2,0.0,-0.0921737279415033
white_noise,48,3,0.0,0.001637861484447935
white_noise,48,4,0.0,0.048978602846495356
white_noise,48,5,0.0,-0.03108345808506219
white_noise,48,6,0.0,-0.094774816095915
white_noise,48,7,0.0,3.0063324772814565e-05
white_noise,48,8,0.0,0.006203417633054737
white_noise,48,9,0.0,0.0787884198941282
white_noise,48,10,0.0,-0.02079321386286761
white_noise,48,11,0.0,-0.010651926910325652
white_noise,48,12,0.0,-0.013972731243063589
white_noise,48,13,0.0,0.05911441784174693
white_noise,48,14,0.0,0.011185672272638432
white_noise,48,15,0.0,0.022971795809818323
white_noise,48,16,0.0,0.05871043960137368
white_noise,48,17,0.0,0.0048889799516689345
white_noise,48,18,0.0,0.06276312637704286
white_noise,48,19,0.0,-0.018574857273980006
white_noise,48,20,0.0,0.03937031263573467
white_noise,49,1,0.0,-0.01636102688845257
white_noise,49,2,0.0,-0.03592527542324349
white_noise,49,3,0.0,0.11367402218319303
white_noise,49,4,0.0,0.0656586675571343
white_noise,49,5,0.0,-0.026613817885792396
white_noise,49,6,0.0,0.0944181029203465
white_noise,49,7,0.0,-0.028834737023052975
white_noise,49,8,0.0,0.036426344558260805
white_noise,49,9,0.0,-0.04761193079913735
white_noise,49,10,0.0,-0.0776922386054659
white_noise,49,11,0.0,0.09623836185106219
white_noise,49,12,0.0,0.06658264032947576
white_noise,49,13,0.0,-0.11536451981815118
white_noise,49,14,0.0,-0.05485980063582457
white_noise,49,15,0.0,0.09117392769222167
white_noise,49,16,0.0,-0.027902314306828654
white_noise,49,17,0.0,-0.00684558299546738
white_noise,49,18,0.0,-0.015327845057019382
white_noise,49,19,0.0,-0.007172475506883908
white_noise,49,20,0.0,0.01576512838201496
white_noise,50,1,0.0,-0.03842547418748297
white_noise,50,2,0.0,0.03459551325274713
white_noise,50,3,0.0,0.048123269465765284
white_noise,50,4,0.0,0.00037356860796366505
white_noise,50,5,0.0,-0.10259294871438256
white_noise,50,6,0.0,-0.026552106039079964
white_noise,50,7,0.0,0.015388997443215252
white_noise,50,8,0.0,-0.057286359397936214
white_noise,50,9,0.0,-0.006544830329915277
white_noise,50,10,0.0,0.013664666501705128
white_noise,50,11,0.0,0.03130687804626985
white_noise,50,12,0.0,0.09591769112738494
white_noise,50,13,0.0,-0.02622720326216365
white_noise,50,14,0.0,-0.07063867053673253
white_noise,50,15,0.0,0.05825869693810505
white_noise,50,16,0.0,-0.0330519675070702
white_noise,50,17,0.0,-0.0017047740085315427
white_noise,50,18,0.0,0.04874904153539344
white_noise,50,19,0.0,-0.0939221631633217
white_noise,50,20,0.0,-0.07103489227175923
white_noise,51,1,0.0,-0.011762814960825124
white_noise,51,2,0.0,-0.003455323458754774
white_noise,51,3,0.0,-0.11340852766835577
white_noise,51,4,0.0,0.045098779667328164
white_noise,51,5,0.0,-0.08067047541541672
white_noise,51,6,0.0,0.03265419256590474
white_noise,51,7,0.0,0.01726449477309627
white_noise,51,8,0.0,-0.05137298570809117
white_noise,51,9,0.0,-0.05193632656036861
white_noise,51,10,0.0,-0.026865263389246725
white_noise,51,11,0.0,0.025905556630423616
white_noise,51,12,0.0,-0.07352906601773927
white_noise,51,13,0.0,0.07090921833147205
white_noise,51,14,0.0,-0.0896481701080001
white_noise,51,15,0.0,0.05457589569557569
white_noise,51,16,0.0,-0.0985981674583326
white_noise,51,17,0.0,0.004688892481895569
white_noise,51,18,0.0,-0.04351504653474346
white_noise,51,19,0.0,0.01694874254273791
white_noise,51,20,0.0,0.013911295559454587
white_noise,52,1,0.0,-0.14355138965857436
white_noise,52,2,0.0,-0.07040678011729898
white_noise,52,3,0.0,-0.017581300090283924
white_noise,52,4,0.0,-0.01888071505367765
white_noise,52,5,0.0,0.07044717751360953
white_noise,52,6,0.0,0.09168282017811885
white_noise,52,7,0.0,-0.10498739520549949
white_noise,52,8,0.0,-0.06616919125204965
white_noise,52,9,0.0,0.020241070314720246
white_noise,52,10,0.0,0.07929783894185043
white_noise,52,11,0.0,0.0010281980132520845
white_noise,52,12,0.0,0.026572601664532857
white_noise,52,13,0.0,-0.059335197402856144
white_noise,52,14,0.0,0.06177753185833222
white_noise,52,15,0.0,-0.008543704558053459
white_noise,52,16,0.0,0.029669689807705193
white_noise,52,17,0.0,0.016460685734377454
white_noise,52,18,0.0,-0.045288137530329016
white_noise,52,19,0.0,0.018112389601711902
white_noise,52,20,0.0,0.022717193209465535
white_noise,53,1,0.0,0.0763396342492434
white_noise,53,2,0.0,-0.0045503175525778705
white_noise,53,3,0.0,-0.0961418613835703
white_noise,53,4,0.0,-0.11971283972735305
white_noise,53,5,0.0,-0.0034382050776612903
white_noise,53,6,0.0,-0.020737875818972174
white_noise,53,7,0.0,0.10038933240387334
white_noise,53,8,0.0,0.05265860896936464
white_noise,53,9,0.0,0.02129744456646308
white_noise,53,10,0.0,0.019553769414636504
white_noise,53,11,0.0,-0.13847750983323598
white_noise,53,12,0.0,-0.002699554948883919
white_noise,53,13,0.0,-0.15101475059415653
white_noise,53,14,0.0,-0.06867646872542105
white_noise,53,15,0.0,-0.015130042013761525
white_noise,53,16,0.0,-0.0012074058932389606
white_noise,53,17,0.0,0.07944994973388865
white_noise,53,18,0.0,0.020687931046981797
white_noise,53,19,0.0,-0.050373579783549845
white_noise,53,20,0.0,-0.1012153845804611
white_noise,54,1,0.0,0.026456613200764555
white_noise,54,2,0.0,0.09456351958915538
white_noise,54,3,0.0,-0.03824849323602042
white_noise,54,4,0.0,-0.08773622900844559
white_noise,54,5,0.0,0.044588742584964765
white_noise,54,6,0.0,-0.0025140085004295987
white_noise,54,7,0.0,0.01708794618713538
white_noise,54,8,0.0,0.08748492338989348
white_noise,54,9,0.0,-0.04196461948891885
white_noise,54,10,0.0,0.06636279405034787
white_noise,54,11,0.0,0.020467955091634786
white_noise,54,12,0.0,-0.03692656595938197
white_noise,54,13,0.0,-0.07320962022156657
white_noise,54,14,0.0,-0.13222360711519687
white_noise,54,15,0.0,-0.048802787728617944
white_noise,54,16,0.0,0.036515430587047724
white_noise,54,17,0.0,-0.031184114668969122
white_noise,54,18,0.0,-0.0672464613493554
white_noise,54,19,0.0,-0.052513013963776695
white_noise,54,20,0.0,-0.03367255830453611
white_noise,55,1,0.0,0.07253153492561784
white_noise,55,2,0.0,0.013130368967957518
white_noise,55,3,0.0,0.06486027096519859
white_noise,55,4,0.0,-0.058855803688169735
white_noise,55,5,0.0,0.013870984366335704
white_noise,55,6,0.0,0.005058488055879862
white_noise,55,7,0.0,0.07102924453856095
white_noise,55,8,0.0,-0.018863220119032728
white_noise,55,9,0.0,-0.0008064847068867227
white_noise,55,10,0.0,-0.04567038572772678
white_noise,55,11,0.0,-0.08998748205432795
white_noise,55,12,0.0,-0.07515037849476006
white_noise,55,13,0.0,-0.07283152456094724
white_noise,55,14,0.0,-0.09811516288366995
white_noise,55,15,0.0,0.01181723687854826
white_noise,55,16,0.0,-0.039826359405864466
white_noise,55,17,0.0,-0.01163705431397233
white_noise,55,18,0.0,-0.05892978831800331
white_noise,55,19,0.0,0.008075919575335662
white_noise,55,20,0.0,-0.021996542468492693
white_noise,56,1,0.0,-0.027754275782903157
white_noise,56,2,0.0,0.10432621374470251
white_noise,56,3,0.0,-0.04966102638696585
white_noise,56,4,0.0,0.0493395008538952
white_noise,56,5,0.0,-0.06233983532134785
white_noise,56,6,0.0,0.08311131508803814
white_noise,56,7,0.0,-0.016521387060811465
white_noise,56,8,0.0,0.04771368667198836
white_noise,56,9,0.0,-0.04879408671289886
white_noise,56,10,0.0,0.004925968370433595
white_noise,56,11,0.0,-0.053331978429376634
white_noise,56,12,0.0,-0.015546581223581154
white_noise,56,13,0.0,0.019800432277940344
white_noise,56,14,0.0,0.03306100554092419
white_noise,56,15,0.0,-0.00899952588286161
white_noise,56,16,0.0,0.0337143559251809
white_noise,56,17,0.0,0.02342908655256103
white_noise,56,18,0.0,0.049291628425077706
white_noise,56,19,0.0,0.027015881204867708
white_noise,56,20,0.0,0.09262655267624625
white_noise,57,1,0.0,-0.08461936627690535
white_noise,57,2,0.0,0.024845576262722054
white_noise,57,3,0.0,-0.005668391829878779
white_noise,57,4,0.0,0.021247284786683366
white_noise,57,5,0.0,0.027873116217961444
white_noise,57,6,0.0,0.013590541084728952
white_noise,57,7,0.0,-0.08765265443615738
white_noise,57,8,0.0,0.04273991738473386
white_noise,57,9,0.0,-0.09735616311615473
white_noise,57,10,0.0,-0.0816689526343406
white_noise,57,11,0.0,0.07531491027120694
white_noise,57,12,0.0,-0.019052846649948066
white_noise,57,13,0.0,0.04711049025951418
white_noise,57,14,0.0,0.009247554433092352
white_noise,57,15,0.0,0.12139929845732253
white_noise,57,16,0.0,-0.07170924793354479
white_noise,57,17,0.0,-0.07404131499788154
white_noise,57,18,0.0,-0.02817381807104687
white_noise,57,19,0.0,-0.05537047336559264
white_noise,57,20,0.0,-0.02452798812555436
white_noise,58,1,0.0,-0.019608498981459083
white_noise,58,2,0.0,-0.01995984775080316
white_noise,58,3,0.0,0.006697650045553607
white_noise,58,4,0.0,-0.012353969753146166
white_noise,58,5,0.0,-0.023045584862045117
white_noise,58,6,0.0,0.05340312915399021
white_noise,58,7,0.0,-0.00925327920937414
white_noise,58,8,0.0,-0.07544931966846245
white_noise,58,9,0.0,0.005587060307464742
white_noise,58,10,0.0,-0.03479264834403722
white_noise,58,11,0.0,0.11240927555356191
white_noise,58,12,0.0,-0.02750096239190762
white_noise,58,13,0.0,-0.04483501518817483
white_noise,58,14,0.0,-0.02365495304961254
white_noise,58,15,0.0,0.012083703050669485
white_noise,58,16,0.0,-0.023945146891408513
white_noise,58,17,0.0,0.05400729465961607
white_noise,58,18,0.0,0.029637626215854748
white_noise,58,19,0.0,-0.05128893782916822
white_noise,58,20,0.0,-0.07259613279902061
white_noise,59,1,0.0,0.1118046590944363
white_noise,59,2,0.0,-0.006274756418120293
white_noise,59,3,0.0,-0.05110198757191568
white_noise,59,4,0.0,-0.0473196633740351
white_noise,59,5,0.0,0.08070209025790744
white_noise,59,6,0.0,0.07665302543872593
white_noise,59,7,0.0,0.0318963099143066
white_noise,59,8,0.0,0.02589533819826865
white_noise,59,9,0.0,0.027670594707622887
white_noise,59,10,0.0,0.02552198168566445
white_noise,59,11,0.0,-0.09294701284984308
white_noise,59,12,0.0,-0.05696905348189524
white_noise,59,13,0.0,0.04927785212400346
white_noise,59,14,0.0,0.02214325140532184
white_noise,59,15,0.0,0.07624904806032384
white_noise,59,16,0.0,0.03159287185429953
white_noise,59,17,0.0,0.008774680262907859
white_noise,59,18,0.0,-0.030922434301009674
white_noise,59,19,0.0,0.014619305702498503
white_noise,59,20,0.0,-0.0008069143348306007
white_noise,60,1,0.0,-0.013325454628922331
white_noise,60,2,0.0,-0.035426842662253516
white_noise,60,3,0.0,0.0799560315379073
white_noise,60,4,0.0,0.024986732554306546
white_noise,60,5,0.0,-0.038881023731708354
white_noise,60,6,0.0,-0.08905412566473266
white_noise,60,7,0.0,0.06539119502633252
white_noise,60,8,0.0,-0.016812764070180217
white_noise,60,9,0.0,0.007272916902663554
white_noise,60,10,0.0,0.05331347663796774
white_noise,60,11,0.0,-0.013384574352143894
white_noise,60,12,0.0,0.07772928714502672
white_noise,60,13,0.0,-0.03715260492076444
white_noise,60,14,0.0,0.03541435623185039
white_noise,60,15,0.0,-0.014994208192169333
white_noise,60,16,0.0,-0.11579047896716069
white_noise,60,17,0.0,-0.03598500356313007
white_noise,60,18,0.0,-0.10550311156116512
white_noise,60,19,0.0,-0.07729009257684513
white_noise,60,20,0.0,0.008758333069881045
white_noise,61,1,0.0,0.10585449628351287
white_noise,61,2,0.0,-0.04857937896700609
white_noise,61,3,0.0,0.07379194760131809
white_noise,61,4,0.0,-0.05294054971709843
white_noise,61,5,0.0,0.07131357126185024
white_noise,61,6,0.0,0.00820138512324548
white_noise,61,7,0.0,-0.04375738620602538
white_noise,61,8,0.0,-0.08224312727391278
white_noise,61,9,0.0,0.0033138747530153923
white_noise,61,10,0.0,-0.050175640649639454
white_noise,61,11,0.0,0.009753576831597032
white_noise,61,12,0.0,0.049125536963538406
white_noise,61,13,0.0,0.030430598987373256
white_noise,61,14,0.0,0.05358890953464843
white_noise,61,15,0.0,0.05883086725018886
white_noise,61,16,0.0,-0.06447567400786287
white_noise,61,17,0.0,-0.08255434390624329
white_noise,61,18,0.0,0.06843683215517458
white_noise,61,19,0.0,-0.028089146170809116
white_noise,61,20,0.0,-0.03193133644329797
white_noise,62,1,0.0,-0.0476079662020943
white_noise,62,2,0.0,-0.0658625931347899
white_noise,62,3,0.0,-0.019734899525119788
white_noise,62,4,0.0,-0.05159286607609207
white_noise,62,5,0.0,-0.03329226747795233
white_noise,62,6,0.0,0.008199494873371894
white_noise,62,7,0.0,0.04548182570338969
white_noise,62,8,0.0,0.10107541071499411
white_noise,62,9,0.0,0.02915981502471649
white_noise,62,10,0.0,0.04829338326473348
white_noise,62,11,0.0,0.0038190856710355703
white_noise,62,12,0.0,-0.04492904410355628
white_noise,62,13,0.0,-0.05644795234676854
white_noise,62,14,0.0,0.0034465208157200143
white_noise,62,15,0.0,0.0446870058253351
white_noise,62,16,0.0,-0.0017691492592487809
white_noise,62,17,0.0,0.023169673501615008
white_noise,62,18,0.0,-0.043257787416400975
white_noise,62,19,0.0,0.08356128303609252
white_noise,62,20,0.0,0.09201531350095056
white_noise,63,1,0.0,0.002814539910864243
white_noise,63,2,0.0,-0.06727100386720214
white_noise,63,3,0.0,0.049841527062493514
white_noise,63,4,0.0,-0.04094116602526585
white_noise,63,5,0.0,-0.0690136577549732
white_noise,63,6,0.0,0.014468048813010885
white_noise,63,7,0.0,0.009906531360239694
white_noise,63,8,0.0,-0.07524726537555372
white_noise,63,9,0.0,-0.03761308023743123
white_noise,63,10,0.0,-0.02095231493026154
white_noise,63,11,0.0,-0.014050044066620998
white_noise,63,12,0.0,0.007409205924550317
white_noise,63,13,0.0,-0.0061660219685465475
white_noise,63,14,0.0,-0.03158969543002984
white_noise,63,15,0.0,-0.06682361154682281
white_noise,63,16,0.0,0.004175700364150486
white_noise,63,17,0.0,0.06018455740055494
white_noise,63,18,0.0,0.03577174027310898
white_noise,63,19,0.0,0.05637955635463874
white_noise,63,20,0.0,0.005823439935928709
white_noise,64,1,0.0,-0.07543609518756206
white_noise,64,2,0.0,-0.05669843686810142
white_noise,64,3,0.0,0.018330133459502913
white_noise,64,4,0.0,-0.02821051597895894
white_noise,64,5,0.0,-0.01437962763313083
white_noise,64,6,0.0,0.09551675900212186
white_noise,64,7,0.0,-0.031766786939765625
white_noise,64,8,0.0,-0.0029336775784307087
white_noise,64,9,0.0,0.0751920413765563
white_noise,64,10,0.0,0.027239566474528593
white_noise,64,11,0.0,-0.17602952785635834
white_noise,64,12,0.0,0.03546888466949674
white_noise,64,13,0.0,-0.004270726551430279
white_noise,64,14,0.0,0.06423378094661127
white_noise,64,15,0.0,0.002780085755294121
white_noise,64,16,0.0,-0.061829473523697345
white_noise,64,17,0.0,-0.09134510902043304
white_noise,64,18,0.0,0.013687903847739498
white_noise,64,19,0.0,0.027738732488121132
white_noise,64,20,0.0,0.06215555228023678
white_noise,65,1,0.0,0.04912822277174106
white_noise,65,2,0.0,0.0773570693816604
white_noise,65,3,0.0,0.0038979432142837336
white_noise,65,4,0.0,-0.0276026421212958
white_noise,65,5,0.0,0.02484000156250363
white_noise,65,6,0.0,-0.009479285759779717
white_noise,65,7,0.0,0.045383158531262985
white_noise,65,8,0.0,0.05631852481952291
white_noise,65,9,0.0,-0.03104291948421165
white_noise,65,10,0.0,0.04082777563513669
white_noise,65,11,0.0,0.0011363071360300872
white_noise,65,12,0.0,0.10295231050748162
white_noise,65,13,0.0,0.12881466417262644
white_noise,65,14,0.0,-0.012558029488321963
white_noise,65,15,0.0,-0.015699378806336938
white_noise,65,16,0.0,-0.059898241003903556
white_noise,65,17,0.0,-0.02733945739754937
white_noise,65,18,0.0,0.01939149951962201
white_noise,65,19,0.0,0.03707051792054151
white_noise,65,20,0.0,0.017044884092676786
white_noise,66,1,0.0,0.027751398479284328
white_noise,66,2,0.0,-0.0034816781048658788
white_noise,66,3,0.0,-0.025870968918557186
white_noise,66,4,0.0,-0.12139917708490346
white_noise,66,5,0.0,0.009765639444222873
white_noise,66,6,0.0,0.0026112133290501233
white_noise,66,7,0.0,-0.04189131813133399
white_noise,66,8,0.0,-0.006770839035327058
white_noise,66,9,0.0,0.017442195971357884
white_noise,66,10,0.0,0.013492060215600883
white_noise,66,11,0.0,-0.060875746587673425
white_noise,66,12,0.0,-0.05641694298322863
white_noise,66,13,0.0,-0.04781223095324076
white_noise,66,14,0.0,-0.08975266125408705
white_noise,66,15,0.0,-0.005335503548109576
white_noise,66,16,0.0,-0.04469438344707224
white_noise,66,17,0.0,0.03352610885216736
white_noise,66,18,0.0,0.02656364295790294
white_noise,66,19,0.0,0.0286573084448414
white_noise,66,20,0.0,-0.010732734226548872
white_noise,67,1,0.0,-0.046142043315913886
white_noise,67,2,0.0,-0.05441280427698491
white_noise,67,3,0.0,-0.030271844894324298
white_noise,67,4,0.0,0.025168070235839037
white_noise,67,5,0.0,0.11953456106032188
white_noise,67,6,0.0,0.00853488173445142
white_noise,67,7,0.0,-0.04396160424855004
white_noise,67,8,0.0,0.030635574624553304
white_noise,67,9,0.0,0.04665396261629236
white_noise,67,10,0.0,-0.07262797268856393
white_noise,67,11,0.0,-0.012274548459061167
white_noise,67,12,0.0,-0.03519793436239718
white_noise,67,13,0.0,-0.01598293015250559
white_noise,67,14,0.0,-0.0016670762272532752
white_noise,67,15,0.0,-0.046013228150753094
white_noise,67,16,0.0,0.03410400247997098
white_noise,67,17,0.0,-0.021054273656978886
white_noise,67,18,0.0,-0.08698594340349661
white_noise,67,19,0.0,0.005907091234033861
white_noise,67,20,0.0,0.14668170056560298
white_noise,68,1,0.0,0.08087346857015809
white_noise,68,2,0.0,0.057960434514603414
white_noise,68,3,0.0,-0.06285491926637432
white_noise,68,4,0.0,-0.020963905272194615
white_noise,68,5,0.0,-0.03378996805856319
white_noise,68,6,0.0,0.060180798209307614
white_noise,68,7,0.0,0.07316498345969445
white_noise,68,8,0.0,0.10319430145740376
white_noise,68,9,0.0,0.007245843424042387
white_noise,68,10,0.0,0.08118376194618915
white_noise,68,11,0.0,-0.07660017876428127
white_noise,68,12,0.0,-0.0002698852485393154
white_noise,68,13,0.0,0.018089906029753956
white_noise,68,14,0.0,0.06330750959482563
white_noise,68,15,0.0,-0.047462750797489295
white_noise,68,16,0.0,-0.006657478369449318
white_noise,68,17,0.0,0.030909463121558976
white_noise,68,18,0.0,0.12339791355670279
white_noise,68,19,0.0,0.04656727911792746
white_noise,68,20,0.0,0.02929990887790538
white_noise,69,1,0.0,0.0019101477866247608
white_noise,69,2,0.0,-0.046872999275401235
white_noise,69,3,0.0,-0.059737705066509876
white_noise,69,4,0.0,0.06711207333135834
white_noise,69,5,0.0,0.0783505647014177
white_noise,69,6,0.0,-0.07100621916577907
white_noise,69,7,0.0,-0.0005383379400524779
white_noise,69,8,0.0,-0.030918139430450815
white_noise,69,9,0.0,0.044079002682098356
white_noise,69,10,0.0,0.020780882414859893
white_noise,69,11,0.0,0.06860285708074602
white_noise,69,12,0.0,0.09675199673985939
white_noise,69,13,0.0,0.0017616105865715243
white_noise,69,14,0.0,0.028321435144283223
white_noise,69,15,0.0,0.04134675993631842
white_noise,69,16,0.0,0.04822082989479041
white_noise,69,17,0.0,0.017417245284797832
white_noise,69,18,0.0,-0.1167402506013618
white_noise,69,19,0.0,0.0034222686769607618
white_noise,69,20,0.0,-0.07105591013937332
white_noise,70,1,0.0,-0.024774996926205408
white_noise,70,2,0.0,-0.04143008600376043
white_noise,70,3,0.0,0.050076046875906936
white_noise,70,4,0.0,-0.014461605552676273
white_noise,70,5,0.0,-0.020547198048681124
white_noise,70,6,0.0,0.12330904316576709
white_noise,70,7,0.0,-0.09894390405381262
white_noise,70,8,0.0,-0.00759407128875128
white_noise,70,9,0.0,0.0018371946486898448
white_noise,70,10,0.0,-0.03393803499104526
white_noise,70,11,0.0,0.08088192458582662
white_noise,70,12,0.0,0.09451601963710782
white_noise,70,13,0.0,-0.011148507382917726
white_noise,70,14,0.0,0.09868015799245104
white_noise,70,15,0.0,0.01642131909515807
white_noise,70,16,0.0,-0.07136444734430412
white_noise,70,17,0.0,0.009229776960163456
white_noise,70,18,0.0,-0.01881741956180883
white_noise,70,19,0.0,0.061031581404409424
white_noise,70,20,0.0,0.025029506426535182
white_noise,71,1,0.0,0.0316516679762002
white_noise,71,2,0.0,-0.03166247036943453
white_noise,71,3,0.0,-0.0317082351645564
white_noise,71,4,0.0,0.04979715309991533
white_noise,71,5,0.0,-0.010165863278061
white_noise,71,6,0.0,-0.08465987632716733
white_noise,71,7,0.0,-0.0639543587706762
white_noise,71,8,0.0,-0.06495831041847384
white_noise,71,9,0.0,-0.037136172455345985
white_noise,71,10,0.0,-0.01705324938182152
white_noise,71,11,0.0,0.046840624374882886
white_noise,71,12,0.0,-0.023050236758909368
white_noise,71,13,0.0,0.0722102382873872
white_noise,71,14,0.0,0.015397522455939167
white_noise,71,15,0.0,0.025748742038557624
white_noise,71,16,0.0,-0.04292718465581595
white_noise,71,17,0.0,-0.001945654545465944
white_noise,71,18,0.0,0.006530698743363464
white_noise,71,19,0.0,-0.03375788980417793
white_noise,71,20,0.0,0.03049037015896979
white_noise,72,1,0.0,-0.08619271451162355
white_noise,72,2,0.0,0.031020933485419008
white_noise,72,3,0.0,0.10301827646476651
white_noise,72,4,0.0,0.10856785577809873
white_noise,72,5,0.0,0.004617367122062352
white_noise,72,6,0.0,0.09290234452978126
white_noise,72,7,0.0,-0.040892855334737015
white_noise,72,8,0.0,0.020686918612079525
white_noise,72,9,0.0,-0.07455468263719606
white_noise,72,10,0.0,0.02271078373753973
white_noise,72,11,0.0,0.008703621435428424
white_noise,72,12,0.0,0.11114830210820453
white_noise,72,13,0.0,-0.12414740787685627
white_noise,72,14,0.0,0.1088773940154423
white_noise,72,15,0.0,0.0605150856985766
white_noise,72,16,0.0,0.004689145236068735
white_noise,72,17,0.0,0.03884982573109924
white_noise,72,18,0.0,0.04868540375080565
white_noise,72,19,0.0,0.0246264210388916
white_noise,72,20,0.0,0.06575748100486381
white_noise,73,1,0.0,0.05734636507246961
white_noise,73,2,0.0,-0.053257292943177
white_noise,73,3,0.0,-0.06529706335410936
white_noise,73,4,0.0,0.021165954167951716
white_noise,73,5,0.0,-0.004187521435520356
white_noise,73,6,0.0,-0.08594257111970677
white_noise,73,7,0.0,0.04028777141350401
white_noise,73,8,0.0,-0.01706197158715231
white_noise,73,9,0.0,0.024586989466140755
white_noise,73,10,0.0,-0.02924116740270128
white_noise,73,11,0.0,-0.1436918454351915
white_noise,73,12,0.0,-0.03310249100906874
white_noise,73,13,0.0,-0.04807539414390848
white_noise,73,14,0.0,0.0072669876215809845
white_noise,73,15,0.0,-0.02677393846094994
white_noise,73,16,0.0,0.05274207301390983
white_noise,73,17,0.0,0.06647692622887273
white_noise,73,18,0.0,0.10056711096098836
white_noise,73,19,0.0,0.025161630259796872
white_noise,73,20,0.0,0.05617276040716803
white_noise,74,1,0.0,-0.06335804372352628
white_noise,74,2,0.0,0.03791010847537161
white_noise,74,3,0.0,0.037465568475238534
white_noise,74,4,0.0,0.038305342290738856
white_noise,74,5,0.0,-0.060786998493322454
white_noise,74,6,0.0,-0.05119540132274463
white_noise,74,7,0.0,0.05039125309850764
white_noise,74,8,0.0,-0.024002937717496106
white_noise,74,9,0.0,-0.05869435092191454
white_noise,74,10,0.0,-0.07009074257450461
white_noise,74,11,0.0,-0.005443631936935617
white_noise,74,12,0.0,-0.03707870128308498
white_noise,74,13,0.0,-0.05160658321476898
white_noise,74,14,0.0,0.0030579532768977946
white_noise,74,15,0.0,-0.030849385399878092
white_noise,74,16,0.0,0.03346207640039466
white_noise,74,17,0.0,-0.004403649355371717
white_noise,74,18,0.0,-0.06005569344016553
white_noise,74,19,0.0,0.03517594397356084
white_noise,74,20,0.0,-0.11041047447331379
white_noise,75,1,0.0,-0.04751780546492416
white_noise,75,2,0.0,-0.07158696206725214
white_noise,75,3,0.0,0.07319523742910737
white_noise,75,4,0.0,0.011682004120944684
white_noise,75,5,0.0,0.01759809735777454
white_noise,75,6,0.0,-0.05346050171769412
white_noise,75,7,0.0,-0.008435060014970283
white_noise,75,8,0.0,0.08256578675251355
white_noise,75,9,0.0,-0.02842348617483594
white_noise,75,10,0.0,0.01879461778677868
white_noise,75,11,0.0,0.020093680263024074
white_noise,75,12,0.0,-0.017749596356002453
white_noise,75,13,0.0,-0.05197359293380743
white_noise,75,14,0.0,0.07878787304753081
white_noise,75,15,0.0,-0.006641648239671797
white_noise,75,16,0.0,-0.0721168638104437
white_noise,75,17,0.0,-0.0335905952873672
white_noise,75,18,0.0,-0.036871113990470224
white_noise,75,19,0.0,0.03501127834913133
white_noise,75,20,0.0,0.06411231698264007
white_noise,76,1,0.0,-0.03467512847178201
white_noise,76,2,0.0,-0.018879514312120243
white_noise,76,3,0.0,0.020880976765180876
white_noise,76,4,0.0,-0.08592998043797445
white_noise,76,5,0.0,-0.03404725494776174
white_noise,76,6,0.0,-0.08356858794052374
white_noise,76,7,0.0,-0.009528468888684288
white_noise,76,8,0.0,0.11430086196207148
white_noise,76,9,0.0,0.017504554003794512
white_noise,76,10,0.0,0.033397068911374984
white_noise,76,11,0.0,0.05015435063041745
white_noise,76,12,0.0,-0.08222555246999182
white_noise,76,13,0.0,-0.06660607567909153
white_noise,76,14,0.0,-0.038968555592659514
white_noise,76,15,0.0,0.09213049256913827
white_noise,76,16,0.0,-0.03800224743573077
white_noise,76,17,0.0,0.0723655307260366
white_noise,76,18,0.0,0.09790607744850091
white_noise,76,19,0.0,-0.0217554301606544
white_noise,76,20,0.0,0.06219512289425839
white_noise,77,1,0.0,-0.03251046475910931
white_noise,77,2,0.0,-0.07537422990055524
white_noise,77,3,0.0,0.058388111612156506
white_noise,77,4,0.0,-0.023016937912250995
white_noise,77,5,0.0,0.04163241244422161
white_noise,77,6,0.0,0.10121575781567195
white_noise,77,7,0.0,-0.03084925061447359
white_noise,77,8,0.0,0.03651189065691472
white_noise,77,9,0.0,-0.1128126038157801
white_noise,77,10,0.0,-0.04536913958207529
white_noise,77,11,0.0,0.0640310257076042
white_noise,77,12,0.0,-0.05378202475779253
white_noise,77,13,0.0,0.038748976775574435
white_noise,77,14,0.0,-0.0008729043736250511
white_noise,77,15,0.0,-0.014978499058534944
white_noise,77,16,0.0,0.07065067656745766
white_noise,77,17,0.0,-0.1525789696591876
white_noise,77,18,0.0,-0.0953872192064755
white_noise,77,19,0.0,0.12625378147545316
white_noise,77,20,0.0,0.01673547450673407
white_noise,78,1,0.0,0.0065680078473663
white_noise,78,2,0.0,0.05895554327099761
white_noise,78,3,0.0,-0.07259496646731069
white_noise,78,4,0.0,-0.0013988999865611664
white_noise,78,5,0.0,0.02894325163274315
white_noise,78,6,0.0,0.09330157927587637
white_noise,78,7,0.0,0.02207311638355037
white_noise,78,8,0.0,-0.0020134681349808724
white_noise,78,9,0.0,0.017435796838365044
white_noise,78,10,0.0,0.09312327076244202
white_noise,78,11,0.0,0.00951773642518364
white_noise,78,12,0.0,0.01589896039475707
white_noise,78,13,0.0,-0.09583996859918105
white_noise,78,14,0.0,-0.08490833339183329
white_noise,78,15,0.0,0.015681837785437323
white_noise,78,16,0.0,0.023460154663733676
white_noise,78,17,0.0,0.02003369722673828
white_noise,78,18,0.0,0.02410853526804279
white_noise,78,19,0.0,-0.008161346037472934
white_noise,78,20,0.0,0.018272967588076665
white_noise,79,1,0.0,-0.07802293019172382
white_noise,79,2,0.0,-0.010728177491587597
white_noise,79,3,0.0,-0.00794492046313165
white_noise,79,4,0.0,0.03424706816009778
white_noise,79,5,0.0,0.07387354586394274
white_noise,79,6,0.0,-0.035592138983741785
white_noise,79,7,0.0,-0.06064776190433251
white_noise,79,8,0.0,0.12675728610657824
white_noise,79,9,0.0,-0.07561141582596013
white_noise,79,10,0.0,-0.04610161749065725
white_noise,79,11,0.0,-0.04133507610905265
white_noise,79,12,0.0,0.014160089947667704
white_noise,79,13,0.0,-0.040533620375088744
white_noise,79,14,0.0,0.03157156695070151
white_noise,79,15,0.0,-0.03274071090503644
white_noise,79,16,0.0,0.021822129677211914
white_noise,79,17,0.0,-0.02798765025716218
white_noise,79,18,0.0,-0.04728595752022253
white_noise,79,19,0.0,-0.006424557514472523
white_noise,79,20,0.0,0.04268436849669697
white_noise,80,1,0.0,-0.03260046310318095
white_noise,80,2,0.0,0.0276989000206003
white_noise,80,3,0.0,-0.036560067135838474
white_noise,80,4,0.0,-0.023117095451083536
white_noise,80,5,0.0,-0.07453312401969207
white_noise,80,6,0.0,-0.0425748755489192
white_noise,80,7,0.0,0.06634115759339237
white_noise,80,8,0.0,-0.11488534387915546
white_noise,80,9,0.0,0.1079285944318103
white_noise,80,10,0.0,0.07461430163703874
white_noise,80,11,0.0,-0.007849637350010756
white_noise,80,12,0.0,-0.07327410603605046
white_noise,80,13,0.0,-0.07523856442376213
white_noise,80,14,0.0,-0.03394787880093418
white_noise,80,15,0.0,0.017963003370457108
white_noise,80,16,0.0,0.16085232922848092
white_noise,80,17,0.0,0.02417892837657774
white_noise,80,18,0.0,0.009116455852140054
white_noise,80,19,0.0,-0.014524109221329452
white_noise,80,20,0.0,0.018152959002756788
white_noise,81,1,0.0,0.04928273017278121
white_noise,81,2,0.0,-0.07157135773313705
white_noise,81,3,0.0,-0.010465880163240928
white_noise,81,4,0.0,-0.14690299315197367
white_noise,81,5,0.0,-0.09135734363978136
white_noise,81,6,0.0,-0.0773654827090525
white_noise,81,7,0.0,0.06423053106805145
white_noise,81,8,0.0,0.055648108281601105
white_noise,81,9,0.0,0.1295835463259395
white_noise,81,10,0.0,-0.02262236994486767
white_noise,81,11,0.0,-0.05874246574115318
white_noise,81,12,0.0,0.02538463193157119
white_noise,81,13,0.0,-0.04774253645870462
white_noise,81,14,0.0,-0.07156890676826523
white_noise,81,15,0.0,-0.039644117255361384
white_noise,81,16,0.0,-0.01706008387433917
white_noise,81,17,0.0,-0.04236231028114696
white_noise,81,18,0.0,0.0541159631769872
white_noise,81,19,0.0,-0.029711964427734043
white_noise,81,20,0.0,0.010995168716530895
white_noise,82,1,0.0,0.04296426765209627
white_noise,82,2,0.0,-0.062208320186987916
white_noise,82,3,0.0,-0.005025186470416073
white_noise,82,4,0.0,0.003205028949075259
white_noise,82,5,0.0,0.06245869085647592
white_noise,82,6,0.0,0.03702849719073025
white_noise,82,7,0.0,-0.07222570744363821
white_noise,82,8,0.0,0.06098379845291894
white_noise,82,9,0.0,0.009022163556260968
white_noise,82,10,0.0,0.0009213493190516052
white_noise,82,11,0.0,0.0160422703322951
white_noise,82,12,0.0,-0.007858660784160702
white_noise,82,13,0.0,-0.037602825008554615
white_noise,82,14,0.0,0.023256075036850753
white_noise,82,15,0.0,-0.0420360865215509
white_noise,82,16,0.0,0.09845085060683803
white_noise,82,17,0.0,0.09163330904091635
white_noise,82,18,0.0,0.05827658542344838
white_noise,82,19,0.0,-0.10065964806090401
white_noise,82,20,0.0,0.012038309430014205
white_noise,83,1,0.0,0.04959086201912298
white_noise,83,2,0.0,-0.020345555243984965
white_noise,83,3,0.0,0.06224617525867985
white_noise,83,4,0.0,-0.06969732437176618
white_noise,83,5,0.0,-0.012257880555463622
white_noise,83,6,0.0,-0.06786080688843611
white_noise,83,7,0.0,0.01141725124413717
white_noise,83,8,0.0,0.008640929930198594
white_noise,83,9,0.0,0.17129256197130396
white_noise,83,10,0.0,0.010025495124272251
white_noise,83,11,0.0,-0.08876483742640556
white_noise,83,12,0.0,0.08897947025262665
white_noise,83,13,0.0,0.07625123284301352
white_noise,83,14,0.0,0.026183003525990796
white_noise,83,15,0.0,0.0005457662878266784
white_noise,83,16,0.0,-0.02946658022654749
white_noise,83,17,0.0,0.04538120176804886
white_noise,83,18,0.0,0.007950370002082806
white_noise,83,19,0.0,0.04110879327060635
white_noise,83,20,0.0,-0.10321142039402867
white_noise,84,1,0.0,0.1388976266351306
white_noise,84,2,0.0,0.013568955526993701
white_noise,84,3,0.0,-0.010131537523775793
white_noise,84,4,0.0,0.03139152357408813
white_noise,84,5,0.0,0.05363600467245482
white_noise,84,6,0.0,-0.06342909796410447
white_noise,84,7,0.0,0.06873007292510745
white_noise,84,8,0.0,-0.0789338916480701
white_noise,84,9,0.0,-0.0008226090124833817
white_noise,84,10,0.0,-0.04291342876888528
white_noise,84,11,0.0,0.012453177652671496
white_noise,84,12,0.0,-0.07797481102825819
white_noise,84,13,0.0,-0.08267352818424231
white_noise,84,14,0.0,-0.06568992969320654
white_noise,84,15,0.0,-0.014935013335442606
white_noise,84,16,0.0,-0.08224645438835916
white_noise,84,17,0.0,-0.07410605773711142
white_noise,84,18,0.0,-0.011818164855828055
white_noise,84,19,0.0,0.0018434013077932283
white_noise,84,20,0.0,-0.09082358253014419
white_noise,85,1,0.0,-0.15563865706678043
white_noise,85,2,0.0,-0.008580395982030609
white_noise,85,3,0.0,0.09223384499693053
white_noise,85,4,0.0,-0.08728887370033019
white_noise,85,5,0.0,-0.03786231463330654
white_noise,85,6,0.0,-0.017688272010539914
white_noise,85,7,0.0,-0.0174243986255716
white_noise,85,8,0.0,-0.06872591383045948
white_noise,85,9,0.0,0.043638099314787286
white_noise,85,10,0.0,0.01887041216233085
white_noise,85,11,0.0,0.015393081785898733
white_noise,85,12,0.0,-0.03361253201911991
white_noise,85,13,0.0,-0.013406605997283477
white_noise,85,14,0.0,0.044121861594649946
white_noise,85,15,0.0,-0.05089649954612305
white_noise,85,16,0.0,0.05053820190121197
white_noise,85,17,0.0,-0.09375294921624863
white_noise,85,18,0.0,0.004009976488851864
white_noise,85,19,0.0,0.06143226142282321
white_noise,85,20,0.0,-0.06554820787840233
white_noise,86,1,0.0,-0.05571316690061419
white_noise,86,2,0.0,-0.024490707278073977
white_noise,86,3,0.0,-0.02894387926091406
white_noise,86,4,0.0,0.009018056831973003
white_noise,86,5,0.0,0.11409695344563044
white_noise,86,6,0.0,-0.011222749431901002
white_noise,86,7,0.0,-0.09259637430942777
white_noise,86,8,0.0,-0.10654107299760879
white_noise,86,9,0.0,-0.033379652588940836
white_noise,86,10,0.0,0.06782303097052962
white_noise,86,11,0.0,-0.03578654333252359
white_noise,86,12,0.0,-0.010146916294033588
white_noise,86,13,0.0,-0.06103776258432581
white_noise,86,14,0.0,0.014422120507599532
white_noise,86,15,0.0,-0.0371245882316386
white_noise,86,16,0.0,-0.007529124447886695
white_noise,86,17,0.0,-0.12512593468917502
white_noise,86,18,0.0,-0.008075372533507883
white_noise,86,19,0.0,0.0668038663128154
white_noise,86,20,0.0,0.009899763750410764
white_noise,87,1,0.0,-0.06044544551279654
white_noise,87,2,0.0,0.017152913300784816
white_noise,87,3,0.0,0.07698392594169547
white_noise,87,4,0.0,-0.013936055500252335
white_noise,87,5,0.0,0.004595312968846784
white_noise,87,6,0.0,-0.01239445467458231
white_noise,87,7,0.0,0.09753777830581188
white_noise,87,8,0.0,0.012163195109805985
white_noise,87,9,0.0,-0.035882516772252813
white_noise,87,10,0.0,0.07583891283723468
white_noise,87,11,0.0,-0.007906182546785408
white_noise,87,12,0.0,-0.0020203721455613185
white_noise,87,13,0.0,0.085246909026724
white_noise,87,14,0.0,0.04633813029793355
white_noise,87,15,0.0,-0.03784745058731598
white_noise,87,16,0.0,0.07060798905907208
white_noise,87,17,0.0,0.004341506586247409
white_noise,87,18,0.0,-0.021797223189715036
white_noise,87,19,0.0,-0.03318286546193475
white_noise,87,20,0.0,-0.012254129793496526
white_noise,88,1,0.0,-0.02589237124775369
white_noise,88,2,0.0,0.015678528892954357
white_noise,88,3,0.0,-0.07351475461414204
white_noise,88,4,0.0,-0.012864147276050395
white_noise,88,5,0.0,0.06483552165858708
white_noise,88,6,0.0,0.029669722984951644
white_noise,88,7,0.0,0.04900860342018464
white_noise,88,8,0.0,0.0744927812328576
white_noise,88,9,0.0,-0.007660344229348209
white_noise,88,10,0.0,0.06900190917351144
white_noise,88,11,0.0,-0.06448862882192902
white_noise,88,12,0.0,-0.040433502495679716
white_noise,88,13,0.0,-0.08767909041033346
white_noise,88,14,0.0,0.023958022339105982
white_noise,88,15,0.0,0.036300502645672
white_noise,88,16,0.0,-0.03490775211409479
white_noise,88,17,0.0,0.041394334608997274
white_noise,88,18,0.0,-0.00603679926140065
white_noise,88,19,0.0,-0.04503779455166977
white_noise,88,20,0.0,-0.025595589793098117
white_noise,89,1,0.0,0.039612866107887376
white_noise,89,2,0.0,-0.009282580964140457
white_noise,89,3,0.0,-0.04017522804753547
white_noise,89,4,0.0,-0.08317699152207597
white_noise,89,5,0.0,-0.12591871025054355
white_noise,89,6,0.0,-0.11728781056786186
white_noise,89,7,0.0,-0.03533946035309514
white_noise,89,8,0.0,-0.021058763993032963
white_noise,89,9,0.0,0.02634144309734161
white_noise,89,10,0.0,-0.017573906330863087
white_noise,89,11,0.0,0.03484417684595973
white_noise,89,12,0.0,0.027555238250857407
white_noise,89,13,0.0,0.04211989745665104
white_noise,89,14,0.0,-0.009692206237069446
white_noise,89,15,0.0,0.06283705201922313
white_noise,89,16,0.0,0.030742052343894346
white_noise,89,17,0.0,-0.004940828098205312
white_noise,89,18,0.0,0.07220447457091045
white_noise,89,19,0.0,-0.08462630852851759
white_noise,89,20,0.0,-0.049891719388120925
white_noise,90,1,0.0,0.0626708614728372
white_noise,90,2,0.0,-0.07867173167425166
white_noise,90,3,0.0,-0.0339352889648169
white_noise,90,4,0.0,-0.022338969426301647
white_noise,90,5,0.0,-0.01051082058218302
white_noise,90,6,0.0,-0.057926626984092545
white_noise,90,7,0.0,-0.02241059739501594
white_noise,90,8,0.0,0.09600803358286476
white_noise,90,9,0.0,0.01748614710659497
white_noise,90,10,0.0,-0.03831101430137222
white_noise,90,11,0.0,0.07412382484983271
white_noise,90,12,0.0,-0.025357095561160316
white_noise,90,13,0.0,0.00952199783821065
white_noise,90,14,0.0,0.04570934886025888
white_noise,90,15,0.0,-0.03914938643948583
white_noise,90,16,0.0,-0.023932872406390877
white_noise,90,17,0.0,-0.020205612605675227
white_noise,90,18,0.0,-0.08179277054467582
white_noise,90,19,0.0,-0.0918689645766016
white_noise,90,20,0.0,-0.10761935084979742
white_noise,91,1,0.0,-0.07368957153089027
white_noise,91,2,0.0,-0.035728241724516524
white_noise,91,3,0.0,-0.08012894484426548
white_noise,91,4,0.0,0.02350151375253003
white_noise,91,5,0.0,0.011722761798184213
white_noise,91,6,0.0,0.012703897357243737
white_noise,91,7,0.0,-0.08240677986899948
white_noise,91,8,0.0,-0.02290954323370132
white_noise,91,9,0.0,-0.055389013710737525
white_noise,91,10,0.0,-0.0018470795899345966
white_noise,91,11,0.0,-0.05496670782658487
white_noise,91,12,0.0,0.01094205691184922
white_noise,91,13,0.0,0.049733205840968416
white_noise,91,14,0.0,-0.07459662021544695
white_noise,91,15,0.0,-0.03780018896762229
white_noise,91,16,0.0,0.0007971753866849459
white_noise,91,17,0.0,-0.06002246321174259
white_noise,91,18,0.0,0.07629444325350467
white_noise,91,19,0.0,0.09611093383835405
white_noise,91,20,0.0,-0.04952893954696328
white_noise,92,1,0.0,0.04111029554631218
white_noise,92,2,0.0,0.04330594905406599
white_noise,92,3,0.0,-0.0018424039555596243
white_noise,92,4,0.0,-8.895253433309142e-05
white_noise,92,5,0.0,0.03906072406677079
white_noise,92,6,0.0,-0.0979040661657009
white_noise,92,7,0.0,0.060442338358807295
white_noise,92,8,0.0,0.04165377377149434
white_noise,92,9,0.0,0.02998581711108295
white_noise,92,10,0.0,0.06397715549028284
white_noise,92,11,0.0,0.008797304716891278
white_noise,92,12,0.0,0.036992139949787645
white_noise,92,13,0.0,-0.045772266530121106
white_noise,92,14,0.0,-0.03614004011001004
white_noise,92,15,0.0,-0.019160042185246837
white_noise,92,16,0.0,-0.062114422962726464
white_noise,92,17,0.0,0.1490170977523373
white_noise,92,18,0.0,-0.07498760578447038
white_noise,92,19,0.0,-0.02773199299973222
white_noise,92,20,0.0,0.005933422685428859
white_noise,93,1,0.0,0.009591807584742634
white_noise,93,2,0.0,-0.011106706268632398
white_noise,93,3,0.0,0.08595972443394094
white_noise,93,4,0.0,-0.0560436181386234
white_noise,93,5,0.0,-0.08881863235097238
white_noise,93,6,0.0,0.09031246869141207
white_noise,93,7,0.0,-0.005854030100927473
white_noise,93,8,0.0,-0.11301548254140491
white_noise,93,9,0.0,0.010679791376841927
white_noise,93,10,0.0,-0.03371146148509163
white_noise,93,11,0.0,-0.140155318001214
white_noise,93,12,0.0,0.0018688627792749135
white_noise,93,13,0.0,-0.011862091315885361
white_noise,93,14,0.0,-0.11589248312058711
white_noise,93,15,0.0,0.03610688362408871
white_noise,93,16,0.0,0.01360437673422805
white_noise,93,17,0.0,0.03916853851348242
white_noise,93,18,0.0,-0.015864488659876736
white_noise,93,19,0.0,0.00878090470938159
white_noise,93,20,0.0,-0.03452073368908603
white_noise,94,1,0.0,0.026280533739969174
white_noise,94,2,0.0,0.041656024162373136
white_noise,94,3,0.0,0.06698903049111816
white_noise,94,4,0.0,0.07886245580770397
white_noise,94,5,0.0,-0.05606501420050723
white_noise,94,6,0.0,0.10647752783228338
white_noise,94,7,0.0,0.015650760162172157
white_noise,94,8,0.0,-0.011730163778274367
white_noise,94,9,0.0,-0.025406843156824257
white_noise,94,10,0.0,-0.06366092233140529
white_noise,94,11,0.0,-0.0627917864841866
white_noise,94,12,0.0,0.05488692112852269
white_noise,94,13,0.0,0.007366431562454908
white_noise,94,14,0.0,0.0049514462312835105
white_noise,94,15,0.0,-0.01572039171022761
white_noise,94,16,0.0,-0.054612781942364096
white_noise,94,17,0.0,0.0055136399160367715
white_noise,94,18,0.0,0.029418855319708385
white_noise,94,19,0.0,0.11898171883066874
white_noise,94,20,0.0,-0.028102045108357347
white_noise,95,1,0.0,-0.053265797594245705
white_noise,95,2,0.0,0.01101967755091065
white_noise,95,3,0.0,0.04564727257884388
white_noise,95,4,0.0,-0.05778111697382694
white_noise,95,5,0.0,0.1147563297570074
white_noise,95,6,0.0,0.035416643911166494
white_noise,95,7,0.0,0.10097003443193119
white_noise,95,8,0.0,0.04866904899857921
white_noise,95,9,0.0,0.059587378707486725
white_noise,95,10,0.0,0.03628084548795883
white_noise,95,11,0.0,-0.03597902459329653
white_noise,95,12,0.0,0.09457039028619506
white_noise,95,13,0.0,-0.04667037687379655
white_noise,95,14,0.0,-0.06278866103747323
white_noise,95,15,0.0,0.09932745185690561
white_noise,95,16,0.0,0.0367997095215398
white_noise,95,17,0.0,0.03640367175889646
white_noise,95,18,0.0,-0.016670426742785845
white_noise,95,19,0.0,0.039870049477932545
white_noise,95,20,0.0,-0.06817858270335381
white_noise,96,1,0.0,-0.06494127774193327
white_noise,96,2,0.0,0.016557981394936104
white_noise,96,3,0.0,-0.05187562087441602
white_noise,96,4,0.0,0.014667282345094118
white_noise,96,5,0.0,-0.009335768783026041
white_noise,96,6,0.0,0.034130716279734005
white_noise,96,7,0.0,0.02445455832303923
white_noise,96,8,0.0,0.007374371271381482
white_noise,96,9,0.0,-0.07458946840152758
white_noise,96,10,0.0,0.044611701881696185
white_noise,96,11,0.0,0.017533988060817473
white_noise,96,12,0.0,0.053518799465546434
white_noise,96,13,0.0,0.16699535574539232
white_noise,96,14,0.0,-0.07655047208158523
white_noise,96,15,0.0,0.005110714550480071
white_noise,96,16,0.0,0.006387045565842025
white_noise,96,17,0.0,-0.0429485056846586
white_noise,96,18,0.0,-0.049749957499936534
white_noise,96,19,0.0,-0.025859742195118027
white_noise,96,20,0.0,-0.0033733276077161866
white_noise,97,1,0.0,-0.03556294542197062
white_noise,97,2,0.0,-0.027564687534628197
white_noise,97,3,0.0,0.12175959670954942
white_noise,97,4,0.0,-0.04407785652597672
white_noise,97,5,0.0,-0.04380637437715086
white_noise,97,6,0.0,0.01160766791283793
white_noise,97,7,0.0,-0.00021069530027544958
white_noise,97,8,0.0,-0.033264902358106425
white_noise,97,9,0.0,-0.045092441875115685
white_noise,97,10,0.0,-0.05410552734498684
white_noise,97,11,0.0,-0.09642596918833797
white_noise,97,12,0.0,-0.06418291203444046
white_noise,97,13,0.0,0.011177130110472815
white_noise,97,14,0.0,0.08243227211902654
white_noise,97,15,0.0,-0.04308831025510005
white_noise,97,16,0.0,0.020413234249995107
white_noise,97,17,0.0,0.071491964325902
white_noise,97,18,0.0,-0.000980863529375132
white_noise,97,19,0.0,-0.01678871855310554
white_noise,97,20,0.0,0.030693228000717197
white_noise,98,1,0.0,-0.04834788663015579
white_noise,98,2,0.0,-0.06797162045922722
white_noise,98,3,0.0,0.05651613626508135
white_noise,98,4,0.0,0.03312796659334972
white_noise,98,5,0.0,-0.04324300860774002
white_noise,98,6,0.0,0.020059285736665346
white_noise,98,7,0.0,0.09485350591984898
white_noise,98,8,0.0,-0.008380352327273452
white_noise,98,9,0.0,0.015588245215502415
white_noise,98,10,0.0,0.04673283423370433
white_noise,98,11,0.0,0.024287019845478555
white_noise,98,12,0.0,-0.05177324710515441
white_noise,98,13,0.0,0.10720181169617368
white_noise,98,14,0.0,-0.013071494084651348
white_noise,98,15,0.0,-0.004643562556051906
white_noise,98,16,0.0,-0.023923398052306602
white_noise,98,17,0.0,-0.059705694926357994
white_noise,98,18,0.0,0.06738357842412543
white_noise,98,19,0.0,0.04711713224720324
white_noise,98,20,0.0,0.033972233584247884
white_noise,99,1,0.0,0.008133412777254668
white_noise,99,2,0.0,-0.010634925715210311
white_noise,99,3,0.0,0.094687927841841
white_noise,99,4,0.0,-0.00208407658548965
white_noise,99,5,0.0,0.03130649882821977
white_noise,99,6,0.0,-0.0003984799421693378
white_noise,99,7,0.0,0.0654011490404277
white_noise,99,8,0.0,0.08011134070713775
white_noise,99,9,0.0,-0.08985406279919633
white_noise,99,10,0.0,0.07022743148092751
white_noise,99,11,0.0,-0.01776037323018659
white_noise,99,12,0.0,0.04597839127511624
white_noise,99,13,0.0,0.08690608380346344
white_noise,99,14,0.0,0.09877891288066733
white_noise,99,15,0.0,0.04140212407305936
white_noise,99,16,0.0,-0.048409489502838944
white_noise,99,17,0.0,0.03532896482211707
white_noise,99,18,0.0,0.043064494957183216
white_noise,99,19,0.0,-0.07606160083432163
white_noise,99,20,0.0,0.039591268303693875
white_noise,100,1,0.0,0.05220156713316097
white_noise,100,2,0.0,-0.037163242985339746
white_noise,100,3,0.0,-0.04371785949111293
white_noise,100,4,0.0,-0.02770998515574391
white_noise,100,5,0.0,-0.007973179893667208
white_noise,100,6,0.0,-0.0707043701605766
white_noise,100,7,0.0,-0.043021673520837245
white_noise,100,8,0.0,-0.032719963077890185
white_noise,100,9,0.0,-0.04195710610818362
white_noise,100,10,0.0,0.028689135193983212
white_noise,100,11,0.0,-0.05372122328244802
white_noise,100,12,0.0,-0.027895252236911656
white_noise,100,13,0.0,0.050370617378952674
white_noise,100,14,0.0,-0.06348214968084147
white_noise,100,15,0.0,-0.043572289612988195
white_noise,100,16,0.0,-0.0021136020874978
white_noise,100,17,0.0,0.015153039331669053
white_noise,100,18,0.0,0.03319128780490596
white_noise,100,19,0.0,0.07882216045825187
white_noise,100,20,0.0,-0.05031768753997508
white_noise,101,1,0.0,-0.06168361840496116
white_noise,101,2,0.0,-0.010748390808171894
white_noise,101,3,0.0,0.013867169924758112
white_noise,101,4,0.0,-0.035496947062913925
white_noise,101,5,0.0,0.022980633398617025
white_noise,101,6,0.0,-0.011753325436400496
white_noise,101,7,0.0,-0.05067914446741159
white_noise,101,8,0.0,-0.019023787461574636
white_noise,101,9,0.0,-0.06967987429185972
white_noise,101,10,0.0,0.010160433996068613
white_noise,101,11,0.0,-0.044590447511575614
white_noise,101,12,0.0,0.017794514639274124
white_noise,101,13,0.0,0.02194024648446713
white_noise,101,14,0.0,-0.06363379640955324
white_noise,101,15,0.0,-0.038793144034617824
white_noise,101,16,0.0,0.04236886806788456
white_noise,101,17,0.0,0.02864202530929888
white_noise,101,18,0.0,0.01745829757383307
white_noise,101,19,0.0,-0.14408068823043257
white_noise,101,20,0.0,-0.07205662912114313
white_noise,102,1,0.0,0.056409519611983386
white_noise,102,2,0.0,-0.013367466305887468
white_noise,102,3,0.0,0.027892875575192322
white_noise,102,4,0.0,-0.018836796243014705
white_noise,102,5,0.0,-0.003135855542471059
white_noise,102,6,0.0,-0.010076050130901053
white_noise,102,7,0.0,0.058097967087355984
white_noise,102,8,0.0,0.0767728293175503
white_noise,102,9,0.0,-0.06602945186818567
white_noise,102,10,0.0,-0.029045404429150087
white_noise,102,11,0.0,0.00566061227975941
white_noise,102,12,0.0,0.026922899556601067
white_noise,102,13,0.0,0.10251928938789864
white_noise,102,14,0.0,0.00876543065271951
white_noise,102,15,0.0,0.1269293938352196
white_noise,102,16,0.0,-0.02931848295996591
white_noise,102,17,0.0,0.02653514528265888
white_noise,102,18,0.0,0.1139132517560999
white_noise,102,19,0.0,0.1177276114082251
white_noise,102,20,0.0,-0.027877163868650304
white_noise,103,1,0.0,-0.06448146657909681
white_noise,103,2,0.0,-0.025176406545426546
white_noise,103,3,0.0,0.07197807153527619
white_noise,103,4,0.0,-0.0960109000142947
white_noise,103,5,0.0,-0.08319918108009529
white_noise,103,6,0.0,0.07964886935981214
white_noise,103,7,0.0,-0.018624959118618178
white_noise,103,8,0.0,0.02185518865150004
white_noise,103,9,0.0,-0.029665325267442328
white_noise,103,10,0.0,0.037765820182189325
white_noise,103,11,0.0,-0.037148183783755735
white_noise,103,12,0.0,-0.060801599566157855
white_noise,103,13,0.0,0.08140975409559793
white_noise,103,14,0.0,-0.09951776508928364
white_noise,103,15,0.0,-0.03410496591500851
white_noise,103,16,0.0,0.035413971332473156
white_noise,103,17,0.0,0.043143598179601506
white_noise,103,18,0.0,0.084759203290505
white_noise,103,19,0.0,-0.013082801286889817
white_noise,103,20,0.0,-0.09239698553668182
white_noise,104,1,0.0,-0.09898350425731031
white_noise,104,2,0.0,-0.0755060890538005
white_noise,104,3,0.0,0.07971728786485109
white_noise,104,4,0.0,-0.07705233814884052
white_noise,104,5,0.0,0.02252040357671023
white_noise,104,6,0.0,0.06521786715447883
white_noise,104,7,0.0,-0.011074558785915425
white_noise,104,8,0.0,0.0740399020423183
white_noise,104,9,0.0,0.054887337589024726
white_noise,104,10,0.0,0.0016867210964363667
white_noise,104,11,0.0,-0.023821742667610515
white_noise,104,12,0.0,-0.03261666577128869
white_noise,104,13,0.0,-0.03943263502954179
white_noise,104,14,0.0,0.10811948474791902
white_noise,104,15,0.0,0.017313883416000597
white_noise,104,16,0.0,-0.049067647800551395
white_noise,104,17,0.0,0.03925816636318498
white_noise,104,18,0.0,-0.10001948365714225
white_noise,104,19,0.0,0.0465261016817718
white_noise,104,20,0.0,-0.06904658865234235
white_noise,105,1,0.0,-0.0002113438165083247
white_noise,105,2,0.0,-0.013476331930944208
white_noise,105,3,0.0,-0.0074111379046367
white_noise,105,4,0.0,0.0035267488978393256
white_noise,105,5,0.0,-0.01824671836360491
white_noise,105,6,0.0,-0.007065329889481278
white_noise,105,7,0.0,0.11732654316335499
white_noise,105,8,0.0,0.030876905560840284
white_noise,105,9,0.0,-0.011264337590161445
white_noise,105,10,0.0,-0.07181715098571242
white_noise,105,11,0.0,0.05340542278373522
white_noise,105,12,0.0,-0.017563022704572887
white_noise,105,13,0.0,0.008845975543223649
white_noise,105,14,0.0,0.06704626260197119
white_noise,105,15,0.0,0.05715810389043661
white_noise,105,16,0.0,0.01114111422734267
white_noise,105,17,0.0,0.034288222738568394
white_noise,105,18,0.0,-0.09134960733944639
white_noise,105,19,0.0,0.041864999916794265
white_noise,105,20,0.0,-0.07473693403487504
white_noise,106,1,0.0,0.008199506960244246
white_noise,106,2,0.0,-0.08529471412358412
white_noise,106,3,0.0,0.03508648002703696
white_noise,106,4,0.0,0.005542022834889068
white_noise,106,5,0.0,-0.01017496995478941
white_noise,106,6,0.0,-0.04594917901034223
white_noise,106,7,0.0,-0.07686540761006348
white_noise,106,8,0.0,-0.04013016269619459
white_noise,106,9,0.0,0.045292828829497325
white_noise,106,10,0.0,-0.07156055838992632
white_noise,106,11,0.0,0.06672855589196207
white_noise,106,12,0.0,0.03331939478144902
white_noise,106,13,0.0,0.0015874689387938485
white_noise,106,14,0.0,0.05214780137564106
white_noise,106,15,0.0,0.0530022651684873
white_noise,106,16,0.0,-0.06533736269602221
white_noise,106,17,0.0,0.012028677836572865
white_noise,106,18,0.0,0.0022271896899708427
white_noise,106,19,0.0,-0.011910498334238932
white_noise,106,20,0.0,0.004386319420745372
white_noise,107,1,0.0,0.040160723603189286
white_noise,107,2,0.0,-0.0062089309886221595
white_noise,107,3,0.0,-0.002395360262161216
white_noise,107,4,0.0,0.1370270588110033
white_noise,107,5,0.0,0.042114829671722684
white_noise,107,6,0.0,-0.022808763506449548
white_noise,107,7,0.0,-0.07063067022121325
white_noise,107,8,0.0,0.030775335929733614
white_noise,107,9,0.0,-0.10385473296370355
white_noise,107,10,0.0,0.004105894326022439
white_noise,107,11,0.0,0.04994927597261227
white_noise,107,12,0.0,0.005732694006421033
white_noise,107,13,0.0,0.020383807112420195
white_noise,107,14,0.0,-0.07887935437038764
white_noise,107,15,0.0,0.020430860539826245
white_noise,107,16,0.0,0.056036758201208466
white_noise,107,17,0.0,-0.0010744224585505118
white_noise,107,18,0.0,-0.023918849748027486
white_noise,107,19,0.0,-0.11454893499471752
white_noise,107,20,0.0,-0.027024939865060337
white_noise,108,1,0.0,0.014343551805616157
white_noise,108,2,0.0,-0.028112814277150098
white_noise,108,3,0.0,-0.05361913641336381
white_noise,108,4,0.0,-0.012129546423005547
white_noise,108,5,0.0,-0.002889562912565659
white_noise,108,6,0.0,-0.011650621388815527
white_noise,108,7,0.0,-0.02019154772457953
white_noise,108,8,0.0,-0.07583741693398191
white_noise,108,9,0.0,-0.046819354818255304
white_noise,108,10,0.0,0.05080417482371803
white_noise,108,11,0.0,-0.05151930119326737
white_noise,108,12,0.0,-0.028311110136907753
white_noise,108,13,0.0,-0.06232609392983796
white_noise,108,14,0.0,-0.022390022765589677
white_noise,108,15,0.0,-0.027987724114892722
white_noise,108,16,0.0,0.05027974562666482
white_noise,108,17,0.0,0.022359563949267563
white_noise,108,18,0.0,-0.04270836165947483
white_noise,108,19,0.0,-0.027247814220128393
white_noise,108,20,0.0,0.15939379672246654
white_noise,109,1,0.0,-0.02590957334702778
white_noise,109,2,0.0,-0.04829412581692964
white_noise,109,3,0.0,-0.03227137651791065
white_noise,109,4,0.0,0.04625938706739248
white_noise,109,5,0.0,-0.12070351232808799
white_noise,109,6,0.0,0.009956709218050313
white_noise,109,7,0.0,-0.0011808331455517272
white_noise,109,8,0.0,0.057240422027264974
white_noise,109,9,0.0,0.05217384608830453
white_noise,109,10,0.0,0.002223622574120722
white_noise,109,11,0.0,0.0027890973120240957
white_noise,109,12,0.0,0.07638801103146019
white_noise,109,13,0.0,-0.002093732641570438
white_noise,109,14,0.0,0.03354109462561609
white_noise,109,15,0.0,0.08715164199539753
white_noise,109,16,0.0,0.04803943738036847
white_noise,109,17,0.0,-0.027756340176875994
white_noise,109,18,0.0,0.0462717503295581
white_noise,109,19,0.0,-0.005959802507133862
white_noise,109,20,0.0,-0.0254735717970104
white_noise,110,1,0.0,-0.09693392227457459
white_noise,110,2,0.0,-0.04480034573582983
white_noise,110,3,0.0,-0.044028849697389266
white_noise,110,4,0.0,0.012238935700169857
white_noise,110,5,0.0,-0.02019395311621802
white_noise,110,6,0.0,-0.06897335462305562
white_noise,110,7,0.0,-0.09420180074512716
white_noise,110,8,0.0,0.08968744292305288
white_noise,110,9,0.0,-0.02809111513211903
white_noise,110,10,0.0,-0.036666760708755436
white_noise,110,11,0.0,-0.06775429764467304
white_noise,110,12,0.0,0.007887865000901299
white_noise,110,13,0.0,0.001106993705039795
white_noise,110,14,0.0,-0.03189886777491978
white_noise,110,15,0.0,0.049304714341489614
white_noise,110,16,0.0,-0.01489977178173935
white_noise,110,17,0.0,0.03524088172400368
white_noise,110,18,0.0,0.022789792802027833
white_noise,110,19,0.0,-0.10196961202529584
white_noise,110,20,0.0,0.02688327123676554
white_noise,111,1,0.0,0.005008326895942144
white_noise,111,2,0.0,-0.01895303062122946
white_noise,111,3,0.0,-0.04507092273283415
white_noise,111,4,0.0,0.057372680393680195
white_noise,111,5,0.0,-0.0037886654503102328
white_noise,111,6,0.0,0.02682259821253354
white_noise,111,7,0.0,0.006990920623565633
white_noise,111,8,0.0,-0.03644130507184897
white_noise,111,9,0.0,0.06738491329007197
white_noise,111,10,0.0,0.03910077795931364
white_noise,111,11,0.0,0.03503159955557659
white_noise,111,12,0.0,0.04179223383448147
white_noise,111,13,0.0,-0.031451520691263855
white_noise,111,14,0.0,0.008591343749534746
white_noise,111,15,0.0,0.0023458958139499953
white_noise,111,16,0.0,0.07553982035341206
white_noise,111,17,0.0,0.02356646488549309
white_noise,111,18,0.0,-0.022924815393625737
white_noise,111,19,0.0,-0.0681568321046513
white_noise,111,20,0.0,-0.007355217421168068
white_noise,112,1,0.0,-0.11489175121975517
white_noise,112,2,0.0,-0.08493326603707088
white_noise,112,3,0.0,0.038265123836831595
white_noise,112,4,0.0,0.04573765182220306
white_noise,112,5,0.0,-0.04890392021707057
white_noise,112,6,0.0,-0.03987308730936673
white_noise,112,7,0.0,-0.00864383862337251
white_noise,112,8,0.0,-0.05223358498563543
white_noise,112,9,0.0,0.026545077288079387
white_noise,112,10,0.0,0.024929212447109658
white_noise,112,11,0.0,-0.1126269292426235
white_noise,112,12,0.0,0.06413522425772783
white_noise,112,13,0.0,0.08751271674331726
white_noise,112,14,0.0,-0.012755576586458497
white_noise,112,15,0.0,-0.017249671155088273
white_noise,112,16,0.0,-0.07205088912616517
white_noise,112,17,0.0,0.09325329461356596
white_noise,112,18,0.0,-0.005139860550987442
white_noise,112,19,0.0,0.03852924832946893
white_noise,112,20,0.0,0.11093136900124637
white_noise,113,1,0.0,-0.012929681987351348
white_noise,113,2,0.0,-0.03881874560161912
white_noise,113,3,0.0,0.007472220993833209
white_noise,113,4,0.0,-0.007083561110132311
white_noise,113,5,0.0,0.02352733664767785
white_noise,113,6,0.0,-0.04661843231595057
white_noise,113,7,0.0,0.07816801665994655
white_noise,113,8,0.0,0.028568597780093158
white_noise,113,9,0.0,-0.09374159574359812
white_noise,113,10,0.0,-0.05399471001686229
white_noise,113,11,0.0,0.04677301585526626
white_noise,113,12,0.0,-0.10757584767370282
white_noise,113,13,0.0,0.06547936760409448
white_noise,113,14,0.0,0.06134913436220505
white_noise,113,15,0.0,-0.03282920675413945
white_noise,113,16,0.0,0.09795131118314847
white_noise,113,17,0.0,0.010101758281187903
white_noise,113,18,0.0,-0.004986123583231511
white_noise,113,19,0.0,0.05614953553497239
white_noise,113,20,0.0,-0.10887966524417277
white_noise,114,1,0.0,0.0278786174286259
white_noise,114,2,0.0,0.042829693474564265
white_noise,114,3,0.0,0.021353479107166472
white_noise,114,4,0.0,0.06766705689952632
white_noise,114,5,0.0,0.05344536364246735
white_noise,114,6,0.0,0.011519857279842532
white_noise,114,7,0.0,0.08597643359508879
white_noise,114,8,0.0,0.0319092902464882
white_noise,114,9,0.0,-0.07810022304102673
white_noise,114,10,0.0,-0.07362641786635037
white_noise,114,11,0.0,0.001282200148765153
white_noise,114,12,0.0,-0.0014932006283162344
white_noise,114,13,0.0,0.0014501610302605071
white_noise,114,14,0.0,-0.03812876424162706
white_noise,114,15,0.0,0.06875220484747586
white_noise,114,16,0.0,0.05817483161856985
white_noise,114,17,0.0,0.033269450040745815
white_noise,114,18,0.0,-0.017781552670207517
white_noise,114,19,0.0,0.018803447567529264
white_noise,114,20,0.0,-0.015084691415441248
white_noise,115,1,0.0,0.0437307359962191
white_noise,115,2,0.0,-0.056675966434619876
white_noise,115,3,0.0,0.015329051135988469
white_noise,115,4,0.0,-0.10255692846857585
white_noise,115,5,0.0,-0.017778464389776635
white_noise,115,6,0.0,-0.032822206618536166
white_noise,115,7,0.0,-0.047684949216995405
white_noise,115,8,0.0,-0.0009473676204930774
white_noise,115,9,0.0,0.023335564131281506
white_noise,115,10,0.0,-0.055728041300784965
white_noise,115,11,0.0,-0.05752315891504572
white_noise,115,12,0.0,-0.010401979886934289
white_noise,115,13,0.0,0.035061757862288274
white_noise,115,14,0.0,0.06394897367320175
white_noise,115,15,0.0,0.036293268980218896
white_noise,115,16,0.0,0.01842611631447956
white_noise,115,17,0.0,-0.0207787513021095
white_noise,115,18,0.0,-0.03786554464909794
white_noise,115,19,0.0,-0.11510070876482648
white_noise,115,20,0.0,-0.0234104837373084
white_noise,116,1,0.0,0.12544353086653007
white_noise,116,2,0.0,-0.06696719412683973
white_noise,116,3,0.0,-0.01416824557028399
white_noise,116,4,0.0,-0.03186936492970576
white_noise,116,5,0.0,-0.01756257481526759
white_noise,116,6,0.0,-0.14430362102992264
white_noise,116,7,0.0,-0.114655290065448
white_noise,116,8,0.0,-0.0033663012661197954
white_noise,116,9,0.0,0.06105210145478833
white_noise,116,10,0.0,0.061244192448368893
white_noise,116,11,0.0,-0.04376639536351219
white_noise,116,12,0.0,-0.0967892655100655
white_noise,116,13,0.0,0.04112595429484135
white_noise,116,14,0.0,0.006706434639063992
white_noise,116,15,0.0,0.023907722893137168
white_noise,116,16,0.0,-0.02071932157693264
white_noise,116,17,0.0,-0.014108073792361571
white_noise,116,18,0.0,-0.019819812346187408
white_noise,116,19,0.0,-0.10840196238395026
white_noise,116,20,0.0,-0.028157751060038844
white_noise,117,1,0.0,0.008776206691015798
white_noise,117,2,0.0,-0.030484186242505578
white_noise,117,3,0.0,0.08030593687748656
white_noise,117,4,0.0,0.03494742653106693
white_noise,117,5,0.0,0.1027244958334079
white_noise,117,6,0.0,-0.05567721932391362
white_noise,117,7,0.0,0.0705330186338791
white_noise,117,8,0.0,-0.05229619116644116
white_noise,117,9,0.0,0.06033327925036334
white_noise,117,10,0.0,0.12847673550162803
white_noise,117,11,0.0,0.011062082177132714
white_noise,117,12,0.0,0.05727399686601676
white_noise,117,13,0.0,0.006302200248054928
white_noise,117,14,0.0,0.08028277833432361
white_noise,117,15,0.0,0.020870961536529193
white_noise,117,16,0.0,-0.0653657950636699
white_noise,117,17,0.0,-0.09072860584171194
white_noise,117,18,0.0,0.011954293180697122
white_noise,117,19,0.0,0.07265298486594246
white_noise,117,20,0.0,-0.07906426600718594
white_noise,118,1,0.0,0.0531581198661341
white_noise,118,2,0.0,-0.012743635023837985
white_noise,118,3,0.0,-0.01696263777361063
white_noise,118,4,0.0,0.0031714162965752637
white_noise,118,5,0.0,-0.019291816673626738
white_noise,118,6,0.0,-0.07554240508653341
white_noise,118,7,0.0,0.03694341431480343
white_noise,118,8,0.0,-0.0885543939759255
white_noise,118,9,0.0,-0.03561061698928371
white_noise,118,10,0.0,0.11947920337613926
white_noise,118,11,0.0,-0.0857352072658182
white_noise,118,12,0.0,-0.04232084250380451
white_noise,118,13,0.0,-0.0642880037221835
white_noise,118,14,0.0,0.00036215456969598077
white_noise,118,15,0.0,0.1573193588243498
white_noise,118,16,0.0,-0.0051795473855428915
white_noise,118,17,0.0,0.04712550063767594
white_noise,118,18,0.0,-0.09374041472197722
white_noise,118,19,0.0,0.0364243804136642
white_noise,118,20,0.0,-0.007526181309910678
white_noise,119,1,0.0,0.11012487580421423
white_noise,119,2,0.0,-0.024905951148027537
white_noise,119,3,0.0,0.058442549137354624
white_noise,119,4,0.0,0.05561949498546662
white_noise,119,5,0.0,-0.07453697074471372
white_noise,119,6,0.0,0.000585090479041859
white_noise,119,7,0.0,0.038982711332723206
white_noise,119,8,0.0,-0.011582274566119764
white_noise,119,9,0.0,-0.051817940681932864
white_noise,119,10,0.0,-0.03258826706207449
white_noise,119,11,0.0,-0.041987292745732784
white_noise,119,12,0.0,0.03510037171463683
white_noise,119,13,0.0,0.016951134772602978
white_noise,119,14,0.0,-0.02417193107443028
white_noise,119,15,0.0,0.07116399505200512
white_noise,119,16,0.0,0.1414099453634301
white_noise,119,17,0.0,-0.04131158090642642
white_noise,119,18,0.0,0.0016049393971884584
white_noise,119,19,0.0,0.023646735980837344
white_noise,119,20,0.0,-0.07783546862721999
white_noise,120,1,0.0,-0.01676148162521289
white_noise,120,2,0.0,0.030904583540155763
white_noise,120,3,0.0,-0.0152597693401557
white_noise,120,4,0.0,0.05179656328988168
white_noise,120,5,0.0,-0.0651842580995886
white_noise,120,6,0.0,-0.08075650679106912
white_noise,120,7,0.0,-0.023109679283901553
white_noise,120,8,0.0,-0.07515031447914841
white_noise,120,9,0.0,0.03476547142398354
white_noise,120,10,0.0,-0.0024837114012996203
white_noise,120,11,0.0,0.12741034362546855
white_noise,120,12,0.0,-0.07905935932299255
white_noise,120,13,0.0,-0.03632562283484807
white_noise,120,14,0.0,-0.013881602654972956
white_noise,120,15,0.0,0.0640763671091545
white_noise,120,16,0.0,-0.10170273533440435
white_noise,120,17,0.0,-0.0417600780855854
white_noise,120,18,0.0,0.057629848922291185
white_noise,120,19,0.0,0.051476412682382684
white_noise,120,20,0.0,-0.05383525371367578
white_noise,121,1,0.0,0.001364342635724108
white_noise,121,2,0.0,-0.13967883452328486
white_noise,121,3,0.0,-0.01029082834738771
white_noise,121,4,0.0,0.055026963492222705
white_noise,121,5,0.0,-0.060992886842505506
white_noise,121,6,0.0,-0.15297170352648648
white_noise,121,7,0.0,0.07802958140123947
white_noise,121,8,0.0,0.080988780537563
white_noise,121,9,0.0,0.06650675111438924
white_noise,121,10,0.0,-0.029534071550824534
white_noise,121,11,0.0,0.10618775585048357
white_noise,121,12,0.0,0.03125831449461931
white_noise,121,13,0.0,0.0844104328483847
white_noise,121,14,0.0,-0.11189345518024645
white_noise,121,15,0.0,0.00608177617039601
white_noise,121,16,0.0,-0.07617801200691697
white_noise,121,17,0.0,-0.048156530921462944
white_noise,121,18,0.0,-0.011260045670741422
white_noise,121,19,0.0,-0.024669676059466357
white_noise,121,20,0.0,0.1362896100503213
white_noise,122,1,0.0,0.021048698919803797
white_noise,122,2,0.0,-0.04347184930737043
white_noise,122,3,0.0,-0.027930349434235162
white_noise,122,4,0.0,-0.0021308614241922186
white_noise,122,5,0.0,0.09096980531728008
white_noise,122,6,0.0,0.03902533976105248
white_noise,122,7,0.0,-0.06339109974984737
white_noise,122,8,0.0,0.060358396162406104
white_noise,122,9,0.0,0.02517028928279592
white_noise,122,10,0.0,0.04714957342135725
white_noise,122,11,0.0,0.01319742623736345
white_noise,122,12,0.0,0.008508848104183665
white_noise,122,13,0.0,-0.08720812749065912
white_noise,122,14,0.0,0.015576357930134024
white_noise,122,15,0.0,-0.005647695366756114
white_noise,122,16,0.0,-0.01701714068001074
white_noise,122,17,0.0,-0.04524461154902433
white_noise,122,18,0.0,0.004382780358181306
white_noise,122,19,0.0,-0.09717320569688917
white_noise,122,20,0.0,0.0022170503517726287
white_noise,123,1,0.0,-0.0331406551262971
white_noise,123,2,0.0,0.039643145100518244
white_noise,123,3,0.0,-0.08981060599695799
white_noise,123,4,0.0,-0.04555998571884565
white_noise,123,5,0.0,-0.07975902615847837
white_noise,123,6,0.0,-0.07980127992534226
white_noise,123,7,0.0,-0.058936183461845905
white_noise,123,8,0.0,-0.012388484159407345
white_noise,123,9,0.0,-0.039842574989868984
white_noise,123,10,0.0,0.030417241881138743
white_noise,123,11,0.0,0.04472883431517088
white_noise,123,12,0.0,0.05262441810030261
white_noise,123,13,0.0,-0.05243911101099034
white_noise,123,14,0.0,-0.05552693331432255
white_noise,123,15,0.0,-0.027205513867876268
white_noise,123,16,0.0,0.05103778231195815
white_noise,123,17,0.0,-0.06976500821191656
white_noise,123,18,0.0,0.0024932104782504623
white_noise,123,19,0.0,-0.0017711901370192685
white_noise,123,20,0.0,0.05544401431219523
white_noise,124,1,0.0,0.054133832342675166
white_noise,124,2,0.0,0.018489296705980037
white_noise,124,3,0.0,0.025134228547821533
white_noise,124,4,0.0,-0.025541265560523732
white_noise,124,5,0.0,0.03165961921668699
white_noise,124,6,0.0,0.02144635325992176
white_noise,124,7,0.0,0.0038905300813117942
white_noise,124,8,0.0,-0.0855294915158118
white_noise,124,9,0.0,-0.06484751334907361
white_noise,124,10,0.0,0.037769034366442335
white_noise,124,11,0.0,0.01339854014560415
white_noise,124,12,0.0,-0.047061921658353295
white_noise,124,13,0.0,-0.053026141973943994
white_noise,124,14,0.0,-0.10171944148750622
white_noise,124,15,0.0,-0.08282853544032157
white_noise,124,16,0.0,0.04642113847481691
white_noise,124,17,0.0,-0.08556822219425556
white_noise,124,18,0.0,-0.027548999178937786
white_noise,124,19,0.0,0.058600256625828004
white_noise,124,20,0.0,0.0644927861107447
white_noise,125,1,0.0,-0.0072498610721986635
white_noise,125,2,0.0,-0.058667463470619775
white_noise,125,3,0.0,0.007539791419660137
white_noise,125,4,0.0,-0.05862234496942858
white_noise,125,5,0.0,-0.0700396761306451
white_noise,125,6,0.0,0.021385975199123462
white_noise,125,7,0.0,-0.09323298768791174
white_noise,125,8,0.0,0.029474232450316815
white_noise,125,9,0.0,-0.028530853225588546
white_noise,125,10,0.0,0.007680158550394152
white_noise,125,11,0.0,-0.001363910013676845
white_noise,125,12,0.0,-0.07383912306644543
white_noise,125,13,0.0,-0.06694733333492314
white_noise,125,14,0.0,0.12158552743333265
white_noise,125,15,0.0,0.028135019837061216
white_noise,125,16,0.0,0.06369158208122722
white_noise,125,17,0.0,0.00896212534328364
white_noise,125,18,0.0,0.04567558794191905
white_noise,125,19,0.0,-0.043899550117859766
white_noise,125,20,0.0,-0.033144283834970444
white_noise,126,1,0.0,0.12204310203998212
white_noise,126,2,0.0,0.11448229999907063
white_noise,126,3,0.0,0.12798200659843106
white_noise,126,4,0.0,0.024021448518943767
white_noise,126,5,0.0,0.005882613073141578
white_noise,126,6,0.0,-0.03916144212377874
white_noise,126,7,0.0,0.019053456147117283
white_noise,126,8,0.0,-0.039473356034848146
white_noise,126,9,0.0,-0.11876532431297405
white_noise,126,10,0.0,-0.11418114396129446
white_noise,126,11,0.0,-0.06594735806540107
white_noise,126,12,0.0,-0.1069392073774426
white_noise,126,13,0.0,-0.12195468585026589
white_noise,126,14,0.0,-0.00576353066295791
white_noise,126,15,0.0,0.007605311433721534
white_noise,126,16,0.0,0.02160739150307708
white_noise,126,17,0.0,-0.017576306349761914
white_noise,126,18,0.0,0.0051779162103484
white_noise,126,19,0.0,0.13051858305858308
white_noise,126,20,0.0,0.05793936705051118
white_noise,127,1,0.0,0.05353981308599638
white_noise,127,2,0.0,-0.0687287757866517
white_noise,127,3,0.0,-0.0453745036028854
white_noise,127,4,0.0,-0.03739651013658522
white_noise,127,5,0.0,-0.05210704218032536
white_noise,127,6,0.0,0.027086599298400276
white_noise,127,7,0.0,-0.04035146647419955
white_noise,127,8,0.0,0.008860553337134744
white_noise,127,9,0.0,-0.0011920266189820435
white_noise,127,10,0.0,0.040924722800849654
white_noise,127,11,0.0,-0.00056458298259165
white_noise,127,12,0.0,-0.010302597741849431
white_noise,127,13,0.0,0.11915988487557994
white_noise,127,14,0.0,0.01816331379237509
white_noise,127,15,0.0,-0.04081381763900244
white_noise,127,16,0.0,0.08697078529673694
white_noise,127,17,0.0,-0.0072626965708739236
white_noise,127,18,0.0,-0.05989532191944181
white_noise,127,19,0.0,-0.08803277112311053
white_noise,127,20,0.0,-0.04681562270729685
white_noise,128,1,0.0,-0.031295840561665775
white_noise,128,2,0.0,0.0009833532963660163
white_noise,128,3,0.0,-0.006668017571350712
white_noise,128,4,0.0,-0.019572884288180006
white_noise,128,5,0.0,-0.018573628361261252
white_noise,128,6,0.0,-0.04097067660776789
white_noise,128,7,0.0,0.006292180171168422
white_noise,128,8,0.0,-0.04209783623278321
white_noise,128,9,0.0,0.008841518639130705
white_noise,128,10,0.0,0.14331716168670813
white_noise,128,11,0.0,-0.06773582044850192
white_noise,128,12,0.0,-0.009233836427524357
white_noise,128,13,0.0,0.04101007882274714
white_noise,128,14,0.0,-0.08360917676063628
white_noise,128,15,0.0,-0.03040528139693393
white_noise,128,16,0.0,0.023966412485352407
white_noise,128,17,0.0,0.012868444276610895
white_noise,128,18,0.0,-0.0767444855861814
white_noise,128,19,0.0,0.01649132070798144
white_noise,128,20,0.0,0.02761384877357512
white_noise,129,1,0.0,-0.0362118451336168
white_noise,129,2,0.0,0.08265145184061665
white_noise,129,3,0.0,-0.14422851382707436
white_noise,129,4,0.0,0.025340082088490208
white_noise,129,5,0.0,-0.0885216523202559
white_noise,129,6,0.0,0.05606632066487131
white_noise,129,7,0.0,-0.023194107932131836
white_noise,129,8,0.0,0.08658943104926647
white_noise,129,9,0.0,0.0806032962137593
white_noise,129,10,0.0,0.04092875176641005
white_noise,129,11,0.0,-0.04650690075499382
white_noise,129,12,0.0,-0.0026110018859572632
white_noise,129,13,0.0,0.02364470696730099
white_noise,129,14,0.0,-0.02913019366212904
white_noise,129,15,0.0,0.03044135781469853
white_noise,129,16,0.0,-0.015168746738008736
white_noise,129,17,0.0,-0.038075793736342047
white_noise,129,18,0.0,-0.06003647731268589
white_noise,129,19,0.0,-0.009613174711456547
white_noise,129,20,0.0,-0.03723084270540338
white_noise,130,1,0.0,-0.07707820168742273
white_noise,130,2,0.0,-0.011406895686249455
white_noise,130,3,0.0,-0.044410198969678585
white_noise,130,4,0.0,-0.08984964854883501
white_noise,130,5,0.0,-0.05483439408832897
white_noise,130,6,0.0,0.13387308541355042
white_noise,130,7,0.0,-0.0013682614376537882
white_noise,130,8,0.0,0.056244726635531095
white_noise,130,9,0.0,-0.10709428834865058
white_noise,130,10,0.0,0.0028614025211692665
white_noise,130,11,0.0,0.0319290752105014
white_noise,130,12,0.0,-0.007508684141112162
white_noise,130,13,0.0,0.05928888230371428
white_noise,130,14,0.0,-0.07836237977322343
white_noise,130,15,0.0,0.013170380877965819
white_noise,130,16,0.0,-0.0334438293656081
white_noise,130,17,0.0,0.06939668885165946
white_noise,130,18,0.0,-0.0144581587594549
white_noise,130,19,0.0,0.05687730742814707
white_noise,130,20,0.0,-0.0718014656010022
white_noise,131,1,0.0,0.18349290765008416
white_noise,131,2,0.0,0.029544644733720024
white_noise,131,3,0.0,-0.04627613814083096
white_noise,131,4,0.0,0.029244340536502
white_noise,131,5,0.0,0.03638917068910534
white_noise,131,6,0.0,0.020839175837109793
white_noise,131,7,0.0,0.013228433412631222
white_noise,131,8,0.0,-0.0754085620565353
white_noise,131,9,0.0,0.07431323100179592
white_noise,131,10,0.0,-0.004346558189797308
white_noise,131,11,0.0,-0.001407294898331973
white_noise,131,12,0.0,-0.06052867684930267
white_noise,131,13,0.0,0.04167623959268684
white_noise,131,14,0.0,-0.00254321550549042
white_noise,131,15,0.0,-0.0342722937945429
white_noise,131,16,0.0,-0.08384005675145402
white_noise,131,17,0.0,0.026741938048621537
white_noise,131,18,0.0,-0.031592440748603234
white_noise,131,19,0.0,0.005429191154395149
white_noise,131,20,0.0,0.06045269394375968
white_noise,132,1,0.0,-0.046517541817230466
white_noise,132,2,0.0,0.031187085770813593
white_noise,132,3,0.0,-0.001387656284904611
white_noise,132,4,0.0,-0.013383686422291175
white_noise,132,5,0.0,-0.13851732858144442
white_noise,132,6,0.0,0.05349415595688264
white_noise,132,7,0.0,0.08630899054617351
white_noise,132,8,0.0,-0.0030052011478132255
white_noise,132,9,0.0,-0.09029477049773589
white_noise,132,10,0.0,0.09542364559207635
white_noise,132,11,0.0,-0.05084795246013025
white_noise,132,12,0.0,0.01781114309118491
white_noise,132,13,0.0,0.062081938823760584
white_noise,132,14,0.0,0.04060623386723998
white_noise,132,15,0.0,-0.10007990657240917
white_noise,132,16,0.0,-0.03977521025385008
white_noise,132,17,0.0,-0.04695681219851408
white_noise,132,18,0.0,0.026972971432197113
white_noise,132,19,0.0,0.03340601466392294
white_noise,132,20,0.0,0.03792185408088865
white_noise,133,1,0.0,0.0020640179308269403
white_noise,133,2,0.0,-0.06478495831843142
white_noise,133,3,0.0,0.037379761288943436
white_noise,133,4,0.0,0.04870456171647774
white_noise,133,5,0.0,-0.0540603199368615
white_noise,133,6,0.0,-0.05574356705397118
white_noise,133,7,0.0,-0.06458625975776265
white_noise,133,8,0.0,-0.004233170248101599
white_noise,133,9,0.0,0.06645041527535107
white_noise,133,10,0.0,-0.0338248196786002
white_noise,133,11,0.0,-0.047468445402212726
white_noise,133,12,0.0,0.03767933805892508
white_noise,133,13,0.0,0.12535721293238494
white_noise,133,14,0.0,0.08281343608276269
white_noise,133,15,0.0,0.002187667616970439
white_noise,133,16,0.0,-0.03740827277942729
white_noise,133,17,0.0,0.07157545089384576
white_noise,133,18,0.0,-0.10241892140481182
white_noise,133,19,0.0,-0.014012881566927139
white_noise,133,20,0.0,0.022962492275467355
white_noise,134,1,0.0,0.07627273376163361
white_noise,134,2,0.0,0.027562107806631566
white_noise,134,3,0.0,0.10693889538867235
white_noise,134,4,0.0,-0.0328826174857989
white_noise,134,5,0.0,0.0308901603880919
white_noise,134,6,0.0,-0.06294090232706903
white_noise,134,7,0.0,-0.010301641855003672
white_noise,134,8,0.0,0.032513838452241574
white_noise,134,9,0.0,-0.08906535884967544
white_noise,134,10,0.0,0.006467209790822801
white_noise,134,11,0.0,0.03066231586096264
white_noise,134,12,0.0,-0.05021316944963505
white_noise,134,13,0.0,-0.03779709694807581
white_noise,134,14,0.0,-0.012161563803146536
white_noise,134,15,0.0,-0.10689541091875567
white_noise,134,16,0.0,-0.017457061072918747
white_noise,134,17,0.0,-0.015806595912792997
white_noise,134,18,0.0,-0.037228304647641104
white_noise,134,19,0.0,-0.0073208374087118
white_noise,134,20,0.0,0.016247783024738994
white_noise,135,1,0.0,-0.03712178135854628
white_noise,135,2,0.0,0.024573413969638122
white_noise,135,3,0.0,-0.035005287148252524
white_noise,135,4,0.0,-0.021524132159090513
white_noise,135,5,0.0,0.09552543769217613
white_noise,135,6,0.0,-0.010461526313402584
white_noise,135,7,0.0,-0.05045874622471694
white_noise,135,8,0.0,-0.09248037549907263
white_noise,135,9,0.0,0.007637228855583784
white_noise,135,10,0.0,0.00879732747035213
white_noise,135,11,0.0,-0.012932219109438432
white_noise,135,12,0.0,-0.04682852585027254
white_noise,135,13,0.0,0.022873244215243616
white_noise,135,14,0.0,-0.03649092025682146
white_noise,135,15,0.0,-0.032422791756333766
white_noise,135,16,0.0,0.057815615234645866
white_noise,135,17,0.0,0.02460896475313107
white_noise,135,18,0.0,-0.013648897091510521
white_noise,135,19,0.0,0.05781465674426864
white_noise,135,20,0.0,-0.005886086983440121
white_noise,136,1,0.0,0.013067432923050765
white_noise,136,2,0.0,-0.029844718479197625
white_noise,136,3,0.0,-0.07926094999368576
white_noise,136,4,0.0,0.020074969820715122
white_noise,136,5,0.0,0.047914336018509696
white_noise,136,6,0.0,0.016385649445313077
white_noise,136,7,0.0,0.1067204291633464
white_noise,136,8,0.0,-0.14289072866922184
white_noise,136,9,0.0,0.007510548569367955
white_noise,136,10,0.0,0.002720430407471713
white_noise,136,11,0.0,-0.008935152919687118
white_noise,136,12,0.0,-0.0034140326301738246
white_noise,136,13,0.0,0.0571724159727473
white_noise,136,14,0.0,0.006021433228019566
white_noise,136,15,0.0,0.10347864409866216
white_noise,136,16,0.0,-0.06167493097876886
white_noise,136,17,0.0,0.022103707006357734
white_noise,136,18,0.0,-0.011391363543442359
white_noise,136,19,0.0,0.06967820853619751
white_noise,136,20,0.0,0.010847003571131804
white_noise,137,1,0.0,0.09500790390185467
white_noise,137,2,0.0,-0.06964233467886996
white_noise,137,3,0.0,0.04521178140269582
white_noise,137,4,0.0,0.015049930848059593
white_noise,137,5,0.0,0.009850931682103065
white_noise,137,6,0.0,0.021448002084890647
white_noise,137,7,0.0,-0.02268220326507881
white_noise,137,8,0.0,-0.07193252931824416
white_noise,137,9,0.0,-0.1339698930594699
white_noise,137,10,0.0,-0.07569600806821475
white_noise,137,11,0.0,-0.05523511355446441
white_noise,137,12,0.0,-0.015363734435662147
white_noise,137,13,0.0,0.0554577019486638
white_noise,137,14,0.0,-0.03674184568064468
white_noise,137,15,0.0,-0.08165363963107401
white_noise,137,16,0.0,0.019851317344146288
white_noise,137,17,0.0,-0.010064166149955702
white_noise,137,18,0.0,-0.023834236940479484
white_noise,137,19,0.0,0.09146666442383507
white_noise,137,20,0.0,-0.00663677757976386
white_noise,138,1,0.0,0.015693641819938715
white_noise,138,2,0.0,0.004721341283020957
white_noise,138,3,0.0,0.05055184647852435
white_noise,138,4,0.0,0.033705709583404395
white_noise,138,5,0.0,0.04605787784662151
white_noise,138,6,0.0,-0.035085714626238426
white_noise,138,7,0.0,0.10742089909292951
white_noise,138,8,0.0,0.006978179593993457
white_noise,138,9,0.0,0.06428828455376158
white_noise,138,10,0.0,0.017776787080297344
white_noise,138,11,0.0,-0.002975741238941959
white_noise,138,12,0.0,0.035217410695855815
white_noise,138,13,0.0,-0.04759009748704118
white_noise,138,14,0.0,0.08800677855272371
white_noise,138,15,0.0,-0.05228647876268886
white_noise,138,16,0.0,-0.04513651275891447
white_noise,138,17,0.0,-0.03667438150289978
white_noise,138,18,0.0,-0.04620159515048096
white_noise,138,19,0.0,0.06798625579307885
white_noise,138,20,0.0,0.026963116424811886
white_noise,139,1,0.0,0.032732274900849144
white_noise,139,2,0.0,0.010791801874460875
white_noise,139,3,0.0,-0.04645462842941133
white_noise,139,4,0.0,0.023254679998798277
white_noise,139,5,0.0,0.00342438356791946
white_noise,139,6,0.0,-0.07787997165337074
white_noise,139,7,0.0,0.05744688867799492
white_noise,139,8,0.0,0.010004914699971773
white_noise,139,9,0.0,0.047015841273689844
white_noise,139,10,0.0,0.060416431357923614
white_noise,139,11,0.0,-0.09048022782608137
white_noise,139,12,0.0,-0.03450474655989545
white_noise,139,13,0.0,-0.07793321573551788
white_noise,139,14,0.0,0.03361086545575629
white_noise,139,15,0.0,-0.015231907058969455
white_noise,139,16,0.0,-0.019937385056870392
white_noise,139,17,0.0,-0.008498525106853394
white_noise,139,18,0.0,-0.006552070639262168
white_noise,139,19,0.0,-0.04786770145894866
white_noise,139,20,0.0,-0.07628835396719362
white_noise,140,1,0.0,-0.03364459300907098
white_noise,140,2,0.0,-0.11038301060785481
white_noise,140,3,0.0,0.008181673721240018
white_noise,140,4,0.0,-0.0009994005145267809
white_noise,140,5,0.0,-0.12295160113477634
white_noise,140,6,0.0,0.06924618227285494
white_noise,140,7,0.0,0.04491553940034786
white_noise,140,8,0.0,-0.07745942752320036
white_noise,140,9,0.0,-0.015361497299324222
white_noise,140,10,0.0,0.06227012565335677
white_noise,140,11,0.0,0.044009309458744525
white_noise,140,12,0.0,0.0452109877596724
white_noise,140,13,0.0,-0.07857707762276843
white_noise,140,14,0.0,0.022075150754819074
white_noise,140,15,0.0,0.09489699728937702
white_noise,140,16,0.0,0.12046997923333719
white_noise,140,17,0.0,0.03779732783165725
white_noise,140,18,0.0,0.041938394839682175
white_noise,140,19,0.0,-0.0679154552122783
white_noise,140,20,0.0,-0.05687209362372795
white_noise,141,1,0.0,-0.0979081663831766
white_noise,141,2,0.0,0.032668474292972094
white_noise,141,3,0.0,0.0016961524506360337
white_noise,141,4,0.0,-0.05135200802431032
white_noise,141,5,0.0,0.08369820977963979
white_noise,141,6,0.0,-0.06962703684086968
white_noise,141,7,0.0,0.05067020551300135
white_noise,141,8,0.0,0.08593106169624729
white_noise,141,9,0.0,-0.0341195698506442
white_noise,141,10,0.0,0.04730197538157719
white_noise,141,11,0.0,-0.09665647637209428
white_noise,141,12,0.0,0.026716134679674715
white_noise,141,13,0.0,0.08913938782525005
white_noise,141,14,0.0,-0.030577224294127237
white_noise,141,15,0.0,-0.007602245845101843
white_noise,141,16,0.0,-0.012085740969710483
white_noise,141,17,0.0,-0.018650738590606793
white_noise,141,18,0.0,0.020971272850902906
white_noise,141,19,0.0,-0.07161267531828985
white_noise,141,20,0.0,-0.03444706598151804
white_noise,142,1,0.0,0.02825637842541114
white_noise,142,2,0.0,0.016835510835981775
white_noise,142,3,0.0,-0.03206354369966229
white_noise,142,4,0.0,0.11006180994384905
white_noise,142,5,0.0,0.12732361881337076
white_noise,142,6,0.0,0.09212412637431601
white_noise,142,7,0.0,-0.07738147930547493
white_noise,142,8,0.0,0.058945934163269216
white_noise,142,9,0.0,0.03983699070764333
white_noise,142,10,0.0,-0.016966948618192028
white_noise,142,11,0.0,-0.09234955603435764
white_noise,142,12,0.0,-0.06570399437806071
white_noise,142,13,0.0,0.032936426323590444
white_noise,142,14,0.0,-0.03034365121641248
white_noise,142,15,0.0,-0.025011943014473542
white_noise,142,16,0.0,-0.08091083984642554
white_noise,142,17,0.0,-0.06666876699542283
white_noise,142,18,0.0,-0.06194860434001133
white_noise,142,19,0.0,-0.007326288017124156
white_noise,142,20,0.0,-0.05394781299659474
white_noise,143,1,0.0,-0.002053751466235718
white_noise,143,2,0.0,0.06442589828024367
white_noise,143,3,0.0,0.004018160637874647
white_noise,143,4,0.0,-0.015714876949467677
white_noise,143,5,0.0,-0.038116697977978856
white_noise,143,6,0.0,-0.02750614364710426
white_noise,143,7,0.0,0.0421029391992075
white_noise,143,8,0.0,0.06882614945765744
white_noise,143,9,0.0,0.0421255096641327
white_noise,143,10,0.0,9.886428905707884e-06
white_noise,143,11,0.0,-0.05372495010665625
white_noise,143,12,0.0,-0.0771261259185756
white_noise,143,13,0.0,-0.02709089719490822
white_noise,143,14,0.0,-0.05736240398590614
white_noise,143,15,0.0,-0.021864384217378054
white_noise,143,16,0.0,-0.09317741417182404
white_noise,143,17,0.0,0.06125968350641427
white_noise,143,18,0.0,-0.12803237285495475
white_noise,143,19,0.0,-0.010073703500446663
white_noise,143,20,0.0,-0.05439615819407558
white_noise,144,1,0.0,-0.13782537068659162
white_noise,144,2,0.0,-0.02440201730977967
white_noise,144,3,0.0,-0.016127395016270685
white_noise,144,4,0.0,-0.0493017318671122
white_noise,144,5,0.0,0.06513724207325733
white_noise,144,6,0.0,0.02558561021749749
white_noise,144,7,0.0,-0.027323645448510736
white_noise,144,8,0.0,0.007290669513037941
white_noise,144,9,0.0,0.04570978173902158
white_noise,144,10,0.0,-0.06572609732183156
white_noise,144,11,0.0,0.05031399774926268
white_noise,144,12,0.0,-0.03417632217770258
white_noise,144,13,0.0,-0.008907661535663311
white_noise,144,14,0.0,0.027484591443238986
white_noise,144,15,0.0,-0.030224287004326587
white_noise,144,16,0.0,-0.05067569329786624
white_noise,144,17,0.0,0.0805674665099146
white_noise,144,18,0.0,-0.02883758286072944
white_noise,144,19,0.0,-0.02332682316806685
white_noise,144,20,0.0,0.060752994843826374
white_noise,145,1,0.0,-0.0073560051565036534
white_noise,145,2,0.0,-0.03389415718968618
white_noise,145,3,0.0,-0.044133981916994934
white_noise,145,4,0.0,-0.01007978615372774
white_noise,145,5,0.0,-0.11209189295533091
white_noise,145,6,0.0,-0.0611927653888285
white_noise,145,7,0.0,0.0002904573616457077
white_noise,145,8,0.0,-0.0569918890520913
white_noise,145,9,0.0,-0.013850656301001907
white_noise,145,10,0.0,-0.010995656347408869
white_noise,145,11,0.0,-0.04481307473787242
white_noise,145,12,0.0,0.001100523429973561
white_noise,145,13,0.0,0.0554067251118361
white_noise,145,14,0.0,0.02788268137801759
white_noise,145,15,0.0,0.07025474838839665
white_noise,145,16,0.0,-0.02161125841213522
white_noise,145,17,0.0,-0.05491150227855779
white_noise,145,18,0.0,-0.08075326400778203
white_noise,145,19,0.0,-0.06471741612122386
white_noise,145,20,0.0,-0.0562583410581848
white_noise,146,1,0.0,-0.07910617721371903
white_noise,146,2,0.0,-0.010094657793447199
white_noise,146,3,0.0,-0.10884983981469483
white_noise,146,4,0.0,-0.09631923780927555
white_noise,146,5,0.0,0.04566816701963568
white_noise,146,6,0.0,0.024469461129387013
white_noise,146,7,0.0,-0.061731008970067766
white_noise,146,8,0.0,0.019285300582275195
white_noise,146,9,0.0,0.0013549400438730651
white_noise,146,10,0.0,-0.11549921730456347
white_noise,146,11,0.0,0.06882138963780371
white_noise,146,12,0.0,0.0390931475267663
white_noise,146,13,0.0,0.04087826600854277
white_noise,146,14,0.0,-0.015152755274649637
white_noise,146,15,0.0,0.06431288769046804
white_noise,146,16,0.0,-0.06733947756028075
white_noise,146,17,0.0,0.018883601883681145
white_noise,146,18,0.0,-0.017720656718156657
white_noise,146,19,0.0,0.04469863686353063
white_noise,146,20,0.0,-0.0053329191342433475
white_noise,147,1,0.0,0.06492907882761643
white_noise,147,2,0.0,0.035359393398048215
white_noise,147,3,0.0,-0.01067775203200807
white_noise,147,4,0.0,0.002381574432105695
white_noise,147,5,0.0,0.09178836915663846
white_noise,147,6,0.0,-0.005036264183484617
white_noise,147,7,0.0,0.048944576771587076
white_noise,147,8,0.0,-0.0010021398082999593
white_noise,147,9,0.0,-0.04957756885244331
white_noise,147,10,0.0,-0.05311817249807143
white_noise,147,11,0.0,-0.045695695047831456
white_noise,147,12,0.0,-0.0361136134641153
white_noise,147,13,0.0,-0.022417070623185827
white_noise,147,14,0.0,-0.02675317315254156
white_noise,147,15,0.0,0.08288956597465864
white_noise,147,16,0.0,-0.04546455100839033
white_noise,147,17,0.0,0.022555766759119522
white_noise,147,18,0.0,-0.04538611919110066
white_noise,147,19,0.0,0.03906612011089014
white_noise,147,20,0.0,0.01586869702532473
white_noise,148,1,0.0,-0.09910686729323119
white_noise,148,2,0.0,-0.07239434670873038
white_noise,148,3,0.0,0.06342653125749298
white_noise,148,4,0.0,0.04801579552477013
white_noise,148,5,0.0,-0.0013087768167081293
white_noise,148,6,0.0,-0.09576494445361376
white_noise,148,7,0.0,-0.034732096702891485
white_noise,148,8,0.0,-0.02620183248699034
white_noise,148,9,0.0,0.039359185331898125
white_noise,148,10,0.0,-0.05434316344324887
white_noise,148,11,0.0,-0.08374339359883212
white_noise,148,12,0.0,-0.017420874925411986
white_noise,148,13,0.0,0.11512603227432365
white_noise,148,14,0.0,0.03469845645352439
white_noise,148,15,0.0,0.09504237036502863
white_noise,148,16,0.0,0.008592318735005459
white_noise,148,17,0.0,0.014275779361989139
white_noise,148,18,0.0,0.0754954872920162
white_noise,148,19,0.0,-0.02221094756961297
white_noise,148,20,0.0,-0.036502319708320324
white_noise,149,1,0.0,0.049671181528002005
white_noise,149,2,0.0,0.049987554297301035
white_noise,149,3,0.0,0.03672781782969821
white_noise,149,4,0.0,-0.05905787067066515
white_noise,149,5,0.0,0.016102959444698372
white_noise,149,6,0.0,-0.055640427060930184
white_noise,149,7,0.0,-0.004533307561988801
white_noise,149,8,0.0,0.007637383661644951
white_noise,149,9,0.0,0.03314026205356961
white_noise,149,10,0.0,0.053765962597341406
white_noise,149,11,0.0,0.006267812211288695
white_noise,149,12,0.0,0.003673354334237267
white_noise,149,13,0.0,0.04683436546691115
white_noise,149,14,0.0,0.027260239347272133
white_noise,149,15,0.0,0.011412331248057147
white_noise,149,16,0.0,-0.06596714310207924
white_noise,149,17,0.0,0.02786745004957972
white_noise,149,18,0.0,-0.06264381195754895
white_noise,149,19,0.0,-0.015846096937751315
white_noise,149,20,0.0,-0.026330208390231306
white_noise,150,1,0.0,-0.06184935304781449
white_noise,150,2,0.0,0.03286935106610092
white_noise,150,3,0.0,-0.03653416409670187
white_noise,150,4,0.0,0.060563413301102834
white_noise,150,5,0.0,0.0807378280155178
white_noise,150,6,0.0,-0.06300578768133383
white_noise,150,7,0.0,-0.10306706629430981
white_noise,150,8,0.0,-0.00044851700136461654
white_noise,150,9,0.0,-0.011300837202500962
white_noise,150,10,0.0,-0.04257309774981895
white_noise,150,11,0.0,-0.01912720324066948
white_noise,150,12,0.0,-0.07570201986725918
white_noise,150,13,0.0,0.006258737751857092
white_noise,150,14,0.0,-0.06866857193542272
white_noise,150,15,0.0,0.01007453658621742
white_noise,150,16,0.0,0.03890950119513617
white_noise,150,17,0.0,-0.019858142266525422
white_noise,150,18,0.0,-0.012356901575121903
white_noise,150,19,0.0,-0.08835268893348573
white_noise,150,20,0.0,-0.026789017372543984
white_noise,151,1,0.0,-0.054387031472384495
white_noise,151,2,0.0,-0.02148968574947676
white_noise,151,3,0.0,0.07514760105384317
white_noise,151,4,0.0,-0.1821820791443288
white_noise,151,5,0.0,-0.013775682269884255
white_noise,151,6,0.0,0.03982201071813293
white_noise,151,7,0.0,-0.06684779482449166
white_noise,151,8,0.0,-0.032890070953436996
white_noise,151,9,0.0,0.027402147081661308
white_noise,151,10,0.0,-0.1078091666383582
white_noise,151,11,0.0,-0.03540594540391472
white_noise,151,12,0.0,0.09599965205712993
white_noise,151,13,0.0,-0.022153839279374272
white_noise,151,14,0.0,-0.06652122419698463
white_noise,151,15,0.0,0.08339015358572961
white_noise,151,16,0.0,-0.02821929577724313
white_noise,151,17,0.0,0.013553973118180799
white_noise,151,18,0.0,0.0407114449944479
white_noise,151,19,0.0,-0.12120198401348994
white_noise,151,20,0.0,-0.021810816712035462
white_noise,152,1,0.0,-0.009055302415655579
white_noise,152,2,0.0,-0.06366514924154108
white_noise,152,3,0.0,0.006125841937327612
white_noise,152,4,0.0,0.027139948927361178
white_noise,152,5,0.0,0.013817559270178918
white_noise,152,6,0.0,-0.0047222867066363675
white_noise,152,7,0.0,0.01862634568114764
white_noise,152,8,0.0,-0.07913243136004026
white_noise,152,9,0.0,0.012374130266979142
white_noise,152,10,0.0,0.05029931227760337
white_noise,152,11,0.0,-0.004149571323574511
white_noise,152,12,0.0,0.028051665465479023
white_noise,152,13,0.0,-0.01987678495104454
white_noise,152,14,0.0,-0.006535350316160613
white_noise,152,15,0.0,-0.09739078391698541
white_noise,152,16,0.0,0.15485008576897813
white_noise,152,17,0.0,0.02508654432597097
white_noise,152,18,0.0,-0.008714107259945803
white_noise,152,19,0.0,-0.03207798836005946
white_noise,152,20,0.0,0.016878622740532225
white_noise,153,1,0.0,-0.028036636552543584
white_noise,153,2,0.0,0.003745427858393549
white_noise,153,3,0.0,-0.017069607986634698
white_noise,153,4,0.0,0.03994076897264152
white_noise,153,5,0.0,0.014964686165747244
white_noise,153,6,0.0,0.04318329382432964
white_noise,153,7,0.0,-0.02309474506257316
white_noise,153,8,0.0,0.021564851218452537
white_noise,153,9,0.0,-0.014127279243530013
white_noise,153,10,0.0,0.02631290521158823
white_noise,153,11,0.0,0.03594385002486512
white_noise,153,12,0.0,0.042269343009938384
white_noise,153,13,0.0,0.01374445867422704
white_noise,153,14,0.0,-0.03276749295884541
white_noise,153,15,0.0,0.02741479328447492
white_noise,153,16,0.0,-0.032031262056712646
white_noise,153,17,0.0,-0.008165096198049447
white_noise,153,18,0.0,0.001883976072395497
white_noise,153,19,0.0,-0.05541843504612206
white_noise,153,20,0.0,-0.032150293669054024
white_noise,154,1,0.0,0.05188103552780125
white_noise,154,2,0.0,0.038934250454253395
white_noise,154,3,0.0,-0.027584973629325667
white_noise,154,4,0.0,0.007407438233194887
white_noise,154,5,0.0,-0.0005782025772917062
white_noise,154,6,0.0,0.03794650387776075
white_noise,154,7,0.0,0.055610895846012684
white_noise,154,8,0.0,0.07695052372095541
white_noise,154,9,0.0,-0.037542003622130296
white_noise,154,10,0.0,-0.03791423434418556
white_noise,154,11,0.0,-0.036030892871496474
white_noise,154,12,0.0,0.06807722569276799
white_noise,154,13,0.0,0.0014624417715030508
white_noise,154,14,0.0,0.08256147446572945
white_noise,154,15,0.0,-0.05258334887961101
white_noise,154,16,0.0,0.0636350054979729
white_noise,154,17,0.0,0.04157248909729228
white_noise,154,18,0.0,-0.0493941209223827
white_noise,154,19,0.0,0.05323654480608794
white_noise,154,20,0.0,-0.003782098990519832
white_noise,155,1,0.0,0.03801896700220695
white_noise,155,2,0.0,-0.07666733590824047
white_noise,155,3,0.0,-0.033363379988456246
white_noise,155,4,0.0,0.0722110412078605
white_noise,155,5,0.0,-0.026165653996250295
white_noise,155,6,0.0,-0.0031378804604128094
white_noise,155,7,0.0,0.11318831663751452
white_noise,155,8,0.0,0.05445949396076322
white_noise,155,9,0.0,-0.041955380704529824
white_noise,155,10,0.0,-0.008659751772403633
white_noise,155,11,0.0,-0.09660735103886657
white_noise,155,12,0.0,0.05634418339037815
white_noise,155,13,0.0,0.04441568194583645
white_noise,155,14,0.0,0.0043429636849843705
white_noise,155,15,0.0,0.04053080132990508
white_noise,155,16,0.0,0.040516409767287015
white_noise,155,17,0.0,-0.035362353822162525
white_noise,155,18,0.0,-0.028313506631330386
white_noise,155,19,0.0,0.07058667142452077
white_noise,155,20,0.0,0.08185710642309635
white_noise,156,1,0.0,0.004482705524664293
white_noise,156,2,0.0,-0.0473599279858379
white_noise,156,3,0.0,-0.06962322594485999
white_noise,156,4,0.0,-0.023869853030645607
white_noise,156,5,0.0,-0.01669554079962306
white_noise,156,6,0.0,0.09929464792042964
white_noise,156,7,0.0,-0.013775318608928524
white_noise,156,8,0.0,-0.05740657192773879
white_noise,156,9,0.0,0.032166684585235056
white_noise,156,10,0.0,0.029876502217340447
white_noise,156,11,0.0,-0.06525297464863981
white_noise,156,12,0.0,-0.020940449230576023
white_noise,156,13,0.0,-0.04465896835485204
white_noise,156,14,0.0,0.03684302161161493
white_noise,156,15,0.0,-0.030109269765213054
white_noise,156,16,0.0,-0.08651027215015741
white_noise,156,17,0.0,-0.005523281628138591
white_noise,156,18,0.0,-0.022555518637820734
white_noise,156,19,0.0,0.03777987741419424
white_noise,156,20,0.0,0.037228391787348915
white_noise,157,1,0.0,-0.02619415622397646
white_noise,157,2,0.0,0.025314217599492064
white_noise,157,3,0.0,-0.08406683398986772
white_noise,157,4,0.0,0.019018150229857478
white_noise,157,5,0.0,0.03700422810402775
white_noise,157,6,0.0,0.04380171810860683
white_noise,157,7,0.0,-0.039374040846765566
white_noise,157,8,0.0,0.009220770195572613
white_noise,157,9,0.0,-0.0042241915873107395
white_noise,157,10,0.0,-0.055138841660306616
white_noise,157,11,0.0,-0.04064463218351893
white_noise,157,12,0.0,-0.05471359003480767
white_noise,157,13,0.0,-0.005637781673465768
white_noise,157,14,0.0,0.06987493208849702
white_noise,157,15,0.0,-0.13394123964850416
white_noise,157,16,0.0,-0.03135057515124762
white_noise,157,17,0.0,-0.012174789117714743
white_noise,157,18,0.0,-0.00742265194945884
white_noise,157,19,0.0,-0.0033436073845591868
white_noise,157,20,0.0,-0.05307853552926256
white_noise,158,1,0.0,-0.015580699934345665
white_noise,158,2,0.0,0.09356853839673754
white_noise,158,3,0.0,0.1275323218744525
white_noise,158,4,0.0,0.015228649277242266
white_noise,158,5,0.0,0.11978572148890378
white_noise,158,6,0.0,-0.04063591866497488
white_noise,158,7,0.0,-0.0682268005037556
white_noise,158,8,0.0,0.07974524975453684
white_noise,158,9,0.0,-0.023639885026635072
white_noise,158,10,0.0,-0.016786384919457026
white_noise,158,11,0.0,-0.0646411782126907
white_noise,158,12,0.0,-0.05578561935346721
white_noise,158,13,0.0,0.0035754149547966665
white_noise,158,14,0.0,0.026082995709330405
white_noise,158,15,0.0,-0.06000876865630342
white_noise,158,16,0.0,0.013341781584538158
white_noise,158,17,0.0,0.016719167504097406
white_noise,158,18,0.0,-0.003164961633506438
white_noise,158,19,0.0,0.0008772960107821812
white_noise,158,20,0.0,-0.035032582348896835
white_noise,159,1,0.0,-0.07647350495913903
white_noise,159,2,0.0,0.09889328835533442
white_noise,159,3,0.0,-0.06651681955278932
white_noise,159,4,0.0,-0.12494567958084718
white_noise,159,5,0.0,-0.042444079429289364
white_noise,159,6,0.0,-0.021587501817930562
white_noise,159,7,0.0,0.11252259267494756
white_noise,159,8,0.0,-0.06727194768621145
white_noise,159,9,0.0,0.14449865471524692
white_noise,159,10,0.0,0.0053606642309565605
white_noise,159,11,0.0,0.13740642477711623
white_noise,159,12,0.0,-0.030622775573909473
white_noise,159,13,0.0,-0.020200890019992333
white_noise,159,14,0.0,0.016777585369533825
white_noise,159,15,0.0,-0.12767551069557273
white_noise,159,16,0.0,0.06293588397366572
white_noise,159,17,0.0,-0.0010666873580707002
white_noise,159,18,0.0,0.07007013611116837
white_noise,159,19,0.0,-0.08319369977364773
white_noise,159,20,0.0,0.006791796589683608
white_noise,160,1,0.0,0.06139290365006645
white_noise,160,2,0.0,-0.00821860083260363
white_noise,160,3,0.0,0.021234490276434988
white_noise,160,4,0.0,0.022046858088427126
white_noise,160,5,0.0,-0.10674511330082441
white_noise,160,6,0.0,-0.07020243006046147
white_noise,160,7,0.0,0.0012335278009311748
white_noise,160,8,0.0,0.06833094202859694
white_noise,160,9,0.0,-0.0739252969332238
white_noise,160,10,0.0,0.00947204404848572
white_noise,160,11,0.0,0.03764193351270885
white_noise,160,12,0.0,-0.06396186429135951
white_noise,160,13,0.0,-0.0063639263770584615
white_noise,160,14,0.0,-0.04106136161371498
white_noise,160,15,0.0,0.030984641470041784
white_noise,160,16,0.0,-0.024730430836363525
white_noise,160,17,0.0,0.06542945468383492
white_noise,160,18,0.0,0.13791216937838172
white_noise,160,19,0.0,0.0884294185861826
white_noise,160,20,0.0,0.0651164762261891
white_noise,161,1,0.0,0.0553899177339234
white_noise,161,2,0.0,0.011424710327398025
white_noise,161,3,0.0,-0.0685627553735548
white_noise,161,4,0.0,-0.11001615075250987
white_noise,161,5,0.0,-0.05082735091497853
white_noise,161,6,0.0,-0.054524816860955824
white_noise,161,7,0.0,-0.061469557533689025
white_noise,161,8,0.0,-0.02674529424677389
white_noise,161,9,0.0,0.03767150353103508
white_noise,161,10,0.0,-0.028188168004769837
white_noise,161,11,0.0,0.019410440382993548
white_noise,161,12,0.0,0.1293963217234872
white_noise,161,13,0.0,0.034887305865255416
white_noise,161,14,0.0,0.0673636789630838
white_noise,161,15,0.0,0.0248716045600288
white_noise,161,16,0.0,-0.1011946354193397
white_noise,161,17,0.0,-0.08612066336043088
white_noise,161,18,0.0,-0.018923963704597743
white_noise,161,19,0.0,-0.050010588247324794
white_noise,161,20,0.0,-0.11901744445603668
white_noise,162,1,0.0,-0.011688690454471412
white_noise,162,2,0.0,-0.02219444949873528
white_noise,162,3,0.0,-0.06281716703422839
white_noise,162,4,0.0,-0.09332300882238659
white_noise,162,5,0.0,0.01942435017618463
white_noise,162,6,0.0,0.03016816515025686
white_noise,162,7,0.0,0.06007456444714572
white_noise,162,8,0.0,-0.02661928933800379
white_noise,162,9,0.0,-0.0891813763969403
white_noise,162,10,0.0,-0.03938267949307938
white_noise,162,11,0.0,0.021893378150372286
white_noise,162,12,0.0,-0.01917250356253001
white_noise,162,13,0.0,-0.08727978168290047
white_noise,162,14,0.0,0.1520629713272069
white_noise,162,15,0.0,-0.07033996819600187
white_noise,162,16,0.0,0.04711295137553338
white_noise,162,17,0.0,0.09720265085581122
white_noise,162,18,0.0,0.020713675138958044
white_noise,162,19,0.0,-0.10243290184089843
white_noise,162,20,0.0,0.01846944462610821
white_noise,163,1,0.0,-0.03685765795239775
white_noise,163,2,0.0,-0.14232363295959025
white_noise,163,3,0.0,-0.01573459041936757
white_noise,163,4,0.0,0.023918206642254643
white_noise,163,5,0.0,0.07735519858010782
white_noise,163,6,0.0,0.012989811571432452
white_noise,163,7,0.0,-0.08340454542202366
white_noise,163,8,0.0,-0.09438426458925106
white_noise,163,9,0.0,0.03746150824912277
white_noise,163,10,0.0,0.06825718850737045
white_noise,163,11,0.0,0.07845381904437276
white_noise,163,12,0.0,-0.008217005487180924
white_noise,163,13,0.0,-0.06410671117388173
white_noise,163,14,0.0,-0.02244492691829689
white_noise,163,15,0.0,-0.01767702043386176
white_noise,163,16,0.0,0.06446263545718596
white_noise,163,17,0.0,-0.04289261857418023
white_noise,163,18,0.0,-0.06203498769746194
white_noise,163,19,0.0,0.04684925774533503
white_noise,163,20,0.0,0.007298838834150836
white_noise,164,1,0.0,0.004967896892512068
white_noise,164,2,0.0,-0.11157575740775949
white_noise,164,3,0.0,-0.05142490956755346
white_noise,164,4,0.0,-0.006553741550511148
white_noise,164,5,0.0,-0.044524732325795124
white_noise,164,6,0.0,0.10398277912350354
white_noise,164,7,0.0,-0.10305920540209008
white_noise,164,8,0.0,0.050540001219406966
white_noise,164,9,0.0,-0.031100631197220053
white_noise,164,10,0.0,-0.025723332146495338
white_noise,164,11,0.0,0.10223612144044561
white_noise,164,12,0.0,0.04834297056360068
white_noise,164,13,0.0,-0.054841429920623706
white_noise,164,14,0.0,-0.03459815152619168
white_noise,164,15,0.0,-0.009190734909593412
white_noise,164,16,0.0,-0.06063554538876672
white_noise,164,17,0.0,0.09098647116296436
white_noise,164,18,0.0,-0.052889276784703634
white_noise,164,19,0.0,0.02507210663673994
white_noise,164,20,0.0,0.008555939757560763
white_noise,165,1,0.0,-0.033603118927730664
white_noise,165,2,0.0,-0.025646016896471346
white_noise,165,3,0.0,-0.02884893132109703
white_noise,165,4,0.0,0.07567877537426289
white_noise,165,5,0.0,-0.035050246762933356
white_noise,165,6,0.0,-0.06858310984972013
white_noise,165,7,0.0,-0.007667180721844911
white_noise,165,8,0.0,-0.023516760539145903
white_noise,165,9,0.0,-0.0013752303368159728
white_noise,165,10,0.0,-0.023017924680040925
white_noise,165,11,0.0,-0.04663828977431314
white_noise,165,12,0.0,0.024283753768255666
white_noise,165,13,0.0,-0.01625868606817036
white_noise,165,14,0.0,-0.0554571270417466
white_noise,165,15,0.0,-0.04764866255948543
white_noise,165,16,0.0,-0.01618701803818033
white_noise,165,17,0.0,-0.04541579241950717
white_noise,165,18,0.0,0.07457451549964322
white_noise,165,19,0.0,0.03090933899141348
white_noise,165,20,0.0,0.021366363639268242
white_noise,166,1,0.0,-0.007594357361178466
white_noise,166,2,0.0,-0.10542532310336729
white_noise,166,3,0.0,0.017010249825746723
white_noise,166,4,0.0,-0.06272527096743537
white_noise,166,5,0.0,0.017515537271507
white_noise,166,6,0.0,-0.01705960570241361
white_noise,166,7,0.0,0.048662951445698294
white_noise,166,8,0.0,0.05819505989366422
white_noise,166,9,0.0,-0.0015406989591615823
white_noise,166,10,0.0,-0.02841864203320448
white_noise,166,11,0.0,0.07963248267621742
white_noise,166,12,0.0,0.04936552290982886
white_noise,166,13,0.0,-0.022617493778511976
white_noise,166,14,0.0,0.05066919533254294
white_noise,166,15,0.0,-0.013258924744376913
white_noise,166,16,0.0,-0.019211873609827214
white_noise,166,17,0.0,-0.06722907135032995
white_noise,166,18,0.0,0.10900184894327919
white_noise,166,19,0.0,0.07812261393375507
white_noise,166,20,0.0,-0.044988527516680345
white_noise,167,1,0.0,0.05015846829244485
white_noise,167,2,0.0,-0.0011357620962043078
white_noise,167,3,0.0,-0.05316902685890052
white_noise,167,4,0.0,-0.04345393943022398
white_noise,167,5,0.0,0.02254150067425224
white_noise,167,6,0.0,0.0029106429985691538
white_noise,167,7,0.0,0.01806719579536085
white_noise,167,8,0.0,0.0036133174072177235
white_noise,167,9,0.0,0.0058951692364838364
white_noise,167,10,0.0,-0.02309302944977045
white_noise,167,11,0.0,-0.03973474172698808
white_noise,167,12,0.0,-0.017644235949450474
white_noise,167,13,0.0,0.01632563910562432
white_noise,167,14,0.0,-0.00619289409171977
white_noise,167,15,0.0,0.015812644952531617
white_noise,167,16,0.0,-0.040539397951036914
white_noise,167,17,0.0,-0.09812301341415783
white_noise,167,18,0.0,0.11452047366296725
white_noise,167,19,0.0,-0.05046063063315956
white_noise,167,20,0.0,0.016898368974691512
white_noise,168,1,0.0,-0.07815330536499755
white_noise,168,2,0.0,-0.023458716893213025
white_noise,168,3,0.0,0.003239107749617285
white_noise,168,4,0.0,-0.01191489342444681
white_noise,168,5,0.0,-0.028658008963169626
white_noise,168,6,0.0,-0.012568418084211342
white_noise,168,7,0.0,0.117927820425988
white_noise,168,8,0.0,0.022085246515089377
white_noise,168,9,0.0,-0.0823254532262568
white_noise,168,10,0.0,-0.06912321326567517
white_noise,168,11,0.0,-0.03772695702623243
white_noise,168,12,0.0,-0.02697194159454472
white_noise,168,13,0.0,-0.032478688417019654
white_noise,168,14,0.0,0.07827563183676113
white_noise,168,15,0.0,-0.04811932329040697
white_noise,168,16,0.0,-0.08262233618902673
white_noise,168,17,0.0,0.10016795974571542
white_noise,168,18,0.0,0.003601266704437715
white_noise,168,19,0.0,-0.028951313824421916
white_noise,168,20,0.0,0.015296221238650543
white_noise,169,1,0.0,-0.01965414994924922
white_noise,169,2,0.0,-0.05608143160056327
white_noise,169,3,0.0,-0.035825096052034155
white_noise,169,4,0.0,-0.036309515912164046
white_noise,169,5,0.0,0.01535072873971764
white_noise,169,6,0.0,0.044742723570256736
white_noise,169,7,0.0,-0.09512188560621816
white_noise,169,8,0.0,-0.03396379001027298
white_noise,169,9,0.0,0.04900571230148737
white_noise,169,10,0.0,-0.039965848370798494
white_noise,169,11,0.0,0.0031565960448482343
white_noise,169,12,0.0,-0.045035924648260985
white_noise,169,13,0.0,0.027333750523575055
white_noise,169,14,0.0,0.026328247316037612
white_noise,169,15,0.0,0.2062726842798316
white_noise,169,16,0.0,-0.0019343406683841157
white_noise,169,17,0.0,-0.05341875004804923
white_noise,169,18,0.0,0.06120040151816945
white_noise,169,19,0.0,0.03584398832754468
white_noise,169,20,0.0,-0.03138307810372781
white_noise,170,1,0.0,-0.060078434254032975
white_noise,170,2,0.0,0.14497361835548553
white_noise,170,3,0.0,0.015106751695396377
white_noise,170,4,0.0,-0.050342083916565764
white_noise,170,5,0.0,-0.03755949929881686
white_noise,170,6,0.0,-0.10071409835055765
white_noise,170,7,0.0,-0.02956598405675775
white_noise,170,8,0.0,-0.05462034461880284
white_noise,170,9,0.0,0.011307639155828747
white_noise,170,10,0.0,0.04755190260552078
white_noise,170,11,0.0,0.04423345419999037
white_noise,170,12,0.0,0.018032087299574607
white_noise,170,13,0.0,0.025514791083040562
white_noise,170,14,0.0,0.015425376972069211
white_noise,170,15,0.0,0.045244309562325544
white_noise,170,16,0.0,-0.06698559436775571
white_noise,170,17,0.0,-0.010505688006381356
white_noise,170,18,0.0,0.014377283161568019
white_noise,170,19,0.0,0.04279961161281629
white_noise,170,20,0.0,-0.016832055835327167
white_noise,171,1,0.0,-0.04216593621314919
white_noise,171,2,0.0,-0.02904693406270624
white_noise,171,3,0.0,0.07118607025501153
white_noise,171,4,0.0,-0.07558559259492821
white_noise,171,5,0.0,0.0013789150361281867
white_noise,171,6,0.0,0.01498944253807431
white_noise,171,7,0.0,-0.014894185634610143
white_noise,171,8,0.0,0.10299705611203513
white_noise,171,9,0.0,-0.01908735851211851
white_noise,171,10,0.0,-0.04224775403030937
white_noise,171,11,0.0,0.05610766536493035
white_noise,171,12,0.0,-0.011730277490788697
white_noise,171,13,0.0,-0.03522730936099278
white_noise,171,14,0.0,0.033623037355135416
white_noise,171,15,0.0,0.04023298431931215
white_noise,171,16,0.0,-0.10240684643328779
white_noise,171,17,0.0,0.023606456732726423
white_noise,171,18,0.0,-0.07641450440611858
white_noise,171,19,0.0,-0.05075417116214606
white_noise,171,20,0.0,0.021249733482290627
white_noise,172,1,0.0,-0.05586303983605285
white_noise,172,2,0.0,0.047258206142725724
white_noise,172,3,0.0,-0.05249664823296066
white_noise,172,4,0.0,-0.06184219038662944
white_noise,172,5,0.0,0.015981159157474004
white_noise,172,6,0.0,0.037811119866000616
white_noise,172,7,0.0,-0.03813075470248253
white_noise,172,8,0.0,0.03352078145022643
white_noise,172,9,0.0,0.023714709951160748
white_noise,172,10,0.0,0.02613984514753886
white_noise,172,11,0.0,-0.10213805393143637
white_noise,172,12,0.0,-0.054879949196325946
white_noise,172,13,0.0,-0.029357200398591004
white_noise,172,14,0.0,-0.025199453988419246
white_noise,172,15,0.0,-0.004427805309214774
white_noise,172,16,0.0,0.038243148124505105
white_noise,172,17,0.0,0.040425646256545204
white_noise,172,18,0.0,0.10795005110426063
white_noise,172,19,0.0,-0.02804822451449869
white_noise,172,20,0.0,-0.023456586479914672
white_noise,173,1,0.0,0.0016927606522094782
white_noise,173,2,0.0,0.10269140118016759
white_noise,173,3,0.0,0.008171585502323163
white_noise,173,4,0.0,-0.014862797203286987
white_noise,173,5,0.0,0.006053723616428692
white_noise,173,6,0.0,-0.12781153295713854
white_noise,173,7,0.0,-0.0027226178323992074
white_noise,173,8,0.0,-0.021103682848536604
white_noise,173,9,0.0,-0.10835674702897051
white_noise,173,10,0.0,0.00440273085370309
white_noise,173,11,0.0,-0.014231574300036536
white_noise,173,12,0.0,-0.04443940422887394
white_noise,173,13,0.0,-0.039866487738146585
white_noise,173,14,0.0,-0.07039110442984348
white_noise,173,15,0.0,-0.039332530347521696
white_noise,173,16,0.0,0.012097547922971241
white_noise,173,17,0.0,-0.13759857358000854
white_noise,173,18,0.0,0.11755893801961569
white_noise,173,19,0.0,-0.09581116184792922
white_noise,173,20,0.0,0.09475869713137218
white_noise,174,1,0.0,-0.046394326716313584
white_noise,174,2,0.0,-0.0510456618539993
white_noise,174,3,0.0,0.055322786141533124
white_noise,174,4,0.0,-0.0875809336346591
white_noise,174,5,0.0,0.05620599922176515
white_noise,174,6,0.0,0.020289650584176686
white_noise,174,7,0.0,0.07181575819654268
white_noise,174,8,0.0,-0.028129052130164894
white_noise,174,9,0.0,-0.01831336416605652
white_noise,174,10,0.0,0.008866186040585608
white_noise,174,11,0.0,-0.03741034630796818
white_noise,174,12,0.0,0.08143617382734225
white_noise,174,13,0.0,-0.019739392629970563
white_noise,174,14,0.0,-0.03468195161872613
white_noise,174,15,0.0,0.021549444941013303
white_noise,174,16,0.0,-0.015759066994540563
white_noise,174,17,0.0,-0.06936886818164015
white_noise,174,18,0.0,-0.08806107583636273
white_noise,174,19,0.0,0.05018166439558845
white_noise,174,20,0.0,0.024998558283762497
white_noise,175,1,0.0,0.027635806521420208
white_noise,175,2,0.0,-0.032811226300802514
white_noise,175,3,0.0,-0.03234061208365939
white_noise,175,4,0.0,-0.001210011349076647
white_noise,175,5,0.0,-0.04532077220335673
white_noise,175,6,0.0,-0.03844140891976177
white_noise,175,7,0.0,0.12334425818837426
white_noise,175,8,0.0,-0.03579505346211998
white_noise,175,9,0.0,-0.026882100369027613
white_noise,175,10,0.0,-0.09090095716269024
white_noise,175,11,0.0,0.027105574096053374
white_noise,175,12,0.0,-0.0485544742235956
white_noise,175,13,0.0,-0.034053705216428545
white_noise,175,14,0.0,0.03450636577179927
white_noise,175,15,0.0,-0.01736391063834197
white_noise,175,16,0.0,-0.07949051721503234
white_noise,175,17,0.0,-0.09452581576512532
white_noise,175,18,0.0,-0.006824425161696904
white_noise,175,19,0.0,-0.037810226834496606
white_noise,175,20,0.0,0.07864407512155018
white_noise,176,1,0.0,-0.06908115911097097
white_noise,176,2,0.0,0.022225696207244527
white_noise,176,3,0.0,0.006562578139932692
white_noise,176,4,0.0,0.001261904428936588
white_noise,176,5,0.0,-0.05777761248602219
white_noise,176,6,0.0,0.06522455091554834
white_noise,176,7,0.0,0.006382373728136911
white_noise,176,8,0.0,-0.06901262931572412
white_noise,176,9,0.0,-0.03918887842785236
white_noise,176,10,0.0,-0.05263131305506388
white_noise,176,11,0.0,0.01260296414289775
white_noise,176,12,0.0,-0.01455640423079043
white_noise,176,13,0.0,0.03543780505296458
white_noise,176,14,0.0,-0.02921147566763868
white_noise,176,15,0.0,0.07321939047682005
white_noise,176,16,0.0,-0.03742002843851715
white_noise,176,17,0.0,-0.002248636002537495
white_noise,176,18,0.0,-0.012720932891363555
white_noise,176,19,0.0,-0.043015183812714804
white_noise,176,20,0.0,-0.024966854480331667
white_noise,177,1,0.0,-0.022875146726294357
white_noise,177,2,0.0,-0.040790723831856994
white_noise,177,3,0.0,-0.04918269981787359
white_noise,177,4,0.0,0.04639120520971839
white_noise,177,5,0.0,-0.07104596808938195
white_noise,177,6,0.0,-0.09439586496887857
white_noise,177,7,0.0,0.07644920534310583
white_noise,177,8,0.0,0.06834943765756474
white_noise,177,9,0.0,-0.08561331744914215
white_noise,177,10,0.0,-0.05650741091219192
white_noise,177,11,0.0,0.033808279152841555
white_noise,177,12,0.0,-0.040494772811752816
white_noise,177,13,0.0,0.01992935667890862
white_noise,177,14,0.0,-0.0025142612136564704
white_noise,177,15,0.0,0.055562059555804656
white_noise,177,16,0.0,0.023207708458441487
white_noise,177,17,0.0,-0.10016590120038744
white_noise,177,18,0.0,0.05344523605461712
white_noise,177,19,0.0,-0.02712816532483688
white_noise,177,20,0.0,-0.09647757198543189
white_noise,178,1,0.0,0.012390599306845452
white_noise,178,2,0.0,-0.0144799418912663
white_noise,178,3,0.0,-0.05093995399496068
white_noise,178,4,0.0,-0.009767044627373126
white_noise,178,5,0.0,-0.0335897876671047
white_noise,178,6,0.0,-0.013276918813622605
white_noise,178,7,0.0,-0.015311119243483022
white_noise,178,8,0.0,-0.05399446333702682
white_noise,178,9,0.0,0.10494190272465409
white_noise,178,10,0.0,0.05957401415349943
white_noise,178,11,0.0,0.026403812780726083
white_noise,178,12,0.0,-0.11996068117177736
white_noise,178,13,0.0,-0.03133776756479277
white_noise,178,14,0.0,-0.04980411500522047
white_noise,178,15,0.0,-0.027409870135054207
white_noise,178,16,0.0,0.12314612607909972
white_noise,178,17,0.0,0.01600853239230922
white_noise,178,18,0.0,-0.0750640150492029
white_noise,178,19,0.0,-0.08905914650502883
white_noise,178,20,0.0,-0.002690240935169934
white_noise,179,1,0.0,-0.0583583900897704
white_noise,179,2,0.0,-0.006571024237468262
white_noise,179,3,0.0,-0.0873493731677307
white_noise,179,4,0.0,0.1132647206391826
white_noise,179,5,0.0,0.056477824072731705
white_noise,179,6,0.0,-0.009954638105131022
white_noise,179,7,0.0,0.05177534092907986
white_noise,179,8,0.0,0.11978861073004281
white_noise,179,9,0.0,-0.0502496708743586
white_noise,179,10,0.0,-0.036575134925826314
white_noise,179,11,0.0,-0.02244684340954027
white_noise,179,12,0.0,0.111927503416047
white_noise,179,13,0.0,0.013794898882750532
white_noise,179,14,0.0,0.02878840014373546
white_noise,179,15,0.0,-0.04211225421296503
white_noise,179,16,0.0,-0.013765533131244512
white_noise,179,17,0.0,-0.017448199832897235
white_noise,179,18,0.0,0.09669962477073456
white_noise,179,19,0.0,-0.005721472484134743
white_noise,179,20,0.0,0.007442887036632824
white_noise,180,1,0.0,0.009593143641545404
white_noise,180,2,0.0,-0.040169171591541
white_noise,180,3,0.0,-0.07050581275203344
white_noise,180,4,0.0,0.06893772424436238
white_noise,180,5,0.0,-0.09409483553415147
white_noise,180,6,0.0,0.030926620337781645
white_noise,180,7,0.0,-0.02898429881266525
white_noise,180,8,0.0,-0.01826508402316505
white_noise,180,9,0.0,0.11880137467924169
white_noise,180,10,0.0,0.037597430039918334
white_noise,180,11,0.0,-0.06794847370846617
white_noise,180,12,0.0,-0.07225448697982072
white_noise,180,13,0.0,0.054764720269588785
white_noise,180,14,0.0,0.000847134190300965
white_noise,180,15,0.0,-0.05941498816765219
white_noise,180,16,0.0,-0.013946131995860301
white_noise,180,17,0.0,-0.024000803373405523
white_noise,180,18,0.0,-0.052013571039027415
white_noise,180,19,0.0,0.03437952752168561
white_noise,180,20,0.0,0.0035893335981015567
white_noise,181,1,0.0,0.035631420007412304
white_noise,181,2,0.0,-0.06662940961740703
white_noise,181,3,0.0,0.07968597812012411
white_noise,181,4,0.0,-0.0077873691764994216
white_noise,181,5,0.0,0.0929790566638508
white_noise,181,6,0.0,0.04041373762771199
white_noise,181,7,0.0,-0.010751330087943538
white_noise,181,8,0.0,0.06206503631799726
white_noise,181,9,0.0,0.04929751176074567
white_noise,181,10,0.0,-0.059729816637747915
white_noise,181,11,0.0,-0.08969505131348324
white_noise,181,12,0.0,-0.028888919612605896
white_noise,181,13,0.0,-0.011130127712064912
white_noise,181,14,0.0,-0.016036985890360563
white_noise,181,15,0.0,-0.0457720685681661
white_noise,181,16,0.0,-0.012087538193494498
white_noise,181,17,0.0,0.003849782651644783
white_noise,181,18,0.0,0.008247062171488101
white_noise,181,19,0.0,-0.026900895798952325
white_noise,181,20,0.0,-0.08124824295775625
white_noise,182,1,0.0,0.006599063459437369
white_noise,182,2,0.0,-0.11313294545506514
white_noise,182,3,0.0,-0.11326423792142781
white_noise,182,4,0.0,0.017514812624029846
white_noise,182,5,0.0,0.055940789803343355
white_noise,182,6,0.0,-0.012601934320806998
white_noise,182,7,0.0,-0.10404558455676216
white_noise,182,8,0.0,-0.0662718505279373
white_noise,182,9,0.0,0.03450043858245231
white_noise,182,10,0.0,-0.061246659439404195
white_noise,182,11,0.0,-0.06899318186845031
white_noise,182,12,0.0,0.05677587019768352
white_noise,182,13,0.0,0.01871578966113822
white_noise,182,14,0.0,-0.007731929554550504
white_noise,182,15,0.0,0.07269894330174556
white_noise,182,16,0.0,0.05564337729986064
white_noise,182,17,0.0,0.10922903733379126
white_noise,182,18,0.0,-0.0250496989099279
white_noise,182,19,0.0,-0.08406239633469521
white_noise,182,20,0.0,-0.224306997598713
white_noise,183,1,0.0,0.03783555928808679
white_noise,183,2,0.0,0.07249184602887435
white_noise,183,3,0.0,0.05948978320706887
white_noise,183,4,0.0,-0.014437003868159898
white_noise,183,5,0.0,0.057619879460230596
white_noise,183,6,0.0,-0.08079494023865434
white_noise,183,7,0.0,0.05123427365488376
white_noise,183,8,0.0,-0.0791151205818569
white_noise,183,9,0.0,0.009767452023575162
white_noise,183,10,0.0,0.029263778529127028
white_noise,183,11,0.0,0.0240653938633063
white_noise,183,12,0.0,0.052463858698564764
white_noise,183,13,0.0,-0.06454160462389034
white_noise,183,14,0.0,-0.025947035484824597
white_noise,183,15,0.0,-0.057037476833070144
white_noise,183,16,0.0,0.06352013164468027
white_noise,183,17,0.0,-0.07133045045738987
white_noise,183,18,0.0,0.007185954244323429
white_noise,183,19,0.0,-0.017292870888239633
white_noise,183,20,0.0,-0.023718874917052993
white_noise,184,1,0.0,-0.0340318721474396
white_noise,184,2,0.0,0.025356143078041973
white_noise,184,3,0.0,-0.018068784235896154
white_noise,184,4,0.0,-0.008242423731636073
white_noise,184,5,0.0,0.016551051118409144
white_noise,184,6,0.0,-0.07527309854040351
white_noise,184,7,0.0,-0.04729328707167198
white_noise,184,8,0.0,-0.00914714446044832
white_noise,184,9,0.0,0.09379287263432488
white_noise,184,10,0.0,0.017407120076211653
white_noise,184,11,0.0,0.04496481979284781
white_noise,184,12,0.0,0.011355744165163323
white_noise,184,13,0.0,0.061437165034102945
white_noise,184,14,0.0,-0.015208929798028141
white_noise,184,15,0.0,0.011779588965224725
white_noise,184,16,0.0,-0.04152008461083617
white_noise,184,17,0.0,-0.003958154290656935
white_noise,184,18,0.0,0.0015606341556774063
white_noise,184,19,0.0,-0.01101640559924036
white_noise,184,20,0.0,0.03221369960404511
white_noise,185,1,0.0,-0.07138774768579718
white_noise,185,2,0.0,0.0044395459474850935
white_noise,185,3,0.0,0.0308649766664677
white_noise,185,4,0.0,-0.005888052951566161
white_noise,185,5,0.0,0.07869581129126274
white_noise,185,6,0.0,0.10225044284929148
white_noise,185,7,0.0,0.045005901382834675
white_noise,185,8,0.0,0.048942894563737155
white_noise,185,9,0.0,-0.017704349776942702
white_noise,185,10,0.0,-0.009828344321274694
white_noise,185,11,0.0,-0.04519117496886246
white_noise,185,12,0.0,-0.07193446679102865
white_noise,185,13,0.0,0.07232459607557616
white_noise,185,14,0.0,-0.10088455420402764
white_noise,185,15,0.0,0.030839782083006674
white_noise,185,16,0.0,-0.011081692313365303
white_noise,185,17,0.0,-0.03338826429495838
white_noise,185,18,0.0,-0.017675368434425097
white_noise,185,19,0.0,0.039203792698446004
white_noise,185,20,0.0,0.030020395314689263
white_noise,186,1,0.0,-0.006593661357204827
white_noise,186,2,0.0,-0.006614664214573546
white_noise,186,3,0.0,-0.07685725384322784
white_noise,186,4,0.0,-0.02198331987066416
white_noise,186,5,0.0,-0.052100922311656826
white_noise,186,6,0.0,0.017811140811828583
white_noise,186,7,0.0,0.02947247371535418
white_noise,186,8,0.0,0.061563051966176056
white_noise,186,9,0.0,0.0137240753532425
white_noise,186,10,0.0,-0.03568850636539928
white_noise,186,11,0.0,0.0629373512366763
white_noise,186,12,0.0,-0.02061135790284366
white_noise,186,13,0.0,0.00046857286027164813
white_noise,186,14,0.0,0.010310101146007397
white_noise,186,15,0.0,0.06226277649531486
white_noise,186,16,0.0,0.04177679560052566
white_noise,186,17,0.0,-0.027799886762800236
white_noise,186,18,0.0,-0.010240395831978524
white_noise,186,19,0.0,0.018961006155474542
white_noise,186,20,0.0,0.002889163690922111
white_noise,187,1,0.0,0.06689862531797185
white_noise,187,2,0.0,-0.026401656220337844
white_noise,187,3,0.0,0.05500410840088496
white_noise,187,4,0.0,0.029605024240727452
white_noise,187,5,0.0,-0.04779920747812838
white_noise,187,6,0.0,0.08439866699931335
white_noise,187,7,0.0,-0.049451961966461885
white_noise,187,8,0.0,-0.06582688853821025
white_noise,187,9,0.0,-0.05056884018627924
white_noise,187,10,0.0,-0.00014176283533091574
white_noise,187,11,0.0,-0.03231281012554536
white_noise,187,12,0.0,0.02478932743702634
white_noise,187,13,0.0,-0.0001477216102454634
white_noise,187,14,0.0,-0.025408673453460612
white_noise,187,15,0.0,-0.016639402123533584
white_noise,187,16,0.0,-0.061357970979151195
white_noise,187,17,0.0,-0.11922438839602412
white_noise,187,18,0.0,-0.007499337538000938
white_noise,187,19,0.0,-0.12519523366089377
white_noise,187,20,0.0,0.0315055404759262
white_noise,188,1,0.0,0.12570036147116542
white_noise,188,2,0.0,0.10158554841491722
white_noise,188,3,0.0,0.04028521204159599
white_noise,188,4,0.0,0.0006123348061092922
white_noise,188,5,0.0,0.008798886425554382
white_noise,188,6,0.0,0.06022554672888224
white_noise,188,7,0.0,0.002260519049184057
white_noise,188,8,0.0,0.009808184015606795
white_noise,188,9,0.0,-0.027136367751695922
white_noise,188,10,0.0,-0.011946548533484477
white_noise,188,11,0.0,-0.00805686436872185
white_noise,188,12,0.0,-0.0570850206338284
white_noise,188,13,0.0,-0.09848580654932895
white_noise,188,14,0.0,-0.025478212612452644
white_noise,188,15,0.0,-0.016532778436957392
white_noise,188,16,0.0,-0.048581635132990325
white_noise,188,17,0.0,-0.09847317158528904
white_noise,188,18,0.0,0.028572605795231316
white_noise,188,19,0.0,0.033579711372614014
white_noise,188,20,0.0,0.013635493740532979
white_noise,189,1,0.0,0.005502255962816416
white_noise,189,2,0.0,0.007574738335490487
white_noise,189,3,0.0,-0.027421844557576174
white_noise,189,4,0.0,-0.02796761257043852
white_noise,189,5,0.0,0.02733111993912104
white_noise,189,6,0.0,0.049694777110400996
white_noise,189,7,0.0,-0.03308918693879084
white_noise,189,8,0.0,0.016300895354420118
white_noise,189,9,0.0,-0.053246485833796375
white_noise,189,10,0.0,0.028949307942141077
white_noise,189,11,0.0,-0.027348790860633188
white_noise,189,12,0.0,0.025390644425763637
white_noise,189,13,0.0,-0.07861965117564813
white_noise,189,14,0.0,-0.0848695403808596
white_noise,189,15,0.0,-0.016743435268330963
white_noise,189,16,0.0,-0.027687761785423665
white_noise,189,17,0.0,0.026855810812433083
white_noise,189,18,0.0,0.019275849484948576
white_noise,189,19,0.0,-0.021027907682160018
white_noise,189,20,0.0,0.04215249715864127
white_noise,190,1,0.0,0.04227940995548206
white_noise,190,2,0.0,0.03299714433348509
white_noise,190,3,0.0,-0.09950759329821504
white_noise,190,4,0.0,-0.07353115459986734
white_noise,190,5,0.0,-0.011207341029243575
white_noise,190,6,0.0,0.01675765132125665
white_noise,190,7,0.0,0.12853121257894884
white_noise,190,8,0.0,-0.05080818044243077
white_noise,190,9,0.0,-0.02412848982937203
white_noise,190,10,0.0,-0.06808748354867541
white_noise,190,11,0.0,0.012913364678677304
white_noise,190,12,0.0,0.036834268810982604
white_noise,190,13,0.0,-0.09854708671479735
white_noise,190,14,0.0,-0.03693983057951871
white_noise,190,15,0.0,-0.01231804597002278
white_noise,190,16,0.0,0.053583424789031255
white_noise,190,17,0.0,0.01647624210526882
white_noise,190,18,0.0,0.08670597882701364
white_noise,190,19,0.0,0.0153778518300089
white_noise,190,20,0.0,-0.06343265404025926
white_noise,191,1,0.0,-0.11962463700075797
white_noise,191,2,0.0,0.07284221167296415
white_noise,191,3,0.0,0.07445871888969872
white_noise,191,4,0.0,0.040251639321740286
white_noise,191,5,0.0,0.09639285342761206
white_noise,191,6,0.0,-0.10457125679373254
white_noise,191,7,0.0,0.02791475904148468
white_noise,191,8,0.0,-0.02321050650809067
white_noise,191,9,0.0,0.010293282612338302
white_noise,191,10,0.0,0.039274936956706336
white_noise,191,11,0.0,-0.0010884912434092043
white_noise,191,12,0.0,-0.050506085104560644
white_noise,191,13,0.0,-0.04011125908909998
white_noise,191,14,0.0,0.10953287072162778
white_noise,191,15,0.0,-0.03384709054650981
white_noise,191,16,0.0,0.053200483709622715
white_noise,191,17,0.0,-0.020881570793492187
white_noise,191,18,0.0,0.028250002188469778
white_noise,191,19,0.0,0.013407528855901843
white_noise,191,20,0.0,-0.019852313947105914
white_noise,192,1,0.0,-0.07291554867277457
white_noise,192,2,0.0,0.023868617846095935
white_noise,192,3,0.0,0.01937461948684314
white_noise,192,4,0.0,0.06673709036232262
white_noise,192,5,0.0,0.019767880396654405
white_noise,192,6,0.0,0.05816363542767702
white_noise,192,7,0.0,0.016248566167381507
white_noise,192,8,0.0,-0.06538586280814024
white_noise,192,9,0.0,-0.13724837910277857
white_noise,192,10,0.0,0.015079217586948657
white_noise,192,11,0.0,-0.024552491434294478
white_noise,192,12,0.0,-0.07712896748111998
white_noise,192,13,0.0,0.07168871323093122
white_noise,192,14,0.0,-0.0417818338498376
white_noise,192,15,0.0,-0.041741407809274454
white_noise,192,16,0.0,-0.032440016615815005
white_noise,192,17,0.0,-0.03175553632095075
white_noise,192,18,0.0,2.462563499234068e-05
white_noise,192,19,0.0,-0.08161509747788388
white_noise,192,20,0.0,-0.03931215206679365
white_noise,193,1,0.0,0.025840871222349647
white_noise,193,2,0.0,0.04248952760056027
white_noise,193,3,0.0,0.09951512799556643
white_noise,193,4,0.0,-0.06360159500240256
white_noise,193,5,0.0,-0.04074945752653227
white_noise,193,6,0.0,-0.07264872929567717
white_noise,193,7,0.0,-0.047194326835484295
white_noise,193,8,0.0,-0.03163924696688142
white_noise,193,9,0.0,-0.01939011350353471
white_noise,193,10,0.0,-0.005036025574702931
white_noise,193,11,0.0,-0.03212035280061083
white_noise,193,12,0.0,-0.07197164763047346
white_noise,193,13,0.0,-0.05582813786170453
white_noise,193,14,0.0,-0.03896409676381224
white_noise,193,15,0.0,-0.036004478166629106
white_noise,193,16,0.0,-0.14691836405623343
white_noise,193,17,0.0,-0.1327175481273591
white_noise,193,18,0.0,0.02719788300071481
white_noise,193,19,0.0,0.04080053060971538
white_noise,193,20,0.0,-0.01762166878255912
white_noise,194,1,0.0,-0.04280919939377785
white_noise,194,2,0.0,-0.008806535483093125
white_noise,194,3,0.0,0.05947131767547424
white_noise,194,4,0.0,0.0035146198719507916
white_noise,194,5,0.0,0.02823393736019941
white_noise,194,6,0.0,0.02754856144754207
white_noise,194,7,0.0,-0.03542497321026096
white_noise,194,8,0.0,0.07630714051064627
white_noise,194,9,0.0,-0.06387397031693366
white_noise,194,10,0.0,0.08234089111196832
white_noise,194,11,0.0,-0.02107281779081355
white_noise,194,12,0.0,-0.11921541945325505
white_noise,194,13,0.0,-0.04795257761359667
white_noise,194,14,0.0,-0.021896097993781567
white_noise,194,15,0.0,0.02361435863110539
white_noise,194,16,0.0,0.09197131750661805
white_noise,194,17,0.0,-0.07146141537837326
white_noise,194,18,0.0,0.04580821569357197
white_noise,194,19,0.0,0.017988563239114526
white_noise,194,20,0.0,-0.01028343341152188
white_noise,195,1,0.0,0.01464068599124354
white_noise,195,2,0.0,0.07853332113904092
white_noise,195,3,0.0,0.07309828785223686
white_noise,195,4,0.0,0.008314864098456658
white_noise,195,5,0.0,0.013110106056451748
white_noise,195,6,0.0,0.10833237078777826
white_noise,195,7,0.0,-0.02309688331259231
white_noise,195,8,0.0,0.05499922237137003
white_noise,195,9,0.0,0.17082569342059292
white_noise,195,10,0.0,-0.04574083039027185
white_noise,195,11,0.0,-0.011130235092557885
white_noise,195,12,0.0,-0.12596913486193947
white_noise,195,13,0.0,0.08540388488831994
white_noise,195,14,0.0,-0.07242196869378115
white_noise,195,15,0.0,0.01070559863772735
white_noise,195,16,0.0,-0.06410871631897369
white_noise,195,17,0.0,-0.10617986932770493
white_noise,195,18,0.0,-0.025692128295736933
white_noise,195,19,0.0,0.05022064863121844
white_noise,195,20,0.0,-0.0398948733319259
white_noise,196,1,0.0,-0.02574500989898456
white_noise,196,2,0.0,-0.025418061892668337
white_noise,196,3,0.0,0.046009137883965885
white_noise,196,4,0.0,0.07196467795412624
white_noise,196,5,0.0,0.05766341139376188
white_noise,196,6,0.0,0.027126042713418213
white_noise,196,7,0.0,0.041958958394909575
white_noise,196,8,0.0,0.05094164489256954
white_noise,196,9,0.0,0.012085829735374275
white_noise,196,10,0.0,-0.08054308285376408
white_noise,196,11,0.0,0.026193612741156107
white_noise,196,12,0.0,-0.04400359713134025
white_noise,196,13,0.0,-0.06051132245837844
white_noise,196,14,0.0,-0.014531608474177863
white_noise,196,15,0.0,-0.005558257746231175
white_noise,196,16,0.0,-0.002467480230227188
white_noise,196,17,0.0,-0.045135556660558525
white_noise,196,18,0.0,-0.022313215235688674
white_noise,196,19,0.0,0.0027967883281394155
white_noise,196,20,0.0,0.008777020349483789
white_noise,197,1,0.0,0.005417273516873156
white_noise,197,2,0.0,0.03240856217916016
white_noise,197,3,0.0,-0.018292046751907584
white_noise,197,4,0.0,-0.03426493112177542
white_noise,197,5,0.0,0.03442031348552832
white_noise,197,6,0.0,-0.048145672129477235
white_noise,197,7,0.0,-0.07319509615487167
white_noise,197,8,0.0,-0.0662694153571023
white_noise,197,9,0.0,0.008512313068312814
white_noise,197,10,0.0,0.08676574274182972
white_noise,197,11,0.0,0.012851996009740723
white_noise,197,12,0.0,-0.003637518281469144
white_noise,197,13,0.0,-0.015997236309162038
white_noise,197,14,0.0,0.046661356029657514
white_noise,197,15,0.0,-0.12159179140334993
white_noise,197,16,0.0,0.04021079746803922
white_noise,197,17,0.0,-0.01750590691968325
white_noise,197,18,0.0,-0.03841889808417024
white_noise,197,19,0.0,-0.051173251891501
white_noise,197,20,0.0,-0.025581178674094863
white_noise,198,1,0.0,-0.054298937091581956
white_noise,198,2,0.0,0.11260009768300028
white_noise,198,3,0.0,-0.053600491878192935
white_noise,198,4,0.0,0.0056938988233493845
white_noise,198,5,0.0,-0.02853237670058881
white_noise,198,6,0.0,0.044859109548333435
white_noise,198,7,0.0,-0.03810670585567268
white_noise,198,8,0.0,-0.051753545594349984
white_noise,198,9,0.0,-0.09108200570699178
white_noise,198,10,0.0,-0.08277071662977147
white_noise,198,11,0.0,-0.03878746208753656
white_noise,198,12,0.0,-0.05701435298925595
white_noise,198,13,0.0,0.10671771064512318
white_noise,198,14,0.0,0.1037698512205855
white_noise,198,15,0.0,-0.003713509855904781
white_noise,198,16,0.0,0.06253852433809967
white_noise,198,17,0.0,0.03499464581181222
white_noise,198,18,0.0,-0.048780388611027015
white_noise,198,19,0.0,-0.031325006439943445
white_noise,198,20,0.0,0.03694178497969051
white_noise,199,1,0.0,0.03987309671054379
white_noise,199,2,0.0,-0.028104762373747805
white_noise,199,3,0.0,0.09431864895584532
white_noise,199,4,0.0,-0.0575578234873234
white_noise,199,5,0.0,-0.006702056620158985
white_noise,199,6,0.0,-0.0024644146088865903
white_noise,199,7,0.0,-0.01816520428009133
white_noise,199,8,0.0,-0.009490273323869033
white_noise,199,9,0.0,0.016158179810638055
white_noise,199,10,0.0,0.08114852649021176
white_noise,199,11,0.0,-0.07959820689812579
white_noise,199,12,0.0,-0.029894326527731586
white_noise,199,13,0.0,0.056345753190890906
white_noise,199,14,0.0,-0.0028543047531751965
white_noise,199,15,0.0,-0.06805104533077004
white_noise,199,16,0.0,-0.0526639866617204
white_noise,199,17,0.0,-0.02003849536254388
white_noise,199,18,0.0,0.04311030456463286
white_noise,199,19,0.0,0.12169437680615604
white_noise,199,20,0.0,-0.06323559292793274
ar1_phi_0.5,0,1,0.5,0.53266014588971
ar1_phi_0.5,0,2,0.25,0.29990117371145675
ar1_phi_0.5,0,3,0.125,0.16917125127137755
ar1_phi_0.5,0,4,0.0625,0.027909962846036338
ar1_phi_0.5,0,5,0.03125,-0.030134383032833563
ar1_phi_0.5,0,6,0.015625,-0.010648709757625328
ar1_phi_0.5,0,7,0.0078125,-0.045566006668789114
ar1_phi_0.5,0,8,0.00390625,-0.06843909004121843
ar1_phi_0.5,0,9,0.001953125,-0.009857224123383797
ar1_phi_0.5,0,10,0.0009765625,0.03017602004893456
ar1_phi_0.5,0,11,0.00048828125,0.01559983652542064
ar1_phi_0.5,0,12,0.000244140625,0.04399575968950627
ar1_phi_0.5,0,13,0.0001220703125,0.10664999830395108
ar1_phi_0.5,0,14,6.103515625e-05,0.1653502401856636
ar1_phi_0.5,0,15,3.0517578125e-05,0.23733225523983456
ar1_phi_0.5,0,16,1.52587890625e-05,0.1836339777779402
ar1_phi_0.5,0,17,7.62939453125e-06,0.10052398764807902
ar1_phi_0.5,0,18,3.814697265625e-06,0.07191464399252166
ar1_phi_0.5,0,19,1.9073486328125e-06,0.02217222524864203
ar1_phi_0.5,0,20,9.5367431640625e-07,0.01815025984472947
ar1_phi_0.5,1,1,0.5,0.46304382886946577
ar1_phi_0.5,1,2,0.25,0.17578978315118707
ar1_phi_0.5,1,3,0.125,0.04155725085488559
ar1_phi_0.5,1,4,0.0625,-0.02371740928691134
ar1_phi_0.5,1,5,0.03125,0.005253208621313
ar1_phi_0.5,1,6,0.015625,-0.0027628635130172584
ar1_phi_0.5,1,7,0.0078125,0.019431394204796174
ar1_phi_0.5,1,8,0.00390625,0.03585977364997816
ar1_phi_0.5,1,9,0.001953125,0.04491208742310123
ar1_phi_0.5,1,10,0.0009765625,-0.032407800062465075
ar1_phi_0.5,1,11,0.00048828125,-0.014411891828998434
ar1_phi_0.5,1,12,0.000244140625,0.040680485776178096
ar1_phi_0.5,1,13,0.0001220703125,0.016413295572103113
ar1_phi_0.5,1,14,6.103515625e-05,0.015560110128928903
ar1_phi_0.5,1,15,3.0517578125e-05,-0.028470052100916507
ar1_phi_0.5,1,16,1.52587890625e-05,-0.05539829948889182
ar1_phi_0.5,1,17,7.62939453125e-06,-0.11228221368099062
ar1_phi_0.5,1,18,3.814697265625e-06,-0.17455106209198012
ar1_phi_0.5,1,19,1.9073486328125e-06,-0.10128642504475494
ar1_phi_0.5,1,20,9.5367431640625e-07,-0.037088313283862105
ar1_phi_0.5,2,1,0.5,0.48858901402866767
ar1_phi_0.5,2,2,0.25,0.20600983580969873
ar1_phi_0.5,2,3,0.125,0.08922042264271778
ar1_phi_0.5,2,4,0.0625,0.046532231547511245
ar1_phi_0.5,2,5,0.03125,-0.023885452281410792
ar1_phi_0.5,2,6,0.015625,-0.04872197434100359
ar1_phi_0.5,2,7,0.0078125,-0.016733178150015824
ar1_phi_0.5,2,8,0.00390625,-0.054373944480648986
ar1_phi_0.5,2,9,0.001953125,-0.04448643866596685
ar1_phi_0.5,2,10,0.0009765625,-0.08711973831114303
ar1_phi_0.5,2,11,0.00048828125,-0.11156447295619355
ar1_phi_0.5,2,12,0.000244140625,-0.10406310134264078
ar1_phi_0.5,2,13,0.0001220703125,-0.1551138082406277
ar1_phi_0.5,2,14,6.103515625e-05,-0.13495401745753668
ar1_phi_0.5,2,15,3.0517578125e-05,-0.0940695427595833
ar1_phi_0.5,2,16,1.52587890625e-05,0.040466561901958034
ar1_phi_0.5,2,17,7.62939453125e-06,0.07632169484092836
ar1_phi_0.5,2,18,3.814697265625e-06,0.023610210126400424
ar1_phi_0.5,2,19,1.9073486328125e-06,-0.08752525139728956
ar1_phi_0.5,2,20,9.5367431640625e-07,-0.12248963247345705
ar1_phi_0.5,3,1,0.5,0.599091037718797
ar1_phi_0.5,3,2,0.25,0.348401645652392
ar1_phi_0.5,3,3,0.125,0.20656759554839685
ar1_phi_0.5,3,4,0.0625,0.09309977072991041
ar1_phi_0.5,3,5,0.03125,0.032562819272095624
ar1_phi_0.5,3,6,0.015625,0.0601899763027998
ar1_phi_0.5,3,7,0.0078125,0.02830474219581904
ar1_phi_0.5,3,8,0.00390625,0.09415424855795977
ar1_phi_0.5,3,9,0.001953125,0.16559088116738405
ar1_phi_0.5,3,10,0.0009765625,0.15854754963874154
ar1_phi_0.5,3,11,0.00048828125,0.15994655415232173
ar1_phi_0.5,3,12,0.000244140625,0.11865664996546108
ar1_phi_0.5,3,13,0.0001220703125,0.050574684788615876
ar1_phi_0.5,3,14,6.103515625e-05,0.023268523338584705
ar1_phi_0.5,3,15,3.0517578125e-05,-0.03657628442141167
ar1_phi_0.5,3,16,1.52587890625e-05,-0.0791656986375947
ar1_phi_0.5,3,17,7.62939453125e-06,-0.020332717842268862
ar1_phi_0.5,3,18,3.814697265625e-06,-0.019853778631311984
ar1_phi_0.5,3,19,1.9073486328125e-06,0.026562537511136252
ar1_phi_0.5,3,20,9.5367431640625e-07,0.046616784913451274
ar1_phi_0.5,4,1,0.5,0.41709840050485963
ar1_phi_0.5,4,2,0.25,0.13376394355832122
ar1_phi_0.5,4,3,0.125,0.08401403350550454
ar1_phi_0.5,4,4,0.0625,0.07542016376128063
ar1_phi_0.5,4,5,0.03125,0.06062520303848354
ar1_phi_0.5,4,6,0.015625,-0.024448823516563203
ar1_phi_0.5,4,7,0.0078125,-0.07307636291179749
ar1_phi_0.5,4,8,0.00390625,0.0009962448243135398
ar1_phi_0.5,4,9,0.001953125,-0.00028365234363292904
ar1_phi_0.5,4,10,0.0009765625,-0.01829377938284569
ar1_phi_0.5,4,11,0.00048828125,0.0014542254462378919
ar1_phi_0.5,4,12,0.000244140625,-0.013726599413109207
ar1_phi_0.5,4,13,0.0001220703125,-0.0383725568598249
ar1_phi_0.5,4,14,6.103515625e-05,-0.02937823286824776
ar1_phi_0.5,4,15,3.0517578125e-05,-0.039678226827022926
ar1_phi_0.5,4,16,1.52587890625e-05,-0.013922338339929487
ar1_phi_0.5,4,17,7.62939453125e-06,0.03173523355623883
ar1_phi_0.5,4,18,3.814697265625e-06,0.044574641167288015
ar1_phi_0.5,4,19,1.9073486328125e-06,-0.0028327049358350042
ar1_phi_0.5,4,20,9.5367431640625e-07,0.022607198043505555
ar1_phi_0.5,5,1,0.5,0.49784486264236416
ar1_phi_0.5,5,2,0.25,0.20515139763653242
ar1_phi_0.5,5,3,0.125,0.03649586177811566
ar1_phi_0.5,5,4,0.0625,-0.0180650585606661
ar1_phi_0.5,5,5,0.03125,-0.017112390256037585
ar1_phi_0.5,5,6,0.015625,0.023500570757010317
ar1_phi_0.5,5,7,0.0078125,0.025656419958304855
ar1_phi_0.5,5,8,0.00390625,0.0860904623553718
ar1_phi_0.5,5,9,0.001953125,0.09955733327209204
ar1_phi_0.5,5,10,0.0009765625,0.04707481405990538
ar1_phi_0.5,5,11,0.00048828125,0.009230520753612803
ar1_phi_0.5,5,12,0.000244140625,-0.058538181268027865
ar1_phi_0.5,5,13,0.0001220703125,-0.055535405544802754
ar1_phi_0.5,5,14,6.103515625e-05,0.05074041701051745
ar1_phi_0.5,5,15,3.0517578125e-05,0.051294439495785174
ar1_phi_0.5,5,16,1.52587890625e-05,0.09966674122626897
ar1_phi_0.5,5,17,7.62939453125e-06,0.12771311686504785
ar1_phi_0.5,5,18,3.814697265625e-06,0.11412554176139984
ar1_phi_0.5,5,19,1.9073486328125e-06,0.09138078781340014
ar1_phi_0.5,5,20,9.5367431640625e-07,0.001408974420350236
ar1_phi_0.5,6,1,0.5,0.44099421678150746
ar1_phi_0.5,6,2,0.25,0.2811963846505819
ar1_phi_0.5,6,3,0.125,0.15240385575148727
ar1_phi_0.5,6,4,0.0625,0.0855608768160499
ar1_phi_0.5,6,5,0.03125,0.09550217587715949
ar1_phi_0.5,6,6,0.015625,0.06736976113971589
ar1_phi_0.5,6,7,0.0078125,-0.027841234848433084
ar1_phi_0.5,6,8,0.00390625,-0.09171152966383597
ar1_phi_0.5,6,9,0.001953125,-0.006248750704320297
ar1_phi_0.5,6,10,0.0009765625,-0.006609802419268037
ar1_phi_0.5,6,11,0.00048828125,-0.01333490927092362
ar1_phi_0.5,6,12,0.000244140625,0.016435432181697997
ar1_phi_0.5,6,13,0.0001220703125,0.013450654977449688
ar1_phi_0.5,6,14,6.103515625e-05,0.00047243123649099036
ar1_phi_0.5,6,15,3.0517578125e-05,-0.024347211045098058
ar1_phi_0.5,6,16,1.52587890625e-05,0.028136815456754224
ar1_phi_0.5,6,17,7.62939453125e-06,-0.08044684153788349
ar1_phi_0.5,6,18,3.814697265625e-06,0.004386952933254305
ar1_phi_0.5,6,19,1.9073486328125e-06,0.018758459856462163
ar1_phi_0.5,6,20,9.5367431640625e-07,-0.006558510311790949
ar1_phi_0.5,7,1,0.5,0.4743912638476853
ar1_phi_0.5,7,2,0.25,0.20824037645832624
ar1_phi_0.5,7,3,0.125,-0.008400354154471941
ar1_phi_0.5,7,4,0.0625,-0.040949471544770286
ar1_phi_0.5,7,5,0.03125,-0.07564554396052317
ar1_phi_0.5,7,6,0.015625,-0.17169682119830326
ar1_phi_0.5,7,7,0.0078125,-0.1245092892882011
ar1_phi_0.5,7,8,0.00390625,-0.09383485414491431
ar1_phi_0.5,7,9,0.001953125,-0.08508286238331081
ar1_phi_0.5,7,10,0.0009765625,-0.09963032471888397
ar1_phi_0.5,7,11,0.00048828125,-0.09455921570605075
ar1_phi_0.5,7,12,0.000244140625,-0.03902368109246977
ar1_phi_0.5,7,13,0.0001220703125,-0.02629625738830516
ar1_phi_0.5,7,14,6.103515625e-05,0.037951950714472465
ar1_phi_0.5,7,15,3.0517578125e-05,-0.015094368967974283
ar1_phi_0.5,7,16,1.52587890625e-05,-0.02045895071068399
ar1_phi_0.5,7,17,7.62939453125e-06,-0.034324221565555126
ar1_phi_0.5,7,18,3.814697265625e-06,-0.019642539030416274
ar1_phi_0.5,7,19,1.9073486328125e-06,0.04062927431196508
ar1_phi_0.5,7,20,9.5367431640625e-07,0.0014337029721147043
ar1_phi_0.5,8,1,0.5,0.49069891592498965
ar1_phi_0.5,8,2,0.25,0.16699314622533915
ar1_phi_0.5,8,3,0.125,0.10990393666863793
ar1_phi_0.5,8,4,0.0625,0.11338253189156709
ar1_phi_0.5,8,5,0.03125,0.11352104311209006
ar1_phi_0.5,8,6,0.015625,0.09868393825461187
ar1_phi_0.5,8,7,0.0078125,0.06422540702334693
ar1_phi_0.5,8,8,0.00390625,0.013878572834852899
ar1_phi_0.5,8,9,0.001953125,0.011503509656824893
ar1_phi_0.5,8,10,0.0009765625,0.027369552363684928
ar1_phi_0.5,8,11,0.00048828125,0.007884345345475096
ar1_phi_0.5,8,12,0.000244140625,-0.04641044957981819
ar1_phi_0.5,8,13,0.0001220703125,-0.03808723375643653
ar1_phi_0.5,8,14,6.103515625e-05,-0.08336764129092045
ar1_phi_0.5,8,15,3.0517578125e-05,-0.0931825865849612
ar1_phi_0.5,8,16,1.52587890625e-05,-0.010645413119691973
ar1_phi_0.5,8,17,7.62939453125e-06,-0.006710807896212873
ar1_phi_0.5,8,18,3.814697265625e-06,-0.09220134098822673
ar1_phi_0.5,8,19,1.9073486328125e-06,-0.08558167091280766
ar1_phi_0.5,8,20,9.5367431640625e-07,-0.0942434780274613
ar1_phi_0.5,9,1,0.5,0.5329092053426475
ar1_phi_0.5,9,2,0.25,0.2866488257208908
ar1_phi_0.5,9,3,0.125,0.1644281515584938
ar1_phi_0.5,9,4,0.0625,0.03489225092389449
ar1_phi_0.5,9,5,0.03125,-0.03557166705024641
ar1_phi_0.5,9,6,0.015625,-0.13215097168763917
ar1_phi_0.5,9,7,0.0078125,-0.15611677000440827
ar1_phi_0.5,9,8,0.00390625,-0.13878289412448022
ar1_phi_0.5,9,9,0.001953125,-0.16096286016577852
ar1_phi_0.5,9,10,0.0009765625,-0.20209350281841787
ar1_phi_0.5,9,11,0.00048828125,-0.19460827093711036
ar1_phi_0.5,9,12,0.000244140625,-0.07809362220268168
ar1_phi_0.5,9,13,0.0001220703125,-0.027054996452883586
ar1_phi_0.5,9,14,6.103515625e-05,-0.022200069663492857
ar1_phi_0.5,9,15,3.0517578125e-05,-0.006652473397577914
ar1_phi_0.5,9,16,1.52587890625e-05,0.03236810646618099
ar1_phi_0.5,9,17,7.62939453125e-06,0.05475079180933488
ar1_phi_0.5,9,18,3.814697265625e-06,0.053173119880401645
ar1_phi_0.5,9,19,1.9073486328125e-06,0.06034166177853817
ar1_phi_0.5,9,20,9.5367431640625e-07,0.03625329864706554
ar1_phi_0.5,10,1,0.5,0.4691363402454938
ar1_phi_0.5,10,2,0.25,0.2503020828871061
ar1_phi_0.5,10,3,0.125,0.08550612968801875
ar1_phi_0.5,10,4,0.0625,0.0684087905088131
ar1_phi_0.5,10,5,0.03125,-0.048328465344021035
ar1_phi_0.5,10,6,0.015625,-0.10526896991588999
ar1_phi_0.5,10,7,0.0078125,-0.021623809433836596
ar1_phi_0.5,10,8,0.00390625,-0.018815155179677818
ar1_phi_0.5,10,9,0.001953125,0.08466461204408743
ar1_phi_0.5,10,10,0.0009765625,0.06522273855054303
ar1_phi_0.5,10,11,0.00048828125,0.04833089835521415
ar1_phi_0.5,10,12,0.000244140625,0.03585929072414505
ar1_phi_0.5,10,13,0.0001220703125,0.02324703513537812
ar1_phi_0.5,10,14,6.103515625e-05,-0.009881403527942461
ar1_phi_0.5,10,15,3.0517578125e-05,-0.023313846828274375
ar1_phi_0.5,10,16,1.52587890625e-05,-0.0983419877177978
ar1_phi_0.5,10,17,7.62939453125e-06,-0.0954809106448123
ar1_phi_0.5,10,18,3.814697265625e-06,-0.06377092067976231
ar1_phi_0.5,10,19,1.9073486328125e-06,-0.00681117151540768
ar1_phi_0.5,10,20,9.5367431640625e-07,0.05174124559808287
ar1_phi_0.5,11,1,0.5,0.5195101977000485
ar1_phi_0.5,11,2,0.25,0.25182162868254726
ar1_phi_0.5,11,3,0.125,0.09624350453608713
ar1_phi_0.5,11,4,0.0625,0.01203926248861931
ar1_phi_0.5,11,5,0.03125,0.0010773007598992223
ar1_phi_0.5,11,6,0.015625,-0.027257196984719234
ar1_phi_0.5,11,7,0.0078125,-0.08102078107673907
ar1_phi_0.5,11,8,0.00390625,-0.06712313635528486
ar1_phi_0.5,11,9,0.001953125,-0.12130487877176596
ar1_phi_0.5,11,10,0.0009765625,-0.0847450744974784
ar1_phi_0.5,11,11,0.00048828125,-0.06431428741329473
ar1_phi_0.5,11,12,0.000244140625,-0.03818441724222641
ar1_phi_0.5,11,13,0.0001220703125,0.03753012791622371
ar1_phi_0.5,11,14,6.103515625e-05,0.05971538149982716
ar1_phi_0.5,11,15,3.0517578125e-05,0.06280474666537049
ar1_phi_0.5,11,16,1.52587890625e-05,0.08829066241328837
ar1_phi_0.5,11,17,7.62939453125e-06,0.04795160857955399
ar1_phi_0.5,11,18,3.814697265625e-06,0.03839071005191836
ar1_phi_0.5,11,19,1.9073486328125e-06,-0.057023254372522335
ar1_phi_0.5,11,20,9.5367431640625e-07,-0.06826339281690359
ar1_phi_0.5,12,1,0.5,0.4246356300603083
ar1_phi_0.5,12,2,0.25,0.18513963390598687
ar1_phi_0.5,12,3,0.125,0.10728996007352078
ar1_phi_0.5,12,4,0.0625,0.0301330887335406
ar1_phi_0.5,12,5,0.03125,0.05152754214473724
ar1_phi_0.5,12,6,0.015625,0.06641903563412573
ar1_phi_0.5,12,7,0.0078125,0.005420453369641161
ar1_phi_0.5,12,8,0.00390625,0.07114444869643119
ar1_phi_0.5,12,9,0.001953125,0.015980802673650676
ar1_phi_0.5,12,10,0.0009765625,-0.06605560760684634
ar1_phi_0.5,12,11,0.00048828125,-0.066185579277855
ar1_phi_0.5,12,12,0.000244140625,-0.033639344013465425
ar1_phi_0.5,12,13,0.0001220703125,-0.03172822486001929
ar1_phi_0.5,12,14,6.103515625e-05,-0.07003782144660356
ar1_phi_0.5,12,15,3.0517578125e-05,-0.04947590136403412
ar1_phi_0.5,12,16,1.52587890625e-05,0.004405180454147085
ar1_phi_0.5,12,17,7.62939453125e-06,0.032840797277408296
ar1_phi_0.5,12,18,3.814697265625e-06,0.08773555956761746
ar1_phi_0.5,12,19,1.9073486328125e-06,0.10551197202115882
ar1_phi_0.5,12,20,9.5367431640625e-07,0.07412723489348996
ar1_phi_0.5,13,1,0.5,0.4256964270025937
ar1_phi_0.5,13,2,0.25,0.1682430797056843
ar1_phi_0.5,13,3,0.125,0.025315135386513678
ar1_phi_0.5,13,4,0.0625,0.035201581911023384
ar1_phi_0.5,13,5,0.03125,-0.0357272138401729
ar1_phi_0.5,13,6,0.015625,0.0069028942944281135
ar1_phi_0.5,13,7,0.0078125,-0.061568507609764386
ar1_phi_0.5,13,8,0.00390625,-0.06222812917098403
ar1_phi_0.5,13,9,0.001953125,-0.015906096967961518
ar1_phi_0.5,13,10,0.0009765625,-0.07878803046466154
ar1_phi_0.5,13,11,0.00048828125,-0.1035992370856108
ar1_phi_0.5,13,12,0.000244140625,-0.0330094271791993
ar1_phi_0.5,13,13,0.0001220703125,-0.032718189161195746
ar1_phi_0.5,13,14,6.103515625e-05,-0.07383254970990151
ar1_phi_0.5,13,15,3.0517578125e-05,-0.04286555505094632
ar1_phi_0.5,13,16,1.52587890625e-05,0.05939280087287627
ar1_phi_0.5,13,17,7.62939453125e-06,0.13752938774255105
ar1_phi_0.5,13,18,3.814697265625e-06,0.09923992631808858
ar1_phi_0.5,13,19,1.9073486328125e-06,-0.017002912547542097
ar1_phi_0.5,13,20,9.5367431640625e-07,-0.09551575747232299
ar1_phi_0.5,14,1,0.5,0.4874539785007379
ar1_phi_0.5,14,2,0.25,0.24136976093881715
ar1_phi_0.5,14,3,0.125,0.10153254143630272
ar1_phi_0.5,14,4,0.0625,0.044157246867671515
ar1_phi_0.5,14,5,0.03125,-0.02457761659647403
ar1_phi_0.5,14,6,0.015625,0.014887437588657548
ar1_phi_0.5,14,7,0.0078125,-0.001963331986721036
ar1_phi_0.5,14,8,0.00390625,0.03902280951310389
ar1_phi_0.5,14,9,0.001953125,0.03293264393933565
ar1_phi_0.5,14,10,0.0009765625,0.06633716105622625
ar1_phi_0.5,14,11,0.00048828125,0.015252391900140877
ar1_phi_0.5,14,12,0.000244140625,0.04101633561969392
ar1_phi_0.5,14,13,0.0001220703125,0.002191585646233126
ar1_phi_0.5,14,14,6.103515625e-05,-0.042665422865231055
ar1_phi_0.5,14,15,3.0517578125e-05,-0.05991203513995042
ar1_phi_0.5,14,16,1.52587890625e-05,-0.05984237221950344
ar1_phi_0.5,14,17,7.62939453125e-06,-0.05684671648326248
ar1_phi_0.5,14,18,3.814697265625e-06,-0.08648915097375276
ar1_phi_0.5,14,19,1.9073486328125e-06,0.008785077584877852
ar1_phi_0.5,14,20,9.5367431640625e-07,-0.012183349730648232
ar1_phi_0.5,15,1,0.5,0.4153753123807493
ar1_phi_0.5,15,2,0.25,0.13854564715443432
ar1_phi_0.5,15,3,0.125,0.00928833197684129
ar1_phi_0.5,15,4,0.0625,-0.05259615508782876
ar1_phi_0.5,15,5,0.03125,-0.002677699744068435
ar1_phi_0.5,15,6,0.015625,0.03153752688079646
ar1_phi_0.5,15,7,0.0078125,0.016397055347742776
ar1_phi_0.5,15,8,0.00390625,0.01953794327126707
ar1_phi_0.5,15,9,0.001953125,0.004987653060520489
ar1_phi_0.5,15,10,0.0009765625,0.10580194895335893
ar1_phi_0.5,15,11,0.00048828125,0.09483374515395324
ar1_phi_0.5,15,12,0.000244140625,0.1214629721693064
ar1_phi_0.5,15,13,0.0001220703125,0.09682268436969634
ar1_phi_0.5,15,14,6.103515625e-05,-0.015749302409678624
ar1_phi_0.5,15,15,3.0517578125e-05,-0.013909484245880493
ar1_phi_0.5,15,16,1.52587890625e-05,-0.06726161774447142
ar1_phi_0.5,15,17,7.62939453125e-06,-0.08603106858728313
ar1_phi_0.5,15,18,3.814697265625e-06,-0.03701152620967314
ar1_phi_0.5,15,19,1.9073486328125e-06,0.0478165014289103
ar1_phi_0.5,15,20,9.5367431640625e-07,0.15538991376109684
ar1_phi_0.5,16,1,0.5,0.5945205379702074
ar1_phi_0.5,16,2,0.25,0.3149649908053954
ar1_phi_0.5,16,3,0.125,0.13863907496329717
ar1_phi_0.5,16,4,0.0625,0.029184875528059463
ar1_phi_0.5,16,5,0.03125,-0.029887178891601876
ar1_phi_0.5,16,6,0.015625,-0.08718530986350378
ar1_phi_0.5,16,7,0.0078125,-0.05806251878066922
ar1_phi_0.5,16,8,0.00390625,-0.006159071652385224
ar1_phi_0.5,16,9,0.001953125,0.01393434477240259
ar1_phi_0.5,16,10,0.0009765625,-0.01592443699614638
ar1_phi_0.5,16,11,0.00048828125,-0.030416592597340336
ar1_phi_0.5,16,12,0.000244140625,0.04630418945318182
ar1_phi_0.5,16,13,0.0001220703125,-0.008855938707053725
ar1_phi_0.5,16,14,6.103515625e-05,0.020856838505197112
ar1_phi_0.5,16,15,3.0517578125e-05,0.04817735590411225
ar1_phi_0.5,16,16,1.52587890625e-05,0.028251570162455657
ar1_phi_0.5,16,17,7.62939453125e-06,0.019427041931078432
ar1_phi_0.5,16,18,3.814697265625e-06,0.05294568430309534
ar1_phi_0.5,16,19,1.9073486328125e-06,-0.004040891598981911
ar1_phi_0.5,16,20,9.5367431640625e-07,-0.08150716610227855
ar1_phi_0.5,17,1,0.5,0.46324029443250037
ar1_phi_0.5,17,2,0.25,0.21147771916094482
ar1_phi_0.5,17,3,0.125,0.014326384285919005
ar1_phi_0.5,17,4,0.0625,-0.06424546363440439
ar1_phi_0.5,17,5,0.03125,-0.07306193830631538
ar1_phi_0.5,17,6,0.015625,-0.08258830114109873
ar1_phi_0.5,17,7,0.0078125,-0.03592550487081687
ar1_phi_0.5,17,8,0.00390625,-0.0015849367731757742
ar1_phi_0.5,17,9,0.001953125,0.06021124058511329
ar1_phi_0.5,17,10,0.0009765625,0.08053984826405548
ar1_phi_0.5,17,11,0.00048828125,0.0870269022119177
ar1_phi_0.5,17,12,0.000244140625,-0.015458021953625114
ar1_phi_0.5,17,13,0.0001220703125,-0.07337605115768729
ar1_phi_0.5,17,14,6.103515625e-05,-0.06540967707914641
ar1_phi_0.5,17,15,3.0517578125e-05,-0.0024937993070085307
ar1_phi_0.5,17,16,1.52587890625e-05,-0.03418595528605713
ar1_phi_0.5,17,17,7.62939453125e-06,-0.03725468374179192
ar1_phi_0.5,17,18,3.814697265625e-06,-0.07668624802452396
ar1_phi_0.5,17,19,1.9073486328125e-06,-0.036377099136394496
ar1_phi_0.5,17,20,9.5367431640625e-07,-0.06258321429322167
ar1_phi_0.5,18,1,0.5,0.4917033787684312
ar1_phi_0.5,18,2,0.25,0.216349262379267
ar1_phi_0.5,18,3,0.125,0.08793251330663643
ar1_phi_0.5,18,4,0.0625,0.03065280347426861
ar1_phi_0.5,18,5,0.03125,-0.01088843728407693
ar1_phi_0.5,18,6,0.015625,0.02034680068960043
ar1_phi_0.5,18,7,0.0078125,-0.007052815135833177
ar1_phi_0.5,18,8,0.00390625,-0.011280239181236124
ar1_phi_0.5,18,9,0.001953125,0.051275636299498134
ar1_phi_0.5,18,10,0.0009765625,0.09012422020255251
ar1_phi_0.5,18,11,0.00048828125,0.11342031899967212
ar1_phi_0.5,18,12,0.000244140625,0.04635810813904336
ar1_phi_0.5,18,13,0.0001220703125,-0.045822003207964715
ar1_phi_0.5,18,14,6.103515625e-05,-0.14128355271506857
ar1_phi_0.5,18,15,3.0517578125e-05,-0.07284151707505837
ar1_phi_0.5,18,16,1.52587890625e-05,-0.029589103588789308
ar1_phi_0.5,18,17,7.62939453125e-06,-0.024269341011830717
ar1_phi_0.5,18,18,3.814697265625e-06,-0.05300942680609261
ar1_phi_0.5,18,19,1.9073486328125e-06,-0.07124252864752145
ar1_phi_0.5,18,20,9.5367431640625e-07,-0.1241929975258916
ar1_phi_0.5,19,1,0.5,0.5008632810895584
ar1_phi_0.5,19,2,0.25,0.29780899525520244
ar1_phi_0.5,19,3,0.125,0.18740233360117167
ar1_phi_0.5,19,4,0.0625,0.0417016043171286
ar1_phi_0.5,19,5,0.03125,0.017988718484116765
ar1_phi_0.5,19,6,0.015625,0.0019334062589152982
ar1_phi_0.5,19,7,0.0078125,-0.03549312005548524
ar1_phi_0.5,19,8,0.00390625,-0.10199738174091243
ar1_phi_0.5,19,9,0.001953125,-0.14394176811153156
ar1_phi_0.5,19,10,0.0009765625,-0.108103083389054
ar1_phi_0.5,19,11,0.00048828125,-0.09875149485103336
ar1_phi_0.5,19,12,0.000244140625,-0.09964186996130678
ar1_phi_0.5,19,13,0.0001220703125,-0.0677463790972685
ar1_phi_0.5,19,14,6.103515625e-05,-0.05404979997484865
ar1_phi_0.5,19,15,3.0517578125e-05,0.04319155351497284
ar1_phi_0.5,19,16,1.52587890625e-05,0.07849397718536932
ar1_phi_0.5,19,17,7.62939453125e-06,0.12600697311815032
ar1_phi_0.5,19,18,3.814697265625e-06,0.05755399879817714
ar1_phi_0.5,19,19,1.9073486328125e-06,0.06722393451666431
ar1_phi_0.5,19,20,9.5367431640625e-07,0.10085820187973606
ar1_phi_0.5,20,1,0.5,0.5012727063203092
ar1_phi_0.5,20,2,0.25,0.3008650192469417
ar1_phi_0.5,20,3,0.125,0.1997779839550566
ar1_phi_0.5,20,4,0.0625,0.10793045609383052
ar1_phi_0.5,20,5,0.03125,0.08086264724707615
ar1_phi_0.5,20,6,0.015625,0.08913966640171138
ar1_phi_0.5,20,7,0.0078125,0.03445588803769804
ar1_phi_0.5,20,8,0.00390625,0.05616295244123799
ar1_phi_0.5,20,9,0.001953125,0.060137991607894556
ar1_phi_0.5,20,10,0.0009765625,0.03082686519074664
ar1_phi_0.5,20,11,0.00048828125,0.016797634453404705
ar1_phi_0.5,20,12,0.000244140625,-0.016305917201004796
ar1_phi_0.5,20,13,0.0001220703125,-0.002709680817496485
ar1_phi_0.5,20,14,6.103515625e-05,0.02827062652923863
ar1_phi_0.5,20,15,3.0517578125e-05,-0.01315013966137222
ar1_phi_0.5,20,16,1.52587890625e-05,-0.01410035807116613
ar1_phi_0.5,20,17,7.62939453125e-06,0.04393373898354046
ar1_phi_0.5,20,18,3.814697265625e-06,-0.014716032977561
ar1_phi_0.5,20,19,1.9073486328125e-06,-0.021846339088152728
ar1_phi_0.5,20,20,9.5367431640625e-07,-0.01632514309758501
ar1_phi_0.5,21,1,0.5,0.49226569287941885
ar1_phi_0.5,21,2,0.25,0.22197168474807727
ar1_phi_0.5,21,3,0.125,0.1301057413869334
ar1_phi_0.5,21,4,0.0625,0.15525790810287382
ar1_phi_0.5,21,5,0.03125,0.1293241594519534
ar1_phi_0.5,21,6,0.015625,0.09709504496459671
ar1_phi_0.5,21,7,0.0078125,0.167317946855859
ar1_phi_0.5,21,8,0.00390625,0.2148143572136073
ar1_phi_0.5,21,9,0.001953125,0.18654289294101398
ar1_phi_0.5,21,10,0.0009765625,0.03521097456174355
ar1_phi_0.5,21,11,0.00048828125,-0.05119180077008976
ar1_phi_0.5,21,12,0.000244140625,-0.0064794207586183795
ar1_phi_0.5,21,13,0.0001220703125,0.02682427241882369
ar1_phi_0.5,21,14,6.103515625e-05,0.011797840722891886
ar1_phi_0.5,21,15,3.0517578125e-05,-0.029693212281667627
ar1_phi_0.5,21,16,1.52587890625e-05,0.0117293311834488
ar1_phi_0.5,21,17,7.62939453125e-06,-0.029247110679439123
ar1_phi_0.5,21,18,3.814697265625e-06,-0.09075864885214216
ar1_phi_0.5,21,19,1.9073486328125e-06,-0.11090818909578636
ar1_phi_0.5,21,20,9.5367431640625e-07,-0.0893868292352644
ar1_phi_0.5,22,1,0.5,0.49802870895818785
ar1_phi_0.5,22,2,0.25,0.2697886355911244
ar1_phi_0.5,22,3,0.125,0.15441150107785181
ar1_phi_0.5,22,4,0.0625,0.12866355358475595
ar1_phi_0.5,22,5,0.03125,0.09776535325110598
ar1_phi_0.5,22,6,0.015625,0.06061938862284694
ar1_phi_0.5,22,7,0.0078125,0.04306836754280652
ar1_phi_0.5,22,8,0.00390625,0.04840809027682689
ar1_phi_0.5,22,9,0.001953125,-0.0843696208066095
ar1_phi_0.5,22,10,0.0009765625,-0.0825485220980235
ar1_phi_0.5,22,11,0.00048828125,-0.14346727495158756
ar1_phi_0.5,22,12,0.000244140625,-0.16094398851203603
ar1_phi_0.5,22,13,0.0001220703125,-0.10469171668120852
ar1_phi_0.5,22,14,6.103515625e-05,-0.09642376705359795
ar1_phi_0.5,22,15,3.0517578125e-05,-0.07187213519411291
ar1_phi_0.5,22,16,1.52587890625e-05,-0.04667489278871256
ar1_phi_0.5,22,17,7.62939453125e-06,-0.020338018159979793
ar1_phi_0.5,22,18,3.814697265625e-06,-0.019812552437491276
ar1_phi_0.5,22,19,1.9073486328125e-06,0.07606418895907222
ar1_phi_0.5,22,20,9.5367431640625e-07,0.036029260886228445
ar1_phi_0.5,23,1,0.5,0.5597248247042188
ar1_phi_0.5,23,2,0.25,0.30398305007471077
ar1_phi_0.5,23,3,0.125,0.15558985407848122
ar1_phi_0.5,23,4,0.0625,-8.140529395251626e-05
ar1_phi_0.5,23,5,0.03125,-0.07302741499091053
ar1_phi_0.5,23,6,0.015625,-0.10249853635805833
ar1_phi_0.5,23,7,0.0078125,-0.11648548114402145
ar1_phi_0.5,23,8,0.00390625,-0.07220834702780186
ar1_phi_0.5,23,9,0.001953125,-0.06812931140091137
ar1_phi_0.5,23,10,0.0009765625,-0.06322617107986045
ar1_phi_0.5,23,11,0.00048828125,-0.02902394295171621
ar1_phi_0.5,23,12,0.000244140625,-0.07241325545397845
ar1_phi_0.5,23,13,0.0001220703125,-0.04397540728968917
ar1_phi_0.5,23,14,6.103515625e-05,0.027854279393224202
ar1_phi_0.5,23,15,3.0517578125e-05,0.013328416949283833
ar1_phi_0.5,23,16,1.52587890625e-05,-0.009936504179375803
ar1_phi_0.5,23,17,7.62939453125e-06,-0.01164221306984506
ar1_phi_0.5,23,18,3.814697265625e-06,-0.039779319653480485
ar1_phi_0.5,23,19,1.9073486328125e-06,-0.05891187035620521
ar1_phi_0.5,23,20,9.5367431640625e-07,-0.0336093323697049
ar1_phi_0.5,24,1,0.5,0.5313314476420257
ar1_phi_0.5,24,2,0.25,0.3396908959646586
ar1_phi_0.5,24,3,0.125,0.22068883223409774
ar1_phi_0.5,24,4,0.0625,0.16367968065198835
ar1_phi_0.5,24,5,0.03125,0.06830104730400423
ar1_phi_0.5,24,6,0.015625,0.04231382320740056
ar1_phi_0.5,24,7,0.0078125,0.10299677732466958
ar1_phi_0.5,24,8,0.00390625,0.0671014019195203
ar1_phi_0.5,24,9,0.001953125,0.0805204813598733
ar1_phi_0.5,24,10,0.0009765625,0.011483084734492654
ar1_phi_0.5,24,11,0.00048828125,0.032017968308627826
ar1_phi_0.5,24,12,0.000244140625,-0.02729475372384177
ar1_phi_0.5,24,13,0.0001220703125,0.02025454651999165
ar1_phi_0.5,24,14,6.103515625e-05,0.06747678361548361
ar1_phi_0.5,24,15,3.0517578125e-05,0.09889129061261989
ar1_phi_0.5,24,16,1.52587890625e-05,0.14304067043335805
ar1_phi_0.5,24,17,7.62939453125e-06,0.09734543871546517
ar1_phi_0.5,24,18,3.814697265625e-06,0.03265534065489139
ar1_phi_0.5,24,19,1.9073486328125e-06,-0.06784416378152457
ar1_phi_0.5,24,20,9.5367431640625e-07,-0.049557468114845356
ar1_phi_0.5,25,1,0.5,0.5027044562130817
ar1_phi_0.5,25,2,0.25,0.27838371991591865
ar1_phi_0.5,25,3,0.125,0.061232020973436274
ar1_phi_0.5,25,4,0.0625,-0.043822232492385045
ar1_phi_0.5,25,5,0.03125,0.006296658117459388
ar1_phi_0.5,25,6,0.015625,0.003966843732639319
ar1_phi_0.5,25,7,0.0078125,0.024051152648520042
ar1_phi_0.5,25,8,0.00390625,0.0024643711166329628
ar1_phi_0.5,25,9,0.001953125,-0.06060156955260163
ar1_phi_0.5,25,10,0.0009765625,0.0053710447729551115
ar1_phi_0.5,25,11,0.00048828125,0.012362252565216562
ar1_phi_0.5,25,12,0.000244140625,0.015417683590959528
ar1_phi_0.5,25,13,0.0001220703125,0.0155554670891478
ar1_phi_0.5,25,14,6.103515625e-05,-0.000617798652397261
ar1_phi_0.5,25,15,3.0517578125e-05,-0.0722946048454749
ar1_phi_0.5,25,16,1.52587890625e-05,-0.12203671525704225
ar1_phi_0.5,25,17,7.62939453125e-06,-0.16118301144648237
ar1_phi_0.5,25,18,3.814697265625e-06,-0.11778336878611906
ar1_phi_0.5,25,19,1.9073486328125e-06,-0.09063976903567379
ar1_phi_0.5,25,20,9.5367431640625e-07,-0.1185751756033209
ar1_phi_0.5,26,1,0.5,0.45536123065737477
ar1_phi_0.5,26,2,0.25,0.201221445218038
ar1_phi_0.5,26,3,0.125,0.09480068423704167
ar1_phi_0.5,26,4,0.0625,0.060977992304662214
ar1_phi_0.5,26,5,0.03125,0.02234498338444663
ar1_phi_0.5,26,6,0.015625,0.07516987582481194
ar1_phi_0.5,26,7,0.0078125,0.07009639546947306
ar1_phi_0.5,26,8,0.00390625,0.04299348633071904
ar1_phi_0.5,26,9,0.001953125,0.0922578035925142
ar1_phi_0.5,26,10,0.0009765625,0.06247738150939768
ar1_phi_0.5,26,11,0.00048828125,0.07677828929969156
ar1_phi_0.5,26,12,0.000244140625,-0.055564024165467976
ar1_phi_0.5,26,13,0.0001220703125,-0.05451356750139217
ar1_phi_0.5,26,14,6.103515625e-05,-0.005147168148057761
ar1_phi_0.5,26,15,3.0517578125e-05,0.05865172743064251
ar1_phi_0.5,26,16,1.52587890625e-05,0.0477721691351082
ar1_phi_0.5,26,17,7.62939453125e-06,-0.03422083502667215
ar1_phi_0.5,26,18,3.814697265625e-06,-0.07751379431686742
ar1_phi_0.5,26,19,1.9073486328125e-06,-0.07825716626094434
ar1_phi_0.5,26,20,9.5367431640625e-07,-0.042385309671522355
ar1_phi_0.5,27,1,0.5,0.5322619015846867
ar1_phi_0.5,27,2,0.25,0.2429239086609039
ar1_phi_0.5,27,3,0.125,0.11656653053702534
ar1_phi_0.5,27,4,0.0625,0.1274658336888982
ar1_phi_0.5,27,5,0.03125,0.09109510144136142
ar1_phi_0.5,27,6,0.015625,0.05594648503895097
ar1_phi_0.5,27,7,0.0078125,0.07800154666244209
ar1_phi_0.5,27,8,0.00390625,-0.004667338861258354
ar1_phi_0.5,27,9,0.001953125,-0.02487567497638098
ar1_phi_0.5,27,10,0.0009765625,-0.03031563109741714
ar1_phi_0.5,27,11,0.00048828125,0.005469272006833829
ar1_phi_0.5,27,12,0.000244140625,-0.009848724036683307
ar1_phi_0.5,27,13,0.0001220703125,-0.003374925261230391
ar1_phi_0.5,27,14,6.103515625e-05,-0.028534931280814645
ar1_phi_0.5,27,15,3.0517578125e-05,-0.04299251146946013
ar1_phi_0.5,27,16,1.52587890625e-05,-0.057219808669693055
ar1_phi_0.5,27,17,7.62939453125e-06,-0.017736274393310027
ar1_phi_0.5,27,18,3.814697265625e-06,-0.004811602459788851
ar1_phi_0.5,27,19,1.9073486328125e-06,0.012453981429339392
ar1_phi_0.5,27,20,9.5367431640625e-07,0.029990097839416544
ar1_phi_0.5,28,1,0.5,0.3991414720072655
ar1_phi_0.5,28,2,0.25,0.17705870867570447
ar1_phi_0.5,28,3,0.125,0.03179878819615592
ar1_phi_0.5,28,4,0.0625,0.029463863318929962
ar1_phi_0.5,28,5,0.03125,0.0049448206029862034
ar1_phi_0.5,28,6,0.015625,0.025214638744046433
ar1_phi_0.5,28,7,0.0078125,0.0840654929873948
ar1_phi_0.5,28,8,0.00390625,0.04790741801019094
ar1_phi_0.5,28,9,0.001953125,0.11590375179778802
ar1_phi_0.5,28,10,0.0009765625,0.04549321858849621
ar1_phi_0.5,28,11,0.00048828125,0.0005211772991115234
ar1_phi_0.5,28,12,0.000244140625,0.04483265071201718
ar1_phi_0.5,28,13,0.0001220703125,0.0755043936490138
ar1_phi_0.5,28,14,6.103515625e-05,0.10291828882343372
ar1_phi_0.5,28,15,3.0517578125e-05,0.060024508274572515
ar1_phi_0.5,28,16,1.52587890625e-05,0.14634122858121587
ar1_phi_0.5,28,17,7.62939453125e-06,0.1447672768306891
ar1_phi_0.5,28,18,3.814697265625e-06,0.06311734721293553
ar1_phi_0.5,28,19,1.9073486328125e-06,-0.0536942268427423
ar1_phi_0.5,28,20,9.5367431640625e-07,-0.06664857502958602
ar1_phi_0.5,29,1,0.5,0.5377636615740401
ar1_phi_0.5,29,2,0.25,0.20639476528725564
ar1_phi_0.5,29,3,0.125,0.1159392762936888
ar1_phi_0.5,29,4,0.0625,0.04150057022184844
ar1_phi_0.5,29,5,0.03125,-0.00747695715303562
ar1_phi_0.5,29,6,0.015625,0.04331540631612642
ar1_phi_0.5,29,7,0.0078125,0.04713602561740212
ar1_phi_0.5,29,8,0.00390625,-0.053436494236106906
ar1_phi_0.5,29,9,0.001953125,-0.07950936233176994
ar1_phi_0.5,29,10,0.0009765625,0.040095228851661446
ar1_phi_0.5,29,11,0.00048828125,0.05090896586282027
ar1_phi_0.5,29,12,0.000244140625,0.02817238313045539
ar1_phi_0.5,29,13,0.0001220703125,0.05681409644511981
ar1_phi_0.5,29,14,6.103515625e-05,0.13613146320598316
ar1_phi_0.5,29,15,3.0517578125e-05,0.08460329819809448
ar1_phi_0.5,29,16,1.52587890625e-05,0.043392435130833275
ar1_phi_0.5,29,17,7.62939453125e-06,0.11755978526571631
ar1_phi_0.5,29,18,3.814697265625e-06,0.11980287605788872
ar1_phi_0.5,29,19,1.9073486328125e-06,0.12478511620116071
ar1_phi_0.5,29,20,9.5367431640625e-07,0.13785328031509722
ar1_phi_0.5,30,1,0.5,0.43512593654413345
ar1_phi_0.5,30,2,0.25,0.18958908433386915
ar1_phi_0.5,30,3,0.125,0.11736883326275876
ar1_phi_0.5,30,4,0.0625,0.0323252169664439
ar1_phi_0.5,30,5,0.03125,0.023052102782463165
ar1_phi_0.5,30,6,0.015625,0.012420488003942682
ar1_phi_0.5,30,7,0.0078125,-0.07162083364879615
ar1_phi_0.5,30,8,0.00390625,-0.06895840206635301
ar1_phi_0.5,30,9,0.001953125,-0.03723991431287272
ar1_phi_0.5,30,10,0.0009765625,-0.0036748160638618837
ar1_phi_0.5,30,11,0.00048828125,-0.03648190501732003
ar1_phi_0.5,30,12,0.000244140625,0.0021784198000373432
ar1_phi_0.5,30,13,0.0001220703125,0.01501059910208215
ar1_phi_0.5,30,14,6.103515625e-05,0.06756541143811937
ar1_phi_0.5,30,15,3.0517578125e-05,-0.00020716970961030375
ar1_phi_0.5,30,16,1.52587890625e-05,-0.008969988621864182
ar1_phi_0.5,30,17,7.62939453125e-06,-0.005143160599655665
ar1_phi_0.5,30,18,3.814697265625e-06,-0.08087077422803005
ar1_phi_0.5,30,19,1.9073486328125e-06,-0.06434648786688872
ar1_phi_0.5,30,20,9.5367431640625e-07,-0.023728175427059333
ar1_phi_0.5,31,1,0.5,0.4158740027579953
ar1_phi_0.5,31,2,0.25,0.23362975313405857
ar1_phi_0.5,31,3,0.125,0.17072072591647858
ar1_phi_0.5,31,4,0.0625,0.13965882442245298
ar1_phi_0.5,31,5,0.03125,0.07084067707609247
ar1_phi_0.5,31,6,0.015625,0.048058262025047475
ar1_phi_0.5,31,7,0.0078125,0.07415500275049346
ar1_phi_0.5,31,8,0.00390625,0.1092412616033895
ar1_phi_0.5,31,9,0.001953125,0.01132845699623678
ar1_phi_0.5,31,10,0.0009765625,0.13170711951437664
ar1_phi_0.5,31,11,0.00048828125,0.14743068627615669
ar1_phi_0.5,31,12,0.000244140625,0.0868759182791753
ar1_phi_0.5,31,13,0.0001220703125,0.028908475096645694
ar1_phi_0.5,31,14,6.103515625e-05,0.05405313301349483
ar1_phi_0.5,31,15,3.0517578125e-05,0.06775156078633499
ar1_phi_0.5,31,16,1.52587890625e-05,0.04549603599526116
ar1_phi_0.5,31,17,7.62939453125e-06,-0.025552760652326194
ar1_phi_0.5,31,18,3.814697265625e-06,0.07592842743357997
ar1_phi_0.5,31,19,1.9073486328125e-06,-0.033102562953395455
ar1_phi_0.5,31,20,9.5367431640625e-07,-0.05854276988752706
ar1_phi_0.5,32,1,0.5,0.5242313705748772
ar1_phi_0.5,32,2,0.25,0.2871385080534767
ar1_phi_0.5,32,3,0.125,0.1706995693299407
ar1_phi_0.5,32,4,0.0625,0.13833665387012523
ar1_phi_0.5,32,5,0.03125,0.14624401538269038
ar1_phi_0.5,32,6,0.015625,0.12940801003031974
ar1_phi_0.5,32,7,0.0078125,0.12492105374716274
ar1_phi_0.5,32,8,0.00390625,0.13930725927857737
ar1_phi_0.5,32,9,0.001953125,0.09968494360753888
ar1_phi_0.5,32,10,0.0009765625,0.020424621656345347
ar1_phi_0.5,32,11,0.00048828125,-0.007284044803640982
ar1_phi_0.5,32,12,0.000244140625,-0.011129983821392603
ar1_phi_0.5,32,13,0.0001220703125,-0.045234589414076536
ar1_phi_0.5,32,14,6.103515625e-05,-0.017544764242603546
ar1_phi_0.5,32,15,3.0517578125e-05,0.0784749016206981
ar1_phi_0.5,32,16,1.52587890625e-05,0.03603676833655269
ar1_phi_0.5,32,17,7.62939453125e-06,-0.028998066542362318
ar1_phi_0.5,32,18,3.814697265625e-06,-0.06493503593365922
ar1_phi_0.5,32,19,1.9073486328125e-06,-0.011225997055742539
ar1_phi_0.5,32,20,9.5367431640625e-07,0.005135879731193223
ar1_phi_0.5,33,1,0.5,0.5724517345356774
ar1_phi_0.5,33,2,0.25,0.35396574591307534
ar1_phi_0.5,33,3,0.125,0.2238861991335856
ar1_phi_0.5,33,4,0.0625,0.12584165331996588
ar1_phi_0.5,33,5,0.03125,0.015782761682243806
ar1_phi_0.5,33,6,0.015625,0.01844690046706909
ar1_phi_0.5,33,7,0.0078125,0.04525971249605094
ar1_phi_0.5,33,8,0.00390625,0.030404076058745223
ar1_phi_0.5,33,9,0.001953125,0.02378235641266539
ar1_phi_0.5,33,10,0.0009765625,-0.008980305934760412
ar1_phi_0.5,33,11,0.00048828125,0.03375258887130707
ar1_phi_0.5,33,12,0.000244140625,0.03633128859089116
ar1_phi_0.5,33,13,0.0001220703125,0.10549445165759623
ar1_phi_0.5,33,14,6.103515625e-05,0.08554593647685382
ar1_phi_0.5,33,15,3.0517578125e-05,0.08538648836965769
ar1_phi_0.5,33,16,1.52587890625e-05,0.04216669659307804
ar1_phi_0.5,33,17,7.62939453125e-06,0.0029242474636118954
ar1_phi_0.5,33,18,3.814697265625e-06,0.006813801435165822
ar1_phi_0.5,33,19,1.9073486328125e-06,0.03815028236313321
ar1_phi_0.5,33,20,9.5367431640625e-07,0.17028023680388968
ar1_phi_0.5,34,1,0.5,0.45081730142567095
ar1_phi_0.5,34,2,0.25,0.07298504915176904
ar1_phi_0.5,34,3,0.125,-0.011618200157792179
ar1_phi_0.5,34,4,0.0625,0.01237906370568842
ar1_phi_0.5,34,5,0.03125,0.05123190610881395
ar1_phi_0.5,34,6,0.015625,0.052693363315472024
ar1_phi_0.5,34,7,0.0078125,0.04371885756622642
ar1_phi_0.5,34,8,0.00390625,-0.0016050957476859832
ar1_phi_0.5,34,9,0.001953125,-0.07027673192449528
ar1_phi_0.5,34,10,0.0009765625,-0.05497145549639364
ar1_phi_0.5,34,11,0.00048828125,0.006671536410849831
ar1_phi_0.5,34,12,0.000244140625,-0.030296717365012008
ar1_phi_0.5,34,13,0.0001220703125,-0.06610548141657047
ar1_phi_0.5,34,14,6.103515625e-05,-0.060312085195393564
ar1_phi_0.5,34,15,3.0517578125e-05,-0.019608736662017578
ar1_phi_0.5,34,16,1.52587890625e-05,0.02415056925885251
ar1_phi_0.5,34,17,7.62939453125e-06,-0.03501524464406274
ar1_phi_0.5,34,18,3.814697265625e-06,-0.11769069034070061
ar1_phi_0.5,34,19,1.9073486328125e-06,-0.09145138796357814
ar1_phi_0.5,34,20,9.5367431640625e-07,-0.07264472251057241
ar1_phi_0.5,35,1,0.5,0.41808606827137695
ar1_phi_0.5,35,2,0.25,0.20387406185612886
ar1_phi_0.5,35,3,0.125,0.06425215663953746
ar1_phi_0.5,35,4,0.0625,-0.013076655455477728
ar1_phi_0.5,35,5,0.03125,-0.0358421136642423
ar1_phi_0.5,35,6,0.015625,0.021532590771960694
ar1_phi_0.5,35,7,0.0078125,-0.007027435728377646
ar1_phi_0.5,35,8,0.00390625,0.07501058628759631
ar1_phi_0.5,35,9,0.001953125,0.12037355354431808
ar1_phi_0.5,35,10,0.0009765625,0.18017952409281018
ar1_phi_0.5,35,11,0.00048828125,0.1456674427499457
ar1_phi_0.5,35,12,0.000244140625,0.0976110765769622
ar1_phi_0.5,35,13,0.0001220703125,-0.012099559841080238
ar1_phi_0.5,35,14,6.103515625e-05,0.032912256036970615
ar1_phi_0.5,35,15,3.0517578125e-05,-0.06152305825485769
ar1_phi_0.5,35,16,1.52587890625e-05,-0.03494667450438073
ar1_phi_0.5,35,17,7.62939453125e-06,-0.05785199363192978
ar1_phi_0.5,35,18,3.814697265625e-06,-0.005460345885115609
ar1_phi_0.5,35,19,1.9073486328125e-06,0.0312855378819726
ar1_phi_0.5,35,20,9.5367431640625e-07,0.05011784230354475
ar1_phi_0.5,36,1,0.5,0.35838309916096855
ar1_phi_0.5,36,2,0.25,0.18702442063015967
ar1_phi_0.5,36,3,0.125,0.03120911875958392
ar1_phi_0.5,36,4,0.0625,0.03597138583022719
ar1_phi_0.5,36,5,0.03125,0.0697657613386479
ar1_phi_0.5,36,6,0.015625,-0.01863339175788798
ar1_phi_0.5,36,7,0.0078125,0.06411268313862525
ar1_phi_0.5,36,8,0.00390625,-0.046448821460087567
ar1_phi_0.5,36,9,0.001953125,-0.01897815348270332
ar1_phi_0.5,36,10,0.0009765625,-0.052748306056787965
ar1_phi_0.5,36,11,0.00048828125,-0.07707049857383566
ar1_phi_0.5,36,12,0.000244140625,0.012447107728400566
ar1_phi_0.5,36,13,0.0001220703125,-0.09912289909582586
ar1_phi_0.5,36,14,6.103515625e-05,-0.07212520577817273
ar1_phi_0.5,36,15,3.0517578125e-05,-0.09696560784534626
ar1_phi_0.5,36,16,1.52587890625e-05,-0.006019189753786343
ar1_phi_0.5,36,17,7.62939453125e-06,-0.012636605886857584
ar1_phi_0.5,36,18,3.814697265625e-06,-0.07063199837541204
ar1_phi_0.5,36,19,1.9073486328125e-06,0.005517071689195526
ar1_phi_0.5,36,20,9.5367431640625e-07,-0.019474860822010335
ar1_phi_0.5,37,1,0.5,0.44308385508066067
ar1_phi_0.5,37,2,0.25,0.19022347527048608
ar1_phi_0.5,37,3,0.125,0.025919643644662493
ar1_phi_0.5,37,4,0.0625,-0.027472116591434458
ar1_phi_0.5,37,5,0.03125,-0.03243610941142914
ar1_phi_0.5,37,6,0.015625,0.011148996950651989
ar1_phi_0.5,37,7,0.0078125,-0.026097720238694718
ar1_phi_0.5,37,8,0.00390625,-0.0464678339824351
ar1_phi_0.5,37,9,0.001953125,-0.021160823335842818
ar1_phi_0.5,37,10,0.0009765625,0.0003935775289118632
ar1_phi_0.5,37,11,0.00048828125,0.01613067833071741
ar1_phi_0.5,37,12,0.000244140625,-0.024771498308962015
ar1_phi_0.5,37,13,0.0001220703125,0.010749407964785209
ar1_phi_0.5,37,14,6.103515625e-05,0.04699821527355482
ar1_phi_0.5,37,15,3.0517578125e-05,0.05904956158003452
ar1_phi_0.5,37,16,1.52587890625e-05,0.0018699570175622756
ar1_phi_0.5,37,17,7.62939453125e-06,0.050938492737833366
ar1_phi_0.5,37,18,3.814697265625e-06,0.11120189569691614
ar1_phi_0.5,37,19,1.9073486328125e-06,0.06734282639695637
ar1_phi_0.5,37,20,9.5367431640625e-07,0.09807175905727333
ar1_phi_0.5,38,1,0.5,0.5217044413260364
ar1_phi_0.5,38,2,0.25,0.2488092590058778
ar1_phi_0.5,38,3,0.125,0.07879019536408782
ar1_phi_0.5,38,4,0.0625,0.05676923055526882
ar1_phi_0.5,38,5,0.03125,0.04130089686760075
ar1_phi_0.5,38,6,0.015625,0.03868025481595338
ar1_phi_0.5,38,7,0.0078125,0.08620902331459405
ar1_phi_0.5,38,8,0.00390625,0.05849800337568683
ar1_phi_0.5,38,9,0.001953125,0.020809561056545894
ar1_phi_0.5,38,10,0.0009765625,-0.08384871755641572
ar1_phi_0.5,38,11,0.00048828125,-0.050459731091989354
ar1_phi_0.5,38,12,0.000244140625,-0.061624778039103205
ar1_phi_0.5,38,13,0.0001220703125,-0.047339781932333534
ar1_phi_0.5,38,14,6.103515625e-05,-0.07078953291367968
ar1_phi_0.5,38,15,3.0517578125e-05,-0.08777496491758953
ar1_phi_0.5,38,16,1.52587890625e-05,-0.0771060209421889
ar1_phi_0.5,38,17,7.62939453125e-06,-0.09209069119221834
ar1_phi_0.5,38,18,3.814697265625e-06,-0.05308958853102107
ar1_phi_0.5,38,19,1.9073486328125e-06,-0.0038332041849125148
ar1_phi_0.5,38,20,9.5367431640625e-07,0.04015841828506574
ar1_phi_0.5,39,1,0.5,0.5080306466548145
ar1_phi_0.5,39,2,0.25,0.3028661234911298
ar1_phi_0.5,39,3,0.125,0.15675691346536563
ar1_phi_0.5,39,4,0.0625,0.10663383149678628
ar1_phi_0.5,39,5,0.03125,0.019419079408679412
ar1_phi_0.5,39,6,0.015625,-0.021579249917389038
ar1_phi_0.5,39,7,0.0078125,0.008370618311175458
ar1_phi_0.5,39,8,0.00390625,-0.029007447747414348
ar1_phi_0.5,39,9,0.001953125,-0.02660871304733254
ar1_phi_0.5,39,10,0.0009765625,-0.05256263317667099
ar1_phi_0.5,39,11,0.00048828125,-0.05930101296398449
ar1_phi_0.5,39,12,0.000244140625,-0.042893389965102696
ar1_phi_0.5,39,13,0.0001220703125,0.07338772965388404
ar1_phi_0.5,39,14,6.103515625e-05,0.02815430671468779
ar1_phi_0.5,39,15,3.0517578125e-05,0.01241405810327035
ar1_phi_0.5,39,16,1.52587890625e-05,-0.07195062083181122
ar1_phi_0.5,39,17,7.62939453125e-06,-0.0231947676471206
ar1_phi_0.5,39,18,3.814697265625e-06,-0.034664854618074864
ar1_phi_0.5,39,19,1.9073486328125e-06,-0.060019663104938246
ar1_phi_0.5,39,20,9.5367431640625e-07,-0.005629095155204239
ar1_phi_0.5,40,1,0.5,0.4930202096920592
ar1_phi_0.5,40,2,0.25,0.2843438468770092
ar1_phi_0.5,40,3,0.125,0.1275396804651803
ar1_phi_0.5,40,4,0.0625,0.034875337077762976
ar1_phi_0.5,40,5,0.03125,0.08242421023342848
ar1_phi_0.5,40,6,0.015625,0.024851348254027558
ar1_phi_0.5,40,7,0.0078125,-0.10088691061448046
ar1_phi_0.5,40,8,0.00390625,-0.11700858658794556
ar1_phi_0.5,40,9,0.001953125,-0.14328325110300932
ar1_phi_0.5,40,10,0.0009765625,-0.09734144954812983
ar1_phi_0.5,40,11,0.00048828125,-0.038811041286378724
ar1_phi_0.5,40,12,0.000244140625,-0.05771703527667741
ar1_phi_0.5,40,13,0.0001220703125,-0.09754809907614241
ar1_phi_0.5,40,14,6.103515625e-05,-0.09912595392617213
ar1_phi_0.5,40,15,3.0517578125e-05,-0.060985982920674024
ar1_phi_0.5,40,16,1.52587890625e-05,-0.018550161126482837
ar1_phi_0.5,40,17,7.62939453125e-06,0.009592825299749103
ar1_phi_0.5,40,18,3.814697265625e-06,-0.05422052619982684
ar1_phi_0.5,40,19,1.9073486328125e-06,-0.15359113199270344
ar1_phi_0.5,40,20,9.5367431640625e-07,-0.14504593826343126
ar1_phi_0.5,41,1,0.5,0.5757781922785994
ar1_phi_0.5,41,2,0.25,0.3183012686538311
ar1_phi_0.5,41,3,0.125,0.2745072103259952
ar1_phi_0.5,41,4,0.0625,0.21568959072756483
ar1_phi_0.5,41,5,0.03125,0.10661774804682314
ar1_phi_0.5,41,6,0.015625,0.11748678251452693
ar1_phi_0.5,41,7,0.0078125,0.12485656671506282
ar1_phi_0.5,41,8,0.00390625,0.05963827156227433
ar1_phi_0.5,41,9,0.001953125,0.03868834700751344
ar1_phi_0.5,41,10,0.0009765625,0.15370739222200253
ar1_phi_0.5,41,11,0.00048828125,0.2072383405629743
ar1_phi_0.5,41,12,0.000244140625,0.21209560511457037
ar1_phi_0.5,41,13,0.0001220703125,0.1680203992477149
ar1_phi_0.5,41,14,6.103515625e-05,0.1834857070442575
ar1_phi_0.5,41,15,3.0517578125e-05,0.19799004949187912
ar1_phi_0.5,41,16,1.52587890625e-05,0.15867817951563204
ar1_phi_0.5,41,17,7.62939453125e-06,0.1272913581383098
ar1_phi_0.5,41,18,3.814697265625e-06,0.13441533281947485
ar1_phi_0.5,41,19,1.9073486328125e-06,0.09222798316457412
ar1_phi_0.5,41,20,9.5367431640625e-07,0.05443324377937838
ar1_phi_0.5,42,1,0.5,0.6348425033932634
ar1_phi_0.5,42,2,0.25,0.3796044103133219
ar1_phi_0.5,42,3,0.125,0.2371983001721668
ar1_phi_0.5,42,4,0.0625,0.1280123706106941
ar1_phi_0.5,42,5,0.03125,0.04430994019863401
ar1_phi_0.5,42,6,0.015625,0.035000954506250806
ar1_phi_0.5,42,7,0.0078125,-0.019271110150757453
ar1_phi_0.5,42,8,0.00390625,-0.06367834590437697
ar1_phi_0.5,42,9,0.001953125,-0.07304575091574103
ar1_phi_0.5,42,10,0.0009765625,-0.055959408067815505
ar1_phi_0.5,42,11,0.00048828125,-0.11915702379375329
ar1_phi_0.5,42,12,0.000244140625,-0.15815318970332148
ar1_phi_0.5,42,13,0.0001220703125,-0.18248484958213101
ar1_phi_0.5,42,14,6.103515625e-05,-0.15681161413308495
ar1_phi_0.5,42,15,3.0517578125e-05,-0.107014278697298
ar1_phi_0.5,42,16,1.52587890625e-05,-0.07112894794104986
ar1_phi_0.5,42,17,7.62939453125e-06,-0.06211691029969082
ar1_phi_0.5,42,18,3.814697265625e-06,-0.009152095831255824
ar1_phi_0.5,42,19,1.9073486328125e-06,-0.05362140892498581
ar1_phi_0.5,42,20,9.5367431640625e-07,-0.1298574222070623
ar1_phi_0.5,43,1,0.5,0.4757536603780205
ar1_phi_0.5,43,2,0.25,0.2668210958357101
ar1_phi_0.5,43,3,0.125,0.2806377965839571
ar1_phi_0.5,43,4,0.0625,0.22360582591392347
ar1_phi_0.5,43,5,0.03125,0.09816987914367364
ar1_phi_0.5,43,6,0.015625,0.028213763539117243
ar1_phi_0.5,43,7,0.0078125,0.05798517998938493
ar1_phi_0.5,43,8,0.00390625,0.08033108098643175
ar1_phi_0.5,43,9,0.001953125,0.04984743888164824
ar1_phi_0.5,43,10,0.0009765625,0.02155104453777379
ar1_phi_0.5,43,11,0.00048828125,0.05318273797514525
ar1_phi_0.5,43,12,0.000244140625,0.07508482855950831
ar1_phi_0.5,43,13,0.0001220703125,0.055185574205597825
ar1_phi_0.5,43,14,6.103515625e-05,0.0073986135071514875
ar1_phi_0.5,43,15,3.0517578125e-05,0.016676546475731597
ar1_phi_0.5,43,16,1.52587890625e-05,0.038711101736920515
ar1_phi_0.5,43,17,7.62939453125e-06,0.06339905936282439
ar1_phi_0.5,43,18,3.814697265625e-06,0.06596434382453906
ar1_phi_0.5,43,19,1.9073486328125e-06,0.0702851942301971
ar1_phi_0.5,43,20,9.5367431640625e-07,0.12197704752205825
ar1_phi_0.5,44,1,0.5,0.5028739027427086
ar1_phi_0.5,44,2,0.25,0.17336134835818456
ar1_phi_0.5,44,3,0.125,0.009560818267747307
ar1_phi_0.5,44,4,0.0625,-0.056363626642755606
ar1_phi_0.5,44,5,0.03125,0.010570891719890955
ar1_phi_0.5,44,6,0.015625,0.050897620096939
ar1_phi_0.5,44,7,0.0078125,0.014130071667444752
ar1_phi_0.5,44,8,0.00390625,0.031297201767614705
ar1_phi_0.5,44,9,0.001953125,0.059387888897098715
ar1_phi_0.5,44,10,0.0009765625,0.13292634103945553
ar1_phi_0.5,44,11,0.00048828125,0.040061736299252464
ar1_phi_0.5,44,12,0.000244140625,-0.056937155227984544
ar1_phi_0.5,44,13,0.0001220703125,-0.08245021741735724
ar1_phi_0.5,44,14,6.103515625e-05,-0.025666367924163467
ar1_phi_0.5,44,15,3.0517578125e-05,0.08588715830432915
ar1_phi_0.5,44,16,1.52587890625e-05,0.11668590667853475
ar1_phi_0.5,44,17,7.62939453125e-06,-0.007499417101417852
ar1_phi_0.5,44,18,3.814697265625e-06,-0.015787642215586362
ar1_phi_0.5,44,19,1.9073486328125e-06,-0.0016443948210023527
ar1_phi_0.5,44,20,9.5367431640625e-07,0.02267517282352281
ar1_phi_0.5,45,1,0.5,0.5461588095701777
ar1_phi_0.5,45,2,0.25,0.29345340992693
ar1_phi_0.5,45,3,0.125,0.17257137743884857
ar1_phi_0.5,45,4,0.0625,0.07105151645247101
ar1_phi_0.5,45,5,0.03125,0.07104959345568367
ar1_phi_0.5,45,6,0.015625,0.06304241265673247
ar1_phi_0.5,45,7,0.0078125,0.053608436165165925
ar1_phi_0.5,45,8,0.00390625,0.042701785380541965
ar1_phi_0.5,45,9,0.001953125,0.08278170008275566
ar1_phi_0.5,45,10,0.0009765625,0.08765515090204626
ar1_phi_0.5,45,11,0.00048828125,0.1139074806753252
ar1_phi_0.5,45,12,0.000244140625,0.09800814357230056
ar1_phi_0.5,45,13,0.0001220703125,0.026268333098266927
ar1_phi_0.5,45,14,6.103515625e-05,-0.001075337127072139
ar1_phi_0.5,45,15,3.0517578125e-05,0.016288718111421532
ar1_phi_0.5,45,16,1.52587890625e-05,0.006177817137876275
ar1_phi_0.5,45,17,7.62939453125e-06,-0.006114107135000576
ar1_phi_0.5,45,18,3.814697265625e-06,-0.01436951853145531
ar1_phi_0.5,45,19,1.9073486328125e-06,-0.038790043243655765
ar1_phi_0.5,45,20,9.5367431640625e-07,-0.051035675165146344
ar1_phi_0.5,46,1,0.5,0.42626711418690405
ar1_phi_0.5,46,2,0.25,0.15000278788715146
ar1_phi_0.5,46,3,0.125,0.038671615321970915
ar1_phi_0.5,46,4,0.0625,0.014522040497732161
ar1_phi_0.5,46,5,0.03125,-0.03011165158434405
ar1_phi_0.5,46,6,0.015625,-0.011962854591290852
ar1_phi_0.5,46,7,0.0078125,-0.07527462537962847
ar1_phi_0.5,46,8,0.00390625,-0.0652595092827939
ar1_phi_0.5,46,9,0.001953125,-0.011903402622983212
ar1_phi_0.5,46,10,0.0009765625,0.0015072027761685064
ar1_phi_0.5,46,11,0.00048828125,-0.057806399709161405
ar1_phi_0.5,46,12,0.000244140625,-0.06269982810257375
ar1_phi_0.5,46,13,0.0001220703125,-0.03629811220580565
ar1_phi_0.5,46,14,6.103515625e-05,0.0048813019296681985
ar1_phi_0.5,46,15,3.0517578125e-05,-0.004292266522684954
ar1_phi_0.5,46,16,1.52587890625e-05,0.017495804466829218
ar1_phi_0.5,46,17,7.62939453125e-06,0.004670952265451603
ar1_phi_0.5,46,18,3.814697265625e-06,0.03527429902014773
ar1_phi_0.5,46,19,1.9073486328125e-06,0.09760529013775149
ar1_phi_0.5,46,20,9.5367431640625e-07,0.13262032986854974
ar1_phi_0.5,47,1,0.5,0.468341694307072
ar1_phi_0.5,47,2,0.25,0.25065837263868634
ar1_phi_0.5,47,3,0.125,0.09460024093332761
ar1_phi_0.5,47,4,0.0625,-0.016440870588949143
ar1_phi_0.5,47,5,0.03125,-0.018310862340193513
ar1_phi_0.5,47,6,0.015625,0.01921702484732769
ar1_phi_0.5,47,7,0.0078125,0.03461522750899952
ar1_phi_0.5,47,8,0.00390625,0.011811143669689998
ar1_phi_0.5,47,9,0.001953125,-0.08921663818437295
ar1_phi_0.5,47,10,0.0009765625,-0.04026427686842845
ar1_phi_0.5,47,11,0.00048828125,0.011607958966778978
ar1_phi_0.5,47,12,0.000244140625,-0.03471408093060784
ar1_phi_0.5,47,13,0.0001220703125,-0.05670593471385481
ar1_phi_0.5,47,14,6.103515625e-05,-0.14745821531604036
ar1_phi_0.5,47,15,3.0517578125e-05,-0.06538057071063676
ar1_phi_0.5,47,16,1.52587890625e-05,0.04722818247874244
ar1_phi_0.5,47,17,7.62939453125e-06,-0.009217803199475847
ar1_phi_0.5,47,18,3.814697265625e-06,0.0778693078131399
ar1_phi_0.5,47,19,1.9073486328125e-06,0.12350859922204914
ar1_phi_0.5,47,20,9.5367431640625e-07,0.10327906520846654
ar1_phi_0.5,48,1,0.5,0.4588121802849437
ar1_phi_0.5,48,2,0.25,0.12924486439737337
ar1_phi_0.5,48,3,0.125,0.04634392655311531
ar1_phi_0.5,48,4,0.0625,-0.03840184233026873
ar1_phi_0.5,48,5,0.03125,-0.0494530796614366
ar1_phi_0.5,48,6,0.015625,-0.03116881375479804
ar1_phi_0.5,48,7,0.0078125,-0.03223606122297712
ar1_phi_0.5,48,8,0.00390625,-0.002400283532044258
ar1_phi_0.5,48,9,0.001953125,0.003039090550737575
ar1_phi_0.5,48,10,0.0009765625,0.003074469154464238
ar1_phi_0.5,48,11,0.00048828125,0.031913862224506706
ar1_phi_0.5,48,12,0.000244140625,-0.06763312933178066
ar1_phi_0.5,48,13,0.0001220703125,-0.037229594261252434
ar1_phi_0.5,48,14,6.103515625e-05,-0.0033887006142174062
ar1_phi_0.5,48,15,3.0517578125e-05,-0.028984929302332808
ar1_phi_0.5,48,16,1.52587890625e-05,-0.030915630546998734
ar1_phi_0.5,48,17,7.62939453125e-06,0.018421385170810725
ar1_phi_0.5,48,18,3.814697265625e-06,-0.0006376525644859468
ar1_phi_0.5,48,19,1.9073486328125e-06,-0.0091544929912315
ar1_phi_0.5,48,20,9.5367431640625e-07,-0.0099154441194755
ar1_phi_0.5,49,1,0.5,0.5718698523568905
ar1_phi_0.5,49,2,0.25,0.34529573260001795
ar1_phi_0.5,49,3,0.125,0.2703389475671936
ar1_phi_0.5,49,4,0.0625,0.22042560745658646
ar1_phi_0.5,49,5,0.03125,0.12699507184832065
ar1_phi_0.5,49,6,0.015625,0.07723855647622613
ar1_phi_0.5,49,7,0.0078125,0.08121540240063944
ar1_phi_0.5,49,8,0.00390625,0.11418952398625246
ar1_phi_0.5,49,9,0.001953125,0.07197499130397146
ar1_phi_0.5,49,10,0.0009765625,0.040758923875197334
ar1_phi_0.5,49,11,0.00048828125,0.0337481974269141
ar1_phi_0.5,49,12,0.000244140625,0.04936684202743043
ar1_phi_0.5,49,13,0.0001220703125,0.0917152915161854
ar1_phi_0.5,49,14,6.103515625e-05,0.05964438688469867
ar1_phi_0.5,49,15,3.0517578125e-05,0.06477813812399695
ar1_phi_0.5,49,16,1.52587890625e-05,0.10491339740227194
ar1_phi_0.5,49,17,7.62939453125e-06,0.07438930153255349
ar1_phi_0.5,49,18,3.814697265625e-06,0.06976054145170454
ar1_phi_0.5,49,19,1.9073486328125e-06,0.10602937223559124
ar1_phi_0.5,49,20,9.5367431640625e-07,0.04379977746499952
ar1_phi_0.5,50,1,0.5,0.5297811694109085
ar1_phi_0.5,50,2,0.25,0.27171879656036907
ar1_phi_0.5,50,3,0.125,0.20651962550598976
ar1_phi_0.5,50,4,0.0625,0.060248474540087894
ar1_phi_0.5,50,5,0.03125,-0.042307590372413655
ar1_phi_0.5,50,6,0.015625,-0.03486361446276547
ar1_phi_0.5,50,7,0.0078125,-0.012939642447231595
ar1_phi_0.5,50,8,0.00390625,-0.05773079433027614
ar1_phi_0.5,50,9,0.001953125,0.012310499280738409
ar1_phi_0.5,50,10,0.0009765625,-0.0008346524563866628
ar1_phi_0.5,50,11,0.00048828125,0.04701517020921504
ar1_phi_0.5,50,12,0.000244140625,0.01888451522101517
ar1_phi_0.5,50,13,0.0001220703125,-0.01677760639900689
ar1_phi_0.5,50,14,6.103515625e-05,0.01911992064008871
ar1_phi_0.5,50,15,3.0517578125e-05,0.023522685906289916
ar1_phi_0.5,50,16,1.52587890625e-05,0.06079630140168744
ar1_phi_0.5,50,17,7.62939453125e-06,0.04693473725546734
ar1_phi_0.5,50,18,3.814697265625e-06,0.03840144467501871
ar1_phi_0.5,50,19,1.9073486328125e-06,-0.02147267687646813
ar1_phi_0.5,50,20,9.5367431640625e-07,-0.05148580202820717
ar1_phi_0.5,51,1,0.5,0.5290270869434102
ar1_phi_0.5,51,2,0.25,0.27278533128019583
ar1_phi_0.5,51,3,0.125,0.15204392399307792
ar1_phi_0.5,51,4,0.0625,0.11269305063559752
ar1_phi_0.5,51,5,0.03125,0.07992268464645853
ar1_phi_0.5,51,6,0.015625,-0.018122795652430735
ar1_phi_0.5,51,7,0.0078125,-0.04412218896489687
ar1_phi_0.5,51,8,0.00390625,-0.009614750192256685
ar1_phi_0.5,51,9,0.001953125,-0.0013335559800214474
ar1_phi_0.5,51,10,0.0009765625,0.019214301526287135
ar1_phi_0.5,51,11,0.00048828125,0.01716265855865522
ar1_phi_0.5,51,12,0.000244140625,0.06678237694758725
ar1_phi_0.5,51,13,0.0001220703125,0.030209293988311136
ar1_phi_0.5,51,14,6.103515625e-05,-0.043521095725724136
ar1_phi_0.5,51,15,3.0517578125e-05,-0.10554683480467682
ar1_phi_0.5,51,16,1.52587890625e-05,-0.05676038863568207
ar1_phi_0.5,51,17,7.62939453125e-06,-0.07618269423329424
ar1_phi_0.5,51,18,3.814697265625e-06,-0.07958303786331498
ar1_phi_0.5,51,19,1.9073486328125e-06,-0.07990400833882243
ar1_phi_0.5,51,20,9.5367431640625e-07,-0.058091658338560496
ar1_phi_0.5,52,1,0.5,0.5479043478304026
ar1_phi_0.5,52,2,0.25,0.3151774226652463
ar1_phi_0.5,52,3,0.125,0.1812382332112638
ar1_phi_0.5,52,4,0.0625,0.03984876451641184
ar1_phi_0.5,52,5,0.03125,0.021364430725251196
ar1_phi_0.5,52,6,0.015625,0.03961328073305532
ar1_phi_0.5,52,7,0.0078125,0.01786102109063985
ar1_phi_0.5,52,8,0.00390625,-0.03381156777955145
ar1_phi_0.5,52,9,0.001953125,-0.06908572742625625
ar1_phi_0.5,52,10,0.0009765625,-0.061241444117081024
ar1_phi_0.5,52,11,0.00048828125,-0.05797430025997849
ar1_phi_0.5,52,12,0.000244140625,-0.006077846134309616
ar1_phi_0.5,52,13,0.0001220703125,-0.04035866298991211
ar1_phi_0.5,52,14,6.103515625e-05,-0.05144461103706183
ar1_phi_0.5,52,15,3.0517578125e-05,-0.12200104902340266
ar1_phi_0.5,52,16,1.52587890625e-05,-0.10240991430430478
ar1_phi_0.5,52,17,7.62939453125e-06,-0.08969843040775219
ar1_phi_0.5,52,18,3.814697265625e-06,-0.0691480001623345
ar1_phi_0.5,52,19,1.9073486328125e-06,-0.025837581616855263
ar1_phi_0.5,52,20,9.5367431640625e-07,0.007055630239305639
ar1_phi_0.5,53,1,0.5,0.5268089523084355
ar1_phi_0.5,53,2,0.25,0.2501627761923548
ar1_phi_0.5,53,3,0.125,0.10586368424895183
ar1_phi_0.5,53,4,0.0625,0.019795272387929275
ar1_phi_0.5,53,5,0.03125,0.03390326512126723
ar1_phi_0.5,53,6,0.015625,-0.042765186987317814
ar1_phi_0.5,53,7,0.0078125,-0.04634537801545314
ar1_phi_0.5,53,8,0.00390625,-0.06573826128237173
ar1_phi_0.5,53,9,0.001953125,-0.09914574837941044
ar1_phi_0.5,53,10,0.0009765625,-0.1303568441093392
ar1_phi_0.5,53,11,0.00048828125,-0.12806511423481892
ar1_phi_0.5,53,12,0.000244140625,-0.0576296594331414
ar1_phi_0.5,53,13,0.0001220703125,-0.05168777896457594
ar1_phi_0.5,53,14,6.103515625e-05,-0.0036234915486479105
ar1_phi_0.5,53,15,3.0517578125e-05,0.048313437755222934
ar1_phi_0.5,53,16,1.52587890625e-05,0.031810307579431894
ar1_phi_0.5,53,17,7.62939453125e-06,0.024583863789422105
ar1_phi_0.5,53,18,3.814697265625e-06,-0.01773741144028996
ar1_phi_0.5,53,19,1.9073486328125e-06,-0.017515627280858582
ar1_phi_0.5,53,20,9.5367431640625e-07,-0.05567091530273083
ar1_phi_0.5,54,1,0.5,0.5150953666179903
ar1_phi_0.5,54,2,0.25,0.26982956617687964
ar1_phi_0.5,54,3,0.125,0.1375481617613004
ar1_phi_0.5,54,4,0.0625,0.06290788179026086
ar1_phi_0.5,54,5,0.03125,-0.003987483662087063
ar1_phi_0.5,54,6,0.015625,-0.022303408336944188
ar1_phi_0.5,54,7,0.0078125,-0.0008782237571112398
ar1_phi_0.5,54,8,0.00390625,0.02481849066240603
ar1_phi_0.5,54,9,0.001953125,0.01948974117713931
ar1_phi_0.5,54,10,0.0009765625,0.023627959166631903
ar1_phi_0.5,54,11,0.00048828125,0.02225744615518793
ar1_phi_0.5,54,12,0.000244140625,-0.03530415941619432
ar1_phi_0.5,54,13,0.0001220703125,0.0120699247150516
ar1_phi_0.5,54,14,6.103515625e-05,-0.025959062031622716
ar1_phi_0.5,54,15,3.0517578125e-05,0.018751970161687073
ar1_phi_0.5,54,16,1.52587890625e-05,0.05030363571574414
ar1_phi_0.5,54,17,7.62939453125e-06,0.030621403270789955
ar1_phi_0.5,54,18,3.814697265625e-06,-0.00931542379761984
ar1_phi_0.5,54,19,1.9073486328125e-06,0.0007813252679462206
ar1_phi_0.5,54,20,9.5367431640625e-07,0.05229070434853313
ar1_phi_0.5,55,1,0.5,0.4799852731925866
ar1_phi_0.5,55,2,0.25,0.26906494341697834
ar1_phi_0.5,55,3,0.125,0.10569990582089764
ar1_phi_0.5,55,4,0.0625,0.022737944486335517
ar1_phi_0.5,55,5,0.03125,0.017036811852735534
ar1_phi_0.5,55,6,0.015625,-0.02127454840936127
ar1_phi_0.5,55,7,0.0078125,-0.12543825381644685
ar1_phi_0.5,55,8,0.00390625,-0.09542721046261414
ar1_phi_0.5,55,9,0.001953125,-0.08688185802504084
ar1_phi_0.5,55,10,0.0009765625,-0.05230703520688855
ar1_phi_0.5,55,11,0.00048828125,-0.0457844198341191
ar1_phi_0.5,55,12,0.000244140625,-0.0025177381530062702
ar1_phi_0.5,55,13,0.0001220703125,-0.05925483143985388
ar1_phi_0.5,55,14,6.103515625e-05,-0.0899745080403023
ar1_phi_0.5,55,15,3.0517578125e-05,-0.10089129443346888
ar1_phi_0.5,55,16,1.52587890625e-05,-0.1729123125838666
ar1_phi_0.5,55,17,7.62939453125e-06,-0.07315305349568198
ar1_phi_0.5,55,18,3.814697265625e-06,-0.034236863173548474
ar1_phi_0.5,55,19,1.9073486328125e-06,-0.009008899908360605
ar1_phi_0.5,55,20,9.5367431640625e-07,-0.03148795693706528
ar1_phi_0.5,56,1,0.5,0.504488834356842
ar1_phi_0.5,56,2,0.25,0.33098953045440677
ar1_phi_0.5,56,3,0.125,0.27806400376148355
ar1_phi_0.5,56,4,0.0625,0.1370281170123077
ar1_phi_0.5,56,5,0.03125,0.07003493261347048
ar1_phi_0.5,56,6,0.015625,0.020516093339018965
ar1_phi_0.5,56,7,0.0078125,-0.02700873931785299
ar1_phi_0.5,56,8,0.00390625,-0.012038822675635406
ar1_phi_0.5,56,9,0.001953125,-0.04020240195880799
ar1_phi_0.5,56,10,0.0009765625,-0.08687589399496046
ar1_phi_0.5,56,11,0.00048828125,-0.0897209360451039
ar1_phi_0.5,56,12,0.000244140625,-0.06259989831859104
ar1_phi_0.5,56,13,0.0001220703125,-0.07504733832546145
ar1_phi_0.5,56,14,6.103515625e-05,-0.032043732450910585
ar1_phi_0.5,56,15,3.0517578125e-05,-0.021446994412214374
ar1_phi_0.5,56,16,1.52587890625e-05,0.00855260813011585
ar1_phi_0.5,56,17,7.62939453125e-06,-0.02862000389431976
ar1_phi_0.5,56,18,3.814697265625e-06,-0.012680303409683243
ar1_phi_0.5,56,19,1.9073486328125e-06,0.06714359420451088
ar1_phi_0.5,56,20,9.5367431640625e-07,0.05426415052131108
ar1_phi_0.5,57,1,0.5,0.5029498418171309
ar1_phi_0.5,57,2,0.25,0.20579433324902008
ar1_phi_0.5,57,3,0.125,0.06500384237964847
ar1_phi_0.5,57,4,0.0625,0.035943426934194486
ar1_phi_0.5,57,5,0.03125,0.04578400574347608
ar1_phi_0.5,57,6,0.015625,0.04850402077898497
ar1_phi_0.5,57,7,0.0078125,-0.011018010248038666
ar1_phi_0.5,57,8,0.00390625,-0.05074307750791102
ar1_phi_0.5,57,9,0.001953125,-0.03531433921604146
ar1_phi_0.5,57,10,0.0009765625,0.014939833495993583
ar1_phi_0.5,57,11,0.00048828125,-0.055059740542103254
ar1_phi_0.5,57,12,0.000244140625,-0.08423394184212527
ar1_phi_0.5,57,13,0.0001220703125,-0.036249802905491936
ar1_phi_0.5,57,14,6.103515625e-05,-0.0015887833570072377
ar1_phi_0.5,57,15,3.0517578125e-05,0.02835899342492595
ar1_phi_0.5,57,16,1.52587890625e-05,0.08179855207390051
ar1_phi_0.5,57,17,7.62939453125e-06,-0.04140182033597986
ar1_phi_0.5,57,18,3.814697265625e-06,-0.05083942373566714
ar1_phi_0.5,57,19,1.9073486328125e-06,-0.003605942567615406
ar1_phi_0.5,57,20,9.5367431640625e-07,0.010040538654369156
ar1_phi_0.5,58,1,0.5,0.5263009506815209
ar1_phi_0.5,58,2,0.25,0.21127530670493186
ar1_phi_0.5,58,3,0.125,0.06194385384604267
ar1_phi_0.5,58,4,0.0625,0.0675666101961446
ar1_phi_0.5,58,5,0.03125,-0.006797978701278883
ar1_phi_0.5,58,6,0.015625,-0.05881263190711283
ar1_phi_0.5,58,7,0.0078125,-0.08295319510276705
ar1_phi_0.5,58,8,0.00390625,-0.07270725480464621
ar1_phi_0.5,58,9,0.001953125,-0.04223774351159106
ar1_phi_0.5,58,10,0.0009765625,0.06410711975766571
ar1_phi_0.5,58,11,0.00048828125,0.057806349525968186
ar1_phi_0.5,58,12,0.000244140625,0.03733412476221741
ar1_phi_0.5,58,13,0.0001220703125,0.05343519685588943
ar1_phi_0.5,58,14,6.103515625e-05,0.0842971437442606
ar1_phi_0.5,58,15,3.0517578125e-05,0.018986296449386486
ar1_phi_0.5,58,16,1.52587890625e-05,-0.07482615441543185
ar1_phi_0.5,58,17,7.62939453125e-06,-0.011613039748333158
ar1_phi_0.5,58,18,3.814697265625e-06,0.002124013875298245
ar1_phi_0.5,58,19,1.9073486328125e-06,-0.0986273488197562
ar1_phi_0.5,58,20,9.5367431640625e-07,-0.1407528114260024
ar1_phi_0.5,59,1,0.5,0.49991211181838685
ar1_phi_0.5,59,2,0.25,0.2615048200896274
ar1_phi_0.5,59,3,0.125,0.07204346383833461
ar1_phi_0.5,59,4,0.0625,-0.028056839555826864
ar1_phi_0.5,59,5,0.03125,-0.04107105262813107
ar1_phi_0.5,59,6,0.015625,-0.021750076653430647
ar1_phi_0.5,59,7,0.0078125,-0.02533146195258263
ar1_phi_0.5,59,8,0.00390625,-0.046313372230030965
ar1_phi_0.5,59,9,0.001953125,0.01049995441123278
ar1_phi_0.5,59,10,0.0009765625,-0.03945079715189175
ar1_phi_0.5,59,11,0.00048828125,-0.01691217959650479
ar1_phi_0.5,59,12,0.000244140625,-0.0758978911537077
ar1_phi_0.5,59,13,0.0001220703125,0.03927716731233709
ar1_phi_0.5,59,14,6.103515625e-05,0.032588015696506406
ar1_phi_0.5,59,15,3.0517578125e-05,0.0324727873067584
ar1_phi_0.5,59,16,1.52587890625e-05,-0.062394536235281656
ar1_phi_0.5,59,17,7.62939453125e-06,-0.07165332399689542
ar1_phi_0.5,59,18,3.814697265625e-06,-0.03988208932042137
ar1_phi_0.5,59,19,1.9073486328125e-06,-0.02327927092995651
ar1_phi_0.5,59,20,9.5367431640625e-07,-0.04380496823495662
ar1_phi_0.5,60,1,0.5,0.42914272344639426
ar1_phi_0.5,60,2,0.25,0.15600550815063083
ar1_phi_0.5,60,3,0.125,0.014381235717405053
ar1_phi_0.5,60,4,0.0625,-0.04385378990148206
ar1_phi_0.5,60,5,0.03125,-0.15379250273034023
ar1_phi_0.5,60,6,0.015625,-0.15188039587762642
ar1_phi_0.5,60,7,0.0078125,-0.08209359104638436
ar1_phi_0.5,60,8,0.00390625,-0.09451476903954102
ar1_phi_0.5,60,9,0.001953125,-0.07381980424616509
ar1_phi_0.5,60,10,0.0009765625,0.034952227878067316
ar1_phi_0.5,60,11,0.00048828125,0.1038149772483797
ar1_phi_0.5,60,12,0.000244140625,0.0911678398002145
ar1_phi_0.5,60,13,0.0001220703125,0.11837981572081342
ar1_phi_0.5,60,14,6.103515625e-05,0.07718373620630241
ar1_phi_0.5,60,15,3.0517578125e-05,0.04655717278506447
ar1_phi_0.5,60,16,1.52587890625e-05,-0.07379351714305231
ar1_phi_0.5,60,17,7.62939453125e-06,-0.13080485899022987
ar1_phi_0.5,60,18,3.814697265625e-06,-0.14317354133534316
ar1_phi_0.5,60,19,1.9073486328125e-06,-0.10578216427031899
ar1_phi_0.5,60,20,9.5367431640625e-07,-0.03638989796552623
ar1_phi_0.5,61,1,0.5,0.49930357344701515
ar1_phi_0.5,61,2,0.25,0.20527330147589148
ar1_phi_0.5,61,3,0.125,0.0791794326811498
ar1_phi_0.5,61,4,0.0625,-0.012352826683533822
ar1_phi_0.5,61,5,0.03125,-0.007754436194840864
ar1_phi_0.5,61,6,0.015625,-0.03188660128443928
ar1_phi_0.5,61,7,0.0078125,-0.030442574027638298
ar1_phi_0.5,61,8,0.00390625,-0.008946001809889543
ar1_phi_0.5,61,9,0.001953125,-0.050636164859474794
ar1_phi_0.5,61,10,0.0009765625,-0.05202847464946477
ar1_phi_0.5,61,11,0.00048828125,-0.05085231474013478
ar1_phi_0.5,61,12,0.000244140625,-0.04353439651534169
ar1_phi_0.5,61,13,0.0001220703125,-0.018603454848378928
ar1_phi_0.5,61,14,6.103515625e-05,0.026696393918748288
ar1_phi_0.5,61,15,3.0517578125e-05,-0.007006522352093906
ar1_phi_0.5,61,16,1.52587890625e-05,-0.04735921796310872
ar1_phi_0.5,61,17,7.62939453125e-06,-0.07520190227695175
ar1_phi_0.5,61,18,3.814697265625e-06,-0.1436707461191714
ar1_phi_0.5,61,19,1.9073486328125e-06,-0.0953645264958224
ar1_phi_0.5,61,20,9.5367431640625e-07,-0.03826005190717088
ar1_phi_0.5,62,1,0.5,0.45738714684402865
ar1_phi_0.5,62,2,0.25,0.18963602199740673
ar1_phi_0.5,62,3,0.125,0.093599144217426
ar1_phi_0.5,62,4,0.0625,0.09137510826783962
ar1_phi_0.5,62,5,0.03125,0.09225587057033306
ar1_phi_0.5,62,6,0.015625,0.10222284257467446
ar1_phi_0.5,62,7,0.0078125,0.09756795167086166
ar1_phi_0.5,62,8,0.00390625,0.06491972046518037
ar1_phi_0.5,62,9,0.001953125,0.07378907778668298
ar1_phi_0.5,62,10,0.0009765625,0.06458997766144155
ar1_phi_0.5,62,11,0.00048828125,0.1030148703497108
ar1_phi_0.5,62,12,0.000244140625,0.08534747809025764
ar1_phi_0.5,62,13,0.0001220703125,0.13498090213250535
ar1_phi_0.5,62,14,6.103515625e-05,0.09803688334199087
ar1_phi_0.5,62,15,3.0517578125e-05,0.04512950558739157
ar1_phi_0.5,62,16,1.52587890625e-05,-0.011615476403336714
ar1_phi_0.5,62,17,7.62939453125e-06,0.021462150433933378
ar1_phi_0.5,62,18,3.814697265625e-06,0.11168278302009865
ar1_phi_0.5,62,19,1.9073486328125e-06,0.14304039203921465
ar1_phi_0.5,62,20,9.5367431640625e-07,0.06438657660754264
ar1_phi_0.5,63,1,0.5,0.46074982941200654
ar1_phi_0.5,63,2,0.25,0.2840943999071548
ar1_phi_0.5,63,3,0.125,0.16951807451628245
ar1_phi_0.5,63,4,0.0625,0.008803958481038033
ar1_phi_0.5,63,5,0.03125,0.06641923148285571
ar1_phi_0.5,63,6,0.015625,0.04989404992979788
ar1_phi_0.5,63,7,0.0078125,0.01764993951198203
ar1_phi_0.5,63,8,0.00390625,0.04827287323548747
ar1_phi_0.5,63,9,0.001953125,-0.05532471368836595
ar1_phi_0.5,63,10,0.0009765625,-0.05487881641564196
ar1_phi_0.5,63,11,0.00048828125,-0.02654123185345642
ar1_phi_0.5,63,12,0.000244140625,-0.039140224867412005
ar1_phi_0.5,63,13,0.0001220703125,-0.0016755101917988564
ar1_phi_0.5,63,14,6.103515625e-05,0.029628529727074058
ar1_phi_0.5,63,15,3.0517578125e-05,0.024560175471949944
ar1_phi_0.5,63,16,1.52587890625e-05,0.04349789409128692
ar1_phi_0.5,63,17,7.62939453125e-06,0.048826455969278884
ar1_phi_0.5,63,18,3.814697265625e-06,0.013610386680048266
ar1_phi_0.5,63,19,1.9073486328125e-06,-0.03585660125905841
ar1_phi_0.5,63,20,9.5367431640625e-07,-0.03823916527343247
ar1_phi_0.5,64,1,0.5,0.5237098412396508
ar1_phi_0.5,64,2,0.25,0.25407458585899145
ar1_phi_0.5,64,3,0.125,0.1052952744882085
ar1_phi_0.5,64,4,0.0625,0.022056469151716215
ar1_phi_0.5,64,5,0.03125,-0.13857938075861953
ar1_phi_0.5,64,6,0.015625,-0.14876344785210185
ar1_phi_0.5,64,7,0.0078125,-0.12592404209800986
ar1_phi_0.5,64,8,0.00390625,-0.060184208278582986
ar1_phi_0.5,64,9,0.001953125,-0.03664715165247709
ar1_phi_0.5,64,10,0.0009765625,-0.07802093383399183
ar1_phi_0.5,64,11,0.00048828125,-0.0725569918336928
ar1_phi_0.5,64,12,0.000244140625,-0.012163317930347082
ar1_phi_0.5,64,13,0.0001220703125,0.03212300250767362
ar1_phi_0.5,64,14,6.103515625e-05,0.09812399372013063
ar1_phi_0.5,64,15,3.0517578125e-05,0.11443795024742495
ar1_phi_0.5,64,16,1.52587890625e-05,0.10065987901092378
ar1_phi_0.5,64,17,7.62939453125e-06,0.09536212750657617
ar1_phi_0.5,64,18,3.814697265625e-06,0.0984645322141154
ar1_phi_0.5,64,19,1.9073486328125e-06,0.0014488094249797718
ar1_phi_0.5,64,20,9.5367431640625e-07,-0.04727892351036199
ar1_phi_0.5,65,1,0.5,0.48469789534164354
ar1_phi_0.5,65,2,0.25,0.2369285867145747
ar1_phi_0.5,65,3,0.125,0.14685333419145102
ar1_phi_0.5,65,4,0.0625,0.06071418393514866
ar1_phi_0.5,65,5,0.03125,0.004770748657687366
ar1_phi_0.5,65,6,0.015625,0.02694067377793961
ar1_phi_0.5,65,7,0.0078125,0.01693023026337054
ar1_phi_0.5,65,8,0.00390625,0.008712083673215411
ar1_phi_0.5,65,9,0.001953125,0.055742059673357706
ar1_phi_0.5,65,10,0.0009765625,0.05202462432355703
ar1_phi_0.5,65,11,0.00048828125,0.0718979027476114
ar1_phi_0.5,65,12,0.000244140625,0.06101412427557223
ar1_phi_0.5,65,13,0.0001220703125,0.07705686310006626
ar1_phi_0.5,65,14,6.103515625e-05,0.014341682986918252
ar1_phi_0.5,65,15,3.0517578125e-05,-0.002205483391717369
ar1_phi_0.5,65,16,1.52587890625e-05,-0.0007682965788634411
ar1_phi_0.5,65,17,7.62939453125e-06,-0.033894525747874854
ar1_phi_0.5,65,18,3.814697265625e-06,-0.04905067858407068
ar1_phi_0.5,65,19,1.9073486328125e-06,0.01236170813688787
ar1_phi_0.5,65,20,9.5367431640625e-07,-0.04987736070522148
ar1_phi_0.5,66,1,0.5,0.49926110979471716
ar1_phi_0.5,66,2,0.25,0.19310103432226963
ar1_phi_0.5,66,3,0.125,0.04343336034190357
ar1_phi_0.5,66,4,0.0625,-0.06678515171243371
ar1_phi_0.5,66,5,0.03125,-0.0933862620604684
ar1_phi_0.5,66,6,0.015625,-0.029373813197044962
ar1_phi_0.5,66,7,0.0078125,-0.0002478415897120611
ar1_phi_0.5,66,8,0.00390625,-0.02901565230936438
ar1_phi_0.5,66,9,0.001953125,0.003539274839788027
ar1_phi_0.5,66,10,0.0009765625,0.0361186982992936
ar1_phi_0.5,66,11,0.00048828125,0.003920509305907406
ar1_phi_0.5,66,12,0.000244140625,0.01107249198516746
ar1_phi_0.5,66,13,0.0001220703125,-0.00797682743607228
ar1_phi_0.5,66,14,6.103515625e-05,-0.04872372870127003
ar1_phi_0.5,66,15,3.0517578125e-05,-0.051655541696693154
ar1_phi_0.5,66,16,1.52587890625e-05,0.0007777212967148593
ar1_phi_0.5,66,17,7.62939453125e-06,0.014217300993356557
ar1_phi_0.5,66,18,3.814697265625e-06,0.02603351589846905
ar1_phi_0.5,66,19,1.9073486328125e-06,-0.031898693401961546
ar1_phi_0.5,66,20,9.5367431640625e-07,-0.08438947007282449
ar1_phi_0.5,67,1,0.5,0.4854602046780283
ar1_phi_0.5,67,2,0.25,0.13102429347598654
ar1_phi_0.5,67,3,0.125,0.0711235122715854
ar1_phi_0.5,67,4,0.0625,0.06845488936743876
ar1_phi_0.5,67,5,0.03125,0.029206994905487258
ar1_phi_0.5,67,6,0.015625,0.019668748800809058
ar1_phi_0.5,67,7,0.0078125,-0.05788668604600698
ar1_phi_0.5,67,8,0.00390625,-0.12477003044221376
ar1_phi_0.5,67,9,0.001953125,-0.10076238966850187
ar1_phi_0.5,67,10,0.0009765625,-0.032010502710481406
ar1_phi_0.5,67,11,0.00048828125,-0.03237079947913522
ar1_phi_0.5,67,12,0.000244140625,-0.04306957044399022
ar1_phi_0.5,67,13,0.0001220703125,-0.03547611240237016
ar1_phi_0.5,67,14,6.103515625e-05,0.01765407138066159
ar1_phi_0.5,67,15,3.0517578125e-05,0.08739698057583077
ar1_phi_0.5,67,16,1.52587890625e-05,0.08022200805431784
ar1_phi_0.5,67,17,7.62939453125e-06,0.06060626349978167
ar1_phi_0.5,67,18,3.814697265625e-06,0.005247608818916473
ar1_phi_0.5,67,19,1.9073486328125e-06,-0.044479546692874676
ar1_phi_0.5,67,20,9.5367431640625e-07,-0.04220686987764608
ar1_phi_0.5,68,1,0.5,0.4977198677896804
ar1_phi_0.5,68,2,0.25,0.19309223880593168
ar1_phi_0.5,68,3,0.125,0.10629893170998325
ar1_phi_0.5,68,4,0.0625,0.09016887519585814
ar1_phi_0.5,68,5,0.03125,-0.007854746293643435
ar1_phi_0.5,68,6,0.015625,-0.008532507777509257
ar1_phi_0.5,68,7,0.0078125,0.05165734576868577
ar1_phi_0.5,68,8,0.00390625,0.028635165182278512
ar1_phi_0.5,68,9,0.001953125,0.024611026543829705
ar1_phi_0.5,68,10,0.0009765625,-0.025796700411976535
ar1_phi_0.5,68,11,0.00048828125,-0.08450885819484144
ar1_phi_0.5,68,12,0.000244140625,-0.09728372068044991
ar1_phi_0.5,68,13,0.0001220703125,-0.06903492653777263
ar1_phi_0.5,68,14,6.103515625e-05,-0.056600701419245954
ar1_phi_0.5,68,15,3.0517578125e-05,-0.016365833869513895
ar1_phi_0.5,68,16,1.52587890625e-05,0.0907222836214519
ar1_phi_0.5,68,17,7.62939453125e-06,0.12797515043356184
ar1_phi_0.5,68,18,3.814697265625e-06,0.12823678433557678
ar1_phi_0.5,68,19,1.9073486328125e-06,0.13630734377891401
ar1_phi_0.5,68,20,9.5367431640625e-07,0.11750120159548066
ar1_phi_0.5,69,1,0.5,0.4675822388675652
ar1_phi_0.5,69,2,0.25,0.17027694077618255
ar1_phi_0.5,69,3,0.125,0.04278320623891581
ar1_phi_0.5,69,4,0.0625,-0.049443485135072796
ar1_phi_0.5,69,5,0.03125,-0.05066922098653681
ar1_phi_0.5,69,6,0.015625,0.002329193447955024
ar1_phi_0.5,69,7,0.0078125,0.07564217291940495
ar1_phi_0.5,69,8,0.00390625,0.06761880229906957
ar1_phi_0.5,69,9,0.001953125,0.027394363587834123
ar1_phi_0.5,69,10,0.0009765625,-0.004510323565792425
ar1_phi_0.5,69,11,0.00048828125,0.009008210312847062
ar1_phi_0.5,69,12,0.000244140625,0.0429642836543873
ar1_phi_0.5,69,13,0.0001220703125,-0.0032501830478560527
ar1_phi_0.5,69,14,6.103515625e-05,0.006119848108493925
ar1_phi_0.5,69,15,3.0517578125e-05,0.02694161190983119
ar1_phi_0.5,69,16,1.52587890625e-05,0.06320537498628587
ar1_phi_0.5,69,17,7.62939453125e-06,0.13987110345839532
ar1_phi_0.5,69,18,3.814697265625e-06,0.18733965103888456
ar1_phi_0.5,69,19,1.9073486328125e-06,0.11375180832530338
ar1_phi_0.5,69,20,9.5367431640625e-07,0.07687464329181054
ar1_phi_0.5,70,1,0.5,0.5196330340140815
ar1_phi_0.5,70,2,0.25,0.24888488654682914
ar1_phi_0.5,70,3,0.125,0.06463755785647203
ar1_phi_0.5,70,4,0.0625,0.05292659526136069
ar1_phi_0.5,70,5,0.03125,0.04779114257689807
ar1_phi_0.5,70,6,0.015625,0.025426260500014338
ar1_phi_0.5,70,7,0.0078125,-0.043747783812769316
ar1_phi_0.5,70,8,0.00390625,-0.05673670311095257
ar1_phi_0.5,70,9,0.001953125,-0.08733624131538785
ar1_phi_0.5,70,10,0.0009765625,-0.00403647668084904
ar1_phi_0.5,70,11,0.00048828125,-0.06252974936822571
ar1_phi_0.5,70,12,0.000244140625,-0.06728607842664952
ar1_phi_0.5,70,13,0.0001220703125,-0.17976761289383458
ar1_phi_0.5,70,14,6.103515625e-05,-0.10845962733299827
ar1_phi_0.5,70,15,3.0517578125e-05,-0.06666967814619609
ar1_phi_0.5,70,16,1.52587890625e-05,-0.002260063969670501
ar1_phi_0.5,70,17,7.62939453125e-06,0.03303657383502621
ar1_phi_0.5,70,18,3.814697265625e-06,0.05251324358108805
ar1_phi_0.5,70,19,1.9073486328125e-06,-0.028837853067046722
ar1_phi_0.5,70,20,9.5367431640625e-07,-0.04825496860472691
ar1_phi_0.5,71,1,0.5,0.5363803389720059
ar1_phi_0.5,71,2,0.25,0.243306411101339
ar1_phi_0.5,71,3,0.125,0.09901260579693427
ar1_phi_0.5,71,4,0.0625,0.051030568393015105
ar1_phi_0.5,71,5,0.03125,-0.02640111478597298
ar1_phi_0.5,71,6,0.015625,-0.03426102273366601
ar1_phi_0.5,71,7,0.0078125,-0.07829896760576516
ar1_phi_0.5,71,8,0.00390625,-0.11728618864231896
ar1_phi_0.5,71,9,0.001953125,-0.12800949713937382
ar1_phi_0.5,71,10,0.0009765625,-0.10729043502533528
ar1_phi_0.5,71,11,0.00048828125,-0.0704066792498136
ar1_phi_0.5,71,12,0.000244140625,-0.10252730479512921
ar1_phi_0.5,71,13,0.0001220703125,-0.015183320079414787
ar1_phi_0.5,71,14,6.103515625e-05,-0.0018599020831436938
ar1_phi_0.5,71,15,3.0517578125e-05,-0.04130631995859555
ar1_phi_0.5,71,16,1.52587890625e-05,-0.09627804742503283
ar1_phi_0.5,71,17,7.62939453125e-06,-0.10098764512508064
ar1_phi_0.5,71,18,3.814697265625e-06,-0.06829515790784565
ar1_phi_0.5,71,19,1.9073486328125e-06,-0.029648223482141387
ar1_phi_0.5,71,20,9.5367431640625e-07,-0.0136097169948019
ar1_phi_0.5,72,1,0.5,0.4227549406006093
ar1_phi_0.5,72,2,0.25,0.15067375760630508
ar1_phi_0.5,72,3,0.125,0.0576478115297098
ar1_phi_0.5,72,4,0.0625,0.03823128463770558
ar1_phi_0.5,72,5,0.03125,-0.014900972376080355
ar1_phi_0.5,72,6,0.015625,0.03730000088908196
ar1_phi_0.5,72,7,0.0078125,0.0311496885277386
ar1_phi_0.5,72,8,0.00390625,-0.05444978340098204
ar1_phi_0.5,72,9,0.001953125,-0.024380014962188928
ar1_phi_0.5,72,10,0.0009765625,-0.013866301121534115
ar1_phi_0.5,72,11,0.00048828125,-0.046166929759443996
ar1_phi_0.5,72,12,0.000244140625,0.011477008879153709
ar1_phi_0.5,72,13,0.0001220703125,0.016692516298626267
ar1_phi_0.5,72,14,6.103515625e-05,-0.00995457691136712
ar1_phi_0.5,72,15,3.0517578125e-05,-0.04472782952350688
ar1_phi_0.5,72,16,1.52587890625e-05,-0.06619973527323181
ar1_phi_0.5,72,17,7.62939453125e-06,-0.0750022566200911
ar1_phi_0.5,72,18,3.814697265625e-06,0.025259431352588277
ar1_phi_0.5,72,19,1.9073486328125e-06,-0.017692068218153067
ar1_phi_0.5,72,20,9.5367431640625e-07,-0.0984915960130207
ar1_phi_0.5,73,1,0.5,0.5866146542276437
ar1_phi_0.5,73,2,0.25,0.3865487569248276
ar1_phi_0.5,73,3,0.125,0.23389412602463738
ar1_phi_0.5,73,4,0.0625,0.1445711344749106
ar1_phi_0.5,73,5,0.03125,0.15845268719762134
ar1_phi_0.5,73,6,0.015625,0.10697023336644877
ar1_phi_0.5,73,7,0.0078125,0.09134942474209726
ar1_phi_0.5,73,8,0.00390625,-0.0020707144649198153
ar1_phi_0.5,73,9,0.001953125,0.03026933051830998
ar1_phi_0.5,73,10,0.0009765625,0.06007805429389203
ar1_phi_0.5,73,11,0.00048828125,0.09446946801884888
ar1_phi_0.5,73,12,0.000244140625,0.1122825967134065
ar1_phi_0.5,73,13,0.0001220703125,0.12790753614159556
ar1_phi_0.5,73,14,6.103515625e-05,0.16478113192545835
ar1_phi_0.5,73,15,3.0517578125e-05,0.16136513289894788
ar1_phi_0.5,73,16,1.52587890625e-05,0.18441333032034235
ar1_phi_0.5,73,17,7.62939453125e-06,0.15233953410763135
ar1_phi_0.5,73,18,3.814697265625e-06,0.06569090446612004
ar1_phi_0.5,73,19,1.9073486328125e-06,0.08514643928704678
ar1_phi_0.5,73,20,9.5367431640625e-07,0.06178848863438712
ar1_phi_0.5,74,1,0.5,0.4845193684894047
ar1_phi_0.5,74,2,0.25,0.12192376179175464
ar1_phi_0.5,74,3,0.125,0.00943272477075877
ar1_phi_0.5,74,4,0.0625,0.06050053439359328
ar1_phi_0.5,74,5,0.03125,0.07168429235526598
ar1_phi_0.5,74,6,0.015625,0.0656309513190133
ar1_phi_0.5,74,7,0.0078125,0.036109067480241036
ar1_phi_0.5,74,8,0.00390625,-0.04458523368628227
ar1_phi_0.5,74,9,0.001953125,-0.1338961175811219
ar1_phi_0.5,74,10,0.0009765625,-0.17161539953861443
ar1_phi_0.5,74,11,0.00048828125,-0.1392149668178981
ar1_phi_0.5,74,12,0.000244140625,-0.013487392880642976
ar1_phi_0.5,74,13,0.0001220703125,-0.0201454688454088
ar1_phi_0.5,74,14,6.103515625e-05,-0.057615703313431126
ar1_phi_0.5,74,15,3.0517578125e-05,-0.09739377454434445
ar1_phi_0.5,74,16,1.52587890625e-05,-0.10196253258075443
ar1_phi_0.5,74,17,7.62939453125e-06,-0.043490583325659735
ar1_phi_0.5,74,18,3.814697265625e-06,0.04526427108452495
ar1_phi_0.5,74,19,1.9073486328125e-06,0.03884019344971921
ar1_phi_0.5,74,20,9.5367431640625e-07,-0.01342887052407628
ar1_phi_0.5,75,1,0.5,0.46321875999868223
ar1_phi_0.5,75,2,0.25,0.20659630166245355
ar1_phi_0.5,75,3,0.125,0.16457000209625083
ar1_phi_0.5,75,4,0.0625,0.10745972249426623
ar1_phi_0.5,75,5,0.03125,0.07006985110855926
ar1_phi_0.5,75,6,0.015625,0.07072083027485822
ar1_phi_0.5,75,7,0.0078125,0.03810774112096569
ar1_phi_0.5,75,8,0.00390625,-0.03188736371834082
ar1_phi_0.5,75,9,0.001953125,-0.07537227150440491
ar1_phi_0.5,75,10,0.0009765625,-0.06390359691344322
ar1_phi_0.5,75,11,0.00048828125,0.03862899230044653
ar1_phi_0.5,75,12,0.000244140625,0.06170342745382775
ar1_phi_0.5,75,13,0.0001220703125,0.028464074866903596
ar1_phi_0.5,75,14,6.103515625e-05,-0.07428360254069502
ar1_phi_0.5,75,15,3.0517578125e-05,-0.08840485002399023
ar1_phi_0.5,75,16,1.52587890625e-05,-0.07950086129358208
ar1_phi_0.5,75,17,7.62939453125e-06,3.85136850884487e-05
ar1_phi_0.5,75,18,3.814697265625e-06,0.06079025490378593
ar1_phi_0.5,75,19,1.9073486328125e-06,0.013406385363924593
ar1_phi_0.5,75,20,9.5367431640625e-07,0.026105445167040837
ar1_phi_0.5,76,1,0.5,0.535219747212751
ar1_phi_0.5,76,2,0.25,0.23322477185576956
ar1_phi_0.5,76,3,0.125,0.08673916343261284
ar1_phi_0.5,76,4,0.0625,0.0650387403017614
ar1_phi_0.5,76,5,0.03125,0.06443410825315053
ar1_phi_0.5,76,6,0.015625,0.09595085072085749
ar1_phi_0.5,76,7,0.0078125,0.15938431672971784
ar1_phi_0.5,76,8,0.00390625,0.16200109597994644
ar1_phi_0.5,76,9,0.001953125,0.10019937485363661
ar1_phi_0.5,76,10,0.0009765625,0.06262666344997952
ar1_phi_0.5,76,11,0.00048828125,-0.005607710849780053
ar1_phi_0.5,76,12,0.000244140625,-0.0604580025639695
ar1_phi_0.5,76,13,0.0001220703125,0.015359168436616527
ar1_phi_0.5,76,14,6.103515625e-05,0.126171691727872
ar1_phi_0.5,76,15,3.0517578125e-05,0.10124986158186271
ar1_phi_0.5,76,16,1.52587890625e-05,0.04338512965807779
ar1_phi_0.5,76,17,7.62939453125e-06,-0.04916552747494891
ar1_phi_0.5,76,18,3.814697265625e-06,-0.06810292685950242
ar1_phi_0.5,76,19,1.9073486328125e-06,-0.09000112086352584
ar1_phi_0.5,76,20,9.5367431640625e-07,-0.030060047214020866
ar1_phi_0.5,77,1,0.5,0.3999748039991564
ar1_phi_0.5,77,2,0.25,0.036352729371191383
ar1_phi_0.5,77,3,0.125,-0.08277148058674305
ar1_phi_0.5,77,4,0.0625,-0.1597226256038465
ar1_phi_0.5,77,5,0.03125,-0.18164913356723636
ar1_phi_0.5,77,6,0.015625,-0.052938167007191964
ar1_phi_0.5,77,7,0.0078125,0.04562292503441106
ar1_phi_0.5,77,8,0.00390625,0.02335227903980572
ar1_phi_0.5,77,9,0.001953125,0.07206270097543441
ar1_phi_0.5,77,10,0.0009765625,-0.015203225501663522
ar1_phi_0.5,77,11,0.00048828125,-0.05196127232190654
ar1_phi_0.5,77,12,0.000244140625,-0.02317968735776931
ar1_phi_0.5,77,13,0.0001220703125,0.00034675709632973005
ar1_phi_0.5,77,14,6.103515625e-05,0.029335294641673226
ar1_phi_0.5,77,15,3.0517578125e-05,-0.03711728904900765
ar1_phi_0.5,77,16,1.52587890625e-05,-0.06717900153417274
ar1_phi_0.5,77,17,7.62939453125e-06,-0.06075561964087979
ar1_phi_0.5,77,18,3.814697265625e-06,-0.03968570280475664
ar1_phi_0.5,77,19,1.9073486328125e-06,-0.010871757540774643
ar1_phi_0.5,77,20,9.5367431640625e-07,-0.01365049026318232
ar1_phi_0.5,78,1,0.5,0.47465640325148767
ar1_phi_0.5,78,2,0.25,0.2026661346533453
ar1_phi_0.5,78,3,0.125,0.11517858643451685
ar1_phi_0.5,78,4,0.0625,0.06897122865254904
ar1_phi_0.5,78,5,0.03125,-0.028678151743188933
ar1_phi_0.5,78,6,0.015625,-0.05096425160752234
ar1_phi_0.5,78,7,0.0078125,-0.034083529767021864
ar1_phi_0.5,78,8,0.00390625,-0.05834495455024132
ar1_phi_0.5,78,9,0.001953125,-0.002968317023224238
ar1_phi_0.5,78,10,0.0009765625,0.03477153175201428
ar1_phi_0.5,78,11,0.00048828125,0.07597257460164424
ar1_phi_0.5,78,12,0.000244140625,0.08028826525358018
ar1_phi_0.5,78,13,0.0001220703125,-0.03309492984895196
ar1_phi_0.5,78,14,6.103515625e-05,-0.02053171146148729
ar1_phi_0.5,78,15,3.0517578125e-05,0.02081558635507666
ar1_phi_0.5,78,16,1.52587890625e-05,0.03032554118671689
ar1_phi_0.5,78,17,7.62939453125e-06,0.002570962071322143
ar1_phi_0.5,78,18,3.814697265625e-06,0.028621113055898813
ar1_phi_0.5,78,19,1.9073486328125e-06,0.07073646126659909
ar1_phi_0.5,78,20,9.5367431640625e-07,0.029880004012007615
ar1_phi_0.5,79,1,0.5,0.47338089427545715
ar1_phi_0.5,79,2,0.25,0.20174872328463364
ar1_phi_0.5,79,3,0.125,-0.0069184519779309376
ar1_phi_0.5,79,4,0.0625,-0.11694690993498169
ar1_phi_0.5,79,5,0.03125,-0.12174937219173923
ar1_phi_0.5,79,6,0.015625,-0.12335673878879348
ar1_phi_0.5,79,7,0.0078125,-0.1338560619335371
ar1_phi_0.5,79,8,0.00390625,-0.1390631307345908
ar1_phi_0.5,79,9,0.001953125,-0.06248987405588557
ar1_phi_0.5,79,10,0.0009765625,-0.09927079807714378
ar1_phi_0.5,79,11,0.00048828125,0.010398839520126924
ar1_phi_0.5,79,12,0.000244140625,0.06196990708936389
ar1_phi_0.5,79,13,0.0001220703125,0.1096192646801448
ar1_phi_0.5,79,14,6.103515625e-05,0.06368022660615211
ar1_phi_0.5,79,15,3.0517578125e-05,-0.012873887440278689
ar1_phi_0.5,79,16,1.52587890625e-05,-0.00846149814998401
ar1_phi_0.5,79,17,7.62939453125e-06,-0.014600137536529834
ar1_phi_0.5,79,18,3.814697265625e-06,-0.050511293775465524
ar1_phi_0.5,79,19,1.9073486328125e-06,-0.020118962906470948
ar1_phi_0.5,79,20,9.5367431640625e-07,0.00698014383845474
ar1_phi_0.5,80,1,0.5,0.419212557729645
ar1_phi_0.5,80,2,0.25,0.14733217998972004
ar1_phi_0.5,80,3,0.125,0.06984511502827154
ar1_phi_0.5,80,4,0.0625,0.019516077070859977
ar1_phi_0.5,80,5,0.03125,-0.03686778714715397
ar1_phi_0.5,80,6,0.015625,-0.09659089692437259
ar1_phi_0.5,80,7,0.0078125,-0.1752365231257645
ar1_phi_0.5,80,8,0.00390625,-0.15260287454658938
ar1_phi_0.5,80,9,0.001953125,-0.10037338212598951
ar1_phi_0.5,80,10,0.0009765625,-0.021930369006205385
ar1_phi_0.5,80,11,0.00048828125,-0.07153558799349397
ar1_phi_0.5,80,12,0.000244140625,-0.09812796285679559
ar1_phi_0.5,80,13,0.0001220703125,-0.05012849855158056
ar1_phi_0.5,80,14,6.103515625e-05,0.0022254248497734774
ar1_phi_0.5,80,15,3.0517578125e-05,-0.005373188045091881
ar1_phi_0.5,80,16,1.52587890625e-05,-0.03200947066486793
ar1_phi_0.5,80,17,7.62939453125e-06,-0.029433274219340864
ar1_phi_0.5,80,18,3.814697265625e-06,-0.0745728528702656
ar1_phi_0.5,80,19,1.9073486328125e-06,-0.052884702706262554
ar1_phi_0.5,80,20,9.5367431640625e-07,-0.05844806947182638
ar1_phi_0.5,81,1,0.5,0.5033080681438228
ar1_phi_0.5,81,2,0.25,0.2399148015713901
ar1_phi_0.5,81,3,0.125,0.1265288812571327
ar1_phi_0.5,81,4,0.0625,0.06255453098621605
ar1_phi_0.5,81,5,0.03125,-0.0011533208600146851
ar1_phi_0.5,81,6,0.015625,0.1025286025335815
ar1_phi_0.5,81,7,0.0078125,0.12945359056161088
ar1_phi_0.5,81,8,0.00390625,0.18142263930992988
ar1_phi_0.5,81,9,0.001953125,0.17810657784804443
ar1_phi_0.5,81,10,0.0009765625,0.1449744705372474
ar1_phi_0.5,81,11,0.00048828125,0.03150635461157987
ar1_phi_0.5,81,12,0.000244140625,-0.036331435111046764
ar1_phi_0.5,81,13,0.0001220703125,-0.020984546141220372
ar1_phi_0.5,81,14,6.103515625e-05,-0.005398393772234583
ar1_phi_0.5,81,15,3.0517578125e-05,-0.0423293548528691
ar1_phi_0.5,81,16,1.52587890625e-05,-0.04120245123863081
ar1_phi_0.5,81,17,7.62939453125e-06,-0.03000240844077216
ar1_phi_0.5,81,18,3.814697265625e-06,-0.09666335848696993
ar1_phi_0.5,81,19,1.9073486328125e-06,-0.0758583702897755
ar1_phi_0.5,81,20,9.5367431640625e-07,-0.06981615415871904
ar1_phi_0.5,82,1,0.5,0.48113114411980284
ar1_phi_0.5,82,2,0.25,0.18097960963864193
ar1_phi_0.5,82,3,0.125,0.09008030155251892
ar1_phi_0.5,82,4,0.0625,0.09412416020254756
ar1_phi_0.5,82,5,0.03125,0.0828622456704129
ar1_phi_0.5,82,6,0.015625,0.09265534288497723
ar1_phi_0.5,82,7,0.0078125,0.09441482394156119
ar1_phi_0.5,82,8,0.00390625,0.010734420327390996
ar1_phi_0.5,82,9,0.001953125,-0.008517845978507155
ar1_phi_0.5,82,10,0.0009765625,-0.050049062319723024
ar1_phi_0.5,82,11,0.00048828125,-0.03674624294237655
ar1_phi_0.5,82,12,0.000244140625,-0.09924400589113343
ar1_phi_0.5,82,13,0.0001220703125,-0.0666350303542315
ar1_phi_0.5,82,14,6.103515625e-05,-0.03631890152241049
ar1_phi_0.5,82,15,3.0517578125e-05,0.004060081789116808
ar1_phi_0.5,82,16,1.52587890625e-05,-0.04044845708858093
ar1_phi_0.5,82,17,7.62939453125e-06,-0.1096363106624935
ar1_phi_0.5,82,18,3.814697265625e-06,-0.07055438637514908
ar1_phi_0.5,82,19,1.9073486328125e-06,-0.00250519890144395
ar1_phi_0.5,82,20,9.5367431640625e-07,0.05164307165564521
ar1_phi_0.5,83,1,0.5,0.4594020982737637
ar1_phi_0.5,83,2,0.25,0.18646684308545447
ar1_phi_0.5,83,3,0.125,0.13126552174968592
ar1_phi_0.5,83,4,0.0625,0.1427298231643932
ar1_phi_0.5,83,5,0.03125,0.055383157592024494
ar1_phi_0.5,83,6,0.015625,0.06832058177980513
ar1_phi_0.5,83,7,0.0078125,0.042569470392043375
ar1_phi_0.5,83,8,0.00390625,-0.07705736333046416
ar1_phi_0.5,83,9,0.001953125,-0.12628683058372636
ar1_phi_0.5,83,10,0.0009765625,-0.033135576900647966
ar1_phi_0.5,83,11,0.00048828125,-0.007216275333887445
ar1_phi_0.5,83,12,0.000244140625,-0.03730594982536829
ar1_phi_0.5,83,13,0.0001220703125,-0.07345905774413346
ar1_phi_0.5,83,14,6.103515625e-05,-0.1411147412272376
ar1_phi_0.5,83,15,3.0517578125e-05,-0.1142082161294083
ar1_phi_0.5,83,16,1.52587890625e-05,-0.11929450833638158
ar1_phi_0.5,83,17,7.62939453125e-06,-0.07463408376607851
ar1_phi_0.5,83,18,3.814697265625e-06,-0.030752480837719507
ar1_phi_0.5,83,19,1.9073486328125e-06,-0.029649005468653962
ar1_phi_0.5,83,20,9.5367431640625e-07,-0.06680958368737754
ar1_phi_0.5,84,1,0.5,0.5430616024778058
ar1_phi_0.5,84,2,0.25,0.2339592254613026
ar1_phi_0.5,84,3,0.125,0.09811990097791919
ar1_phi_0.5,84,4,0.0625,0.051816276215491744
ar1_phi_0.5,84,5,0.03125,-0.04681528595617898
ar1_phi_0.5,84,6,0.015625,-0.05735983824136401
ar1_phi_0.5,84,7,0.0078125,-0.05050841028836115
ar1_phi_0.5,84,8,0.00390625,-0.04132862910870469
ar1_phi_0.5,84,9,0.001953125,-0.05751706895435891
ar1_phi_0.5,84,10,0.0009765625,-0.07004894532969888
ar1_phi_0.5,84,11,0.00048828125,-0.08970257680106931
ar1_phi_0.5,84,12,0.000244140625,-0.07826736981573645
ar1_phi_0.5,84,13,0.0001220703125,-0.05820623772822614
ar1_phi_0.5,84,14,6.103515625e-05,-0.07135353643293513
ar1_phi_0.5,84,15,3.0517578125e-05,-0.06428920539343229
ar1_phi_0.5,84,16,1.52587890625e-05,-0.04458052992088757
ar1_phi_0.5,84,17,7.62939453125e-06,-0.00477207542658469
ar1_phi_0.5,84,18,3.814697265625e-06,-0.05576162358392112
ar1_phi_0.5,84,19,1.9073486328125e-06,-0.05748007190597425
ar1_phi_0.5,84,20,9.5367431640625e-07,-0.05896414278459448
ar1_phi_0.5,85,1,0.5,0.37009379863392844
ar1_phi_0.5,85,2,0.25,0.0941049335506007
ar1_phi_0.5,85,3,0.125,0.03817858865512965
ar1_phi_0.5,85,4,0.0625,0.041398878745621745
ar1_phi_0.5,85,5,0.03125,0.04554858435570763
ar1_phi_0.5,85,6,0.015625,0.002441657521411182
ar1_phi_0.5,85,7,0.0078125,0.029222878414985914
ar1_phi_0.5,85,8,0.00390625,-0.0008338822703057272
ar1_phi_0.5,85,9,0.001953125,0.04184451818741398
ar1_phi_0.5,85,10,0.0009765625,0.03922693087884349
ar1_phi_0.5,85,11,0.00048828125,0.06582991175805285
ar1_phi_0.5,85,12,0.000244140625,0.010632140843892874
ar1_phi_0.5,85,13,0.0001220703125,0.013902457363758157
ar1_phi_0.5,85,14,6.103515625e-05,0.05312286912623104
ar1_phi_0.5,85,15,3.0517578125e-05,0.06640335122797181
ar1_phi_0.5,85,16,1.52587890625e-05,0.021623319779330588
ar1_phi_0.5,85,17,7.62939453125e-06,-0.071627249284678
ar1_phi_0.5,85,18,3.814697265625e-06,-0.03519300846033099
ar1_phi_0.5,85,19,1.9073486328125e-06,-0.030719450808564832
ar1_phi_0.5,85,20,9.5367431640625e-07,0.07106286644343934
ar1_phi_0.5,86,1,0.5,0.4276709465239095
ar1_phi_0.5,86,2,0.25,0.24280036790911788
ar1_phi_0.5,86,3,0.125,0.11039408937296533
ar1_phi_0.5,86,4,0.0625,0.06019009299311283
ar1_phi_0.5,86,5,0.03125,0.08824757176798106
ar1_phi_0.5,86,6,0.015625,0.06743363475132166
ar1_phi_0.5,86,7,0.0078125,0.029521724683551454
ar1_phi_0.5,86,8,0.00390625,0.019762758624121086
ar1_phi_0.5,86,9,0.001953125,0.05138989307693357
ar1_phi_0.5,86,10,0.0009765625,0.106439627836637
ar1_phi_0.5,86,11,0.00048828125,0.10391724803368095
ar1_phi_0.5,86,12,0.000244140625,-0.028030667207649258
ar1_phi_0.5,86,13,0.0001220703125,-0.01660114312291299
ar1_phi_0.5,86,14,6.103515625e-05,-0.05310481283648787
ar1_phi_0.5,86,15,3.0517578125e-05,-0.03176064509462708
ar1_phi_0.5,86,16,1.52587890625e-05,-0.06548105108670564
ar1_phi_0.5,86,17,7.62939453125e-06,-0.10552126096555062
ar1_phi_0.5,86,18,3.814697265625e-06,-0.05897113446571191
ar1_phi_0.5,86,19,1.9073486328125e-06,-0.0829143298818429
ar1_phi_0.5,86,20,9.5367431640625e-07,-0.08402378961457324
ar1_phi_0.5,87,1,0.5,0.42764544441658087
ar1_phi_0.5,87,2,0.25,0.1103102775035102
ar1_phi_0.5,87,3,0.125,0.09274532685828234
ar1_phi_0.5,87,4,0.0625,0.08521255767643687
ar1_phi_0.5,87,5,0.03125,0.006150509441542561
ar1_phi_0.5,87,6,0.015625,0.0004887352512657586
ar1_phi_0.5,87,7,0.0078125,0.05643078692094397
ar1_phi_0.5,87,8,0.00390625,-8.394719838765331e-05
ar1_phi_0.5,87,9,0.001953125,-0.11645253418992167
ar1_phi_0.5,87,10,0.0009765625,-0.09952251068825012
ar1_phi_0.5,87,11,0.00048828125,-0.10972255906310963
ar1_phi_0.5,87,12,0.000244140625,-0.08971214509788321
ar1_phi_0.5,87,13,0.0001220703125,-0.08264469679925358
ar1_phi_0.5,87,14,6.103515625e-05,0.020215398037414956
ar1_phi_0.5,87,15,3.0517578125e-05,-0.02489606141397588
ar1_phi_0.5,87,16,1.52587890625e-05,-0.06115218490671013
ar1_phi_0.5,87,17,7.62939453125e-06,-0.011160919161930473
ar1_phi_0.5,87,18,3.814697265625e-06,-0.023601315978247717
ar1_phi_0.5,87,19,1.9073486328125e-06,-0.034983107536938236
ar1_phi_0.5,87,20,9.5367431640625e-07,-0.01284382131542934
ar1_phi_0.5,88,1,0.5,0.4969049885544602
ar1_phi_0.5,88,2,0.25,0.2351618710538243
ar1_phi_0.5,88,3,0.125,0.09883432580766502
ar1_phi_0.5,88,4,0.0625,0.10321683615123071
ar1_phi_0.5,88,5,0.03125,0.06562396245570376
ar1_phi_0.5,88,6,0.015625,0.00982762072896136
ar1_phi_0.5,88,7,0.0078125,-0.0228358194688615
ar1_phi_0.5,88,8,0.00390625,-0.04068944224204244
ar1_phi_0.5,88,9,0.001953125,-0.04257217131819286
ar1_phi_0.5,88,10,0.0009765625,-0.08708916958423797
ar1_phi_0.5,88,11,0.00048828125,-0.03146204244946979
ar1_phi_0.5,88,12,0.000244140625,0.0008205787849924553
ar1_phi_0.5,88,13,0.0001220703125,-0.08525673717141526
ar1_phi_0.5,88,14,6.103515625e-05,-0.05794179276822271
ar1_phi_0.5,88,15,3.0517578125e-05,-0.018249151433887653
ar1_phi_0.5,88,16,1.52587890625e-05,0.016996938499194657
ar1_phi_0.5,88,17,7.62939453125e-06,0.016158696906652545
ar1_phi_0.5,88,18,3.814697265625e-06,0.06936785041905474
ar1_phi_0.5,88,19,1.9073486328125e-06,0.10230626415389739
ar1_phi_0.5,88,20,9.5367431640625e-07,0.12062376774380829
ar1_phi_0.5,89,1,0.5,0.47134149795468183
ar1_phi_0.5,89,2,0.25,0.2498668791970981
ar1_phi_0.5,89,3,0.125,0.15027233481751723
ar1_phi_0.5,89,4,0.0625,0.05127960512788185
ar1_phi_0.5,89,5,0.03125,0.01322807399542123
ar1_phi_0.5,89,6,0.015625,0.018069967663380287
ar1_phi_0.5,89,7,0.0078125,0.04007906242538942
ar1_phi_0.5,89,8,0.00390625,0.09013991176119014
ar1_phi_0.5,89,9,0.001953125,-0.023713717496777403
ar1_phi_0.5,89,10,0.0009765625,-0.045674951918846435
ar1_phi_0.5,89,11,0.00048828125,-0.07279421139364786
ar1_phi_0.5,89,12,0.000244140625,-0.0761430235971361
ar1_phi_0.5,89,13,0.0001220703125,-0.05377673782666678
ar1_phi_0.5,89,14,6.103515625e-05,-0.0648138045400499
ar1_phi_0.5,89,15,3.0517578125e-05,-0.01518771868989163
ar1_phi_0.5,89,16,1.52587890625e-05,-0.003141459515981433
ar1_phi_0.5,89,17,7.62939453125e-06,-0.01046161687423699
ar1_phi_0.5,89,18,3.814697265625e-06,0.043691793630654535
ar1_phi_0.5,89,19,1.9073486328125e-06,0.036811731672829175
ar1_phi_0.5,89,20,9.5367431640625e-07,-0.03714319329725219
ar1_phi_0.5,90,1,0.5,0.5338169382967961
ar1_phi_0.5,90,2,0.25,0.22642923098301354
ar1_phi_0.5,90,3,0.125,0.0479116311487653
ar1_phi_0.5,90,4,0.0625,-0.07928647429236385
ar1_phi_0.5,90,5,0.03125,-0.07474495428024257
ar1_phi_0.5,90,6,0.015625,-0.02133239299263499
ar1_phi_0.5,90,7,0.0078125,0.06330266680058153
ar1_phi_0.5,90,8,0.00390625,0.07765937389664058
ar1_phi_0.5,90,9,0.001953125,0.09930162366374715
ar1_phi_0.5,90,10,0.0009765625,0.08670690451443537
ar1_phi_0.5,90,11,0.00048828125,0.022403543150433844
ar1_phi_0.5,90,12,0.000244140625,-0.030181807772123533
ar1_phi_0.5,90,13,0.0001220703125,-0.0465714185617012
ar1_phi_0.5,90,14,6.103515625e-05,-0.051634364935728254
ar1_phi_0.5,90,15,3.0517578125e-05,-0.03039464908944907
ar1_phi_0.5,90,16,1.52587890625e-05,-0.026759618304532995
ar1_phi_0.5,90,17,7.62939453125e-06,0.01605167204191074
ar1_phi_0.5,90,18,3.814697265625e-06,0.034001263921533985
ar1_phi_0.5,90,19,1.9073486328125e-06,0.027362801441349782
ar1_phi_0.5,90,20,9.5367431640625e-07,0.016283121602082565
ar1_phi_0.5,91,1,0.5,0.4788455799592622
ar1_phi_0.5,91,2,0.25,0.20127101887875465
ar1_phi_0.5,91,3,0.125,0.12002880633661386
ar1_phi_0.5,91,4,0.0625,0.05328448778140012
ar1_phi_0.5,91,5,0.03125,0.0388136436547737
ar1_phi_0.5,91,6,0.015625,-0.01905503593431363
ar1_phi_0.5,91,7,0.0078125,-0.07601227818964693
ar1_phi_0.5,91,8,0.00390625,-0.06782608539589435
ar1_phi_0.5,91,9,0.001953125,-0.01926398675333512
ar1_phi_0.5,91,10,0.0009765625,0.004315490796545662
ar1_phi_0.5,91,11,0.00048828125,0.011136227639131734
ar1_phi_0.5,91,12,0.000244140625,-0.04764191146786645
ar1_phi_0.5,91,13,0.0001220703125,-0.021866151366226008
ar1_phi_0.5,91,14,6.103515625e-05,0.058317187543403474
ar1_phi_0.5,91,15,3.0517578125e-05,0.018830227910648128
ar1_phi_0.5,91,16,1.52587890625e-05,-0.02890908660959672
ar1_phi_0.5,91,17,7.62939453125e-06,-0.04623541755586003
ar1_phi_0.5,91,18,3.814697265625e-06,-0.046639223031321966
ar1_phi_0.5,91,19,1.9073486328125e-06,-0.05165841725034676
ar1_phi_0.5,91,20,9.5367431640625e-07,0.04155028851257976
ar1_phi_0.5,92,1,0.5,0.5061009650404467
ar1_phi_0.5,92,2,0.25,0.23746298683915468
ar1_phi_0.5,92,3,0.125,0.09634979715028322
ar1_phi_0.5,92,4,0.0625,0.035606606032598916
ar1_phi_0.5,92,5,0.03125,0.0046505599632707785
ar1_phi_0.5,92,6,0.015625,0.05644918036522322
ar1_phi_0.5,92,7,0.0078125,0.02853101647435538
ar1_phi_0.5,92,8,0.00390625,-0.028444403721812252
ar1_phi_0.5,92,9,0.001953125,-0.012551260700980088
ar1_phi_0.5,92,10,0.0009765625,-0.053872141301209896
ar1_phi_0.5,92,11,0.00048828125,-0.10928898277512791
ar1_phi_0.5,92,12,0.000244140625,-0.05145269122769559
ar1_phi_0.5,92,13,0.0001220703125,0.026686402932653678
ar1_phi_0.5,92,14,6.103515625e-05,0.04037050358355942
ar1_phi_0.5,92,15,3.0517578125e-05,0.034665342560151524
ar1_phi_0.5,92,16,1.52587890625e-05,0.01803887006879516
ar1_phi_0.5,92,17,7.62939453125e-06,-0.05548656974976366
ar1_phi_0.5,92,18,3.814697265625e-06,-0.03001367146831561
ar1_phi_0.5,92,19,1.9073486328125e-06,0.011702982193246324
ar1_phi_0.5,92,20,9.5367431640625e-07,-0.006844726065952841
ar1_phi_0.5,93,1,0.5,0.4840415167057798
ar1_phi_0.5,93,2,0.25,0.18445207968156704
ar1_phi_0.5,93,3,0.125,0.02572107322347358
ar1_phi_0.5,93,4,0.0625,0.05714662963777888
ar1_phi_0.5,93,5,0.03125,0.05867346745400623
ar1_phi_0.5,93,6,0.015625,-0.06356558699779834
ar1_phi_0.5,93,7,0.0078125,-0.09792859429776755
ar1_phi_0.5,93,8,0.00390625,-0.05174891166067064
ar1_phi_0.5,93,9,0.001953125,-0.020412194629826356
ar1_phi_0.5,93,10,0.0009765625,-0.015482762259919429
ar1_phi_0.5,93,11,0.00048828125,-0.005174363718947342
ar1_phi_0.5,93,12,0.000244140625,-0.003967782752461334
ar1_phi_0.5,93,13,0.0001220703125,-0.04107451935682204
ar1_phi_0.5,93,14,6.103515625e-05,-0.14447768565542043
ar1_phi_0.5,93,15,3.0517578125e-05,-0.08727408445222082
ar1_phi_0.5,93,16,1.52587890625e-05,-0.02709591547708463
ar1_phi_0.5,93,17,7.62939453125e-06,0.06264020705039904
ar1_phi_0.5,93,18,3.814697265625e-06,0.007928593239549205
ar1_phi_0.5,93,19,1.9073486328125e-06,-0.019761238695531983
ar1_phi_0.5,93,20,9.5367431640625e-07,-0.025101797550631397
ar1_phi_0.5,94,1,0.5,0.4412702618755325
ar1_phi_0.5,94,2,0.25,0.10963257545203639
ar1_phi_0.5,94,3,0.125,-0.013971625742795212
ar1_phi_0.5,94,4,0.0625,-0.07465274025533458
ar1_phi_0.5,94,5,0.03125,-0.1158830722012183
ar1_phi_0.5,94,6,0.015625,-0.0399975715988023
ar1_phi_0.5,94,7,0.0078125,-0.06304294690553303
ar1_phi_0.5,94,8,0.00390625,-0.06563826299222952
ar1_phi_0.5,94,9,0.001953125,-0.0637842659708828
ar1_phi_0.5,94,10,0.0009765625,0.011499620556252605
ar1_phi_0.5,94,11,0.00048828125,0.041392279449239254
ar1_phi_0.5,94,12,0.000244140625,-0.019201005836793773
ar1_phi_0.5,94,13,0.0001220703125,-0.01208457495561823
ar1_phi_0.5,94,14,6.103515625e-05,0.04024026413899448
ar1_phi_0.5,94,15,3.0517578125e-05,0.04472355047426007
ar1_phi_0.5,94,16,1.52587890625e-05,0.10056392809014428
ar1_phi_0.5,94,17,7.62939453125e-06,0.08063181646358324
ar1_phi_0.5,94,18,3.814697265625e-06,0.03269685639009018
ar1_phi_0.5,94,19,1.9073486328125e-06,0.014139521418648623
ar1_phi_0.5,94,20,9.5367431640625e-07,-0.0019203220787640549
ar1_phi_0.5,95,1,0.5,0.47760559496872956
ar1_phi_0.5,95,2,0.25,0.21248561000749264
ar1_phi_0.5,95,3,0.125,0.05412869288374352
ar1_phi_0.5,95,4,0.0625,0.010781739677240254
ar1_phi_0.5,95,5,0.03125,0.04097335953508471
ar1_phi_0.5,95,6,0.015625,-0.022437133583318086
ar1_phi_0.5,95,7,0.0078125,-0.00256711457621789
ar1_phi_0.5,95,8,0.00390625,0.036334015461673426
ar1_phi_0.5,95,9,0.001953125,0.04752432167942099
ar1_phi_0.5,95,10,0.0009765625,-0.07711657401789405
ar1_phi_0.5,95,11,0.00048828125,-0.018608737079141527
ar1_phi_0.5,95,12,0.000244140625,0.033860026884984414
ar1_phi_0.5,95,13,0.0001220703125,0.06474588592661674
ar1_phi_0.5,95,14,6.103515625e-05,-0.016850661070820137
ar1_phi_0.5,95,15,3.0517578125e-05,-0.0690349748846343
ar1_phi_0.5,95,16,1.52587890625e-05,-0.07424172982262658
ar1_phi_0.5,95,17,7.62939453125e-06,0.029071319706667112
ar1_phi_0.5,95,18,3.814697265625e-06,0.03547913835674374
ar1_phi_0.5,95,19,1.9073486328125e-06,0.002562189148051476
ar1_phi_0.5,95,20,9.5367431640625e-07,0.02158461788387375
ar1_phi_0.5,96,1,0.5,0.5397730705833553
ar1_phi_0.5,96,2,0.25,0.3135142062489545
ar1_phi_0.5,96,3,0.125,0.17632638434005277
ar1_phi_0.5,96,4,0.0625,0.0801067957797325
ar1_phi_0.5,96,5,0.03125,0.045082723055930043
ar1_phi_0.5,96,6,0.015625,0.029808219188163693
ar1_phi_0.5,96,7,0.0078125,0.07648573110999668
ar1_phi_0.5,96,8,0.00390625,0.006204451371219523
ar1_phi_0.5,96,9,0.001953125,-0.024429751787411733
ar1_phi_0.5,96,10,0.0009765625,-0.029060164410761754
ar1_phi_0.5,96,11,0.00048828125,-0.012470227695532292
ar1_phi_0.5,96,12,0.000244140625,0.016605064962039586
ar1_phi_0.5,96,13,0.0001220703125,0.03814543205863241
ar1_phi_0.5,96,14,6.103515625e-05,0.016126566360226774
ar1_phi_0.5,96,15,3.0517578125e-05,-0.027397971285312385
ar1_phi_0.5,96,16,1.52587890625e-05,-0.0620730852853465
ar1_phi_0.5,96,17,7.62939453125e-06,-0.05171752396817886
ar1_phi_0.5,96,18,3.814697265625e-06,-0.017482012508404244
ar1_phi_0.5,96,19,1.9073486328125e-06,0.03452307289674732
ar1_phi_0.5,96,20,9.5367431640625e-07,0.04929138411569225
ar1_phi_0.5,97,1,0.5,0.5021600329482538
ar1_phi_0.5,97,2,0.25,0.3011880776632178
ar1_phi_0.5,97,3,0.125,0.16931556125311972
ar1_phi_0.5,97,4,0.0625,0.06769036978091351
ar1_phi_0.5,97,5,0.03125,-0.004469811624536268
ar1_phi_0.5,97,6,0.015625,0.0029881085660775886
ar1_phi_0.5,97,7,0.0078125,0.04559268071123458
ar1_phi_0.5,97,8,0.00390625,0.12825435306705957
ar1_phi_0.5,97,9,0.001953125,0.18481662921868725
ar1_phi_0.5,97,10,0.0009765625,0.0722065918453021
ar1_phi_0.5,97,11,0.00048828125,0.11087657216334264
ar1_phi_0.5,97,12,0.000244140625,0.06615819347629116
ar1_phi_0.5,97,13,0.0001220703125,-0.02152202089260344
ar1_phi_0.5,97,14,6.103515625e-05,-0.08753421389535425
ar1_phi_0.5,97,15,3.0517578125e-05,-0.04962423991568265
ar1_phi_0.5,97,16,1.52587890625e-05,-0.08914568351886651
ar1_phi_0.5,97,17,7.62939453125e-06,-0.05441661752549062
ar1_phi_0.5,97,18,3.814697265625e-06,-0.02558709618183476
ar1_phi_0.5,97,19,1.9073486328125e-06,-0.044283612841110154
ar1_phi_0.5,97,20,9.5367431640625e-07,-0.0036574625557454807
ar1_phi_0.5,98,1,0.5,0.5745184385234838
ar1_phi_0.5,98,2,0.25,0.36099297356266424
ar1_phi_0.5,98,3,0.125,0.2225337055591472
ar1_phi_0.5,98,4,0.0625,0.1452252293742406
ar1_phi_0.5,98,5,0.03125,0.058322629645376226
ar1_phi_0.5,98,6,0.015625,0.02693545849337301
ar1_phi_0.5,98,7,0.0078125,-2.5753042756334327e-05
ar1_phi_0.5,98,8,0.00390625,0.05875754283816365
ar1_phi_0.5,98,9,0.001953125,0.01626782733079506
ar1_phi_0.5,98,10,0.0009765625,-0.016076562728778724
ar1_phi_0.5,98,11,0.00048828125,-0.0600828266044069
ar1_phi_0.5,98,12,0.000244140625,-0.12465715534071332
ar1_phi_0.5,98,13,0.0001220703125,-0.184187122801375
ar1_phi_0.5,98,14,6.103515625e-05,-0.22079560769844234
ar1_phi_0.5,98,15,3.0517578125e-05,-0.19035781067909346
ar1_phi_0.5,98,16,1.52587890625e-05,-0.09949629899272171
ar1_phi_0.5,98,17,7.62939453125e-06,-0.030283142155390977
ar1_phi_0.5,98,18,3.814697265625e-06,-0.06545337708377875
ar1_phi_0.5,98,19,1.9073486328125e-06,-0.04459216930591747
ar1_phi_0.5,98,20,9.5367431640625e-07,-0.04561064306133899
ar1_phi_0.5,99,1,0.5,0.529008040459566
ar1_phi_0.5,99,2,0.25,0.2618980989887764
ar1_phi_0.5,99,3,0.125,0.12900083655647285
ar1_phi_0.5,99,4,0.0625,0.11357600553162778
ar1_phi_0.5,99,5,0.03125,0.050407742632619115
ar1_phi_0.5,99,6,0.015625,-0.00040988164808578275
ar1_phi_0.5,99,7,0.0078125,-0.006219449701955238
ar1_phi_0.5,99,8,0.00390625,-0.11368501942062269
ar1_phi_0.5,99,9,0.001953125,-0.11739742833583723
ar1_phi_0.5,99,10,0.0009765625,-0.006958495893483131
ar1_phi_0.5,99,11,0.00048828125,0.024020552553208438
ar1_phi_0.5,99,12,0.000244140625,0.03657537458450694
ar1_phi_0.5,99,13,0.0001220703125,-0.010086168717312669
ar1_phi_0.5,99,14,6.103515625e-05,0.02755960693417552
ar1_phi_0.5,99,15,3.0517578125e-05,-0.06487310538778643
ar1_phi_0.5,99,16,1.52587890625e-05,-0.0537910683077053
ar1_phi_0.5,99,17,7.62939453125e-06,-0.022745844413112948
ar1_phi_0.5,99,18,3.814697265625e-06,0.026110445704870647
ar1_phi_0.5,99,19,1.9073486328125e-06,0.023282793688803947
ar1_phi_0.5,99,20,9.5367431640625e-07,0.03398938716075665
ar1_phi_0.5,100,1,0.5,0.43034093915384813
ar1_phi_0.5,100,2,0.25,0.1528973472089398
ar1_phi_0.5,100,3,0.125,0.04567382318351018
ar1_phi_0.5,100,4,0.0625,-0.046300099371776746
ar1_phi_0.5,100,5,0.03125,-0.06655642516104905
ar1_phi_0.5,100,6,0.015625,0.016346746431896687
ar1_phi_0.5,100,7,0.0078125,0.06767361524638055
ar1_phi_0.5,100,8,0.00390625,0.12599392350606323
ar1_phi_0.5,100,9,0.001953125,0.08631475177721334
ar1_phi_0.5,100,10,0.0009765625,0.03372846980703451
ar1_phi_0.5,100,11,0.00048828125,0.030474857244042267
ar1_phi_0.5,100,12,0.000244140625,0.038604428156304854
ar1_phi_0.5,100,13,0.0001220703125,0.05197106221991721
ar1_phi_0.5,100,14,6.103515625e-05,0.02532336300357479
ar1_phi_0.5,100,15,3.0517578125e-05,0.03898892197382852
ar1_phi_0.5,100,16,1.52587890625e-05,0.043391384183774334
ar1_phi_0.5,100,17,7.62939453125e-06,0.04900413744320792
ar1_phi_0.5,100,18,3.814697265625e-06,0.04022728210229753
ar1_phi_0.5,100,19,1.9073486328125e-06,0.08479706118341007
ar1_phi_0.5,100,20,9.5367431640625e-07,0.013676563810226786
ar1_phi_0.5,101,1,0.5,0.41655974304062265
ar1_phi_0.5,101,2,0.25,0.14350711137785008
ar1_phi_0.5,101,3,0.125,-0.009618593423149448
ar1_phi_0.5,101,4,0.0625,0.01932241433320389
ar1_phi_0.5,101,5,0.03125,0.03950555508603245
ar1_phi_0.5,101,6,0.015625,-0.0019543506145715565
ar1_phi_0.5,101,7,0.0078125,0.02474760194494315
ar1_phi_0.5,101,8,0.00390625,-0.01875438961487684
ar1_phi_0.5,101,9,0.001953125,-0.033314712532421124
ar1_phi_0.5,101,10,0.0009765625,-0.041214559454545656
ar1_phi_0.5,101,11,0.00048828125,0.05704123079012791
ar1_phi_0.5,101,12,0.000244140625,0.01971118014791164
ar1_phi_0.5,101,13,0.0001220703125,-0.029854572915725516
ar1_phi_0.5,101,14,6.103515625e-05,-0.06160195271358235
ar1_phi_0.5,101,15,3.0517578125e-05,0.023503840818739366
ar1_phi_0.5,101,16,1.52587890625e-05,0.0369401227201352
ar1_phi_0.5,101,17,7.62939453125e-06,0.07845876987830341
ar1_phi_0.5,101,18,3.814697265625e-06,0.07275499211429386
ar1_phi_0.5,101,19,1.9073486328125e-06,0.08545986994379785
ar1_phi_0.5,101,20,9.5367431640625e-07,0.038031669779539194
ar1_phi_0.5,102,1,0.5,0.46036312799443674
ar1_phi_0.5,102,2,0.25,0.23419654076937352
ar1_phi_0.5,102,3,0.125,0.2127234216118123
ar1_phi_0.5,102,4,0.0625,0.09004487946085027
ar1_phi_0.5,102,5,0.03125,0.10689485722684244
ar1_phi_0.5,102,6,0.015625,0.14048008384149757
ar1_phi_0.5,102,7,0.0078125,0.039747545169299466
ar1_phi_0.5,102,8,0.00390625,0.01643827727299891
ar1_phi_0.5,102,9,0.001953125,0.048828610547463104
ar1_phi_0.5,102,10,0.0009765625,0.025933311505223964
ar1_phi_0.5,102,11,0.00048828125,-0.04877898864533198
ar1_phi_0.5,102,12,0.000244140625,-0.10204236413917335
ar1_phi_0.5,102,13,0.0001220703125,-0.11231757297734994
ar1_phi_0.5,102,14,6.103515625e-05,-0.075684946349703
ar1_phi_0.5,102,15,3.0517578125e-05,-0.04954008242827822
ar1_phi_0.5,102,16,1.52587890625e-05,-0.08437945883837036
ar1_phi_0.5,102,17,7.62939453125e-06,-0.10250826662069955
ar1_phi_0.5,102,18,3.814697265625e-06,-0.045429847841516185
ar1_phi_0.5,102,19,1.9073486328125e-06,-0.023162617044289426
ar1_phi_0.5,102,20,9.5367431640625e-07,-0.08788820401065284
ar1_phi_0.5,103,1,0.5,0.4939426288461829
ar1_phi_0.5,103,2,0.25,0.21691919913911833
ar1_phi_0.5,103,3,0.125,0.12047101300705772
ar1_phi_0.5,103,4,0.0625,0.028184342920922287
ar1_phi_0.5,103,5,0.03125,0.02042609765082296
ar1_phi_0.5,103,6,0.015625,0.015597471110568258
ar1_phi_0.5,103,7,0.0078125,0.04152375208160857
ar1_phi_0.5,103,8,0.00390625,0.006247600570880391
ar1_phi_0.5,103,9,0.001953125,-0.02646383988128175
ar1_phi_0.5,103,10,0.0009765625,-0.05427744313570167
ar1_phi_0.5,103,11,0.00048828125,-0.0382972654003638
ar1_phi_0.5,103,12,0.000244140625,0.002697079959901604
ar1_phi_0.5,103,13,0.0001220703125,-0.054576644521693814
ar1_phi_0.5,103,14,6.103515625e-05,-0.05618973715155586
ar1_phi_0.5,103,15,3.0517578125e-05,-0.05313996082971258
ar1_phi_0.5,103,16,1.52587890625e-05,-0.0343491856924667
ar1_phi_0.5,103,17,7.62939453125e-06,-0.039614666656619994
ar1_phi_0.5,103,18,3.814697265625e-06,0.009674201785376908
ar1_phi_0.5,103,19,1.9073486328125e-06,0.08527064121863663
ar1_phi_0.5,103,20,9.5367431640625e-07,0.07422204884229515
ar1_phi_0.5,104,1,0.5,0.4831032456913815
ar1_phi_0.5,104,2,0.25,0.30330512931950093
ar1_phi_0.5,104,3,0.125,0.18776798396042363
ar1_phi_0.5,104,4,0.0625,0.09620600908437558
ar1_phi_0.5,104,5,0.03125,0.057430438194679335
ar1_phi_0.5,104,6,0.015625,-0.005996975805975007
ar1_phi_0.5,104,7,0.0078125,-0.005742291184294415
ar1_phi_0.5,104,8,0.00390625,-0.019183012872028362
ar1_phi_0.5,104,9,0.001953125,-0.0873921328373659
ar1_phi_0.5,104,10,0.0009765625,-0.07793926856981485
ar1_phi_0.5,104,11,0.00048828125,-0.15788861334415338
ar1_phi_0.5,104,12,0.000244140625,-0.12784755076900575
ar1_phi_0.5,104,13,0.0001220703125,-0.1540595538197817
ar1_phi_0.5,104,14,6.103515625e-05,-0.1360707353036955
ar1_phi_0.5,104,15,3.0517578125e-05,-0.12217444668681635
ar1_phi_0.5,104,16,1.52587890625e-05,-0.08784174958111408
ar1_phi_0.5,104,17,7.62939453125e-06,-0.013650990435885154
ar1_phi_0.5,104,18,3.814697265625e-06,0.022929159448249484
ar1_phi_0.5,104,19,1.9073486328125e-06,0.02375655949850723
ar1_phi_0.5,104,20,9.5367431640625e-07,0.05098121334063013
ar1_phi_0.5,105,1,0.5,0.46213551767022126
ar1_phi_0.5,105,2,0.25,0.20494353386184733
ar1_phi_0.5,105,3,0.125,0.14703827754042145
ar1_phi_0.5,105,4,0.0625,0.1624084962475673
ar1_phi_0.5,105,5,0.03125,0.14933624601198453
ar1_phi_0.5,105,6,0.015625,0.06768788177158327
ar1_phi_0.5,105,7,0.0078125,0.07319327914516195
ar1_phi_0.5,105,8,0.00390625,0.03776843034147581
ar1_phi_0.5,105,9,0.001953125,0.023322323999409793
ar1_phi_0.5,105,10,0.0009765625,0.022228427894734292
ar1_phi_0.5,105,11,0.00048828125,0.05702515344311092
ar1_phi_0.5,105,12,0.000244140625,0.04228118611129342
ar1_phi_0.5,105,13,0.0001220703125,0.03454548592561369
ar1_phi_0.5,105,14,6.103515625e-05,0.05168154589026844
ar1_phi_0.5,105,15,3.0517578125e-05,-0.0023525285366413646
ar1_phi_0.5,105,16,1.52587890625e-05,0.0416532115557449
ar1_phi_0.5,105,17,7.62939453125e-06,0.07725429709155791
ar1_phi_0.5,105,18,3.814697265625e-06,0.053621225439743576
ar1_phi_0.5,105,19,1.9073486328125e-06,0.05446758810768514
ar1_phi_0.5,105,20,9.5367431640625e-07,-0.027211498336034402
ar1_phi_0.5,106,1,0.5,0.4990114584215658
ar1_phi_0.5,106,2,0.25,0.30047023886620056
ar1_phi_0.5,106,3,0.125,0.11630462797715671
ar1_phi_0.5,106,4,0.0625,0.027441686706944943
ar1_phi_0.5,106,5,0.03125,-0.012681290461749461
ar1_phi_0.5,106,6,0.015625,0.06011292112731023
ar1_phi_0.5,106,7,0.0078125,0.1582033522278425
ar1_phi_0.5,106,8,0.00390625,0.15872162283242994
ar1_phi_0.5,106,9,0.001953125,0.15380642534596253
ar1_phi_0.5,106,10,0.0009765625,0.0917170677573363
ar1_phi_0.5,106,11,0.00048828125,0.05941091639784286
ar1_phi_0.5,106,12,0.000244140625,0.005087931509982122
ar1_phi_0.5,106,13,0.0001220703125,-0.0406234458464575
ar1_phi_0.5,106,14,6.103515625e-05,0.052810213317916355
ar1_phi_0.5,106,15,3.0517578125e-05,0.07369899108059783
ar1_phi_0.5,106,16,1.52587890625e-05,0.05253979964261254
ar1_phi_0.5,106,17,7.62939453125e-06,0.08135032195815674
ar1_phi_0.5,106,18,3.814697265625e-06,0.021150170940254464
ar1_phi_0.5,106,19,1.9073486328125e-06,0.0196360287826451
ar1_phi_0.5,106,20,9.5367431640625e-07,-0.03894889985227141
ar1_phi_0.5,107,1,0.5,0.571057488907138
ar1_phi_0.5,107,2,0.25,0.3682230718459934
ar1_phi_0.5,107,3,0.125,0.19125406788733032
ar1_phi_0.5,107,4,0.0625,0.13930684138142208
ar1_phi_0.5,107,5,0.03125,0.11706242652780062
ar1_phi_0.5,107,6,0.015625,0.04625452970165864
ar1_phi_0.5,107,7,0.0078125,0.04599961605024456
ar1_phi_0.5,107,8,0.00390625,0.035179403159136
ar1_phi_0.5,107,9,0.001953125,-0.025855403477527465
ar1_phi_0.5,107,10,0.0009765625,0.005425205719156961
ar1_phi_0.5,107,11,0.00048828125,-0.011816224207712238
ar1_phi_0.5,107,12,0.000244140625,0.0451330144078443
ar1_phi_0.5,107,13,0.0001220703125,0.040361614946992905
ar1_phi_0.5,107,14,6.103515625e-05,0.025509118803593446
ar1_phi_0.5,107,15,3.0517578125e-05,-0.017884507123976694
ar1_phi_0.5,107,16,1.52587890625e-05,-0.0608003246618788
ar1_phi_0.5,107,17,7.62939453125e-06,0.00796130873238617
ar1_phi_0.5,107,18,3.814697265625e-06,0.012193916844446543
ar1_phi_0.5,107,19,1.9073486328125e-06,-0.006485267232498581
ar1_phi_0.5,107,20,9.5367431640625e-07,-0.014736969225963892
ar1_phi_0.5,108,1,0.5,0.46431175080924786
ar1_phi_0.5,108,2,0.25,0.20299116579975893
ar1_phi_0.5,108,3,0.125,0.1724693464789211
ar1_phi_0.5,108,4,0.0625,0.12311404580453288
ar1_phi_0.5,108,5,0.03125,0.10044704178464012
ar1_phi_0.5,108,6,0.015625,-0.009186983340868884
ar1_phi_0.5,108,7,0.0078125,-0.09457257566489319
ar1_phi_0.5,108,8,0.00390625,-0.09498691092546839
ar1_phi_0.5,108,9,0.001953125,-0.04123682706861828
ar1_phi_0.5,108,10,0.0009765625,-0.012412258845957718
ar1_phi_0.5,108,11,0.00048828125,0.03215374296948109
ar1_phi_0.5,108,12,0.000244140625,0.008199786752964334
ar1_phi_0.5,108,13,0.0001220703125,-0.03750564583984128
ar1_phi_0.5,108,14,6.103515625e-05,-0.04855170264642799
ar1_phi_0.5,108,15,3.0517578125e-05,-0.056002906050094045
ar1_phi_0.5,108,16,1.52587890625e-05,-0.10722295651928898
ar1_phi_0.5,108,17,7.62939453125e-06,-0.16222857885559752
ar1_phi_0.5,108,18,3.814697265625e-06,-0.1929392824658493
ar1_phi_0.5,108,19,1.9073486328125e-06,-0.1316142073712157
ar1_phi_0.5,108,20,9.5367431640625e-07,-0.15384303447540176
ar1_phi_0.5,109,1,0.5,0.5617977401508653
ar1_phi_0.5,109,2,0.25,0.2760926981722985
ar1_phi_0.5,109,3,0.125,0.13792088888312684
ar1_phi_0.5,109,4,0.0625,0.0020328683845563084
ar1_phi_0.5,109,5,0.03125,0.004644950279132264
ar1_phi_0.5,109,6,0.015625,0.0411222023493806
ar1_phi_0.5,109,7,0.0078125,0.09503168910902574
ar1_phi_0.5,109,8,0.00390625,0.09418289987499835
ar1_phi_0.5,109,9,0.001953125,0.08509897115549275
ar1_phi_0.5,109,10,0.0009765625,0.04188416812558195
ar1_phi_0.5,109,11,0.00048828125,0.006597395563085276
ar1_phi_0.5,109,12,0.000244140625,0.015972505527034046
ar1_phi_0.5,109,13,0.0001220703125,0.019647807854611683
ar1_phi_0.5,109,14,6.103515625e-05,-0.012105944266942028
ar1_phi_0.5,109,15,3.0517578125e-05,-0.010721948989750743
ar1_phi_0.5,109,16,1.52587890625e-05,-0.013786447056831137
ar1_phi_0.5,109,17,7.62939453125e-06,-0.02071539805515289
ar1_phi_0.5,109,18,3.814697265625e-06,0.0013663142830899876
ar1_phi_0.5,109,19,1.9073486328125e-06,0.03544581571434108
ar1_phi_0.5,109,20,9.5367431640625e-07,0.057687291301659165
ar1_phi_0.5,110,1,0.5,0.4437363183615427
ar1_phi_0.5,110,2,0.25,0.16577092487069653
ar1_phi_0.5,110,3,0.125,0.04748606197704555
ar1_phi_0.5,110,4,0.0625,0.12211535514525224
ar1_phi_0.5,110,5,0.03125,0.1369081499752274
ar1_phi_0.5,110,6,0.015625,0.04223079570569531
ar1_phi_0.5,110,7,0.0078125,0.020610369540754788
ar1_phi_0.5,110,8,0.00390625,-0.022635986459062583
ar1_phi_0.5,110,9,0.001953125,-0.04311146011601922
ar1_phi_0.5,110,10,0.0009765625,-0.06251528482312572
ar1_phi_0.5,110,11,0.00048828125,-0.032709070953865466
ar1_phi_0.5,110,12,0.000244140625,-0.04313144975434043
ar1_phi_0.5,110,13,0.0001220703125,-0.05904526414268029
ar1_phi_0.5,110,14,6.103515625e-05,-0.04858196588032049
ar1_phi_0.5,110,15,3.0517578125e-05,-0.008464437992378048
ar1_phi_0.5,110,16,1.52587890625e-05,0.11060055396405039
ar1_phi_0.5,110,17,7.62939453125e-06,0.08946819704541288
ar1_phi_0.5,110,18,3.814697265625e-06,0.021975328585525568
ar1_phi_0.5,110,19,1.9073486328125e-06,0.0167081183162946
ar1_phi_0.5,110,20,9.5367431640625e-07,0.05147149194262492
ar1_phi_0.5,111,1,0.5,0.4673255627055438
ar1_phi_0.5,111,2,0.25,0.14362727357436114
ar1_phi_0.5,111,3,0.125,0.04025102204017283
ar1_phi_0.5,111,4,0.0625,-0.041922330510762384
ar1_phi_0.5,111,5,0.03125,-0.06310287199427188
ar1_phi_0.5,111,6,0.015625,-0.07500205082630156
ar1_phi_0.5,111,7,0.0078125,-0.10656812244672084
ar1_phi_0.5,111,8,0.00390625,-0.2196701031275092
ar1_phi_0.5,111,9,0.001953125,-0.15005050102631082
ar1_phi_0.5,111,10,0.0009765625,-0.08242721518431056
ar1_phi_0.5,111,11,0.00048828125,-0.10111894192011385
ar1_phi_0.5,111,12,0.000244140625,-0.04897401947327849
ar1_phi_0.5,111,13,0.0001220703125,0.06423120937900084
ar1_phi_0.5,111,14,6.103515625e-05,0.12083343975843296
ar1_phi_0.5,111,15,3.0517578125e-05,0.15334601511018556
ar1_phi_0.5,111,16,1.52587890625e-05,0.17599845899988498
ar1_phi_0.5,111,17,7.62939453125e-06,0.09679038170436959
ar1_phi_0.5,111,18,3.814697265625e-06,0.00970736447792914
ar1_phi_0.5,111,19,1.9073486328125e-06,-0.013383156076414167
ar1_phi_0.5,111,20,9.5367431640625e-07,-0.043589417807353564
ar1_phi_0.5,112,1,0.5,0.4905053975439234
ar1_phi_0.5,112,2,0.25,0.30640859554221744
ar1_phi_0.5,112,3,0.125,0.13963152942271218
ar1_phi_0.5,112,4,0.0625,0.013048892685952553
ar1_phi_0.5,112,5,0.03125,-0.026367135393117108
ar1_phi_0.5,112,6,0.015625,0.05772653090316074
ar1_phi_0.5,112,7,0.0078125,0.020864240488020235
ar1_phi_0.5,112,8,0.00390625,0.025384073425149103
ar1_phi_0.5,112,9,0.001953125,0.02776737795392117
ar1_phi_0.5,112,10,0.0009765625,-0.03333287129800738
ar1_phi_0.5,112,11,0.00048828125,-0.09185289375263718
ar1_phi_0.5,112,12,0.000244140625,-0.1886084186697629
ar1_phi_0.5,112,13,0.0001220703125,-0.19429707151950718
ar1_phi_0.5,112,14,6.103515625e-05,-0.19193667817319265
ar1_phi_0.5,112,15,3.0517578125e-05,-0.15229242711903704
ar1_phi_0.5,112,16,1.52587890625e-05,-0.12268467130911244
ar1_phi_0.5,112,17,7.62939453125e-06,0.011073251598243114
ar1_phi_0.5,112,18,3.814697265625e-06,0.02916081654398295
ar1_phi_0.5,112,19,1.9073486328125e-06,0.08718821455379001
ar1_phi_0.5,112,20,9.5367431640625e-07,0.12109924383747617
ar1_phi_0.5,113,1,0.5,0.45709294536243367
ar1_phi_0.5,113,2,0.25,0.2263340995944631
ar1_phi_0.5,113,3,0.125,0.16956194363616967
ar1_phi_0.5,113,4,0.0625,0.06639996030579903
ar1_phi_0.5,113,5,0.03125,0.08184325965753106
ar1_phi_0.5,113,6,0.015625,0.07775889843316328
ar1_phi_0.5,113,7,0.0078125,0.08074904273003117
ar1_phi_0.5,113,8,0.00390625,0.05562569156137916
ar1_phi_0.5,113,9,0.001953125,0.03204912668425873
ar1_phi_0.5,113,10,0.0009765625,0.10148736688652536
ar1_phi_0.5,113,11,0.00048828125,0.1014475210689614
ar1_phi_0.5,113,12,0.000244140625,0.0775635902065857
ar1_phi_0.5,113,13,0.0001220703125,0.0906621217245659
ar1_phi_0.5,113,14,6.103515625e-05,0.05488625096722335
ar1_phi_0.5,113,15,3.0517578125e-05,0.052330592666560344
ar1_phi_0.5,113,16,1.52587890625e-05,0.03276775542564254
ar1_phi_0.5,113,17,7.62939453125e-06,0.025723709316821212
ar1_phi_0.5,113,18,3.814697265625e-06,0.018957973188799587
ar1_phi_0.5,113,19,1.9073486328125e-06,0.009629315430997095
ar1_phi_0.5,113,20,9.5367431640625e-07,-0.016528731784684846
ar1_phi_0.5,114,1,0.5,0.5312229870558798
ar1_phi_0.5,114,2,0.25,0.2773879223231329
ar1_phi_0.5,114,3,0.125,0.1484935268622565
ar1_phi_0.5,114,4,0.0625,0.013350548833015527
ar1_phi_0.5,114,5,0.03125,-0.054194922690707234
ar1_phi_0.5,114,6,0.015625,-0.04226930593949296
ar1_phi_0.5,114,7,0.0078125,-0.07294640252235428
ar1_phi_0.5,114,8,0.00390625,-0.0330928934606659
ar1_phi_0.5,114,9,0.001953125,-0.06201159142007472
ar1_phi_0.5,114,10,0.0009765625,-0.06646501910458008
ar1_phi_0.5,114,11,0.00048828125,-0.06627229623216338
ar1_phi_0.5,114,12,0.000244140625,-0.07239974753452869
ar1_phi_0.5,114,13,0.0001220703125,-0.02361698294425433
ar1_phi_0.5,114,14,6.103515625e-05,0.04494566150044548
ar1_phi_0.5,114,15,3.0517578125e-05,0.0402131515872289
ar1_phi_0.5,114,16,1.52587890625e-05,0.027198652275200595
ar1_phi_0.5,114,17,7.62939453125e-06,-0.011627803640150166
ar1_phi_0.5,114,18,3.814697265625e-06,-0.0999772785271929
ar1_phi_0.5,114,19,1.9073486328125e-06,-0.09317461121169217
ar1_phi_0.5,114,20,9.5367431640625e-07,-0.0948201675334218
ar1_phi_0.5,115,1,0.5,0.4870877788479874
ar1_phi_0.5,115,2,0.25,0.23017017750214208
ar1_phi_0.5,115,3,0.125,0.11595591099343355
ar1_phi_0.5,115,4,0.0625,0.08985300403629433
ar1_phi_0.5,115,5,0.03125,0.061152768809998405
ar1_phi_0.5,115,6,0.015625,0.04359563424601114
ar1_phi_0.5,115,7,0.0078125,0.014089537870600254
ar1_phi_0.5,115,8,0.00390625,-0.02298237931757342
ar1_phi_0.5,115,9,0.001953125,-0.06208876907112617
ar1_phi_0.5,115,10,0.0009765625,-0.07332279115770757
ar1_phi_0.5,115,11,0.00048828125,0.020123966395983663
ar1_phi_0.5,115,12,0.000244140625,-0.012496849833012863
ar1_phi_0.5,115,13,0.0001220703125,-0.028044305611546996
ar1_phi_0.5,115,14,6.103515625e-05,-0.005416942711171114
ar1_phi_0.5,115,15,3.0517578125e-05,-0.005932251959613828
ar1_phi_0.5,115,16,1.52587890625e-05,-0.07032005067694506
ar1_phi_0.5,115,17,7.62939453125e-06,-0.04928899158953927
ar1_phi_0.5,115,18,3.814697265625e-06,-0.0674168936577296
ar1_phi_0.5,115,19,1.9073486328125e-06,-0.07385175613468827
ar1_phi_0.5,115,20,9.5367431640625e-07,-0.09952112353152609
ar1_phi_0.5,116,1,0.5,0.5270388692031791
ar1_phi_0.5,116,2,0.25,0.27262423093442256
ar1_phi_0.5,116,3,0.125,0.09640124988886897
ar1_phi_0.5,116,4,0.0625,0.07502539923749524
ar1_phi_0.5,116,5,0.03125,0.040620115464473756
ar1_phi_0.5,116,6,0.015625,0.06616429390819274
ar1_phi_0.5,116,7,0.0078125,0.11895083330332808
ar1_phi_0.5,116,8,0.00390625,0.15710068780917824
ar1_phi_0.5,116,9,0.001953125,0.12372310169662482
ar1_phi_0.5,116,10,0.0009765625,0.10383071087299502
ar1_phi_0.5,116,11,0.00048828125,-0.02984024152615376
ar1_phi_0.5,116,12,0.000244140625,-0.11543475456338415
ar1_phi_0.5,116,13,0.0001220703125,-0.13768512433732197
ar1_phi_0.5,116,14,6.103515625e-05,-0.11127060317653324
ar1_phi_0.5,116,15,3.0517578125e-05,-0.08819646649393076
ar1_phi_0.5,116,16,1.52587890625e-05,-0.023594352675455947
ar1_phi_0.5,116,17,7.62939453125e-06,0.028630362036089513
ar1_phi_0.5,116,18,3.814697265625e-06,0.038906603339958185
ar1_phi_0.5,116,19,1.9073486328125e-06,-0.007458675852020927
ar1_phi_0.5,116,20,9.5367431640625e-07,-0.03574490677765625
ar1_phi_0.5,117,1,0.5,0.47942360212547175
ar1_phi_0.5,117,2,0.25,0.25764338117121577
ar1_phi_0.5,117,3,0.125,0.17684059132323834
ar1_phi_0.5,117,4,0.0625,0.1970773119772768
ar1_phi_0.5,117,5,0.03125,0.19773554252248296
ar1_phi_0.5,117,6,0.015625,0.11037194729558775
ar1_phi_0.5,117,7,0.0078125,0.0745282192705626
ar1_phi_0.5,117,8,0.00390625,0.057227637557447586
ar1_phi_0.5,117,9,0.001953125,0.10461074356088207
ar1_phi_0.5,117,10,0.0009765625,0.04563555651009501
ar1_phi_0.5,117,11,0.00048828125,0.037959473679754
ar1_phi_0.5,117,12,0.000244140625,0.048129586481367
ar1_phi_0.5,117,13,0.0001220703125,0.08069323142024039
ar1_phi_0.5,117,14,6.103515625e-05,0.11344733134452246
ar1_phi_0.5,117,15,3.0517578125e-05,0.11027098153360705
ar1_phi_0.5,117,16,1.52587890625e-05,0.12181923174379111
ar1_phi_0.5,117,17,7.62939453125e-06,0.06948513176642085
ar1_phi_0.5,117,18,3.814697265625e-06,0.05584988872618044
ar1_phi_0.5,117,19,1.9073486328125e-06,0.025257749514210174
ar1_phi_0.5,117,20,9.5367431640625e-07,0.04224921766612106
ar1_phi_0.5,118,1,0.5,0.534566781596864
ar1_phi_0.5,118,2,0.25,0.28239154345863765
ar1_phi_0.5,118,3,0.125,0.12259280466832875
ar1_phi_0.5,118,4,0.0625,0.04866789698361276
ar1_phi_0.5,118,5,0.03125,-0.058462102302195805
ar1_phi_0.5,118,6,0.015625,-0.13116464149989523
ar1_phi_0.5,118,7,0.0078125,-0.1748295677597365
ar1_phi_0.5,118,8,0.00390625,-0.0811195916608094
ar1_phi_0.5,118,9,0.001953125,-0.09370436321534983
ar1_phi_0.5,118,10,0.0009765625,-0.035368280459461054
ar1_phi_0.5,118,11,0.00048828125,-0.06058621975186531
ar1_phi_0.5,118,12,0.000244140625,-0.019781030256887357
ar1_phi_0.5,118,13,0.0001220703125,-0.0008727583305329397
ar1_phi_0.5,118,14,6.103515625e-05,0.06970029254119776
ar1_phi_0.5,118,15,3.0517578125e-05,0.08873392810604275
ar1_phi_0.5,118,16,1.52587890625e-05,0.1054591707320493
ar1_phi_0.5,118,17,7.62939453125e-06,0.05483392148368198
ar1_phi_0.5,118,18,3.814697265625e-06,0.04417066236022811
ar1_phi_0.5,118,19,1.9073486328125e-06,0.005427376784070746
ar1_phi_0.5,118,20,9.5367431640625e-07,0.019949724296267814
ar1_phi_0.5,119,1,0.5,0.4672645023775946
ar1_phi_0.5,119,2,0.25,0.1175269002623473
ar1_phi_0.5,119,3,0.125,0.04189585183358094
ar1_phi_0.5,119,4,0.0625,0.06145907813513892
ar1_phi_0.5,119,5,0.03125,0.04343945885275608
ar1_phi_0.5,119,6,0.015625,-0.022763343746978266
ar1_phi_0.5,119,7,0.0078125,-0.03792188332826827
ar1_phi_0.5,119,8,0.00390625,0.027755042000011845
ar1_phi_0.5,119,9,0.001953125,0.1011245052966445
ar1_phi_0.5,119,10,0.0009765625,0.15203300202019995
ar1_phi_0.5,119,11,0.00048828125,0.07979661417043708
ar1_phi_0.5,119,12,0.000244140625,0.08936837414080054
ar1_phi_0.5,119,13,0.0001220703125,0.0718843858428129
ar1_phi_0.5,119,14,6.103515625e-05,0.02193912781687299
ar1_phi_0.5,119,15,3.0517578125e-05,-0.08249209241418202
ar1_phi_0.5,119,16,1.52587890625e-05,-0.10436834064325738
ar1_phi_0.5,119,17,7.62939453125e-06,-0.09152589918330672
ar1_phi_0.5,119,18,3.814697265625e-06,-0.024810884883039636
ar1_phi_0.5,119,19,1.9073486328125e-06,0.012068072512911936
ar1_phi_0.5,119,20,9.5367431640625e-07,0.010461677557470279
ar1_phi_0.5,120,1,0.5,0.405721022678586
ar1_phi_0.5,120,2,0.25,0.1511996246998259
ar1_phi_0.5,120,3,0.125,-0.030908926027323314
ar1_phi_0.5,120,4,0.0625,-0.02942033252722894
ar1_phi_0.5,120,5,0.03125,-0.1107743277600355
ar1_phi_0.5,120,6,0.015625,-0.05216743568664679
ar1_phi_0.5,120,7,0.0078125,-0.13292664126350706
ar1_phi_0.5,120,8,0.00390625,-0.09506116850630046
ar1_phi_0.5,120,9,0.001953125,-0.04234192006124986
ar1_phi_0.5,120,10,0.0009765625,0.0016170375035151926
ar1_phi_0.5,120,11,0.00048828125,0.033911827087012014
ar1_phi_0.5,120,12,0.000244140625,-0.017708277034804154
ar1_phi_0.5,120,13,0.0001220703125,0.03695511535794575
ar1_phi_0.5,120,14,6.103515625e-05,-0.00519705342179139
ar1_phi_0.5,120,15,3.0517578125e-05,0.025578761302726336
ar1_phi_0.5,120,16,1.52587890625e-05,-0.055799843430379914
ar1_phi_0.5,120,17,7.62939453125e-06,-0.023078828710267868
ar1_phi_0.5,120,18,3.814697265625e-06,-0.04322601555520493
ar1_phi_0.5,120,19,1.9073486328125e-06,0.024139165923367702
ar1_phi_0.5,120,20,9.5367431640625e-07,-0.06383764267830729
ar1_phi_0.5,121,1,0.5,0.4911458509611726
ar1_phi_0.5,121,2,0.25,0.22116282182428085
ar1_phi_0.5,121,3,0.125,0.1260094924331041
ar1_phi_0.5,121,4,0.0625,0.10329401990310985
ar1_phi_0.5,121,5,0.03125,0.12880197736277882
ar1_phi_0.5,121,6,0.015625,0.11512220058668383
ar1_phi_0.5,121,7,0.0078125,0.07825344899671913
ar1_phi_0.5,121,8,0.00390625,0.07788547754434005
ar1_phi_0.5,121,9,0.001953125,0.0695884501976139
ar1_phi_0.5,121,10,0.0009765625,0.006130452161017349
ar1_phi_0.5,121,11,0.00048828125,-0.0295529573060964
ar1_phi_0.5,121,12,0.000244140625,-0.07784256533042615
ar1_phi_0.5,121,13,0.0001220703125,-0.13878970013832906
ar1_phi_0.5,121,14,6.103515625e-05,-0.06616708481934279
ar1_phi_0.5,121,15,3.0517578125e-05,-0.03667150284413513
ar1_phi_0.5,121,16,1.52587890625e-05,-0.10325118373303371
ar1_phi_0.5,121,17,7.62939453125e-06,-0.0782132703099915
ar1_phi_0.5,121,18,3.814697265625e-06,-0.022050307815882828
ar1_phi_0.5,121,19,1.9073486328125e-06,-0.02123821934062034
ar1_phi_0.5,121,20,9.5367431640625e-07,-0.04277694257914223
ar1_phi_0.5,122,1,0.5,0.5221143094344531
ar1_phi_0.5,122,2,0.25,0.21168712701756043
ar1_phi_0.5,122,3,0.125,0.09690266862904037
ar1_phi_0.5,122,4,0.0625,0.010779232801951581
ar1_phi_0.5,122,5,0.03125,-0.10487138873360821
ar1_phi_0.5,122,6,0.015625,-0.06270306400031672
ar1_phi_0.5,122,7,0.0078125,-0.006983770901292184
ar1_phi_0.5,122,8,0.00390625,0.07431310405429174
ar1_phi_0.5,122,9,0.001953125,0.09897863478438272
ar1_phi_0.5,122,10,0.0009765625,0.07624194524203512
ar1_phi_0.5,122,11,0.00048828125,0.023081112664928384
ar1_phi_0.5,122,12,0.000244140625,-0.0078019531868999984
ar1_phi_0.5,122,13,0.0001220703125,0.00560664619206554
ar1_phi_0.5,122,14,6.103515625e-05,0.08206671259470179
ar1_phi_0.5,122,15,3.0517578125e-05,0.13406398179347526
ar1_phi_0.5,122,16,1.52587890625e-05,0.1187195654888882
ar1_phi_0.5,122,17,7.62939453125e-06,0.11543115540908758
ar1_phi_0.5,122,18,3.814697265625e-06,0.12639847268975887
ar1_phi_0.5,122,19,1.9073486328125e-06,0.06723464812627945
ar1_phi_0.5,122,20,9.5367431640625e-07,-0.04717922847794385
ar1_phi_0.5,123,1,0.5,0.5170064467859793
ar1_phi_0.5,123,2,0.25,0.20412772994353887
ar1_phi_0.5,123,3,0.125,0.09635231698758176
ar1_phi_0.5,123,4,0.0625,-0.03218249023411095
ar1_phi_0.5,123,5,0.03125,-0.09001207535669374
ar1_phi_0.5,123,6,0.015625,-0.08874338116565343
ar1_phi_0.5,123,7,0.0078125,0.09839580458785673
ar1_phi_0.5,123,8,0.00390625,0.13169311926553803
ar1_phi_0.5,123,9,0.001953125,0.13387781952277103
ar1_phi_0.5,123,10,0.0009765625,0.14295213825565387
ar1_phi_0.5,123,11,0.00048828125,0.03161041774772707
ar1_phi_0.5,123,12,0.000244140625,-0.00799704229869544
ar1_phi_0.5,123,13,0.0001220703125,-0.014531514120764453
ar1_phi_0.5,123,14,6.103515625e-05,0.019219194979673983
ar1_phi_0.5,123,15,3.0517578125e-05,-0.021032704583179945
ar1_phi_0.5,123,16,1.52587890625e-05,-0.0024244804982422566
ar1_phi_0.5,123,17,7.62939453125e-06,0.05648536117136162
ar1_phi_0.5,123,18,3.814697265625e-06,0.03282775753516817
ar1_phi_0.5,123,19,1.9073486328125e-06,0.04915328962809753
ar1_phi_0.5,123,20,9.5367431640625e-07,0.031723153136058634
ar1_phi_0.5,124,1,0.5,0.5198170083673535
ar1_phi_0.5,124,2,0.25,0.2720021725592775
ar1_phi_0.5,124,3,0.125,0.13886342443920774
ar1_phi_0.5,124,4,0.0625,0.10041308516132147
ar1_phi_0.5,124,5,0.03125,0.07197478779499684
ar1_phi_0.5,124,6,0.015625,0.022213163328798382
ar1_phi_0.5,124,7,0.0078125,-0.043827554558762846
ar1_phi_0.5,124,8,0.00390625,-0.054015684633656275
ar1_phi_0.5,124,9,0.001953125,-0.06239244274690208
ar1_phi_0.5,124,10,0.0009765625,0.008513998488443256
ar1_phi_0.5,124,11,0.00048828125,0.053207361691990085
ar1_phi_0.5,124,12,0.000244140625,0.019582329440227322
ar1_phi_0.5,124,13,0.0001220703125,0.014184094741596655
ar1_phi_0.5,124,14,6.103515625e-05,0.0579760280991156
ar1_phi_0.5,124,15,3.0517578125e-05,0.09752507549093582
ar1_phi_0.5,124,16,1.52587890625e-05,0.09092693136575312
ar1_phi_0.5,124,17,7.62939453125e-06,0.03578364133561134
ar1_phi_0.5,124,18,3.814697265625e-06,0.013789113291594504
ar1_phi_0.5,124,19,1.9073486328125e-06,0.026860190584736435
ar1_phi_0.5,124,20,9.5367431640625e-07,-0.009828598422403686
ar1_phi_0.5,125,1,0.5,0.5273572619260022
ar1_phi_0.5,125,2,0.25,0.29369885367475024
ar1_phi_0.5,125,3,0.125,0.09123894349568748
ar1_phi_0.5,125,4,0.0625,0.004567775789099487
ar1_phi_0.5,125,5,0.03125,-0.09466554986648325
ar1_phi_0.5,125,6,0.015625,-0.12438096646414847
ar1_phi_0.5,125,7,0.0078125,-0.12254321782142699
ar1_phi_0.5,125,8,0.00390625,-0.07502384832236234
ar1_phi_0.5,125,9,0.001953125,-0.06981874033385951
ar1_phi_0.5,125,10,0.0009765625,-0.035939074316539046
ar1_phi_0.5,125,11,0.00048828125,-0.04107764615579247
ar1_phi_0.5,125,12,0.000244140625,-0.04220900571234998
ar1_phi_0.5,125,13,0.0001220703125,-0.0039952561480987425
ar1_phi_0.5,125,14,6.103515625e-05,-0.022939566221191334
ar1_phi_0.5,125,15,3.0517578125e-05,0.020116747137267944
ar1_phi_0.5,125,16,1.52587890625e-05,0.10620614303670714
ar1_phi_0.5,125,17,7.62939453125e-06,0.18236038157003406
ar1_phi_0.5,125,18,3.814697265625e-06,0.19038467813404236
ar1_phi_0.5,125,19,1.9073486328125e-06,0.12870130274444577
ar1_phi_0.5,125,20,9.5367431640625e-07,0.08645657077142002
ar1_phi_0.5,126,1,0.5,0.4391552161810531
ar1_phi_0.5,126,2,0.25,0.21960858545062562
ar1_phi_0.5,126,3,0.125,0.12710623482514322
ar1_phi_0.5,126,4,0.0625,-0.009884401381664772
ar1_phi_0.5,126,5,0.03125,-0.05145781539661541
ar1_phi_0.5,126,6,0.015625,-0.050364184378279865
ar1_phi_0.5,126,7,0.0078125,-0.0413827463073118
ar1_phi_0.5,126,8,0.00390625,-0.032724424509884296
ar1_phi_0.5,126,9,0.001953125,-0.05099686624508777
ar1_phi_0.5,126,10,0.0009765625,-0.12958054298818422
ar1_phi_0.5,126,11,0.00048828125,-0.13339276946166373
ar1_phi_0.5,126,12,0.000244140625,-0.08956602247801121
ar1_phi_0.5,126,13,0.0001220703125,-0.08662173567481193
ar1_phi_0.5,126,14,6.103515625e-05,-0.0019399422444180588
ar1_phi_0.5,126,15,3.0517578125e-05,-0.02730556770353733
ar1_phi_0.5,126,16,1.52587890625e-05,0.059477375123799935
ar1_phi_0.5,126,17,7.62939453125e-06,0.05162674702873355
ar1_phi_0.5,126,18,3.814697265625e-06,0.04848747193315176
ar1_phi_0.5,126,19,1.9073486328125e-06,-0.021157148448114723
ar1_phi_0.5,126,20,9.5367431640625e-07,0.016842567032864516
ar1_phi_0.5,127,1,0.5,0.5923194715245071
ar1_phi_0.5,127,2,0.25,0.36512604904020873
ar1_phi_0.5,127,3,0.125,0.24383952953898963
ar1_phi_0.5,127,4,0.0625,0.11015966601131408
ar1_phi_0.5,127,5,0.03125,0.0031529685598581767
ar1_phi_0.5,127,6,0.015625,-0.06758140072279703
ar1_phi_0.5,127,7,0.0078125,-0.13063294955066584
ar1_phi_0.5,127,8,0.00390625,-0.05710437069505561
ar1_phi_0.5,127,9,0.001953125,-0.0845178699878543
ar1_phi_0.5,127,10,0.0009765625,-0.06473258779767528
ar1_phi_0.5,127,11,0.00048828125,-0.06339370401372543
ar1_phi_0.5,127,12,0.000244140625,-0.09087073236626494
ar1_phi_0.5,127,13,0.0001220703125,-0.08980268454866996
ar1_phi_0.5,127,14,6.103515625e-05,-0.08907344872403342
ar1_phi_0.5,127,15,3.0517578125e-05,-0.14098393013345384
ar1_phi_0.5,127,16,1.52587890625e-05,-0.09433781083561996
ar1_phi_0.5,127,17,7.62939453125e-06,-0.07194205394600411
ar1_phi_0.5,127,18,3.814697265625e-06,-0.05265482894733704
ar1_phi_0.5,127,19,1.9073486328125e-06,-0.02446793168390169
ar1_phi_0.5,127,20,9.5367431640625e-07,0.017864006898619313
ar1_phi_0.5,128,1,0.5,0.3934269354176699
ar1_phi_0.5,128,2,0.25,0.20847969047619533
ar1_phi_0.5,128,3,0.125,0.02975954513702766
ar1_phi_0.5,128,4,0.0625,-0.0861644917551888
ar1_phi_0.5,128,5,0.03125,-0.07913795139180081
ar1_phi_0.5,128,6,0.015625,-0.08672150071128219
ar1_phi_0.5,128,7,0.0078125,-0.0021794910927797053
ar1_phi_0.5,128,8,0.00390625,-0.010825209293865911
ar1_phi_0.5,128,9,0.001953125,0.010628003643216406
ar1_phi_0.5,128,10,0.0009765625,0.006759383604372474
ar1_phi_0.5,128,11,0.00048828125,0.04373436676806231
ar1_phi_0.5,128,12,0.000244140625,0.039272029344122834
ar1_phi_0.5,128,13,0.0001220703125,0.08104206295495892
ar1_phi_0.5,128,14,6.103515625e-05,0.11266747968024549
ar1_phi_0.5,128,15,3.0517578125e-05,0.0422075439138115
ar1_phi_0.5,128,16,1.52587890625e-05,0.010558536522214338
ar1_phi_0.5,128,17,7.62939453125e-06,-0.04626527448098697
ar1_phi_0.5,128,18,3.814697265625e-06,0.009080048203946424
ar1_phi_0.5,128,19,1.9073486328125e-06,-0.009489638221386276
ar1_phi_0.5,128,20,9.5367431640625e-07,-0.015256995096881689
ar1_phi_0.5,129,1,0.5,0.5185998210226391
ar1_phi_0.5,129,2,0.25,0.2508483490961663
ar1_phi_0.5,129,3,0.125,0.0831769679056821
ar1_phi_0.5,129,4,0.0625,-0.013082459274713252
ar1_phi_0.5,129,5,0.03125,-0.054600311924809505
ar1_phi_0.5,129,6,0.015625,-0.14188552991925937
ar1_phi_0.5,129,7,0.0078125,-0.1391667926280563
ar1_phi_0.5,129,8,0.00390625,-0.12830263633040914
ar1_phi_0.5,129,9,0.001953125,-0.1695740487491083
ar1_phi_0.5,129,10,0.0009765625,-0.12708175842401417
ar1_phi_0.5,129,11,0.00048828125,-0.11720659952072034
ar1_phi_0.5,129,12,0.000244140625,-0.03393096937830523
ar1_phi_0.5,129,13,0.0001220703125,-0.07819836228590638
ar1_phi_0.5,129,14,6.103515625e-05,-0.11447183598916637
ar1_phi_0.5,129,15,3.0517578125e-05,-0.06552563614255975
ar1_phi_0.5,129,16,1.52587890625e-05,-0.04680408939099892
ar1_phi_0.5,129,17,7.62939453125e-06,-0.011936914704596038
ar1_phi_0.5,129,18,3.814697265625e-06,0.009542410823824156
ar1_phi_0.5,129,19,1.9073486328125e-06,-0.023149093278887114
ar1_phi_0.5,129,20,9.5367431640625e-07,0.02400538771693466
ar1_phi_0.5,130,1,0.5,0.4149210169209866
ar1_phi_0.5,130,2,0.25,0.17354676960015966
ar1_phi_0.5,130,3,0.125,0.09903865245952825
ar1_phi_0.5,130,4,0.0625,0.03456297016958508
ar1_phi_0.5,130,5,0.03125,0.0629507728885533
ar1_phi_0.5,130,6,0.015625,0.040198368838863026
ar1_phi_0.5,130,7,0.0078125,0.018339554022938704
ar1_phi_0.5,130,8,0.00390625,-0.03451100497647271
ar1_phi_0.5,130,9,0.001953125,-0.017752039233463756
ar1_phi_0.5,130,10,0.0009765625,0.08329598426251983
ar1_phi_0.5,130,11,0.00048828125,0.05008599979951085
ar1_phi_0.5,130,12,0.000244140625,-0.01284947821626388
ar1_phi_0.5,130,13,0.0001220703125,-0.1181200001418139
ar1_phi_0.5,130,14,6.103515625e-05,-0.11165949370344232
ar1_phi_0.5,130,15,3.0517578125e-05,-0.11859784045252918
ar1_phi_0.5,130,16,1.52587890625e-05,-0.01941672262031468
ar1_phi_0.5,130,17,7.62939453125e-06,0.013417790872517167
ar1_phi_0.5,130,18,3.814697265625e-06,-0.06212760276408684
ar1_phi_0.5,130,19,1.9073486328125e-06,0.05718160468820338
ar1_phi_0.5,130,20,9.5367431640625e-07,0.1177028914813037
ar1_phi_0.5,131,1,0.5,0.502026757767652
ar1_phi_0.5,131,2,0.25,0.24494184819331402
ar1_phi_0.5,131,3,0.125,0.11989389276077303
ar1_phi_0.5,131,4,0.0625,0.0015166825697029253
ar1_phi_0.5,131,5,0.03125,-0.023708131296803558
ar1_phi_0.5,131,6,0.015625,0.03614845770249455
ar1_phi_0.5,131,7,0.0078125,0.061787508930540545
ar1_phi_0.5,131,8,0.00390625,0.024613306571356276
ar1_phi_0.5,131,9,0.001953125,0.005500783506661216
ar1_phi_0.5,131,10,0.0009765625,0.0013975410787131614
ar1_phi_0.5,131,11,0.00048828125,-0.021177055571414045
ar1_phi_0.5,131,12,0.000244140625,0.0020610033515916864
ar1_phi_0.5,131,13,0.0001220703125,0.04664284833172237
ar1_phi_0.5,131,14,6.103515625e-05,0.070047967107195
ar1_phi_0.5,131,15,3.0517578125e-05,0.02464347088130228
ar1_phi_0.5,131,16,1.52587890625e-05,0.059109439033702305
ar1_phi_0.5,131,17,7.62939453125e-06,0.0060019114636896105
ar1_phi_0.5,131,18,3.814697265625e-06,-0.08584402953943218
ar1_phi_0.5,131,19,1.9073486328125e-06,-0.0846569294704926
ar1_phi_0.5,131,20,9.5367431640625e-07,-0.09551420733109647
ar1_phi_0.5,132,1,0.5,0.4569718049658409
ar1_phi_0.5,132,2,0.25,0.1305553103025954
ar1_phi_0.5,132,3,0.125,-0.014942795671654874
ar1_phi_0.5,132,4,0.0625,-0.030975602793485078
ar1_phi_0.5,132,5,0.03125,-0.04275528710878402
ar1_phi_0.5,132,6,0.015625,-0.07640369933823109
ar1_phi_0.5,132,7,0.0078125,-0.08437582562075151
ar1_phi_0.5,132,8,0.00390625,-0.05846756857278087
ar1_phi_0.5,132,9,0.001953125,0.007877854259046174
ar1_phi_0.5,132,10,0.0009765625,-0.009519452100230084
ar1_phi_0.5,132,11,0.00048828125,-0.0633747219555098
ar1_phi_0.5,132,12,0.000244140625,-0.019821507341106288
ar1_phi_0.5,132,13,0.0001220703125,0.02565798523851706
ar1_phi_0.5,132,14,6.103515625e-05,0.02002762883808331
ar1_phi_0.5,132,15,3.0517578125e-05,-0.0028815335289403277
ar1_phi_0.5,132,16,1.52587890625e-05,-0.037469511842752816
ar1_phi_0.5,132,17,7.62939453125e-06,-0.003918088228971659
ar1_phi_0.5,132,18,3.814697265625e-06,-0.025911328886749994
ar1_phi_0.5,132,19,1.9073486328125e-06,-0.04519252257607416
ar1_phi_0.5,132,20,9.5367431640625e-07,-0.04512171659919977
ar1_phi_0.5,133,1,0.5,0.4831781040105677
ar1_phi_0.5,133,2,0.25,0.2378294861094823
ar1_phi_0.5,133,3,0.125,0.11545375793511028
ar1_phi_0.5,133,4,0.0625,0.03189878763654332
ar1_phi_0.5,133,5,0.03125,0.027833240957399776
ar1_phi_0.5,133,6,0.015625,0.012332752831902305
ar1_phi_0.5,133,7,0.0078125,-0.02584540201302216
ar1_phi_0.5,133,8,0.00390625,-0.03673593440852566
ar1_phi_0.5,133,9,0.001953125,-0.05829334054635314
ar1_phi_0.5,133,10,0.0009765625,-0.07105733856578267
ar1_phi_0.5,133,11,0.00048828125,-0.0831979738270175
ar1_phi_0.5,133,12,0.000244140625,-0.10046080506628277
ar1_phi_0.5,133,13,0.0001220703125,-0.060856230877920504
ar1_phi_0.5,133,14,6.103515625e-05,0.014939830136617812
ar1_phi_0.5,133,15,3.0517578125e-05,-0.0006627279786676508
ar1_phi_0.5,133,16,1.52587890625e-05,-0.04387107709316037
ar1_phi_0.5,133,17,7.62939453125e-06,-0.025405351894121145
ar1_phi_0.5,133,18,3.814697265625e-06,0.0025896619324525514
ar1_phi_0.5,133,19,1.9073486328125e-06,0.015694776120216778
ar1_phi_0.5,133,20,9.5367431640625e-07,0.0020216584831475068
ar1_phi_0.5,134,1,0.5,0.5321094579678294
ar1_phi_0.5,134,2,0.25,0.2806303428305218
ar1_phi_0.5,134,3,0.125,0.15578657217911937
ar1_phi_0.5,134,4,0.0625,0.05966838357170533
ar1_phi_0.5,134,5,0.03125,-0.044083424989818536
ar1_phi_0.5,134,6,0.015625,-0.04093362513998966
ar1_phi_0.5,134,7,0.0078125,-0.0693880158673201
ar1_phi_0.5,134,8,0.00390625,-0.16159757247729822
ar1_phi_0.5,134,9,0.001953125,-0.20778662635153491
ar1_phi_0.5,134,10,0.0009765625,-0.23771875638557508
ar1_phi_0.5,134,11,0.00048828125,-0.20972644062714085
ar1_phi_0.5,134,12,0.000244140625,-0.19296532141042483
ar1_phi_0.5,134,13,0.0001220703125,-0.11381486149188748
ar1_phi_0.5,134,14,6.103515625e-05,0.00161507610291084
ar1_phi_0.5,134,15,3.0517578125e-05,0.04301991101264748
ar1_phi_0.5,134,16,1.52587890625e-05,0.10135639523072441
ar1_phi_0.5,134,17,7.62939453125e-06,0.11754006190156571
ar1_phi_0.5,134,18,3.814697265625e-06,0.14452334659586252
ar1_phi_0.5,134,19,1.9073486328125e-06,0.0861595351952745
ar1_phi_0.5,134,20,9.5367431640625e-07,0.14987667709585456
ar1_phi_0.5,135,1,0.5,0.5157610951833149
ar1_phi_0.5,135,2,0.25,0.2537707074383162
ar1_phi_0.5,135,3,0.125,0.11584236607237802
ar1_phi_0.5,135,4,0.0625,0.05778426954582532
ar1_phi_0.5,135,5,0.03125,0.1080521419121095
ar1_phi_0.5,135,6,0.015625,0.0459197287571607
ar1_phi_0.5,135,7,0.0078125,0.03689599371144632
ar1_phi_0.5,135,8,0.00390625,0.05716341440109539
ar1_phi_0.5,135,9,0.001953125,0.06291278786992534
ar1_phi_0.5,135,10,0.0009765625,0.062196843864376114
ar1_phi_0.5,135,11,0.00048828125,-0.001439493155480935
ar1_phi_0.5,135,12,0.000244140625,0.0008412123890369948
ar1_phi_0.5,135,13,0.0001220703125,0.00835217320864995
ar1_phi_0.5,135,14,6.103515625e-05,0.02716281620433648
ar1_phi_0.5,135,15,3.0517578125e-05,0.07996052810343966
ar1_phi_0.5,135,16,1.52587890625e-05,0.029296329294770725
ar1_phi_0.5,135,17,7.62939453125e-06,0.0790533289612141
ar1_phi_0.5,135,18,3.814697265625e-06,0.04729772665131483
ar1_phi_0.5,135,19,1.9073486328125e-06,-0.04953188453195485
ar1_phi_0.5,135,20,9.5367431640625e-07,-0.04382387559264273
ar1_phi_0.5,136,1,0.5,0.45593892385403867
ar1_phi_0.5,136,2,0.25,0.266065322296336
ar1_phi_0.5,136,3,0.125,0.13152742147666313
ar1_phi_0.5,136,4,0.0625,0.009079566930193345
ar1_phi_0.5,136,5,0.03125,-0.03564885336013267
ar1_phi_0.5,136,6,0.015625,-0.013390338056645542
ar1_phi_0.5,136,7,0.0078125,0.1078814773972565
ar1_phi_0.5,136,8,0.00390625,0.09748394872768265
ar1_phi_0.5,136,9,0.001953125,0.11061322202712333
ar1_phi_0.5,136,10,0.0009765625,0.1285348158117737
ar1_phi_0.5,136,11,0.00048828125,-0.008044452967426199
ar1_phi_0.5,136,12,0.000244140625,-0.02725934829026613
ar1_phi_0.5,136,13,0.0001220703125,-0.03925553324650884
ar1_phi_0.5,136,14,6.103515625e-05,-0.06119277414700271
ar1_phi_0.5,136,15,3.0517578125e-05,-0.06789210758616787
ar1_phi_0.5,136,16,1.52587890625e-05,-0.09615058758262664
ar1_phi_0.5,136,17,7.62939453125e-06,-0.04295163336088864
ar1_phi_0.5,136,18,3.814697265625e-06,-0.07899813230672048
ar1_phi_0.5,136,19,1.9073486328125e-06,-0.024942692981184816
ar1_phi_0.5,136,20,9.5367431640625e-07,-0.04047515297409608
ar1_phi_0.5,137,1,0.5,0.569436857452368
ar1_phi_0.5,137,2,0.25,0.36533578415954093
ar1_phi_0.5,137,3,0.125,0.2986195913814644
ar1_phi_0.5,137,4,0.0625,0.24050667148988422
ar1_phi_0.5,137,5,0.03125,0.16627549834845162
ar1_phi_0.5,137,6,0.015625,0.12191488022466537
ar1_phi_0.5,137,7,0.0078125,0.12750784230805526
ar1_phi_0.5,137,8,0.00390625,0.07579800249381895
ar1_phi_0.5,137,9,0.001953125,0.0037964481320713365
ar1_phi_0.5,137,10,0.0009765625,0.00932524239396251
ar1_phi_0.5,137,11,0.00048828125,0.020881165003528438
ar1_phi_0.5,137,12,0.000244140625,-0.013102905505914805
ar1_phi_0.5,137,13,0.0001220703125,-0.0292926914466422
ar1_phi_0.5,137,14,6.103515625e-05,-0.05209824732931267
ar1_phi_0.5,137,15,3.0517578125e-05,-0.018041347490080465
ar1_phi_0.5,137,16,1.52587890625e-05,0.04884164217623448
ar1_phi_0.5,137,17,7.62939453125e-06,0.03822228141390649
ar1_phi_0.5,137,18,3.814697265625e-06,0.11947164833518825
ar1_phi_0.5,137,19,1.9073486328125e-06,0.11076985009101066
ar1_phi_0.5,137,20,9.5367431640625e-07,0.11829061439484836
ar1_phi_0.5,138,1,0.5,0.4504096138606754
ar1_phi_0.5,138,2,0.25,0.22279181394972775
ar1_phi_0.5,138,3,0.125,0.09897154930092131
ar1_phi_0.5,138,4,0.0625,0.04990490053136066
ar1_phi_0.5,138,5,0.03125,0.08183471119556572
ar1_phi_0.5,138,6,0.015625,0.07864804897521195
ar1_phi_0.5,138,7,0.0078125,0.021516768118250294
ar1_phi_0.5,138,8,0.00390625,-0.01796397936968717
ar1_phi_0.5,138,9,0.001953125,0.0142483144887905
ar1_phi_0.5,138,10,0.0009765625,0.004154884011188553
ar1_phi_0.5,138,11,0.00048828125,0.11227027945670212
ar1_phi_0.5,138,12,0.000244140625,0.1430038971441641
ar1_phi_0.5,138,13,0.0001220703125,0.10443224502934921
ar1_phi_0.5,138,14,6.103515625e-05,0.046247371466936776
ar1_phi_0.5,138,15,3.0517578125e-05,-0.044635939753969706
ar1_phi_0.5,138,16,1.52587890625e-05,-0.08375678199369395
ar1_phi_0.5,138,17,7.62939453125e-06,-0.06714661980248708
ar1_phi_0.5,138,18,3.814697265625e-06,0.024235574195783326
ar1_phi_0.5,138,19,1.9073486328125e-06,0.13203032883605934
ar1_phi_0.5,138,20,9.5367431640625e-07,0.13204656949592006
ar1_phi_0.5,139,1,0.5,0.6275961384218519
ar1_phi_0.5,139,2,0.25,0.3597871506967344
ar1_phi_0.5,139,3,0.125,0.16280005518847462
ar1_phi_0.5,139,4,0.0625,0.09521123268280644
ar1_phi_0.5,139,5,0.03125,0.001100109934965321
ar1_phi_0.5,139,6,0.015625,-0.06981897329968365
ar1_phi_0.5,139,7,0.0078125,-0.03631755124942493
ar1_phi_0.5,139,8,0.00390625,-0.03002329880684046
ar1_phi_0.5,139,9,0.001953125,0.019700549917399703
ar1_phi_0.5,139,10,0.0009765625,0.07206398827527795
ar1_phi_0.5,139,11,0.00048828125,0.07741685774232647
ar1_phi_0.5,139,12,0.000244140625,0.08116357660184684
ar1_phi_0.5,139,13,0.0001220703125,0.012902647066446575
ar1_phi_0.5,139,14,6.103515625e-05,-0.022058457567368205
ar1_phi_0.5,139,15,3.0517578125e-05,-0.11407204027452958
ar1_phi_0.5,139,16,1.52587890625e-05,-0.09999628763699703
ar1_phi_0.5,139,17,7.62939453125e-06,-0.06570000132399845
ar1_phi_0.5,139,18,3.814697265625e-06,-0.006810522901405216
ar1_phi_0.5,139,19,1.9073486328125e-06,0.012798034435440439
ar1_phi_0.5,139,20,9.5367431640625e-07,0.047435989951228934
ar1_phi_0.5,140,1,0.5,0.49552659179277686
ar1_phi_0.5,140,2,0.25,0.23852736384793194
ar1_phi_0.5,140,3,0.125,0.12395204586825857
ar1_phi_0.5,140,4,0.0625,0.07690701130037787
ar1_phi_0.5,140,5,0.03125,0.08590817198961134
ar1_phi_0.5,140,6,0.015625,0.09190509612059725
ar1_phi_0.5,140,7,0.0078125,0.06983525775977847
ar1_phi_0.5,140,8,0.00390625,0.0024597784652694295
ar1_phi_0.5,140,9,0.001953125,-0.007757207041478272
ar1_phi_0.5,140,10,0.0009765625,0.006167668354786702
ar1_phi_0.5,140,11,0.00048828125,-0.0003043901954314436
ar1_phi_0.5,140,12,0.000244140625,-0.04697120180021576
ar1_phi_0.5,140,13,0.0001220703125,-0.09274583544892646
ar1_phi_0.5,140,14,6.103515625e-05,-0.0953110523934427
ar1_phi_0.5,140,15,3.0517578125e-05,-0.07638480087750801
ar1_phi_0.5,140,16,1.52587890625e-05,-0.0024043528211876455
ar1_phi_0.5,140,17,7.62939453125e-06,-0.05803192973398766
ar1_phi_0.5,140,18,3.814697265625e-06,-0.12403896435278636
ar1_phi_0.5,140,19,1.9073486328125e-06,-0.17618854387371227
ar1_phi_0.5,140,20,9.5367431640625e-07,-0.18764819510958144
ar1_phi_0.5,141,1,0.5,0.5607699073377496
ar1_phi_0.5,141,2,0.25,0.2730284594078785
ar1_phi_0.5,141,3,0.125,0.062242170782641666
ar1_phi_0.5,141,4,0.0625,0.016845610709205698
ar1_phi_0.5,141,5,0.03125,-0.03027700716781094
ar1_phi_0.5,141,6,0.015625,-0.06777402879652855
ar1_phi_0.5,141,7,0.0078125,-0.04716087084951836
ar1_phi_0.5,141,8,0.00390625,0.04366002423987589
ar1_phi_0.5,141,9,0.001953125,0.08936356920821382
ar1_phi_0.5,141,10,0.0009765625,0.11634432096190614
ar1_phi_0.5,141,11,0.00048828125,0.0628704574817388
ar1_phi_0.5,141,12,0.000244140625,0.022946411678457162
ar1_phi_0.5,141,13,0.0001220703125,-0.03616397481392805
ar1_phi_0.5,141,14,6.103515625e-05,-0.0761344902881516
ar1_phi_0.5,141,15,3.0517578125e-05,-0.08909359267521412
ar1_phi_0.5,141,16,1.52587890625e-05,-0.0851872827008392
ar1_phi_0.5,141,17,7.62939453125e-06,0.011244369108633941
ar1_phi_0.5,141,18,3.814697265625e-06,0.06260280790213986
ar1_phi_0.5,141,19,1.9073486328125e-06,0.024988965711397144
ar1_phi_0.5,141,20,9.5367431640625e-07,-0.020029638210295374
ar1_phi_0.5,142,1,0.5,0.44201710221311274
ar1_phi_0.5,142,2,0.25,0.1721454282057387
ar1_phi_0.5,142,3,0.125,0.1204363953872428
ar1_phi_0.5,142,4,0.0625,0.031728452263704784
ar1_phi_0.5,142,5,0.03125,-0.02889634296111026
ar1_phi_0.5,142,6,0.015625,-0.08644888594489811
ar1_phi_0.5,142,7,0.0078125,-0.04986547641787787
ar1_phi_0.5,142,8,0.00390625,-0.0944647115580917
ar1_phi_0.5,142,9,0.001953125,-0.004359638358667156
ar1_phi_0.5,142,10,0.0009765625,-0.025813130987552592
ar1_phi_0.5,142,11,0.00048828125,-0.05436584054967171
ar1_phi_0.5,142,12,0.000244140625,0.05657506182523976
ar1_phi_0.5,142,13,0.0001220703125,0.10388570314523976
ar1_phi_0.5,142,14,6.103515625e-05,0.08347523973316888
ar1_phi_0.5,142,15,3.0517578125e-05,0.050107501980634586
ar1_phi_0.5,142,16,1.52587890625e-05,0.020680891359388123
ar1_phi_0.5,142,17,7.62939453125e-06,0.017750199070915847
ar1_phi_0.5,142,18,3.814697265625e-06,0.01059167994162504
ar1_phi_0.5,142,19,1.9073486328125e-06,0.03490428290026997
ar1_phi_0.5,142,20,9.5367431640625e-07,-0.04891370090725337
ar1_phi_0.5,143,1,0.5,0.46583986931229493
ar1_phi_0.5,143,2,0.25,0.2228282974998276
ar1_phi_0.5,143,3,0.125,0.055055847987342796
ar1_phi_0.5,143,4,0.0625,-0.006350774117057121
ar1_phi_0.5,143,5,0.03125,0.027875269270408797
ar1_phi_0.5,143,6,0.015625,0.018981596912330638
ar1_phi_0.5,143,7,0.0078125,-0.09096216138171963
ar1_phi_0.5,143,8,0.00390625,-0.06957825335833495
ar1_phi_0.5,143,9,0.001953125,-0.0464368114401791
ar1_phi_0.5,143,10,0.0009765625,-0.005016200347099326
ar1_phi_0.5,143,11,0.00048828125,-0.005057826963868401
ar1_phi_0.5,143,12,0.000244140625,-0.013500487212350119
ar1_phi_0.5,143,13,0.0001220703125,-0.029382684606289816
ar1_phi_0.5,143,14,6.103515625e-05,0.013120611001903048
ar1_phi_0.5,143,15,3.0517578125e-05,-0.0036009451954855123
ar1_phi_0.5,143,16,1.52587890625e-05,0.029642619905842243
ar1_phi_0.5,143,17,7.62939453125e-06,0.0961999798689249
ar1_phi_0.5,143,18,3.814697265625e-06,0.014901283747949889
ar1_phi_0.5,143,19,1.9073486328125e-06,-0.007290818945119609
ar1_phi_0.5,143,20,9.5367431640625e-07,0.036417481635364075
ar1_phi_0.5,144,1,0.5,0.47635265834388607
ar1_phi_0.5,144,2,0.25,0.20743511119773494
ar1_phi_0.5,144,3,0.125,0.10981403134143351
ar1_phi_0.5,144,4,0.0625,0.11313044580272948
ar1_phi_0.5,144,5,0.03125,0.025791241443824775
ar1_phi_0.5,144,6,0.015625,-0.017237381157350823
ar1_phi_0.5,144,7,0.0078125,-0.10154915127978752
ar1_phi_0.5,144,8,0.00390625,-0.07125787384991543
ar1_phi_0.5,144,9,0.001953125,-0.0662138673860827
ar1_phi_0.5,144,10,0.0009765625,-0.10620064329246287
ar1_phi_0.5,144,11,0.00048828125,-0.12246420919227201
ar1_phi_0.5,144,12,0.000244140625,-0.15222228986666836
ar1_phi_0.5,144,13,0.0001220703125,-0.06422855762094323
ar1_phi_0.5,144,14,6.103515625e-05,-0.019465623705627034
ar1_phi_0.5,144,15,3.0517578125e-05,-0.027527168183947643
ar1_phi_0.5,144,16,1.52587890625e-05,-0.0845174452087386
ar1_phi_0.5,144,17,7.62939453125e-06,-0.027603499985828294
ar1_phi_0.5,144,18,3.814697265625e-06,-0.0004715538719487172
ar1_phi_0.5,144,19,1.9073486328125e-06,-0.05264165830548466
ar1_phi_0.5,144,20,9.5367431640625e-07,-0.10805626216298057
ar1_phi_0.5,145,1,0.5,0.5174176997794737
ar1_phi_0.5,145,2,0.25,0.30987085984161405
ar1_phi_0.5,145,3,0.125,0.1773658185773503
ar1_phi_0.5,145,4,0.0625,0.12643827728768525
ar1_phi_0.5,145,5,0.03125,0.025467643409006598
ar1_phi_0.5,145,6,0.015625,0.030422347120688222
ar1_phi_0.5,145,7,0.0078125,0.01327227043509291
ar1_phi_0.5,145,8,0.00390625,0.013108506160453996
ar1_phi_0.5,145,9,0.001953125,-0.01086180041102493
ar1_phi_0.5,145,10,0.0009765625,0.0036446143627675205
ar1_phi_0.5,145,11,0.00048828125,0.004205425000144476
ar1_phi_0.5,145,12,0.000244140625,-0.0033570596972680293
ar1_phi_0.5,145,13,0.0001220703125,-0.002687861387075751
ar1_phi_0.5,145,14,6.103515625e-05,-0.029076578651354802
ar1_phi_0.5,145,15,3.0517578125e-05,-0.06522678662895692
ar1_phi_0.5,145,16,1.52587890625e-05,-0.005578078913269377
ar1_phi_0.5,145,17,7.62939453125e-06,0.0010233351618457573
ar1_phi_0.5,145,18,3.814697265625e-06,0.03130729138581753
ar1_phi_0.5,145,19,1.9073486328125e-06,-0.050471850279798024
ar1_phi_0.5,145,20,9.5367431640625e-07,0.019793638146748543
ar1_phi_0.5,146,1,0.5,0.5224692995853765
ar1_phi_0.5,146,2,0.25,0.3243795348790809
ar1_phi_0.5,146,3,0.125,0.15019069120157813
ar1_phi_0.5,146,4,0.0625,0.1425172411810695
ar1_phi_0.5,146,5,0.03125,0.11698592676396476
ar1_phi_0.5,146,6,0.015625,0.13919236903585366
ar1_phi_0.5,146,7,0.0078125,0.103643577530487
ar1_phi_0.5,146,8,0.00390625,0.08345678616036872
ar1_phi_0.5,146,9,0.001953125,0.06331265454248361
ar1_phi_0.5,146,10,0.0009765625,0.12704187833076253
ar1_phi_0.5,146,11,0.00048828125,0.1376919606352509
ar1_phi_0.5,146,12,0.000244140625,0.11043368304642982
ar1_phi_0.5,146,13,0.0001220703125,0.07855105914713205
ar1_phi_0.5,146,14,6.103515625e-05,0.08923649263213007
ar1_phi_0.5,146,15,3.0517578125e-05,0.07401080938204549
ar1_phi_0.5,146,16,1.52587890625e-05,0.07101167055945827
ar1_phi_0.5,146,17,7.62939453125e-06,0.11839033411009209
ar1_phi_0.5,146,18,3.814697265625e-06,0.12385509684865613
ar1_phi_0.5,146,19,1.9073486328125e-06,0.13539693577338147
ar1_phi_0.5,146,20,9.5367431640625e-07,0.08561430530535324
ar1_phi_0.5,147,1,0.5,0.47032718291349107
ar1_phi_0.5,147,2,0.25,0.1935442978714213
ar1_phi_0.5,147,3,0.125,0.08152977299014415
ar1_phi_0.5,147,4,0.0625,-0.017516376727390863
ar1_phi_0.5,147,5,0.03125,-0.07774356423321824
ar1_phi_0.5,147,6,0.015625,-0.11798393980848658
ar1_phi_0.5,147,7,0.0078125,-0.10382107885392745
ar1_phi_0.5,147,8,0.00390625,-0.06274339187745306
ar1_phi_0.5,147,9,0.001953125,0.0016933885703022196
ar1_phi_0.5,147,10,0.0009765625,0.04603524123687632
ar1_phi_0.5,147,11,0.00048828125,0.034026299824735914
ar1_phi_0.5,147,12,0.000244140625,0.033814797324015496
ar1_phi_0.5,147,13,0.0001220703125,0.08733490841619283
ar1_phi_0.5,147,14,6.103515625e-05,0.07402536139756259
ar1_phi_0.5,147,15,3.0517578125e-05,0.01622841388337412
ar1_phi_0.5,147,16,1.52587890625e-05,-0.03148852016892778
ar1_phi_0.5,147,17,7.62939453125e-06,-0.03658395482626056
ar1_phi_0.5,147,18,3.814697265625e-06,0.053624781969427444
ar1_phi_0.5,147,19,1.9073486328125e-06,0.051838067608925543
ar1_phi_0.5,147,20,9.5367431640625e-07,0.0486295162632968
ar1_phi_0.5,148,1,0.5,0.4728317053374407
ar1_phi_0.5,148,2,0.25,0.23119149074866152
ar1_phi_0.5,148,3,0.125,0.1392130693903664
ar1_phi_0.5,148,4,0.0625,0.10518789916457158
ar1_phi_0.5,148,5,0.03125,0.06024560601049618
ar1_phi_0.5,148,6,0.015625,0.061685922183353156
ar1_phi_0.5,148,7,0.0078125,0.02279597989324658
ar1_phi_0.5,148,8,0.00390625,0.017426003781094487
ar1_phi_0.5,148,9,0.001953125,0.032213694923702484
ar1_phi_0.5,148,10,0.0009765625,0.06459844656498405
ar1_phi_0.5,148,11,0.00048828125,0.05014260987497498
ar1_phi_0.5,148,12,0.000244140625,0.025000081062416545
ar1_phi_0.5,148,13,0.0001220703125,-0.02917768474583954
ar1_phi_0.5,148,14,6.103515625e-05,-0.08590204350514073
ar1_phi_0.5,148,15,3.0517578125e-05,-0.03158516095761148
ar1_phi_0.5,148,16,1.52587890625e-05,-0.13646363400668285
ar1_phi_0.5,148,17,7.62939453125e-06,-0.0985188623442348
ar1_phi_0.5,148,18,3.814697265625e-06,-0.09284287946375369
ar1_phi_0.5,148,19,1.9073486328125e-06,-0.08396063143960686
ar1_phi_0.5,148,20,9.5367431640625e-07,-0.0329936585221154
ar1_phi_0.5,149,1,0.5,0.5381577645733671
ar1_phi_0.5,149,2,0.25,0.20008596404124498
ar1_phi_0.5,149,3,0.125,-0.04959961714755385
ar1_phi_0.5,149,4,0.0625,-0.1568089154361193
ar1_phi_0.5,149,5,0.03125,-0.2101566801102973
ar1_phi_0.5,149,6,0.015625,-0.14583814410458834
ar1_phi_0.5,149,7,0.0078125,-0.08152993251030924
ar1_phi_0.5,149,8,0.00390625,-0.02768754769774788
ar1_phi_0.5,149,9,0.001953125,0.05271260932969691
ar1_phi_0.5,149,10,0.0009765625,0.04808054862069311
ar1_phi_0.5,149,11,0.00048828125,0.039592045186195246
ar1_phi_0.5,149,12,0.000244140625,0.06159784224712977
ar1_phi_0.5,149,13,0.0001220703125,0.03397335609469797
ar1_phi_0.5,149,14,6.103515625e-05,-0.015147273572295292
ar1_phi_0.5,149,15,3.0517578125e-05,-0.04960685896355502
ar1_phi_0.5,149,16,1.52587890625e-05,-0.07461546578149728
ar1_phi_0.5,149,17,7.62939453125e-06,-0.08940675522054384
ar1_phi_0.5,149,18,3.814697265625e-06,-0.1279620969030478
ar1_phi_0.5,149,19,1.9073486328125e-06,-0.0992553876008556
ar1_phi_0.5,149,20,9.5367431640625e-07,-0.009288394301698534
ar1_phi_0.5,150,1,0.5,0.5234713931719155
ar1_phi_0.5,150,2,0.25,0.30439853970395014
ar1_phi_0.5,150,3,0.125,0.1581956645391463
ar1_phi_0.5,150,4,0.0625,0.07150217178641316
ar1_phi_0.5,150,5,0.03125,0.057971221133382926
ar1_phi_0.5,150,6,0.015625,0.0092556504473377
ar1_phi_0.5,150,7,0.0078125,0.005321176570729483
ar1_phi_0.5,150,8,0.00390625,0.06182622414336634
ar1_phi_0.5,150,9,0.001953125,0.05799806839032593
ar1_phi_0.5,150,10,0.0009765625,0.07747082524327381
ar1_phi_0.5,150,11,0.00048828125,0.07697770165763271
ar1_phi_0.5,150,12,0.000244140625,0.035280455005793104
ar1_phi_0.5,150,13,0.0001220703125,0.002077100877054039
ar1_phi_0.5,150,14,6.103515625e-05,-0.10988727362239732
ar1_phi_0.5,150,15,3.0517578125e-05,-0.13898467175570597
ar1_phi_0.5,150,16,1.52587890625e-05,-0.0630094749275501
ar1_phi_0.5,150,17,7.62939453125e-06,0.010509015032703543
ar1_phi_0.5,150,18,3.814697265625e-06,-0.0013919204601520528
ar1_phi_0.5,150,19,1.9073486328125e-06,0.0174918853109087
ar1_phi_0.5,150,20,9.5367431640625e-07,0.04423343478348551
ar1_phi_0.5,151,1,0.5,0.4727814427214037
ar1_phi_0.5,151,2,0.25,0.29133498995865553
ar1_phi_0.5,151,3,0.125,0.18713593367751472
ar1_phi_0.5,151,4,0.0625,0.10500882351421922
ar1_phi_0.5,151,5,0.03125,0.10970604324294692
ar1_phi_0.5,151,6,0.015625,0.04187574899514395
ar1_phi_0.5,151,7,0.0078125,0.0688793016361458
ar1_phi_0.5,151,8,0.00390625,-0.0049907531487928345
ar1_phi_0.5,151,9,0.001953125,-0.06249267634390526
ar1_phi_0.5,151,10,0.0009765625,-0.006625837874989851
ar1_phi_0.5,151,11,0.00048828125,0.08049296648011063
ar1_phi_0.5,151,12,0.000244140625,0.0914604582092063
ar1_phi_0.5,151,13,0.0001220703125,0.02113712592720853
ar1_phi_0.5,151,14,6.103515625e-05,-0.007390533779673408
ar1_phi_0.5,151,15,3.0517578125e-05,-0.033748711787289595
ar1_phi_0.5,151,16,1.52587890625e-05,-0.013016729347333512
ar1_phi_0.5,151,17,7.62939453125e-06,0.07755065077754661
ar1_phi_0.5,151,18,3.814697265625e-06,0.0368459942096839
ar1_phi_0.5,151,19,1.9073486328125e-06,0.0020546919902396784
ar1_phi_0.5,151,20,9.5367431640625e-07,-0.1025969175492646
ar1_phi_0.5,152,1,0.5,0.44281113891096924
ar1_phi_0.5,152,2,0.25,0.2136158971036452
ar1_phi_0.5,152,3,0.125,0.1787945959133294
ar1_phi_0.5,152,4,0.0625,0.14762065661069365
ar1_phi_0.5,152,5,0.03125,0.07944546498597109
ar1_phi_0.5,152,6,0.015625,-0.019565534596614573
ar1_phi_0.5,152,7,0.0078125,-0.026840637509032855
ar1_phi_0.5,152,8,0.00390625,-0.0026276634677825064
ar1_phi_0.5,152,9,0.001953125,-0.04328025851442882
ar1_phi_0.5,152,10,0.0009765625,-0.06868127274542285
ar1_phi_0.5,152,11,0.00048828125,-0.04283350541622757
ar1_phi_0.5,152,12,0.000244140625,-0.06260083635456129
ar1_phi_0.5,152,13,0.0001220703125,-0.030052803608992134
ar1_phi_0.5,152,14,6.103515625e-05,0.012158322680149738
ar1_phi_0.5,152,15,3.0517578125e-05,-0.05157386223245626
ar1_phi_0.5,152,16,1.52587890625e-05,-0.007063256020596174
ar1_phi_0.5,152,17,7.62939453125e-06,0.0037503925265883393
ar1_phi_0.5,152,18,3.814697265625e-06,0.11961234431600719
ar1_phi_0.5,152,19,1.9073486328125e-06,0.10467389169564088
ar1_phi_0.5,152,20,9.5367431640625e-07,0.037884715772600885
ar1_phi_0.5,153,1,0.5,0.5823792169160209
ar1_phi_0.5,153,2,0.25,0.33224976213330093
ar1_phi_0.5,153,3,0.125,0.1845994750199127
ar1_phi_0.5,153,4,0.0625,0.09631506791877169
ar1_phi_0.5,153,5,0.03125,0.0869013551405183
ar1_phi_0.5,153,6,0.015625,0.05004949451067427
ar1_phi_0.5,153,7,0.0078125,0.03886711308329267
ar1_phi_0.5,153,8,0.00390625,-0.009678674482703785
ar1_phi_0.5,153,9,0.001953125,-0.02566352468915007
ar1_phi_0.5,153,10,0.0009765625,-0.08566443208295238
ar1_phi_0.5,153,11,0.00048828125,-0.052889870870548306
ar1_phi_0.5,153,12,0.000244140625,-0.021683730437672605
ar1_phi_0.5,153,13,0.0001220703125,-0.05134943952396147
ar1_phi_0.5,153,14,6.103515625e-05,-0.023185242969782444
ar1_phi_0.5,153,15,3.0517578125e-05,-0.02916720337228755
ar1_phi_0.5,153,16,1.52587890625e-05,-0.06283108421146738
ar1_phi_0.5,153,17,7.62939453125e-06,-0.09716330393113323
ar1_phi_0.5,153,18,3.814697265625e-06,-0.06951548370317889
ar1_phi_0.5,153,19,1.9073486328125e-06,-0.12824775272792055
ar1_phi_0.5,153,20,9.5367431640625e-07,-0.15713393707192838
ar1_phi_0.5,154,1,0.5,0.5518997291869668
ar1_phi_0.5,154,2,0.25,0.33921138430289494
ar1_phi_0.5,154,3,0.125,0.19430397969419214
ar1_phi_0.5,154,4,0.0625,0.10021887740018927
ar1_phi_0.5,154,5,0.03125,0.04390135374765508
ar1_phi_0.5,154,6,0.015625,-0.06001697899459384
ar1_phi_0.5,154,7,0.0078125,-0.09616805415939732
ar1_phi_0.5,154,8,0.00390625,-0.038992066559987826
ar1_phi_0.5,154,9,0.001953125,0.0009221597928373701
ar1_phi_0.5,154,10,0.0009765625,-0.006305193502638959
ar1_phi_0.5,154,11,0.00048828125,-0.05594031182389699
ar1_phi_0.5,154,12,0.000244140625,-0.05172901906247041
ar1_phi_0.5,154,13,0.0001220703125,-0.020576903773697825
ar1_phi_0.5,154,14,6.103515625e-05,-0.004096807959780838
ar1_phi_0.5,154,15,3.0517578125e-05,0.014516840255044728
ar1_phi_0.5,154,16,1.52587890625e-05,0.024370531749393017
ar1_phi_0.5,154,17,7.62939453125e-06,0.01259861826314919
ar1_phi_0.5,154,18,3.814697265625e-06,0.06984784756212277
ar1_phi_0.5,154,19,1.9073486328125e-06,0.012972262081991343
ar1_phi_0.5,154,20,9.5367431640625e-07,-0.015462475765964715
ar1_phi_0.5,155,1,0.5,0.48913543136224963
ar1_phi_0.5,155,2,0.25,0.3180555101111281
ar1_phi_0.5,155,3,0.125,0.1483113885981206
ar1_phi_0.5,155,4,0.0625,-0.0021748873105335263
ar1_phi_0.5,155,5,0.03125,-0.04675352072760993
ar1_phi_0.5,155,6,0.015625,-0.05199273543356047
ar1_phi_0.5,155,7,0.0078125,-0.00982614126624417
ar1_phi_0.5,155,8,0.00390625,0.03519198345902839
ar1_phi_0.5,155,9,0.001953125,0.0444648586576894
ar1_phi_0.5,155,10,0.0009765625,0.012159729718507215
ar1_phi_0.5,155,11,0.00048828125,0.07276133027081885
ar1_phi_0.5,155,12,0.000244140625,-0.02838000282847908
ar1_phi_0.5,155,13,0.0001220703125,-0.04025872824237413
ar1_phi_0.5,155,14,6.103515625e-05,-0.10843577381992041
ar1_phi_0.5,155,15,3.0517578125e-05,-0.10737820181701058
ar1_phi_0.5,155,16,1.52587890625e-05,-0.11902936913008799
ar1_phi_0.5,155,17,7.62939453125e-06,-0.10623251932010089
ar1_phi_0.5,155,18,3.814697265625e-06,-0.09605849116337972
ar1_phi_0.5,155,19,1.9073486328125e-06,-0.09540834776842687
ar1_phi_0.5,155,20,9.5367431640625e-07,-0.08649632197712102
ar1_phi_0.5,156,1,0.5,0.38569993267192415
ar1_phi_0.5,156,2,0.25,0.2105748562166709
ar1_phi_0.5,156,3,0.125,0.14915879702699886
ar1_phi_0.5,156,4,0.0625,0.14452821927330728
ar1_phi_0.5,156,5,0.03125,0.060625965478328186
ar1_phi_0.5,156,6,0.015625,0.11596789075217272
ar1_phi_0.5,156,7,0.0078125,0.13801291273985242
ar1_phi_0.5,156,8,0.00390625,0.10965346517686594
ar1_phi_0.5,156,9,0.001953125,0.1256713528752555
ar1_phi_0.5,156,10,0.0009765625,0.08771862443970815
ar1_phi_0.5,156,11,0.00048828125,0.07716756295654403
ar1_phi_0.5,156,12,0.000244140625,0.03320353862217621
ar1_phi_0.5,156,13,0.0001220703125,0.08257525330877466
ar1_phi_0.5,156,14,6.103515625e-05,0.06813166348613608
ar1_phi_0.5,156,15,3.0517578125e-05,0.038546927699870795
ar1_phi_0.5,156,16,1.52587890625e-05,-0.04571892944462383
ar1_phi_0.5,156,17,7.62939453125e-06,-0.039265780825541705
ar1_phi_0.5,156,18,3.814697265625e-06,-0.08314987666332131
ar1_phi_0.5,156,19,1.9073486328125e-06,-0.02120304209983335
ar1_phi_0.5,156,20,9.5367431640625e-07,-0.02697114868557259
ar1_phi_0.5,157,1,0.5,0.4858595540755421
ar1_phi_0.5,157,2,0.25,0.23804108935253288
ar1_phi_0.5,157,3,0.125,0.17954949399946574
ar1_phi_0.5,157,4,0.0625,0.13727431376032506
ar1_phi_0.5,157,5,0.03125,0.029911435613092056
ar1_phi_0.5,157,6,0.015625,-0.012735777406407526
ar1_phi_0.5,157,7,0.0078125,-0.03420949815358209
ar1_phi_0.5,157,8,0.00390625,-0.01765118436427338
ar1_phi_0.5,157,9,0.001953125,-0.04519875939168965
ar1_phi_0.5,157,10,0.0009765625,-0.024675823290077354
ar1_phi_0.5,157,11,0.00048828125,-0.06630897438401884
ar1_phi_0.5,157,12,0.000244140625,-0.10134359463936347
ar1_phi_0.5,157,13,0.0001220703125,-0.1346510746067876
ar1_phi_0.5,157,14,6.103515625e-05,-0.09532322673882285
ar1_phi_0.5,157,15,3.0517578125e-05,-0.10443980699501995
ar1_phi_0.5,157,16,1.52587890625e-05,-0.07249853502231575
ar1_phi_0.5,157,17,7.62939453125e-06,-0.032481500815711065
ar1_phi_0.5,157,18,3.814697265625e-06,-0.010810970437346001
ar1_phi_0.5,157,19,1.9073486328125e-06,-0.03294858965428051
ar1_phi_0.5,157,20,9.5367431640625e-07,0.029951829768623574
ar1_phi_0.5,158,1,0.5,0.5238588004182454
ar1_phi_0.5,158,2,0.25,0.27031874888117435
ar1_phi_0.5,158,3,0.125,0.2358785081479381
ar1_phi_0.5,158,4,0.0625,0.09482007574007739
ar1_phi_0.5,158,5,0.03125,-0.011162459251291003
ar1_phi_0.5,158,6,0.015625,-0.055310648414350065
ar1_phi_0.5,158,7,0.0078125,-0.09525476699761741
ar1_phi_0.5,158,8,0.00390625,-0.13596432097192826
ar1_phi_0.5,158,9,0.001953125,-0.18024922705392926
ar1_phi_0.5,158,10,0.0009765625,-0.263239433493813
ar1_phi_0.5,158,11,0.00048828125,-0.2610911582630182
ar1_phi_0.5,158,12,0.000244140625,-0.22080327152802118
ar1_phi_0.5,158,13,0.0001220703125,-0.21135210673961607
ar1_phi_0.5,158,14,6.103515625e-05,-0.15872363650446744
ar1_phi_0.5,158,15,3.0517578125e-05,-0.05300312504179647
ar1_phi_0.5,158,16,1.52587890625e-05,-0.023342047735640047
ar1_phi_0.5,158,17,7.62939453125e-06,-0.001164190115528358
ar1_phi_0.5,158,18,3.814697265625e-06,0.009408254190713162
ar1_phi_0.5,158,19,1.9073486328125e-06,-0.01701580206825981
ar1_phi_0.5,158,20,9.5367431640625e-07,-0.08786382579668789
ar1_phi_0.5,159,1,0.5,0.44755694033985927
ar1_phi_0.5,159,2,0.25,0.14370189371367584
ar1_phi_0.5,159,3,0.125,0.04026129712324832
ar1_phi_0.5,159,4,0.0625,0.05491065893478451
ar1_phi_0.5,159,5,0.03125,0.015491630689549072
ar1_phi_0.5,159,6,0.015625,-0.014371353877681821
ar1_phi_0.5,159,7,0.0078125,0.038002994035342436
ar1_phi_0.5,159,8,0.00390625,0.02499420482688488
ar1_phi_0.5,159,9,0.001953125,0.009116450958561713
ar1_phi_0.5,159,10,0.0009765625,0.006529767378610625
ar1_phi_0.5,159,11,0.00048828125,0.05405171975221096
ar1_phi_0.5,159,12,0.000244140625,0.034622421665679796
ar1_phi_0.5,159,13,0.0001220703125,0.009526326795107983
ar1_phi_0.5,159,14,6.103515625e-05,0.0022871246842418617
ar1_phi_0.5,159,15,3.0517578125e-05,-0.002683047750528137
ar1_phi_0.5,159,16,1.52587890625e-05,-0.046278001104310906
ar1_phi_0.5,159,17,7.62939453125e-06,-0.02450450946716833
ar1_phi_0.5,159,18,3.814697265625e-06,0.121416814001268
ar1_phi_0.5,159,19,1.9073486328125e-06,0.12396066496585982
ar1_phi_0.5,159,20,9.5367431640625e-07,0.08503951455733715
ar1_phi_0.5,160,1,0.5,0.4652077632351823
ar1_phi_0.5,160,2,0.25,0.2515500432463137
ar1_phi_0.5,160,3,0.125,0.15338301767131335
ar1_phi_0.5,160,4,0.0625,0.051732002231879216
ar1_phi_0.5,160,5,0.03125,0.009360695367793522
ar1_phi_0.5,160,6,0.015625,-0.06142676932896101
ar1_phi_0.5,160,7,0.0078125,-0.0784651796392102
ar1_phi_0.5,160,8,0.00390625,-0.047079513941701026
ar1_phi_0.5,160,9,0.001953125,-0.055895841659003596
ar1_phi_0.5,160,10,0.0009765625,-0.011412333179323086
ar1_phi_0.5,160,11,0.00048828125,-0.00933656782538992
ar1_phi_0.5,160,12,0.000244140625,-0.012347329450070029
ar1_phi_0.5,160,13,0.0001220703125,0.07272591947088031
ar1_phi_0.5,160,14,6.103515625e-05,0.09492867228361433
ar1_phi_0.5,160,15,3.0517578125e-05,0.11242943720739097
ar1_phi_0.5,160,16,1.52587890625e-05,0.1412760601034913
ar1_phi_0.5,160,17,7.62939453125e-06,0.04707536182597455
ar1_phi_0.5,160,18,3.814697265625e-06,-0.0059539077656498305
ar1_phi_0.5,160,19,1.9073486328125e-06,-0.057200849305283234
ar1_phi_0.5,160,20,9.5367431640625e-07,-0.07716547387066922
ar1_phi_0.5,161,1,0.5,0.46055732984218084
ar1_phi_0.5,161,2,0.25,0.17265383536185502
ar1_phi_0.5,161,3,0.125,0.02383086172298927
ar1_phi_0.5,161,4,0.0625,0.015042656928941063
ar1_phi_0.5,161,5,0.03125,-0.02325891119401578
ar1_phi_0.5,161,6,0.015625,-0.03951387087794266
ar1_phi_0.5,161,7,0.0078125,0.045345463491630864
ar1_phi_0.5,161,8,0.00390625,0.10391313705588259
ar1_phi_0.5,161,9,0.001953125,0.15233113785127714
ar1_phi_0.5,161,10,0.0009765625,0.059224699264453916
ar1_phi_0.5,161,11,0.00048828125,0.0013038534700255007
ar1_phi_0.5,161,12,0.000244140625,0.03798991585427455
ar1_phi_0.5,161,13,0.0001220703125,0.05963292031501154
ar1_phi_0.5,161,14,6.103515625e-05,0.047789653715506926
ar1_phi_0.5,161,15,3.0517578125e-05,0.04855966203893034
ar1_phi_0.5,161,16,1.52587890625e-05,0.06628418166957116
ar1_phi_0.5,161,17,7.62939453125e-06,0.09536485687087988
ar1_phi_0.5,161,18,3.814697265625e-06,0.022806328985905126
ar1_phi_0.5,161,19,1.9073486328125e-06,-0.0012244445287764403
ar1_phi_0.5,161,20,9.5367431640625e-07,-0.08114983416751674
ar1_phi_0.5,162,1,0.5,0.5048959482369055
ar1_phi_0.5,162,2,0.25,0.2887313822383636
ar1_phi_0.5,162,3,0.125,0.052744494666297125
ar1_phi_0.5,162,4,0.0625,-0.11910009660426439
ar1_phi_0.5,162,5,0.03125,-0.15433437077645237
ar1_phi_0.5,162,6,0.015625,-0.0721695200227106
ar1_phi_0.5,162,7,0.0078125,0.024599695484164755
ar1_phi_0.5,162,8,0.00390625,0.16301116084041625
ar1_phi_0.5,162,9,0.001953125,0.2505611464022804
ar1_phi_0.5,162,10,0.0009765625,0.2375265075618311
ar1_phi_0.5,162,11,0.00048828125,0.16181979166567056
ar1_phi_0.5,162,12,0.000244140625,0.009632491751582749
ar1_phi_0.5,162,13,0.0001220703125,-0.05003209622751966
ar1_phi_0.5,162,14,6.103515625e-05,-0.09195110346750549
ar1_phi_0.5,162,15,3.0517578125e-05,-0.11198271182486712
ar1_phi_0.5,162,16,1.52587890625e-05,-0.050332030752172525
ar1_phi_0.5,162,17,7.62939453125e-06,-0.024252603181646
ar1_phi_0.5,162,18,3.814697265625e-06,0.06810480154047818
ar1_phi_0.5,162,19,1.9073486328125e-06,0.038974121519482055
ar1_phi_0.5,162,20,9.5367431640625e-07,-0.057403758671042686
ar1_phi_0.5,163,1,0.5,0.5046938371479801
ar1_phi_0.5,163,2,0.25,0.20061516556014258
ar1_phi_0.5,163,3,0.125,0.049721753302554496
ar1_phi_0.5,163,4,0.0625,0.019869044142787975
ar1_phi_0.5,163,5,0.03125,-0.0003243162743329635
ar1_phi_0.5,163,6,0.015625,-0.009627585324794184
ar1_phi_0.5,163,7,0.0078125,-0.11306951598733338
ar1_phi_0.5,163,8,0.00390625,-0.12706181203532083
ar1_phi_0.5,163,9,0.001953125,-0.1431155006618133
ar1_phi_0.5,163,10,0.0009765625,-0.09624809025874798
ar1_phi_0.5,163,11,0.00048828125,-0.05711363473272128
ar1_phi_0.5,163,12,0.000244140625,-0.02981092371864252
ar1_phi_0.5,163,13,0.0001220703125,-0.011982860074083328
ar1_phi_0.5,163,14,6.103515625e-05,0.08596586451739313
ar1_phi_0.5,163,15,3.0517578125e-05,0.08682079968426029
ar1_phi_0.5,163,16,1.52587890625e-05,0.06376722391026897
ar1_phi_0.5,163,17,7.62939453125e-06,0.07752879114872291
ar1_phi_0.5,163,18,3.814697265625e-06,0.06462772246624032
ar1_phi_0.5,163,19,1.9073486328125e-06,-0.026849661617752797
ar1_phi_0.5,163,20,9.5367431640625e-07,0.0060554130580012565
ar1_phi_0.5,164,1,0.5,0.5532569905905478
ar1_phi_0.5,164,2,0.25,0.31691012013154984
ar1_phi_0.5,164,3,0.125,0.2629138539583613
ar1_phi_0.5,164,4,0.0625,0.20007991012456386
ar1_phi_0.5,164,5,0.03125,0.2192590298421335
ar1_phi_0.5,164,6,0.015625,0.16792934020644545
ar1_phi_0.5,164,7,0.0078125,0.0972390443408221
ar1_phi_0.5,164,8,0.00390625,0.03963258448166142
ar1_phi_0.5,164,9,0.001953125,-0.004692182415906932
ar1_phi_0.5,164,10,0.0009765625,-0.043825072415754326
ar1_phi_0.5,164,11,0.00048828125,-0.025784513957993735
ar1_phi_0.5,164,12,0.000244140625,0.02699754466671832
ar1_phi_0.5,164,13,0.0001220703125,0.00790955522878124
ar1_phi_0.5,164,14,6.103515625e-05,-0.014402752724130741
ar1_phi_0.5,164,15,3.0517578125e-05,-0.014527762080669101
ar1_phi_0.5,164,16,1.52587890625e-05,-0.022687404426880352
ar1_phi_0.5,164,17,7.62939453125e-06,-0.02853574469282488
ar1_phi_0.5,164,18,3.814697265625e-06,-0.027245331007708144
ar1_phi_0.5,164,19,1.9073486328125e-06,-0.05570796234645349
ar1_phi_0.5,164,20,9.5367431640625e-07,-0.08642462149158743
ar1_phi_0.5,165,1,0.5,0.5146490839945974
ar1_phi_0.5,165,2,0.25,0.2562432012924268
ar1_phi_0.5,165,3,0.125,0.09209448931307938
ar1_phi_0.5,165,4,0.0625,-0.04018281731281692
ar1_phi_0.5,165,5,0.03125,-0.039796634458025795
ar1_phi_0.5,165,6,0.015625,-0.0009522781555714502
ar1_phi_0.5,165,7,0.0078125,-0.010911955666568973
ar1_phi_0.5,165,8,0.00390625,0.06272663925914322
ar1_phi_0.5,165,9,0.001953125,0.06158312524701517
ar1_phi_0.5,165,10,0.0009765625,0.0680146848709944
ar1_phi_0.5,165,11,0.00048828125,0.07403514403595077
ar1_phi_0.5,165,12,0.000244140625,-0.02935936410198264
ar1_phi_0.5,165,13,0.0001220703125,-0.09051824005765413
ar1_phi_0.5,165,14,6.103515625e-05,-0.10821884634764728
ar1_phi_0.5,165,15,3.0517578125e-05,-0.0706280448257845
ar1_phi_0.5,165,16,1.52587890625e-05,0.01468341800046081
ar1_phi_0.5,165,17,7.62939453125e-06,0.0727520023567012
ar1_phi_0.5,165,18,3.814697265625e-06,0.06043821384241711
ar1_phi_0.5,165,19,1.9073486328125e-06,0.07417110284997197
ar1_phi_0.5,165,20,9.5367431640625e-07,0.039859299705661835
ar1_phi_0.5,166,1,0.5,0.47768818539668956
ar1_phi_0.5,166,2,0.25,0.2630287209819372
ar1_phi_0.5,166,3,0.125,0.1382980409905158
ar1_phi_0.5,166,4,0.0625,0.06510554390937692
ar1_phi_0.5,166,5,0.03125,0.07371093075627573
ar1_phi_0.5,166,6,0.015625,0.05470028548404118
ar1_phi_0.5,166,7,0.0078125,0.08285784631156638
ar1_phi_0.5,166,8,0.00390625,0.1279849890227277
ar1_phi_0.5,166,9,0.001953125,0.07269169373310876
ar1_phi_0.5,166,10,0.0009765625,0.04548605796521312
ar1_phi_0.5,166,11,0.00048828125,-0.07977071186021989
ar1_phi_0.5,166,12,0.000244140625,-0.07239500528302543
ar1_phi_0.5,166,13,0.0001220703125,-0.06188163311154416
ar1_phi_0.5,166,14,6.103515625e-05,-0.023962077118321424
ar1_phi_0.5,166,15,3.0517578125e-05,-0.045723914417571475
ar1_phi_0.5,166,16,1.52587890625e-05,-0.06882212794858257
ar1_phi_0.5,166,17,7.62939453125e-06,-0.10750493771571733
ar1_phi_0.5,166,18,3.814697265625e-06,-0.12206391655486439
ar1_phi_0.5,166,19,1.9073486328125e-06,-0.18155257568859506
ar1_phi_0.5,166,20,9.5367431640625e-07,-0.07882739109875456
ar1_phi_0.5,167,1,0.5,0.5506968394341374
ar1_phi_0.5,167,2,0.25,0.3597952560796513
ar1_phi_0.5,167,3,0.125,0.29169479091457706
ar1_phi_0.5,167,4,0.0625,0.17421866612785566
ar1_phi_0.5,167,5,0.03125,0.08974540049561434
ar1_phi_0.5,167,6,0.015625,0.09535276471428784
ar1_phi_0.5,167,7,0.0078125,0.08860242874454803
ar1_phi_0.5,167,8,0.00390625,0.025454751908481562
ar1_phi_0.5,167,9,0.001953125,0.06176096188446028
ar1_phi_0.5,167,10,0.0009765625,0.0762635978197367
ar1_phi_0.5,167,11,0.00048828125,0.0432465635603152
ar1_phi_0.5,167,12,0.000244140625,-0.02480481758896766
ar1_phi_0.5,167,13,0.0001220703125,-0.035418960621790924
ar1_phi_0.5,167,14,6.103515625e-05,-0.10453606378929776
ar1_phi_0.5,167,15,3.0517578125e-05,-0.15869665758342658
ar1_phi_0.5,167,16,1.52587890625e-05,-0.16498710509449435
ar1_phi_0.5,167,17,7.62939453125e-06,-0.10803805764727542
ar1_phi_0.5,167,18,3.814697265625e-06,-0.18132457042883166
ar1_phi_0.5,167,19,1.9073486328125e-06,-0.1741397131056587
ar1_phi_0.5,167,20,9.5367431640625e-07,-0.15186203503601892
ar1_phi_0.5,168,1,0.5,0.45228034578944526
ar1_phi_0.5,168,2,0.25,0.12923407434837778
ar1_phi_0.5,168,3,0.125,0.008888033523213717
ar1_phi_0.5,168,4,0.0625,-0.0824067768314519
ar1_phi_0.5,168,5,0.03125,-0.050909675642873464
ar1_phi_0.5,168,6,0.015625,-0.07159516421912121
ar1_phi_0.5,168,7,0.0078125,-0.07930561029247966
ar1_phi_0.5,168,8,0.00390625,-0.06550219681558926
ar1_phi_0.5,168,9,0.001953125,-0.016402752594253816
ar1_phi_0.5,168,10,0.0009765625,0.05663523006552821
ar1_phi_0.5,168,11,0.00048828125,0.029555055504250055
ar1_phi_0.5,168,12,0.000244140625,0.04281931755201687
ar1_phi_0.5,168,13,0.0001220703125,-0.020087563037453474
ar1_phi_0.5,168,14,6.103515625e-05,-0.09092698954126487
ar1_phi_0.5,168,15,3.0517578125e-05,-0.08256165954731153
ar1_phi_0.5,168,16,1.52587890625e-05,-0.030074488450447575
ar1_phi_0.5,168,17,7.62939453125e-06,0.006071299623871278
ar1_phi_0.5,168,18,3.814697265625e-06,-0.01442156831527158
ar1_phi_0.5,168,19,1.9073486328125e-06,0.006410487853366575
ar1_phi_0.5,168,20,9.5367431640625e-07,-0.02987905430551862
ar1_phi_0.5,169,1,0.5,0.4273723958010769
ar1_phi_0.5,169,2,0.25,0.18434570509064624
ar1_phi_0.5,169,3,0.125,0.04124442623555396
ar1_phi_0.5,169,4,0.0625,-0.021987951327580794
ar1_phi_0.5,169,5,0.03125,-0.08226592970855327
ar1_phi_0.5,169,6,0.015625,-0.10399543760489792
ar1_phi_0.5,169,7,0.0078125,-0.048051504137406574
ar1_phi_0.5,169,8,0.00390625,-0.048456988030804296
ar1_phi_0.5,169,9,0.001953125,0.006124756284075399
ar1_phi_0.5,169,10,0.0009765625,0.03860513309600826
ar1_phi_0.5,169,11,0.00048828125,0.009134479779329558
ar1_phi_0.5,169,12,0.000244140625,0.05188474998175841
ar1_phi_0.5,169,13,0.0001220703125,0.09630645574038087
ar1_phi_0.5,169,14,6.103515625e-05,0.12053741542621386
ar1_phi_0.5,169,15,3.0517578125e-05,0.0840666962313603
ar1_phi_0.5,169,16,1.52587890625e-05,0.026770171126926912
ar1_phi_0.5,169,17,7.62939453125e-06,0.0017893429665282428
ar1_phi_0.5,169,18,3.814697265625e-06,-0.10461108213995948
ar1_phi_0.5,169,19,1.9073486328125e-06,-0.07643859200432039
ar1_phi_0.5,169,20,9.5367431640625e-07,-0.1462446289056205
ar1_phi_0.5,170,1,0.5,0.41870279885004164
ar1_phi_0.5,170,2,0.25,0.2638420080878561
ar1_phi_0.5,170,3,0.125,0.2161928944628362
ar1_phi_0.5,170,4,0.0625,0.1660663689851668
ar1_phi_0.5,170,5,0.03125,0.10173861711176094
ar1_phi_0.5,170,6,0.015625,0.10439902567608635
ar1_phi_0.5,170,7,0.0078125,0.023035278399817626
ar1_phi_0.5,170,8,0.00390625,0.045553878584577726
ar1_phi_0.5,170,9,0.001953125,0.10731333312341508
ar1_phi_0.5,170,10,0.0009765625,0.07670541578061958
ar1_phi_0.5,170,11,0.00048828125,0.057789425152574445
ar1_phi_0.5,170,12,0.000244140625,0.05741458587010149
ar1_phi_0.5,170,13,0.0001220703125,0.04801902462898367
ar1_phi_0.5,170,14,6.103515625e-05,-0.04095942418956563
ar1_phi_0.5,170,15,3.0517578125e-05,0.05067103557430845
ar1_phi_0.5,170,16,1.52587890625e-05,0.07165046101061681
ar1_phi_0.5,170,17,7.62939453125e-06,0.041043524634740015
ar1_phi_0.5,170,18,3.814697265625e-06,0.05335336116187977
ar1_phi_0.5,170,19,1.9073486328125e-06,0.04941034285946218
ar1_phi_0.5,170,20,9.5367431640625e-07,0.008662303710204761
ar1_phi_0.5,171,1,0.5,0.45618492451000675
ar1_phi_0.5,171,2,0.25,0.21270973638887125
ar1_phi_0.5,171,3,0.125,0.13319348969280262
ar1_phi_0.5,171,4,0.0625,0.0430296200613252
ar1_phi_0.5,171,5,0.03125,0.056747094847544054
ar1_phi_0.5,171,6,0.015625,0.033698676860001685
ar1_phi_0.5,171,7,0.0078125,-0.019362220473220556
ar1_phi_0.5,171,8,0.00390625,0.01274998011788281
ar1_phi_0.5,171,9,0.001953125,0.06453925759356982
ar1_phi_0.5,171,10,0.0009765625,0.004786197792055417
ar1_phi_0.5,171,11,0.00048828125,0.005437736105660594
ar1_phi_0.5,171,12,0.000244140625,-0.012640961147425916
ar1_phi_0.5,171,13,0.0001220703125,-0.027691097353759995
ar1_phi_0.5,171,14,6.103515625e-05,0.05166135265843613
ar1_phi_0.5,171,15,3.0517578125e-05,0.09872244772989147
ar1_phi_0.5,171,16,1.52587890625e-05,0.13834779001977948
ar1_phi_0.5,171,17,7.62939453125e-06,0.15043902051214253
ar1_phi_0.5,171,18,3.814697265625e-06,0.08632068997780024
ar1_phi_0.5,171,19,1.9073486328125e-06,0.03051798229348359
ar1_phi_0.5,171,20,9.5367431640625e-07,0.00887321591521499
ar1_phi_0.5,172,1,0.5,0.5007665463746083
ar1_phi_0.5,172,2,0.25,0.22429071043279386
ar1_phi_0.5,172,3,0.125,0.12428320855520128
ar1_phi_0.5,172,4,0.0625,0.07732100445824129
ar1_phi_0.5,172,5,0.03125,0.030499679231336774
ar1_phi_0.5,172,6,0.015625,-0.028705540077023018
ar1_phi_0.5,172,7,0.0078125,-0.003964623889550753
ar1_phi_0.5,172,8,0.00390625,-0.005420096815724024
ar1_phi_0.5,172,9,0.001953125,-0.007353749212618115
ar1_phi_0.5,172,10,0.0009765625,-0.02649616432280162
ar1_phi_0.5,172,11,0.00048828125,0.03707603482791606
ar1_phi_0.5,172,12,0.000244140625,0.0020182652772468695
ar1_phi_0.5,172,13,0.0001220703125,-0.1080615614795061
ar1_phi_0.5,172,14,6.103515625e-05,-0.10796905110467837
ar1_phi_0.5,172,15,3.0517578125e-05,-0.055525713118235016
ar1_phi_0.5,172,16,1.52587890625e-05,-0.03946082037501221
ar1_phi_0.5,172,17,7.62939453125e-06,-0.08592521482082835
ar1_phi_0.5,172,18,3.814697265625e-06,-0.06516517966509437
ar1_phi_0.5,172,19,1.9073486328125e-06,-0.03202464733024725
ar1_phi_0.5,172,20,9.5367431640625e-07,-0.023609822241953404
ar1_phi_0.5,173,1,0.5,0.47026102911356965
ar1_phi_0.5,173,2,0.25,0.24588737629042576
ar1_phi_0.5,173,3,0.125,0.12698834335044437
ar1_phi_0.5,173,4,0.0625,0.13396907058396273
ar1_phi_0.5,173,5,0.03125,0.023837865337415463
ar1_phi_0.5,173,6,0.015625,-0.04120236381317658
ar1_phi_0.5,173,7,0.0078125,-0.06382260130496835
ar1_phi_0.5,173,8,0.00390625,-0.09629262204972663
ar1_phi_0.5,173,9,0.001953125,-0.03023888813509436
ar1_phi_0.5,173,10,0.0009765625,-0.05111876985895772
ar1_phi_0.5,173,11,0.00048828125,-0.020832476301946956
ar1_phi_0.5,173,12,0.000244140625,-0.06045845072498525
ar1_phi_0.5,173,13,0.0001220703125,-0.07039545985648883
ar1_phi_0.5,173,14,6.103515625e-05,-0.06293240002629372
ar1_phi_0.5,173,15,3.0517578125e-05,-0.026956209859973837
ar1_phi_0.5,173,16,1.52587890625e-05,-0.0529889949879575
ar1_phi_0.5,173,17,7.62939453125e-06,-0.06109984263415079
ar1_phi_0.5,173,18,3.814697265625e-06,-0.016443592972453538
ar1_phi_0.5,173,19,1.9073486328125e-06,0.019307830147411248
ar1_phi_0.5,173,20,9.5367431640625e-07,-0.02021573002144962
ar1_phi_0.5,174,1,0.5,0.4752781569458244
ar1_phi_0.5,174,2,0.25,0.27908279124775076
ar1_phi_0.5,174,3,0.125,0.136190843156608
ar1_phi_0.5,174,4,0.0625,0.06595108696902584
ar1_phi_0.5,174,5,0.03125,0.04435015002382759
ar1_phi_0.5,174,6,0.015625,0.05230036289329843
ar1_phi_0.5,174,7,0.0078125,0.04351251624411871
ar1_phi_0.5,174,8,0.00390625,-0.021180791373625878
ar1_phi_0.5,174,9,0.001953125,-0.06712847201724008
ar1_phi_0.5,174,10,0.0009765625,-0.07854268133018855
ar1_phi_0.5,174,11,0.00048828125,-0.050301908681044775
ar1_phi_0.5,174,12,0.000244140625,-0.023953642538037022
ar1_phi_0.5,174,13,0.0001220703125,0.017474933804220737
ar1_phi_0.5,174,14,6.103515625e-05,0.009911178544063816
ar1_phi_0.5,174,15,3.0517578125e-05,-0.0005132693615850884
ar1_phi_0.5,174,16,1.52587890625e-05,0.0618278207417955
ar1_phi_0.5,174,17,7.62939453125e-06,0.05379608387394984
ar1_phi_0.5,174,18,3.814697265625e-06,0.03584710692481966
ar1_phi_0.5,174,19,1.9073486328125e-06,0.03741438503051065
ar1_phi_0.5,174,20,9.5367431640625e-07,0.02392044721042875
ar1_phi_0.5,175,1,0.5,0.5884817419888948
ar1_phi_0.5,175,2,0.25,0.3252731566352802
ar1_phi_0.5,175,3,0.125,0.14602590227749776
ar1_phi_0.5,175,4,0.0625,0.05141809497212203
ar1_phi_0.5,175,5,0.03125,0.04921720150358814
ar1_phi_0.5,175,6,0.015625,0.00433921338447837
ar1_phi_0.5,175,7,0.0078125,0.03542311486931764
ar1_phi_0.5,175,8,0.00390625,0.04971343192806435
ar1_phi_0.5,175,9,0.001953125,0.02239961853090064
ar1_phi_0.5,175,10,0.0009765625,0.0640094165943363
ar1_phi_0.5,175,11,0.00048828125,0.025264865821910638
ar1_phi_0.5,175,12,0.000244140625,0.0005777689571383832
ar1_phi_0.5,175,13,0.0001220703125,-0.04971248168828632
ar1_phi_0.5,175,14,6.103515625e-05,-0.10521932398140739
ar1_phi_0.5,175,15,3.0517578125e-05,-0.10856971113829858
ar1_phi_0.5,175,16,1.52587890625e-05,-0.10630087374921045
ar1_phi_0.5,175,17,7.62939453125e-06,-0.029500141934352304
ar1_phi_0.5,175,18,3.814697265625e-06,0.004120439421240085
ar1_phi_0.5,175,19,1.9073486328125e-06,0.016259114117608636
ar1_phi_0.5,175,20,9.5367431640625e-07,-0.019227973267397662
ar1_phi_0.5,176,1,0.5,0.5365104684042507
ar1_phi_0.5,176,2,0.25,0.3049896816943989
ar1_phi_0.5,176,3,0.125,0.1747178626912074
ar1_phi_0.5,176,4,0.0625,0.10108343178440701
ar1_phi_0.5,176,5,0.03125,0.09261294137659333
ar1_phi_0.5,176,6,0.015625,0.05540770621356874
ar1_phi_0.5,176,7,0.0078125,0.02743367741433054
ar1_phi_0.5,176,8,0.00390625,0.004903936462650018
ar1_phi_0.5,176,9,0.001953125,-0.021662829419388963
ar1_phi_0.5,176,10,0.0009765625,-0.046346710407060135
ar1_phi_0.5,176,11,0.00048828125,-0.05500709290467457
ar1_phi_0.5,176,12,0.000244140625,-0.005568404350732047
ar1_phi_0.5,176,13,0.0001220703125,-0.013308318478130667
ar1_phi_0.5,176,14,6.103515625e-05,0.06228999398324218
ar1_phi_0.5,176,15,3.0517578125e-05,0.028477283417783474
ar1_phi_0.5,176,16,1.52587890625e-05,0.0037409128788125938
ar1_phi_0.5,176,17,7.62939453125e-06,-0.021774996804077556
ar1_phi_0.5,176,18,3.814697265625e-06,0.014206410064825384
ar1_phi_0.5,176,19,1.9073486328125e-06,-0.0011312173655204458
ar1_phi_0.5,176,20,9.5367431640625e-07,-0.08919089339212082
ar1_phi_0.5,177,1,0.5,0.46029988895118856
ar1_phi_0.5,177,2,0.25,0.2791793518432982
ar1_phi_0.5,177,3,0.125,0.23320237108318784
ar1_phi_0.5,177,4,0.0625,0.16152690065395103
ar1_phi_0.5,177,5,0.03125,0.07041786454132853
ar1_phi_0.5,177,6,0.015625,0.06418910984433511
ar1_phi_0.5,177,7,0.0078125,0.004684825397295231
ar1_phi_0.5,177,8,0.00390625,0.06747505305334536
ar1_phi_0.5,177,9,0.001953125,0.042617797615195435
ar1_phi_0.5,177,10,0.0009765625,0.0153256775334056
ar1_phi_0.5,177,11,0.00048828125,-0.0333157130633287
ar1_phi_0.5,177,12,0.000244140625,0.0370576092952592
ar1_phi_0.5,177,13,0.0001220703125,-0.050614912921640984
ar1_phi_0.5,177,14,6.103515625e-05,-0.09037269684655293
ar1_phi_0.5,177,15,3.0517578125e-05,-0.02526177423866703
ar1_phi_0.5,177,16,1.52587890625e-05,0.054639519150345366
ar1_phi_0.5,177,17,7.62939453125e-06,0.08408972510148785
ar1_phi_0.5,177,18,3.814697265625e-06,0.11107200665839798
ar1_phi_0.5,177,19,1.9073486328125e-06,0.09334327142377775
ar1_phi_0.5,177,20,9.5367431640625e-07,0.08200803098266687
ar1_phi_0.5,178,1,0.5,0.48799517918494234
ar1_phi_0.5,178,2,0.25,0.2589642248538638
ar1_phi_0.5,178,3,0.125,0.14905514277346804
ar1_phi_0.5,178,4,0.0625,0.147577230243981
ar1_phi_0.5,178,5,0.03125,0.10275861338505123
ar1_phi_0.5,178,6,0.015625,-0.04309332320528577
ar1_phi_0.5,178,7,0.0078125,-0.05896625164181392
ar1_phi_0.5,178,8,0.00390625,-0.08214793638179045
ar1_phi_0.5,178,9,0.001953125,-0.044010157188439994
ar1_phi_0.5,178,10,0.0009765625,-0.036484228397953886
ar1_phi_0.5,178,11,0.00048828125,-0.04143366056769505
ar1_phi_0.5,178,12,0.000244140625,0.004255721249121638
ar1_phi_0.5,178,13,0.0001220703125,0.023504684437126545
ar1_phi_0.5,178,14,6.103515625e-05,-0.029662900653804412
ar1_phi_0.5,178,15,3.0517578125e-05,-0.025309726452341523
ar1_phi_0.5,178,16,1.52587890625e-05,0.009714540169747063
ar1_phi_0.5,178,17,7.62939453125e-06,0.0014722303007520957
ar1_phi_0.5,178,18,3.814697265625e-06,-0.006404598011528135
ar1_phi_0.5,178,19,1.9073486328125e-06,-0.05393136561084388
ar1_phi_0.5,178,20,9.5367431640625e-07,-0.052012209197025074
ar1_phi_0.5,179,1,0.5,0.5520747059982559
ar1_phi_0.5,179,2,0.25,0.26184679965273727
ar1_phi_0.5,179,3,0.125,0.08641886758097293
ar1_phi_0.5,179,4,0.0625,-0.013644147830689499
ar1_phi_0.5,179,5,0.03125,-0.019988932092003905
ar1_phi_0.5,179,6,0.015625,0.04715424546039648
ar1_phi_0.5,179,7,0.0078125,0.09314756023144377
ar1_phi_0.5,179,8,0.00390625,0.11257877469801253
ar1_phi_0.5,179,9,0.001953125,0.06771767439067687
ar1_phi_0.5,179,10,0.0009765625,0.0052561913844297245
ar1_phi_0.5,179,11,0.00048828125,-0.045323652116105534
ar1_phi_0.5,179,12,0.000244140625,-0.021623004106842574
ar1_phi_0.5,179,13,0.0001220703125,-0.04593339956204419
ar1_phi_0.5,179,14,6.103515625e-05,-0.028564908472620835
ar1_phi_0.5,179,15,3.0517578125e-05,-0.07554320724039021
ar1_phi_0.5,179,16,1.52587890625e-05,-0.06348578690534874
ar1_phi_0.5,179,17,7.62939453125e-06,-0.061250076340503244
ar1_phi_0.5,179,18,3.814697265625e-06,-0.08823443404776139
ar1_phi_0.5,179,19,1.9073486328125e-06,-0.06642532450867006
ar1_phi_0.5,179,20,9.5367431640625e-07,-0.02474802363923895
ar1_phi_0.5,180,1,0.5,0.45931397584254285
ar1_phi_0.5,180,2,0.25,0.2415728381638076
ar1_phi_0.5,180,3,0.125,0.15064678333953513
ar1_phi_0.5,180,4,0.0625,0.10228878327613691
ar1_phi_0.5,180,5,0.03125,0.07120627957781059
ar1_phi_0.5,180,6,0.015625,0.1123961357023824
ar1_phi_0.5,180,7,0.0078125,0.1033899988003668
ar1_phi_0.5,180,8,0.00390625,0.11532660718979226
ar1_phi_0.5,180,9,0.001953125,0.014301904947065246
ar1_phi_0.5,180,10,0.0009765625,-0.024061207766139688
ar1_phi_0.5,180,11,0.00048828125,-0.09114023605907735
ar1_phi_0.5,180,12,0.000244140625,-0.07355914092426892
ar1_phi_0.5,180,13,0.0001220703125,-0.11112687676817032
ar1_phi_0.5,180,14,6.103515625e-05,0.006038171836832865
ar1_phi_0.5,180,15,3.0517578125e-05,-0.06347150458261604
ar1_phi_0.5,180,16,1.52587890625e-05,-0.030359618026244817
ar1_phi_0.5,180,17,7.62939453125e-06,-0.08352570523823805
ar1_phi_0.5,180,18,3.814697265625e-06,-0.09606445800584466
ar1_phi_0.5,180,19,1.9073486328125e-06,-0.1267389529731999
ar1_phi_0.5,180,20,9.5367431640625e-07,-0.07454830652711478
ar1_phi_0.5,181,1,0.5,0.4951001037917298
ar1_phi_0.5,181,2,0.25,0.23213695607112506
ar1_phi_0.5,181,3,0.125,0.12790798066770445
ar1_phi_0.5,181,4,0.0625,0.04187921827256815
ar1_phi_0.5,181,5,0.03125,-0.044013906396356585
ar1_phi_0.5,181,6,0.015625,-0.03406454713858547
ar1_phi_0.5,181,7,0.0078125,-0.06852244154263155
ar1_phi_0.5,181,8,0.00390625,-0.04497366849836525
ar1_phi_0.5,181,9,0.001953125,-0.06742804487209317
ar1_phi_0.5,181,10,0.0009765625,-0.12224523193809467
ar1_phi_0.5,181,11,0.00048828125,-0.12061624045958963
ar1_phi_0.5,181,12,0.000244140625,-0.1106505438036343
ar1_phi_0.5,181,13,0.0001220703125,-0.09779015369663187
ar1_phi_0.5,181,14,6.103515625e-05,-0.07067933926777296
ar1_phi_0.5,181,15,3.0517578125e-05,0.02745241021141331
ar1_phi_0.5,181,16,1.52587890625e-05,4.2734235488068506e-05
ar1_phi_0.5,181,17,7.62939453125e-06,0.058124923611441406
ar1_phi_0.5,181,18,3.814697265625e-06,0.02869418137093515
ar1_phi_0.5,181,19,1.9073486328125e-06,0.03758480933747181
ar1_phi_0.5,181,20,9.5367431640625e-07,-0.013063219937525657
ar1_phi_0.5,182,1,0.5,0.5373865561564865
ar1_phi_0.5,182,2,0.25,0.28056223961889887
ar1_phi_0.5,182,3,0.125,0.12601406723360717
ar1_phi_0.5,182,4,0.0625,0.06294827703772424
ar1_phi_0.5,182,5,0.03125,0.011970479157948301
ar1_phi_0.5,182,6,0.015625,0.03231338688864573
ar1_phi_0.5,182,7,0.0078125,0.031822156167907165
ar1_phi_0.5,182,8,0.00390625,0.062475813365119905
ar1_phi_0.5,182,9,0.001953125,0.014559448021033773
ar1_phi_0.5,182,10,0.0009765625,0.02514457770187313
ar1_phi_0.5,182,11,0.00048828125,0.012177357594853404
ar1_phi_0.5,182,12,0.000244140625,-0.006562014217917668
ar1_phi_0.5,182,13,0.0001220703125,-0.040297593544419634
ar1_phi_0.5,182,14,6.103515625e-05,-0.06179092980087458
ar1_phi_0.5,182,15,3.0517578125e-05,-0.028295415870738857
ar1_phi_0.5,182,16,1.52587890625e-05,-0.054036380617400084
ar1_phi_0.5,182,17,7.62939453125e-06,-0.12360456542461067
ar1_phi_0.5,182,18,3.814697265625e-06,-0.15841785431788283
ar1_phi_0.5,182,19,1.9073486328125e-06,-0.09823683665981765
ar1_phi_0.5,182,20,9.5367431640625e-07,-0.16048436539479133
ar1_phi_0.5,183,1,0.5,0.5338216307280155
ar1_phi_0.5,183,2,0.25,0.28986784422457523
ar1_phi_0.5,183,3,0.125,0.20439821157949975
ar1_phi_0.5,183,4,0.0625,0.16692652134196095
ar1_phi_0.5,183,5,0.03125,0.09938798663245811
ar1_phi_0.5,183,6,0.015625,0.022201320463491055
ar1_phi_0.5,183,7,0.0078125,0.02098732335551313
ar1_phi_0.5,183,8,0.00390625,0.01649182230735489
ar1_phi_0.5,183,9,0.001953125,-0.03736127518368532
ar1_phi_0.5,183,10,0.0009765625,-0.0757698276327799
ar1_phi_0.5,183,11,0.00048828125,-0.06672305839272334
ar1_phi_0.5,183,12,0.000244140625,-0.01348533381620639
ar1_phi_0.5,183,13,0.0001220703125,-0.03277665294266162
ar1_phi_0.5,183,14,6.103515625e-05,0.014736602582810628
ar1_phi_0.5,183,15,3.0517578125e-05,0.01502582351618541
ar1_phi_0.5,183,16,1.52587890625e-05,-0.05049769915914249
ar1_phi_0.5,183,17,7.62939453125e-06,-0.08185505968991325
ar1_phi_0.5,183,18,3.814697265625e-06,-0.021023733529084824
ar1_phi_0.5,183,19,1.9073486328125e-06,-0.05774133266410534
ar1_phi_0.5,183,20,9.5367431640625e-07,-0.13342063151297848
ar1_phi_0.5,184,1,0.5,0.5424276932284198
ar1_phi_0.5,184,2,0.25,0.24227174228301893
ar1_phi_0.5,184,3,0.125,0.16469788677457514
ar1_phi_0.5,184,4,0.0625,0.10693758079084398
ar1_phi_0.5,184,5,0.03125,0.05956186354238384
ar1_phi_0.5,184,6,0.015625,0.024576869412190516
ar1_phi_0.5,184,7,0.0078125,0.02550128519612415
ar1_phi_0.5,184,8,0.00390625,0.0332808443237628
ar1_phi_0.5,184,9,0.001953125,0.03302054839865215
ar1_phi_0.5,184,10,0.0009765625,0.0653444769124958
ar1_phi_0.5,184,11,0.00048828125,0.08806994824919527
ar1_phi_0.5,184,12,0.000244140625,0.06987120536564066
ar1_phi_0.5,184,13,0.0001220703125,0.02337093882638179
ar1_phi_0.5,184,14,6.103515625e-05,-0.03570018023496038
ar1_phi_0.5,184,15,3.0517578125e-05,-0.05523192901787081
ar1_phi_0.5,184,16,1.52587890625e-05,-0.10352996132173756
ar1_phi_0.5,184,17,7.62939453125e-06,-0.02090105075102679
ar1_phi_0.5,184,18,3.814697265625e-06,0.05606148087849003
ar1_phi_0.5,184,19,1.9073486328125e-06,0.05792815171486208
ar1_phi_0.5,184,20,9.5367431640625e-07,0.0014895893029104482
ar1_phi_0.5,185,1,0.5,0.48307243778915115
ar1_phi_0.5,185,2,0.25,0.2590572283141498
ar1_phi_0.5,185,3,0.125,0.12085932557514732
ar1_phi_0.5,185,4,0.0625,0.06827576579896923
ar1_phi_0.5,185,5,0.03125,0.08342099415745571
ar1_phi_0.5,185,6,0.015625,0.033114594735201515
ar1_phi_0.5,185,7,0.0078125,-0.032134474338812544
ar1_phi_0.5,185,8,0.00390625,-0.046277326241830265
ar1_phi_0.5,185,9,0.001953125,-0.07025525177691255
ar1_phi_0.5,185,10,0.0009765625,-0.011510174543247096
ar1_phi_0.5,185,11,0.00048828125,0.05278768939973796
ar1_phi_0.5,185,12,0.000244140625,0.11208387866043391
ar1_phi_0.5,185,13,0.0001220703125,0.10608382022780413
ar1_phi_0.5,185,14,6.103515625e-05,0.11198286367057216
ar1_phi_0.5,185,15,3.0517578125e-05,0.08098005635356613
ar1_phi_0.5,185,16,1.52587890625e-05,0.1061861191819533
ar1_phi_0.5,185,17,7.62939453125e-06,0.11526272952861945
ar1_phi_0.5,185,18,3.814697265625e-06,0.12026801038757638
ar1_phi_0.5,185,19,1.9073486328125e-06,0.04679984586772242
ar1_phi_0.5,185,20,9.5367431640625e-07,0.029158867324649555
ar1_phi_0.5,186,1,0.5,0.5204056716405611
ar1_phi_0.5,186,2,0.25,0.205487369731858
ar1_phi_0.5,186,3,0.125,0.062097196323696556
ar1_phi_0.5,186,4,0.0625,-0.05568494792456729
ar1_phi_0.5,186,5,0.03125,-0.08127831050113243
ar1_phi_0.5,186,6,0.015625,-0.013031525615415795
ar1_phi_0.5,186,7,0.0078125,0.07187611915801981
ar1_phi_0.5,186,8,0.00390625,-0.013541702479605438
ar1_phi_0.5,186,9,0.001953125,-0.018657731871480863
ar1_phi_0.5,186,10,0.0009765625,0.04535754873164885
ar1_phi_0.5,186,11,0.00048828125,0.032370685380526
ar1_phi_0.5,186,12,0.000244140625,-0.024298150957190016
ar1_phi_0.5,186,13,0.0001220703125,-0.07505112415420025
ar1_phi_0.5,186,14,6.103515625e-05,-0.03679541088472163
ar1_phi_0.5,186,15,3.0517578125e-05,0.00915402110778409
ar1_phi_0.5,186,16,1.52587890625e-05,0.025654668229038724
ar1_phi_0.5,186,17,7.62939453125e-06,0.14501419011131353
ar1_phi_0.5,186,18,3.814697265625e-06,0.059380774092153366
ar1_phi_0.5,186,19,1.9073486328125e-06,-0.03594036689763035
ar1_phi_0.5,186,20,9.5367431640625e-07,0.04379284609883027
ar1_phi_0.5,187,1,0.5,0.5189673219506138
ar1_phi_0.5,187,2,0.25,0.2677445151832298
ar1_phi_0.5,187,3,0.125,0.0995386545847112
ar1_phi_0.5,187,4,0.0625,0.02825065789040133
ar1_phi_0.5,187,5,0.03125,-0.01769367384716188
ar1_phi_0.5,187,6,0.015625,0.04165666049250949
ar1_phi_0.5,187,7,0.0078125,0.04262679674419143
ar1_phi_0.5,187,8,0.00390625,0.03582363364128041
ar1_phi_0.5,187,9,0.001953125,-0.04716786241558194
ar1_phi_0.5,187,10,0.0009765625,-0.05818946455403483
ar1_phi_0.5,187,11,0.00048828125,-0.018482050113953645
ar1_phi_0.5,187,12,0.000244140625,-0.006003855786358484
ar1_phi_0.5,187,13,0.0001220703125,0.042002019067667436
ar1_phi_0.5,187,14,6.103515625e-05,0.12343633865768272
ar1_phi_0.5,187,15,3.0517578125e-05,0.10895417135245737
ar1_phi_0.5,187,16,1.52587890625e-05,0.08399601096060845
ar1_phi_0.5,187,17,7.62939453125e-06,0.007096130712593911
ar1_phi_0.5,187,18,3.814697265625e-06,-0.07460684767808613
ar1_phi_0.5,187,19,1.9073486328125e-06,-0.0485571449816711
ar1_phi_0.5,187,20,9.5367431640625e-07,-0.044471098396066285
ar1_phi_0.5,188,1,0.5,0.4667102032739454
ar1_phi_0.5,188,2,0.25,0.1877043609505077
ar1_phi_0.5,188,3,0.125,0.04118123080444527
ar1_phi_0.5,188,4,0.0625,-0.03291903422550001
ar1_phi_0.5,188,5,0.03125,-0.0412125464038265
ar1_phi_0.5,188,6,0.015625,-0.006786527840547411
ar1_phi_0.5,188,7,0.0078125,0.019220211074351734
ar1_phi_0.5,188,8,0.00390625,-0.004195886562158729
ar1_phi_0.5,188,9,0.001953125,0.0578414771568192
ar1_phi_0.5,188,10,0.0009765625,0.055043745204557105
ar1_phi_0.5,188,11,0.00048828125,0.08596074998379996
ar1_phi_0.5,188,12,0.000244140625,0.08559599012012939
ar1_phi_0.5,188,13,0.0001220703125,0.06012128052612234
ar1_phi_0.5,188,14,6.103515625e-05,0.0026320520450420345
ar1_phi_0.5,188,15,3.0517578125e-05,-0.005538396680111755
ar1_phi_0.5,188,16,1.52587890625e-05,0.05845262852176421
ar1_phi_0.5,188,17,7.62939453125e-06,-0.006328489362165645
ar1_phi_0.5,188,18,3.814697265625e-06,-0.08946789088423077
ar1_phi_0.5,188,19,1.9073486328125e-06,-0.047908534760608676
ar1_phi_0.5,188,20,9.5367431640625e-07,-0.05306010938437225
ar1_phi_0.5,189,1,0.5,0.518245576213461
ar1_phi_0.5,189,2,0.25,0.291283432301797
ar1_phi_0.5,189,3,0.125,0.19859654934308038
ar1_phi_0.5,189,4,0.0625,0.18261911424744423
ar1_phi_0.5,189,5,0.03125,0.0939871978178253
ar1_phi_0.5,189,6,0.015625,0.053214718393900386
ar1_phi_0.5,189,7,0.0078125,0.05808954554236909
ar1_phi_0.5,189,8,0.00390625,0.07006035887356296
ar1_phi_0.5,189,9,0.001953125,-0.003662337137620647
ar1_phi_0.5,189,10,0.0009765625,-0.06751749023745265
ar1_phi_0.5,189,11,0.00048828125,-0.12043612506935676
ar1_phi_0.5,189,12,0.000244140625,-0.1313277327416314
ar1_phi_0.5,189,13,0.0001220703125,-0.10605761293410608
ar1_phi_0.5,189,14,6.103515625e-05,-0.12003569607026945
ar1_phi_0.5,189,15,3.0517578125e-05,-0.0740757679221687
ar1_phi_0.5,189,16,1.52587890625e-05,-0.07072141687331983
ar1_phi_0.5,189,17,7.62939453125e-06,-0.03329806513877603
ar1_phi_0.5,189,18,3.814697265625e-06,-0.06513504953042396
ar1_phi_0.5,189,19,1.9073486328125e-06,-0.08490901322470007
ar1_phi_0.5,189,20,9.5367431640625e-07,-0.05351510176917089
ar1_phi_0.5,190,1,0.5,0.49787738444762375
ar1_phi_0.5,190,2,0.25,0.2551929608907076
ar1_phi_0.5,190,3,0.125,0.1845277913749045
ar1_phi_0.5,190,4,0.0625,0.11130281580414893
ar1_phi_0.5,190,5,0.03125,0.05430847394177465
ar1_phi_0.5,190,6,0.015625,0.020336219347131576
ar1_phi_0.5,190,7,0.0078125,0.013142420347781054
ar1_phi_0.5,190,8,0.00390625,-0.02940633039996393
ar1_phi_0.5,190,9,0.001953125,-0.08869205850940463
ar1_phi_0.5,190,10,0.0009765625,-0.06674241599393359
ar1_phi_0.5,190,11,0.00048828125,-0.012387074717295766
ar1_phi_0.5,190,12,0.000244140625,-0.044995863638966016
ar1_phi_0.5,190,13,0.0001220703125,-0.03143200074434911
ar1_phi_0.5,190,14,6.103515625e-05,0.05802576478916023
ar1_phi_0.5,190,15,3.0517578125e-05,0.0121575196482473
ar1_phi_0.5,190,16,1.52587890625e-05,-0.007101178238379641
ar1_phi_0.5,190,17,7.62939453125e-06,-0.015769261575511572
ar1_phi_0.5,190,18,3.814697265625e-06,0.004705285656283607
ar1_phi_0.5,190,19,1.9073486328125e-06,0.009022332034767214
ar1_phi_0.5,190,20,9.5367431640625e-07,-0.007539185170066427
ar1_phi_0.5,191,1,0.5,0.5070653158448022
ar1_phi_0.5,191,2,0.25,0.2775287197065301
ar1_phi_0.5,191,3,0.125,0.13541867932341484
ar1_phi_0.5,191,4,0.0625,-0.004796287058849735
ar1_phi_0.5,191,5,0.03125,-0.052776341363659746
ar1_phi_0.5,191,6,0.015625,-0.050191639959907844
ar1_phi_0.5,191,7,0.0078125,0.026905753182127744
ar1_phi_0.5,191,8,0.00390625,0.04774934707931508
ar1_phi_0.5,191,9,0.001953125,0.09596345791891299
ar1_phi_0.5,191,10,0.0009765625,0.06605754958272343
ar1_phi_0.5,191,11,0.00048828125,0.04807895525698901
ar1_phi_0.5,191,12,0.000244140625,-0.011267494057609049
ar1_phi_0.5,191,13,0.0001220703125,-0.012663156403711262
ar1_phi_0.5,191,14,6.103515625e-05,0.05166172358270575
ar1_phi_0.5,191,15,3.0517578125e-05,0.09477898139607883
ar1_phi_0.5,191,16,1.52587890625e-05,0.11793302025740357
ar1_phi_0.5,191,17,7.62939453125e-06,0.034621706939785
ar1_phi_0.5,191,18,3.814697265625e-06,0.04902999693023418
ar1_phi_0.5,191,19,1.9073486328125e-06,0.047092263632974925
ar1_phi_0.5,191,20,9.5367431640625e-07,-0.006869960180360351
ar1_phi_0.5,192,1,0.5,0.5212102211533809
ar1_phi_0.5,192,2,0.25,0.22266778932211895
ar1_phi_0.5,192,3,0.125,0.1008826003519431
ar1_phi_0.5,192,4,0.0625,0.04209634464602794
ar1_phi_0.5,192,5,0.03125,0.019300141537896175
ar1_phi_0.5,192,6,0.015625,-0.02542106858998582
ar1_phi_0.5,192,7,0.0078125,-0.042861369551941794
ar1_phi_0.5,192,8,0.00390625,0.009690264032298031
ar1_phi_0.5,192,9,0.001953125,-0.002289161341917914
ar1_phi_0.5,192,10,0.0009765625,-0.013495247105303611
ar1_phi_0.5,192,11,0.00048828125,-0.04624812398302901
ar1_phi_0.5,192,12,0.000244140625,-0.03260859186717132
ar1_phi_0.5,192,13,0.0001220703125,0.04451588228640036
ar1_phi_0.5,192,14,6.103515625e-05,-0.037044026640357684
ar1_phi_0.5,192,15,3.0517578125e-05,-0.08033970941924005
ar1_phi_0.5,192,16,1.52587890625e-05,-0.14752042249275085
ar1_phi_0.5,192,17,7.62939453125e-06,-0.12336522826945799
ar1_phi_0.5,192,18,3.814697265625e-06,-0.022971569375109604
ar1_phi_0.5,192,19,1.9073486328125e-06,0.010839031130603862
ar1_phi_0.5,192,20,9.5367431640625e-07,-0.07913006946994211
ar1_phi_0.5,193,1,0.5,0.5670597462922917
ar1_phi_0.5,193,2,0.25,0.3347282710004489
ar1_phi_0.5,193,3,0.125,0.2620023906460768
ar1_phi_0.5,193,4,0.0625,0.1470141780933727
ar1_phi_0.5,193,5,0.03125,0.030271991514066492
ar1_phi_0.5,193,6,0.015625,-0.07337001763704415
ar1_phi_0.5,193,7,0.0078125,-0.1052544094004194
ar1_phi_0.5,193,8,0.00390625,-0.1633779198711564
ar1_phi_0.5,193,9,0.001953125,-0.07481017813999388
ar1_phi_0.5,193,10,0.0009765625,-0.05885211261554111
ar1_phi_0.5,193,11,0.00048828125,-0.12113957238075798
ar1_phi_0.5,193,12,0.000244140625,-0.08341454899628742
ar1_phi_0.5,193,13,0.0001220703125,-0.037267890917958464
ar1_phi_0.5,193,14,6.103515625e-05,0.019779307161669143
ar1_phi_0.5,193,15,3.0517578125e-05,0.03670233084788066
ar1_phi_0.5,193,16,1.52587890625e-05,0.0338292228171416
ar1_phi_0.5,193,17,7.62939453125e-06,-0.007654274407186453
ar1_phi_0.5,193,18,3.814697265625e-06,0.056410322408875446
ar1_phi_0.5,193,19,1.9073486328125e-06,0.09702317674845873
ar1_phi_0.5,193,20,9.5367431640625e-07,0.034876554696921844
ar1_phi_0.5,194,1,0.5,0.4952424584511351
ar1_phi_0.5,194,2,0.25,0.2813366246401503
ar1_phi_0.5,194,3,0.125,0.164264569006076
ar1_phi_0.5,194,4,0.0625,0.047278506089559164
ar1_phi_0.5,194,5,0.03125,-0.02595419779973061
ar1_phi_0.5,194,6,0.015625,0.04636002419604317
ar1_phi_0.5,194,7,0.0078125,0.026448053121260313
ar1_phi_0.5,194,8,0.00390625,0.0031017600323537693
ar1_phi_0.5,194,9,0.001953125,0.013295306367563046
ar1_phi_0.5,194,10,0.0009765625,0.01041228042298511
ar1_phi_0.5,194,11,0.00048828125,-0.004010758032210803
ar1_phi_0.5,194,12,0.000244140625,-0.009249857886771589
ar1_phi_0.5,194,13,0.0001220703125,0.03391571159187457
ar1_phi_0.5,194,14,6.103515625e-05,0.014167961085254416
ar1_phi_0.5,194,15,3.0517578125e-05,0.0017514809813832727
ar1_phi_0.5,194,16,1.52587890625e-05,-0.02243487709649843
ar1_phi_0.5,194,17,7.62939453125e-06,-0.031343650906172395
ar1_phi_0.5,194,18,3.814697265625e-06,-0.020857697231417796
ar1_phi_0.5,194,19,1.9073486328125e-06,0.06291954966193367
ar1_phi_0.5,194,20,9.5367431640625e-07,0.025955772369571594
ar1_phi_0.5,195,1,0.5,0.4608718848829478
ar1_phi_0.5,195,2,0.25,0.24983157771303657
ar1_phi_0.5,195,3,0.125,0.19858302744519943
ar1_phi_0.5,195,4,0.0625,0.1441795094810125
ar1_phi_0.5,195,5,0.03125,0.04152928909669174
ar1_phi_0.5,195,6,0.015625,0.005307798161184044
ar1_phi_0.5,195,7,0.0078125,-0.01025906964492575
ar1_phi_0.5,195,8,0.00390625,-0.005810202657587519
ar1_phi_0.5,195,9,0.001953125,-0.01043132583849649
ar1_phi_0.5,195,10,0.0009765625,-0.09601164762788246
ar1_phi_0.5,195,11,0.00048828125,-0.07874236915095136
ar1_phi_0.5,195,12,0.000244140625,-0.02204391740174624
ar1_phi_0.5,195,13,0.0001220703125,0.006435604561179128
ar1_phi_0.5,195,14,6.103515625e-05,-0.047277431016335913
ar1_phi_0.5,195,15,3.0517578125e-05,0.013913265757676766
ar1_phi_0.5,195,16,1.52587890625e-05,0.04588830547324321
ar1_phi_0.5,195,17,7.62939453125e-06,-0.07806940668935895
ar1_phi_0.5,195,18,3.814697265625e-06,0.03480611206239009
ar1_phi_0.5,195,19,1.9073486328125e-06,0.05706326254698114
ar1_phi_0.5,195,20,9.5367431640625e-07,-0.0068309465015216845
ar1_phi_0.5,196,1,0.5,0.46713349511040636
ar1_phi_0.5,196,2,0.25,0.2606277450013644
ar1_phi_0.5,196,3,0.125,0.21197036696768518
ar1_phi_0.5,196,4,0.0625,0.1377677451772791
ar1_phi_0.5,196,5,0.03125,0.07313519457329659
ar1_phi_0.5,196,6,0.015625,0.01656518366507667
ar1_phi_0.5,196,7,0.0078125,-0.03433855958173998
ar1_phi_0.5,196,8,0.00390625,-0.0456176565925419
ar1_phi_0.5,196,9,0.001953125,-0.08033113701949819
ar1_phi_0.5,196,10,0.0009765625,-0.1018113547202844
ar1_phi_0.5,196,11,0.00048828125,-0.09424702435200721
ar1_phi_0.5,196,12,0.000244140625,-0.10290015909541099
ar1_phi_0.5,196,13,0.0001220703125,-0.026234453905224248
ar1_phi_0.5,196,14,6.103515625e-05,0.0656908109206758
ar1_phi_0.5,196,15,3.0517578125e-05,0.0114679529374044
ar1_phi_0.5,196,16,1.52587890625e-05,-0.0032343435413331244
ar1_phi_0.5,196,17,7.62939453125e-06,0.0038130978886026425
ar1_phi_0.5,196,18,3.814697265625e-06,0.0003143735965467017
ar1_phi_0.5,196,19,1.9073486328125e-06,0.020075972105990426
ar1_phi_0.5,196,20,9.5367431640625e-07,-0.03895148370107217
ar1_phi_0.5,197,1,0.5,0.4291223926351322
ar1_phi_0.5,197,2,0.25,0.14600485429898288
ar1_phi_0.5,197,3,0.125,0.05130979163231792
ar1_phi_0.5,197,4,0.0625,0.029227240772203667
ar1_phi_0.5,197,5,0.03125,0.059698390494289516
ar1_phi_0.5,197,6,0.015625,0.030646498946061945
ar1_phi_0.5,197,7,0.0078125,0.08988274401433478
ar1_phi_0.5,197,8,0.00390625,0.08101981658504703
ar1_phi_0.5,197,9,0.001953125,0.004830196342870341
ar1_phi_0.5,197,10,0.0009765625,0.04301824255543492
ar1_phi_0.5,197,11,0.00048828125,0.07801218536120813
ar1_phi_0.5,197,12,0.000244140625,0.018230765142446564
ar1_phi_0.5,197,13,0.0001220703125,-0.018355255345147613
ar1_phi_0.5,197,14,6.103515625e-05,-0.07694435488299128
ar1_phi_0.5,197,15,3.0517578125e-05,-0.014448576256290722
ar1_phi_0.5,197,16,1.52587890625e-05,-0.017807574752837646
ar1_phi_0.5,197,17,7.62939453125e-06,0.0019433264113770299
ar1_phi_0.5,197,18,3.814697265625e-06,0.010270501209480016
ar1_phi_0.5,197,19,1.9073486328125e-06,0.051328745280838084
ar1_phi_0.5,197,20,9.5367431640625e-07,0.05154275031416255
ar1_phi_0.5,198,1,0.5,0.5035401928524006
ar1_phi_0.5,198,2,0.25,0.22181967600944485
ar1_phi_0.5,198,3,0.125,0.13028472967793756
ar1_phi_0.5,198,4,0.0625,-0.004207868071042378
ar1_phi_0.5,198,5,0.03125,-0.05465883323366609
ar1_phi_0.5,198,6,0.015625,-0.02767312275437025
ar1_phi_0.5,198,7,0.0078125,-0.06339489802860346
ar1_phi_0.5,198,8,0.00390625,-0.0919280400325728
ar1_phi_0.5,198,9,0.001953125,-0.059961974783203593
ar1_phi_0.5,198,10,0.0009765625,-0.09123997117345886
ar1_phi_0.5,198,11,0.00048828125,-0.040538269210656126
ar1_phi_0.5,198,12,0.000244140625,0.044117731398608064
ar1_phi_0.5,198,13,0.0001220703125,0.06486961373191252
ar1_phi_0.5,198,14,6.103515625e-05,0.022802500868747362
ar1_phi_0.5,198,15,3.0517578125e-05,0.08207887005628099
ar1_phi_0.5,198,16,1.52587890625e-05,0.12799617007276723
ar1_phi_0.5,198,17,7.62939453125e-06,0.14782943944831764
ar1_phi_0.5,198,18,3.814697265625e-06,0.018063133384759452
ar1_phi_0.5,198,19,1.9073486328125e-06,-0.028142791888457475
ar1_phi_0.5,198,20,9.5367431640625e-07,-0.041098096013492805
ar1_phi_0.5,199,1,0.5,0.5068715900960836
ar1_phi_0.5,199,2,0.25,0.22850031455541747
ar1_phi_0.5,199,3,0.125,0.10277513943892644
ar1_phi_0.5,199,4,0.0625,0.04442964358248434
ar1_phi_0.5,199,5,0.03125,0.0907651113038907
ar1_phi_0.5,199,6,0.015625,0.06071619506581095
ar1_phi_0.5,199,7,0.0078125,-0.007165542301757588
ar1_phi_0.5,199,8,0.00390625,0.05394709057013556
ar1_phi_0.5,199,9,0.001953125,0.013530704934837892
ar1_phi_0.5,199,10,0.0009765625,-0.015798485483849635
ar1_phi_0.5,199,11,0.00048828125,-0.04976621345024681
ar1_phi_0.5,199,12,0.000244140625,-0.052430745839309685
ar1_phi_0.5,199,13,0.0001220703125,-0.09674772248299446
ar1_phi_0.5,199,14,6.103515625e-05,-0.10672954888154708
ar1_phi_0.5,199,15,3.0517578125e-05,-0.12265490907469641
ar1_phi_0.5,199,16,1.52587890625e-05,-0.1143445098225231
ar1_phi_0.5,199,17,7.62939453125e-06,-0.06992427093228981
ar1_phi_0.5,199,18,3.814697265625e-06,-0.0242410649348999
ar1_phi_0.5,199,19,1.9073486328125e-06,-0.04547247022208439
ar1_phi_0.5,199,20,9.5367431640625e-07,-0.0866163078297712
ar1_phi_0.9,0,1,0.9,0.920710956094783
ar1_phi_0.9,0,2,0.81,0.8489231678339662
ar1_phi_0.9,0,3,0.7290000000000001,0.7760478183123731
ar1_phi_0.9,0,4,0.6561,0.7146752335533537
ar1_phi_0.9,0,5,0.5904900000000001,0.6273407163463638
ar1_phi_0.9,0,6,0.531441,0.5387112175225219
ar1_phi_0.9,0,7,0.4782969000000001,0.45209745118370465
ar1_phi_0.9,0,8,0.4304672100000001,0.37537980411588934
ar1_phi_0.9,0,9,0.3874204890000001,0.29620084169393496
ar1_phi_0.9,0,10,0.3486784401000001,0.22533658148502794
ar1_phi_0.9,0,11,0.31381059609000006,0.1660340583434238
ar1_phi_0.9,0,12,0.2824295364810001,0.11480768701745643
ar1_phi_0.9,0,13,0.2541865828329001,0.06165616201655126
ar1_phi_0.9,0,14,0.2287679245496101,0.01785821663773975
ar1_phi_0.9,0,15,0.20589113209464907,-0.022080352681956208
ar1_phi_0.9,0,16,0.18530201888518416,-0.04009849870287624
ar1_phi_0.9,0,17,0.16677181699666577,-0.06336681320170673
ar1_phi_0.9,0,18,0.15009463529699918,-0.08141850484574979
ar1_phi_0.9,0,19,0.13508517176729928,-0.10014583935221573
ar1_phi_0.9,0,20,0.12157665459056935,-0.10105442901142364
ar1_phi_0.9,1,1,0.9,0.9272975981931539
ar1_phi_0.9,1,2,0.81,0.8492168412580063
ar1_phi_0.9,1,3,0.7290000000000001,0.7738640734062069
ar1_phi_0.9,1,4,0.6561,0.6980054386905817
ar1_phi_0.9,1,5,0.5904900000000001,0.6316570016100241
ar1_phi_0.9,1,6,0.531441,0.5736404636363114
ar1_phi_0.9,1,7,0.4782969000000001,0.5190566097897206
ar1_phi_0.9,1,8,0.4304672100000001,0.4640657117011914
ar1_phi_0.9,1,9,0.3874204890000001,0.40707171676041326
ar1_phi_0.9,1,10,0.3486784401000001,0.368729599089956
ar1_phi_0.9,1,11,0.31381059609000006,0.32348920371101575
ar1_phi_0.9,1,12,0.2824295364810001,0.27603964795142794
ar1_phi_0.9,1,13,0.2541865828329001,0.2388906107536804
ar1_phi_0.9,1,14,0.2287679245496101,0.20116999964601462
ar1_phi_0.9,1,15,0.20589113209464907,0.17348509147070973
ar1_phi_0.9,1,16,0.18530201888518416,0.15541977809556642
ar1_phi_0.9,1,17,0.16677181699666577,0.13732581097845464
ar1_phi_0.9,1,18,0.15009463529699918,0.13052355108838865
ar1_phi_0.9,1,19,0.13508517176729928,0.12614640743052433
ar1_phi_0.9,1,20,0.12157665459056935,0.12734041843242813
ar1_phi_0.9,2,1,0.9,0.8994523662908875
ar1_phi_0.9,2,2,0.81,0.8158115630548142
ar1_phi_0.9,2,3,0.7290000000000001,0.7412109830124595
ar1_phi_0.9,2,4,0.6561,0.6742273610485316
ar1_phi_0.9,2,5,0.5904900000000001,0.6207769527959118
ar1_phi_0.9,2,6,0.531441,0.56966345571682
ar1_phi_0.9,2,7,0.4782969000000001,0.5161247533572111
ar1_phi_0.9,2,8,0.4304672100000001,0.4783351580829519
ar1_phi_0.9,2,9,0.3874204890000001,0.4489912739459671
ar1_phi_0.9,2,10,0.3486784401000001,0.4075802262762611
ar1_phi_0.9,2,11,0.31381059609000006,0.38287556005539286
ar1_phi_0.9,2,12,0.2824295364810001,0.3591161386665378
ar1_phi_0.9,2,13,0.2541865828329001,0.3434008446248388
ar1_phi_0.9,2,14,0.2287679245496101,0.3435101958757283
ar1_phi_0.9,2,15,0.20589113209464907,0.34598460813187415
ar1_phi_0.9,2,16,0.18530201888518416,0.34818101874493124
ar1_phi_0.9,2,17,0.16677181699666577,0.36057616725304253
ar1_phi_0.9,2,18,0.15009463529699918,0.37723066438475433
ar1_phi_0.9,2,19,0.13508517176729928,0.3847627411401783
ar1_phi_0.9,2,20,0.12157665459056935,0.40268830516725757
ar1_phi_0.9,3,1,0.9,0.8546780428495653
ar1_phi_0.9,3,2,0.81,0.707832878326256
ar1_phi_0.9,3,3,0.7290000000000001,0.6129410596445789
ar1_phi_0.9,3,4,0.6561,0.5467253365213843
ar1_phi_0.9,3,5,0.5904900000000001,0.45637716799493955
ar1_phi_0.9,3,6,0.531441,0.36422664808137195
ar1_phi_0.9,3,7,0.4782969000000001,0.3021917902808861
ar1_phi_0.9,3,8,0.4304672100000001,0.2398026598647087
ar1_phi_0.9,3,9,0.3874204890000001,0.16551765478305724
ar1_phi_0.9,3,10,0.3486784401000001,0.08669134271947612
ar1_phi_0.9,3,11,0.31381059609000006,0.03170531198768775
ar1_phi_0.9,3,12,0.2824295364810001,0.005547877172256225
ar1_phi_0.9,3,13,0.2541865828329001,-0.02392742950849348
ar1_phi_0.9,3,14,0.2287679245496101,-0.07446102333661547
ar1_phi_0.9,3,15,0.20589113209464907,-0.08315307441910269
ar1_phi_0.9,3,16,0.18530201888518416,-0.06800091950189627
ar1_phi_0.9,3,17,0.16677181699666577,-0.06312908933475993
ar1_phi_0.9,3,18,0.15009463529699918,-0.07596376619403479
ar1_phi_0.9,3,19,0.13508517176729928,-0.06737340255635407
ar1_phi_0.9,3,20,0.12157665459056935,-0.024378398439508786
ar1_phi_0.9,4,1,0.9,0.85868596058443
ar1_phi_0.9,4,2,0.81,0.7248290099671725
ar1_phi_0.9,4,3,0.7290000000000001,0.6069745032252616
ar1_phi_0.9,4,4,0.6561,0.52890833349173
ar1_phi_0.9,4,5,0.5904900000000001,0.4623541991689215
ar1_phi_0.9,4,6,0.531441,0.4191585135231266
ar1_phi_0.9,4,7,0.4782969000000001,0.3893819920270219
ar1_phi_0.9,4,8,0.4304672100000001,0.366710481276453
ar1_phi_0.9,4,9,0.3874204890000001,0.3284103419247794
ar1_phi_0.9,4,10,0.3486784401000001,0.28971453197211916
ar1_phi_0.9,4,11,0.31381059609000006,0.23292231097973978
ar1_phi_0.9,4,12,0.2824295364810001,0.18110085962301556
ar1_phi_0.9,4,13,0.2541865828329001,0.14629969599698067
ar1_phi_0.9,4,14,0.2287679245496101,0.1422978563309383
ar1_phi_0.9,4,15,0.20589113209464907,0.14799760809392812
ar1_phi_0.9,4,16,0.18530201888518416,0.16194080782914086
ar1_phi_0.9,4,17,0.16677181699666577,0.1431134134629323
ar1_phi_0.9,4,18,0.15009463529699918,0.11469026844043291
ar1_phi_0.9,4,19,0.13508517176729928,0.08074775948618364
ar1_phi_0.9,4,20,0.12157665459056935,0.06367646346656998
ar1_phi_0.9,5,1,0.9,0.9112718251368199
ar1_phi_0.9,5,2,0.81,0.8238313606433392
ar1_phi_0.9,5,3,0.7290000000000001,0.7357642000423205
ar1_phi_0.9,5,4,0.6561,0.6475038644092065
ar1_phi_0.9,5,5,0.5904900000000001,0.5593715419308314
ar1_phi_0.9,5,6,0.531441,0.47068063211109434
ar1_phi_0.9,5,7,0.4782969000000001,0.39298499456068503
ar1_phi_0.9,5,8,0.4304672100000001,0.3329047216170534
ar1_phi_0.9,5,9,0.3874204890000001,0.2980854858461934
ar1_phi_0.9,5,10,0.3486784401000001,0.2487322659533745
ar1_phi_0.9,5,11,0.31381059609000006,0.20018788589365974
ar1_phi_0.9,5,12,0.2824295364810001,0.14861275862659476
ar1_phi_0.9,5,13,0.2541865828329001,0.11096258499566583
ar1_phi_0.9,5,14,0.2287679245496101,0.05655612152603729
ar1_phi_0.9,5,15,0.20589113209464907,0.012606467577860228
ar1_phi_0.9,5,16,0.18530201888518416,-0.02408654178362148
ar1_phi_0.9,5,17,0.16677181699666577,-0.05338322325912962
ar1_phi_0.9,5,18,0.15009463529699918,-0.0672275869365969
ar1_phi_0.9,5,19,0.13508517176729928,-0.0772833270503446
ar1_phi_0.9,5,20,0.12157665459056935,-0.07788798637654377
ar1_phi_0.9,6,1,0.9,0.897201131843858
ar1_phi_0.9,6,2,0.81,0.7960214533292567
ar1_phi_0.9,6,3,0.7290000000000001,0.7195845143505025
ar1_phi_0.9,6,4,0.6561,0.652508952941449
ar1_phi_0.9,6,5,0.5904900000000001,0.5986909713362037
ar1_phi_0.9,6,6,0.531441,0.5693697530390489
ar1_phi_0.9,6,7,0.4782969000000001,0.5358961425103642
ar1_phi_0.9,6,8,0.4304672100000001,0.501643097934007
ar1_phi_0.9,6,9,0.3874204890000001,0.46186420007411455
ar1_phi_0.9,6,10,0.3486784401000001,0.42856815107965907
ar1_phi_0.9,6,11,0.31381059609000006,0.4215603597855242
ar1_phi_0.9,6,12,0.2824295364810001,0.4050219433457921
ar1_phi_0.9,6,13,0.2541865828329001,0.37605643074782463
ar1_phi_0.9,6,14,0.2287679245496101,0.3547876161369749
ar1_phi_0.9,6,15,0.20589113209464907,0.3342820154311776
ar1_phi_0.9,6,16,0.18530201888518416,0.3216912340144705
ar1_phi_0.9,6,17,0.16677181699666577,0.3106540886688659
ar1_phi_0.9,6,18,0.15009463529699918,0.2701846282256524
ar1_phi_0.9,6,19,0.13508517176729928,0.24009460058779772
ar1_phi_0.9,6,20,0.12157665459056935,0.21078153157679624
ar1_phi_0.9,7,1,0.9,0.8886367541202347
ar1_phi_0.9,7,2,0.81,0.7767934496686877
ar1_phi_0.9,7,3,0.7290000000000001,0.6664824448095596
ar1_phi_0.9,7,4,0.6561,0.5602712266596077
ar1_phi_0.9,7,5,0.5904900000000001,0.46214609097685877
ar1_phi_0.9,7,6,0.531441,0.3954154946581575
ar1_phi_0.9,7,7,0.4782969000000001,0.309560569156473
ar1_phi_0.9,7,8,0.4304672100000001,0.23325862174006784
ar1_phi_0.9,7,9,0.3874204890000001,0.16256411886590863
ar1_phi_0.9,7,10,0.3486784401000001,0.08158314480086387
ar1_phi_0.9,7,11,0.31381059609000006,0.004809121608890541
ar1_phi_0.9,7,12,0.2824295364810001,-0.06814871386800193
ar1_phi_0.9,7,13,0.2541865828329001,-0.12002900622158875
ar1_phi_0.9,7,14,0.2287679245496101,-0.15570140489052436
ar1_phi_0.9,7,15,0.20589113209464907,-0.1828559503829759
ar1_phi_0.9,7,16,0.18530201888518416,-0.1969884172793527
ar1_phi_0.9,7,17,0.16677181699666577,-0.19586439767919506
ar1_phi_0.9,7,18,0.15009463529699918,-0.1897704640985197
ar1_phi_0.9,7,19,0.13508517176729928,-0.17669026647449954
ar1_phi_0.9,7,20,0.12157665459056935,-0.16649806454597463
ar1_phi_0.9,8,1,0.9,0.8689744876946026
ar1_phi_0.9,8,2,0.81,0.7476296245865055
ar1_phi_0.9,8,3,0.7290000000000001,0.6456080449919872
ar1_phi_0.9,8,4,0.6561,0.5337596830563095
ar1_phi_0.9,8,5,0.5904900000000001,0.4261650250279279
ar1_phi_0.9,8,6,0.531441,0.3426411919020217
ar1_phi_0.9,8,7,0.4782969000000001,0.2571071150199177
ar1_phi_0.9,8,8,0.4304672100000001,0.21707652077758777
ar1_phi_0.9,8,9,0.3874204890000001,0.21827133268928267
ar1_phi_0.9,8,10,0.3486784401000001,0.21206666624893108
ar1_phi_0.9,8,11,0.31381059609000006,0.19741576783234177
ar1_phi_0.9,8,12,0.2824295364810001,0.1793709710271189
ar1_phi_0.9,8,13,0.2541865828329001,0.17166667391819257
ar1_phi_0.9,8,14,0.2287679245496101,0.15869543943598305
ar1_phi_0.9,8,15,0.20589113209464907,0.16480122557464424
ar1_phi_0.9,8,16,0.18530201888518416,0.13753017593508404
ar1_phi_0.9,8,17,0.16677181699666577,0.12832136510026299
ar1_phi_0.9,8,18,0.15009463529699918,0.12092147502514
ar1_phi_0.9,8,19,0.13508517176729928,0.13683683561384882
ar1_phi_0.9,8,20,0.12157665459056935,0.14943423419236895
ar1_phi_0.9,9,1,0.9,0.8936153986652103
ar1_phi_0.9,9,2,0.81,0.7783957110100685
ar1_phi_0.9,9,3,0.7290000000000001,0.6745578854941403
ar1_phi_0.9,9,4,0.6561,0.5716237482274095
ar1_phi_0.9,9,5,0.5904900000000001,0.46744163929441895
ar1_phi_0.9,9,6,0.531441,0.38732350666516213
ar1_phi_0.9,9,7,0.4782969000000001,0.3417103844375926
ar1_phi_0.9,9,8,0.4304672100000001,0.3082990810514847
ar1_phi_0.9,9,9,0.3874204890000001,0.2797858512023252
ar1_phi_0.9,9,10,0.3486784401000001,0.2699915740576586
ar1_phi_0.9,9,11,0.31381059609000006,0.25113845640075444
ar1_phi_0.9,9,12,0.2824295364810001,0.22550097445449846
ar1_phi_0.9,9,13,0.2541865828329001,0.20258698438603726
ar1_phi_0.9,9,14,0.2287679245496101,0.18069359268571406
ar1_phi_0.9,9,15,0.20589113209464907,0.15675268967195183
ar1_phi_0.9,9,16,0.18530201888518416,0.12752571880822997
ar1_phi_0.9,9,17,0.16677181699666577,0.09719792763362428
ar1_phi_0.9,9,18,0.15009463529699918,0.07135942582374583
ar1_phi_0.9,9,19,0.13508517176729928,0.0444517201809684
ar1_phi_0.9,9,20,0.12157665459056935,0.027205710484116775
ar1_phi_0.9,10,1,0.9,0.8098417357421438
ar1_phi_0.9,10,2,0.81,0.6253937241125416
ar1_phi_0.9,10,3,0.7290000000000001,0.4624028259591102
ar1_phi_0.9,10,4,0.6561,0.33501614386247347
ar1_phi_0.9,10,5,0.5904900000000001,0.2560886856523473
ar1_phi_0.9,10,6,0.531441,0.2379620128613906
ar1_phi_0.9,10,7,0.4782969000000001,0.1946719896924089
ar1_phi_0.9,10,8,0.4304672100000001,0.1250685194927591
ar1_phi_0.9,10,9,0.3874204890000001,0.06057941731885084
ar1_phi_0.9,10,10,0.3486784401000001,0.023145331963197
ar1_phi_0.9,10,11,0.31381059609000006,0.006138783107030072
ar1_phi_0.9,10,12,0.2824295364810001,-0.010478319173229876
ar1_phi_0.9,10,13,0.2541865828329001,-0.023887733076888525
ar1_phi_0.9,10,14,0.2287679245496101,-0.03998916048345799
ar1_phi_0.9,10,15,0.20589113209464907,-0.05035666755966077
ar1_phi_0.9,10,16,0.18530201888518416,-0.07249715977210856
ar1_phi_0.9,10,17,0.16677181699666577,-0.09950624086910444
ar1_phi_0.9,10,18,0.15009463529699918,-0.07842721118227546
ar1_phi_0.9,10,19,0.13508517176729928,-0.10178882155399585
ar1_phi_0.9,10,20,0.12157665459056935,-0.13605858184615147
ar1_phi_0.9,11,1,0.9,0.8826383702626057
ar1_phi_0.9,11,2,0.81,0.7851160272636459
ar1_phi_0.9,11,3,0.7290000000000001,0.7019534886588878
ar1_phi_0.9,11,4,0.6561,0.6497502082972801
ar1_phi_0.9,11,5,0.5904900000000001,0.5853864089494887
ar1_phi_0.9,11,6,0.531441,0.5699003924892346
ar1_phi_0.9,11,7,0.4782969000000001,0.5510757423428329
ar1_phi_0.9,11,8,0.4304672100000001,0.5009275447741212
ar1_phi_0.9,11,9,0.3874204890000001,0.451242777529967
ar1_phi_0.9,11,10,0.3486784401000001,0.407920569785681
ar1_phi_0.9,11,11,0.31381059609000006,0.38247910069559704
ar1_phi_0.9,11,12,0.2824295364810001,0.33912538946006204
ar1_phi_0.9,11,13,0.2541865828329001,0.2907976994393148
ar1_phi_0.9,11,14,0.2287679245496101,0.24334180182407053
ar1_phi_0.9,11,15,0.20589113209464907,0.22001524257651403
ar1_phi_0.9,11,16,0.18530201888518416,0.18870917863321154
ar1_phi_0.9,11,17,0.16677181699666577,0.14853242306097203
ar1_phi_0.9,11,18,0.15009463529699918,0.11886735595713833
ar1_phi_0.9,11,19,0.13508517176729928,0.07851936653014942
ar1_phi_0.9,11,20,0.12157665459056935,0.01417130753100026
ar1_phi_0.9,12,1,0.9,0.8574159634538325
ar1_phi_0.9,12,2,0.81,0.7370722386744507
ar1_phi_0.9,12,3,0.7290000000000001,0.6271547064044907
ar1_phi_0.9,12,4,0.6561,0.5317708091687354
ar1_phi_0.9,12,5,0.5904900000000001,0.469563097501952
ar1_phi_0.9,12,6,0.531441,0.43197426959345564
ar1_phi_0.9,12,7,0.4782969000000001,0.3916137282481963
ar1_phi_0.9,12,8,0.4304672100000001,0.3447122515953936
ar1_phi_0.9,12,9,0.3874204890000001,0.2956537944626472
ar1_phi_0.9,12,10,0.3486784401000001,0.2366436663823111
ar1_phi_0.9,12,11,0.31381059609000006,0.1788602705582444
ar1_phi_0.9,12,12,0.2824295364810001,0.13052671500194524
ar1_phi_0.9,12,13,0.2541865828329001,0.08736443077837064
ar1_phi_0.9,12,14,0.2287679245496101,0.0478900904313282
ar1_phi_0.9,12,15,0.20589113209464907,0.015058544164297494
ar1_phi_0.9,12,16,0.18530201888518416,-0.007263743558185357
ar1_phi_0.9,12,17,0.16677181699666577,-0.006792439101333823
ar1_phi_0.9,12,18,0.15009463529699918,-0.006542616731277305
ar1_phi_0.9,12,19,0.13508517176729928,0.0061606160814606
ar1_phi_0.9,12,20,0.12157665459056935,-0.0057489361481029
ar1_phi_0.9,13,1,0.9,0.8022981167954215
ar1_phi_0.9,13,2,0.81,0.6560800400119265
ar1_phi_0.9,13,3,0.7290000000000001,0.514101071370215
ar1_phi_0.9,13,4,0.6561,0.41493319208387663
ar1_phi_0.9,13,5,0.5904900000000001,0.33373917880752674
ar1_phi_0.9,13,6,0.531441,0.2787935463480584
ar1_phi_0.9,13,7,0.4782969000000001,0.2168316613641043
ar1_phi_0.9,13,8,0.4304672100000001,0.1628834690425893
ar1_phi_0.9,13,9,0.3874204890000001,0.13924049649555084
ar1_phi_0.9,13,10,0.3486784401000001,0.09979583270656456
ar1_phi_0.9,13,11,0.31381059609000006,0.07984355153824436
ar1_phi_0.9,13,12,0.2824295364810001,0.023313053322980924
ar1_phi_0.9,13,13,0.2541865828329001,-0.033305333398512556
ar1_phi_0.9,13,14,0.2287679245496101,-0.09581135613847916
ar1_phi_0.9,13,15,0.20589113209464907,-0.10586440026351206
ar1_phi_0.9,13,16,0.18530201888518416,-0.10802625803614001
ar1_phi_0.9,13,17,0.16677181699666577,-0.08712197353570314
ar1_phi_0.9,13,18,0.15009463529699918,-0.05444003495309821
ar1_phi_0.9,13,19,0.13508517176729928,-0.015227854516133272
ar1_phi_0.9,13,20,0.12157665459056935,0.012320940520540613
ar1_phi_0.9,14,1,0.9,0.913553307947197
ar1_phi_0.9,14,2,0.81,0.8239934505664626
ar1_phi_0.9,14,3,0.7290000000000001,0.7443181134633245
ar1_phi_0.9,14,4,0.6561,0.6545348801173392
ar1_phi_0.9,14,5,0.5904900000000001,0.5662836205790788
ar1_phi_0.9,14,6,0.531441,0.4876525763776902
ar1_phi_0.9,14,7,0.4782969000000001,0.43027170014420196
ar1_phi_0.9,14,8,0.4304672100000001,0.38478532505998114
ar1_phi_0.9,14,9,0.3874204890000001,0.3580062667929928
ar1_phi_0.9,14,10,0.3486784401000001,0.3304504859362381
ar1_phi_0.9,14,11,0.31381059609000006,0.32432684260613603
ar1_phi_0.9,14,12,0.2824295364810001,0.29807331726806224
ar1_phi_0.9,14,13,0.2541865828329001,0.2808518097534196
ar1_phi_0.9,14,14,0.2287679245496101,0.2752392681425483
ar1_phi_0.9,14,15,0.20589113209464907,0.26310621877258145
ar1_phi_0.9,14,16,0.18530201888518416,0.23034224255160743
ar1_phi_0.9,14,17,0.16677181699666577,0.20882094549670127
ar1_phi_0.9,14,18,0.15009463529699918,0.20736704070458745
ar1_phi_0.9,14,19,0.13508517176729928,0.1840876697615654
ar1_phi_0.9,14,20,0.12157665459056935,0.1490524994619288
ar1_phi_0.9,15,1,0.9,0.8696412966724797
ar1_phi_0.9,15,2,0.81,0.7459157146942117
ar1_phi_0.9,15,3,0.7290000000000001,0.6210482511745331
ar1_phi_0.9,15,4,0.6561,0.5272359597964303
ar1_phi_0.9,15,5,0.5904900000000001,0.44267989203377756
ar1_phi_0.9,15,6,0.531441,0.3706844696438395
ar1_phi_0.9,15,7,0.4782969000000001,0.3060169196567599
ar1_phi_0.9,15,8,0.4304672100000001,0.24349429092989286
ar1_phi_0.9,15,9,0.3874204890000001,0.17465184226923536
ar1_phi_0.9,15,10,0.3486784401000001,0.10584566301285175
ar1_phi_0.9,15,11,0.31381059609000006,0.05722036608783447
ar1_phi_0.9,15,12,0.2824295364810001,0.0013058335162481742
ar1_phi_0.9,15,13,0.2541865828329001,-0.02819682172716389
ar1_phi_0.9,15,14,0.2287679245496101,-0.05606013768713242
ar1_phi_0.9,15,15,0.20589113209464907,-0.08467776710388249
ar1_phi_0.9,15,16,0.18530201888518416,-0.10319237638942855
ar1_phi_0.9,15,17,0.16677181699666577,-0.1164196873216557
ar1_phi_0.9,15,18,0.15009463529699918,-0.12857001528339723
ar1_phi_0.9,15,19,0.13508517176729928,-0.1296545571340544
ar1_phi_0.9,15,20,0.12157665459056935,-0.13297610916460667
ar1_phi_0.9,16,1,0.9,0.9146846659884179
ar1_phi_0.9,16,2,0.81,0.8324556346497767
ar1_phi_0.9,16,3,0.7290000000000001,0.7568102801025042
ar1_phi_0.9,16,4,0.6561,0.7047840627234694
ar1_phi_0.9,16,5,0.5904900000000001,0.6421557640510469
ar1_phi_0.9,16,6,0.531441,0.5634178884039941
ar1_phi_0.9,16,7,0.4782969000000001,0.5110530053585634
ar1_phi_0.9,16,8,0.4304672100000001,0.4658026705640254
ar1_phi_0.9,16,9,0.3874204890000001,0.4253234456075332
ar1_phi_0.9,16,10,0.3486784401000001,0.3752584156361088
ar1_phi_0.9,16,11,0.31381059609000006,0.3171406708437299
ar1_phi_0.9,16,12,0.2824295364810001,0.2694201247649443
ar1_phi_0.9,16,13,0.2541865828329001,0.21401086719148285
ar1_phi_0.9,16,14,0.2287679245496101,0.16278347711337254
ar1_phi_0.9,16,15,0.20589113209464907,0.11873491463869082
ar1_phi_0.9,16,16,0.18530201888518416,0.08848032640409023
ar1_phi_0.9,16,17,0.16677181699666577,0.06492220820746855
ar1_phi_0.9,16,18,0.15009463529699918,0.04617233106402901
ar1_phi_0.9,16,19,0.13508517176729928,0.03023062299016351
ar1_phi_0.9,16,20,0.12157665459056935,0.01514971929591894
ar1_phi_0.9,17,1,0.9,0.9160245262046667
ar1_phi_0.9,17,2,0.81,0.8281691740159347
ar1_phi_0.9,17,3,0.7290000000000001,0.7567039834060761
ar1_phi_0.9,17,4,0.6561,0.6892271061825483
ar1_phi_0.9,17,5,0.5904900000000001,0.6274814474382386
ar1_phi_0.9,17,6,0.531441,0.5698642655930486
ar1_phi_0.9,17,7,0.4782969000000001,0.5076835657231524
ar1_phi_0.9,17,8,0.4304672100000001,0.45589119147685686
ar1_phi_0.9,17,9,0.3874204890000001,0.39333216156338957
ar1_phi_0.9,17,10,0.3486784401000001,0.3341899434065645
ar1_phi_0.9,17,11,0.31381059609000006,0.29366673465891757
ar1_phi_0.9,17,12,0.2824295364810001,0.24816280134297336
ar1_phi_0.9,17,13,0.2541865828329001,0.2056000152596234
ar1_phi_0.9,17,14,0.2287679245496101,0.18006468766621556
ar1_phi_0.9,17,15,0.20589113209464907,0.1585964551630284
ar1_phi_0.9,17,16,0.18530201888518416,0.1456335378832915
ar1_phi_0.9,17,17,0.16677181699666577,0.13379632014837933
ar1_phi_0.9,17,18,0.15009463529699918,0.10627907536090742
ar1_phi_0.9,17,19,0.13508517176729928,0.0803659725187208
ar1_phi_0.9,17,20,0.12157665459056935,0.051470764133223046
ar1_phi_0.9,18,1,0.9,0.8753053841432201
ar1_phi_0.9,18,2,0.81,0.7532172316689041
ar1_phi_0.9,18,3,0.7290000000000001,0.6359477989790229
ar1_phi_0.9,18,4,0.6561,0.507787871766612
ar1_phi_0.9,18,5,0.5904900000000001,0.40999481068169735
ar1_phi_0.9,18,6,0.531441,0.3393164158180197
ar1_phi_0.9,18,7,0.4782969000000001,0.28555074726153323
ar1_phi_0.9,18,8,0.4304672100000001,0.2385621945070611
ar1_phi_0.9,18,9,0.3874204890000001,0.2021515523577428
ar1_phi_0.9,18,10,0.3486784401000001,0.17870897374081715
ar1_phi_0.9,18,11,0.31381059609000006,0.1559664783262165
ar1_phi_0.9,18,12,0.2824295364810001,0.13731413715761234
ar1_phi_0.9,18,13,0.2541865828329001,0.11695808075070419
ar1_phi_0.9,18,14,0.2287679245496101,0.09623964200849904
ar1_phi_0.9,18,15,0.20589113209464907,0.08125047981297696
ar1_phi_0.9,18,16,0.18530201888518416,0.06317093668391013
ar1_phi_0.9,18,17,0.16677181699666577,0.06005404025897639
ar1_phi_0.9,18,18,0.15009463529699918,0.06590971149953026
ar1_phi_0.9,18,19,0.13508517176729928,0.061067528857234606
ar1_phi_0.9,18,20,0.12157665459056935,0.05548903910960375
ar1_phi_0.9,19,1,0.9,0.8610591152901536
ar1_phi_0.9,19,2,0.81,0.7227522252464491
ar1_phi_0.9,19,3,0.7290000000000001,0.6130903768063507
ar1_phi_0.9,19,4,0.6561,0.5139749037624333
ar1_phi_0.9,19,5,0.5904900000000001,0.4039733831303598
ar1_phi_0.9,19,6,0.531441,0.30264339445808724
ar1_phi_0.9,19,7,0.4782969000000001,0.21770517109687326
ar1_phi_0.9,19,8,0.4304672100000001,0.16817800236201436
ar1_phi_0.9,19,9,0.3874204890000001,0.12841455443107302
ar1_phi_0.9,19,10,0.3486784401000001,0.08701902715583408
ar1_phi_0.9,19,11,0.31381059609000006,0.031692031982434435
ar1_phi_0.9,19,12,0.2824295364810001,0.01532556041508818
ar1_phi_0.9,19,13,0.2541865828329001,-0.0007644954452974463
ar1_phi_0.9,19,14,0.2287679245496101,-0.0016616045976430302
ar1_phi_0.9,19,15,0.20589113209464907,0.00493152413050588
ar1_phi_0.9,19,16,0.18530201888518416,0.02159787400796245
ar1_phi_0.9,19,17,0.16677181699666577,0.045512765513093606
ar1_phi_0.9,19,18,0.15009463529699918,0.07480828191154439
ar1_phi_0.9,19,19,0.13508517176729928,0.09498053142886996
ar1_phi_0.9,19,20,0.12157665459056935,0.11238466549087278
ar1_phi_0.9,20,1,0.9,0.8896959917651778
ar1_phi_0.9,20,2,0.81,0.7909207141727111
ar1_phi_0.9,20,3,0.7290000000000001,0.7022631532181707
ar1_phi_0.9,20,4,0.6561,0.6255144175500159
ar1_phi_0.9,20,5,0.5904900000000001,0.5668411815876517
ar1_phi_0.9,20,6,0.531441,0.5132737333933013
ar1_phi_0.9,20,7,0.4782969000000001,0.4547965578698442
ar1_phi_0.9,20,8,0.4304672100000001,0.38908703532634104
ar1_phi_0.9,20,9,0.3874204890000001,0.3196135800132702
ar1_phi_0.9,20,10,0.3486784401000001,0.25334456090226226
ar1_phi_0.9,20,11,0.31381059609000006,0.20122071899613525
ar1_phi_0.9,20,12,0.2824295364810001,0.1548686322164985
ar1_phi_0.9,20,13,0.2541865828329001,0.11206831178741182
ar1_phi_0.9,20,14,0.2287679245496101,0.05914743332933059
ar1_phi_0.9,20,15,0.20589113209464907,0.03162197317099354
ar1_phi_0.9,20,16,0.18530201888518416,0.020065443877461255
ar1_phi_0.9,20,17,0.16677181699666577,0.017569985437226796
ar1_phi_0.9,20,18,0.15009463529699918,-0.0064939307685659385
ar1_phi_0.9,20,19,0.13508517176729928,-0.02880838973453552
ar1_phi_0.9,20,20,0.12157665459056935,-0.06700089202395354
ar1_phi_0.9,21,1,0.9,0.8611508531932812
ar1_phi_0.9,21,2,0.81,0.7507477610062078
ar1_phi_0.9,21,3,0.7290000000000001,0.6837519802028278
ar1_phi_0.9,21,4,0.6561,0.5947493167738078
ar1_phi_0.9,21,5,0.5904900000000001,0.5077961511459217
ar1_phi_0.9,21,6,0.531441,0.444944733410811
ar1_phi_0.9,21,7,0.4782969000000001,0.38004030485336304
ar1_phi_0.9,21,8,0.4304672100000001,0.3096657950347697
ar1_phi_0.9,21,9,0.3874204890000001,0.2511920113032391
ar1_phi_0.9,21,10,0.3486784401000001,0.2029217900578539
ar1_phi_0.9,21,11,0.31381059609000006,0.1417053718339275
ar1_phi_0.9,21,12,0.2824295364810001,0.08401121154962263
ar1_phi_0.9,21,13,0.2541865828329001,0.04464423955496289
ar1_phi_0.9,21,14,0.2287679245496101,-0.0009010655659347298
ar1_phi_0.9,21,15,0.20589113209464907,-0.03318526656001265
ar1_phi_0.9,21,16,0.18530201888518416,-0.06158738145500533
ar1_phi_0.9,21,17,0.16677181699666577,-0.08757137896918941
ar1_phi_0.9,21,18,0.15009463529699918,-0.11626284079476615
ar1_phi_0.9,21,19,0.13508517176729928,-0.16249778573771403
ar1_phi_0.9,21,20,0.12157665459056935,-0.22480310742418758
ar1_phi_0.9,22,1,0.9,0.8952934212592228
ar1_phi_0.9,22,2,0.81,0.8131910393017615
ar1_phi_0.9,22,3,0.7290000000000001,0.7181820702453102
ar1_phi_0.9,22,4,0.6561,0.6386251727195595
ar1_phi_0.9,22,5,0.5904900000000001,0.5633766066703862
ar1_phi_0.9,22,6,0.531441,0.5048528040750091
ar1_phi_0.9,22,7,0.4782969000000001,0.4516264775839353
ar1_phi_0.9,22,8,0.4304672100000001,0.4118545924457312
ar1_phi_0.9,22,9,0.3874204890000001,0.37777630270553497
ar1_phi_0.9,22,10,0.3486784401000001,0.34729067668112545
ar1_phi_0.9,22,11,0.31381059609000006,0.3201996715758593
ar1_phi_0.9,22,12,0.2824295364810001,0.2901251124127337
ar1_phi_0.9,22,13,0.2541865828329001,0.24672731890845367
ar1_phi_0.9,22,14,0.2287679245496101,0.2161494269972779
ar1_phi_0.9,22,15,0.20589113209464907,0.16418530761400957
ar1_phi_0.9,22,16,0.18530201888518416,0.14155381120236282
ar1_phi_0.9,22,17,0.16677181699666577,0.10430965643539651
ar1_phi_0.9,22,18,0.15009463529699918,0.07845269440157336
ar1_phi_0.9,22,19,0.13508517176729928,0.06032123348779288
ar1_phi_0.9,22,20,0.12157665459056935,0.0406165925868023
ar1_phi_0.9,23,1,0.9,0.9118723575516289
ar1_phi_0.9,23,2,0.81,0.8186690150565524
ar1_phi_0.9,23,3,0.7290000000000001,0.7357342684962278
ar1_phi_0.9,23,4,0.6561,0.6502955755212694
ar1_phi_0.9,23,5,0.5904900000000001,0.5704927894223332
ar1_phi_0.9,23,6,0.531441,0.5021373510520927
ar1_phi_0.9,23,7,0.4782969000000001,0.4337683100470694
ar1_phi_0.9,23,8,0.4304672100000001,0.3748704050901383
ar1_phi_0.9,23,9,0.3874204890000001,0.3309356197997156
ar1_phi_0.9,23,10,0.3486784401000001,0.2972015203996401
ar1_phi_0.9,23,11,0.31381059609000006,0.2706292291643598
ar1_phi_0.9,23,12,0.2824295364810001,0.25028353471685527
ar1_phi_0.9,23,13,0.2541865828329001,0.23380979837529983
ar1_phi_0.9,23,14,0.2287679245496101,0.21161702523668613
ar1_phi_0.9,23,15,0.20589113209464907,0.18930795714902338
ar1_phi_0.9,23,16,0.18530201888518416,0.1702303312693337
ar1_phi_0.9,23,17,0.16677181699666577,0.15142396905136793
ar1_phi_0.9,23,18,0.15009463529699918,0.12602440428682893
ar1_phi_0.9,23,19,0.13508517176729928,0.11139883006517733
ar1_phi_0.9,23,20,0.12157665459056935,0.09757850460457046
ar1_phi_0.9,24,1,0.9,0.8581073083673287
ar1_phi_0.9,24,2,0.81,0.7219402469021649
ar1_phi_0.9,24,3,0.7290000000000001,0.6010038481360366
ar1_phi_0.9,24,4,0.6561,0.48108238284009003
ar1_phi_0.9,24,5,0.5904900000000001,0.38232786601417795
ar1_phi_0.9,24,6,0.531441,0.29673110479824927
ar1_phi_0.9,24,7,0.4782969000000001,0.2116686587342029
ar1_phi_0.9,24,8,0.4304672100000001,0.13351684130522823
ar1_phi_0.9,24,9,0.3874204890000001,0.06751762676651477
ar1_phi_0.9,24,10,0.3486784401000001,0.03716711865211296
ar1_phi_0.9,24,11,0.31381059609000006,0.008129507293155704
ar1_phi_0.9,24,12,0.2824295364810001,-0.0267947957953559
ar1_phi_0.9,24,13,0.2541865828329001,-0.08249387125719292
ar1_phi_0.9,24,14,0.2287679245496101,-0.12271089495032976
ar1_phi_0.9,24,15,0.20589113209464907,-0.14590222877280734
ar1_phi_0.9,24,16,0.18530201888518416,-0.16384847660088606
ar1_phi_0.9,24,17,0.16677181699666577,-0.17722690298508223
ar1_phi_0.9,24,18,0.15009463529699918,-0.21898011423667
ar1_phi_0.9,24,19,0.13508517176729928,-0.2493621968229588
ar1_phi_0.9,24,20,0.12157665459056935,-0.2376961636734329
ar1_phi_0.9,25,1,0.9,0.8878373111348051
ar1_phi_0.9,25,2,0.81,0.7792608736609998
ar1_phi_0.9,25,3,0.7290000000000001,0.6873297535289842
ar1_phi_0.9,25,4,0.6561,0.5926128125574688
ar1_phi_0.9,25,5,0.5904900000000001,0.5079489330006285
ar1_phi_0.9,25,6,0.531441,0.4252577435368561
ar1_phi_0.9,25,7,0.4782969000000001,0.3622276622821663
ar1_phi_0.9,25,8,0.4304672100000001,0.3108886222716898
ar1_phi_0.9,25,9,0.3874204890000001,0.25502957093548634
ar1_phi_0.9,25,10,0.3486784401000001,0.2046125535303038
ar1_phi_0.9,25,11,0.31381059609000006,0.1539138345480129
ar1_phi_0.9,25,12,0.2824295364810001,0.11977083995092493
ar1_phi_0.9,25,13,0.2541865828329001,0.08546322725993807
ar1_phi_0.9,25,14,0.2287679245496101,0.06513220054525401
ar1_phi_0.9,25,15,0.20589113209464907,0.05992991638626688
ar1_phi_0.9,25,16,0.18530201888518416,0.0862516302187502
ar1_phi_0.9,25,17,0.16677181699666577,0.11877057838638319
ar1_phi_0.9,25,18,0.15009463529699918,0.14116665758761013
ar1_phi_0.9,25,19,0.13508517176729928,0.1720130162145596
ar1_phi_0.9,25,20,0.12157665459056935,0.2028591385918483
ar1_phi_0.9,26,1,0.9,0.9092486272613419
ar1_phi_0.9,26,2,0.81,0.8182494091570044
ar1_phi_0.9,26,3,0.7290000000000001,0.7406580925519693
ar1_phi_0.9,26,4,0.6561,0.6751915558790871
ar1_phi_0.9,26,5,0.5904900000000001,0.6160169722571339
ar1_phi_0.9,26,6,0.531441,0.5742070646222697
ar1_phi_0.9,26,7,0.4782969000000001,0.5405717331127227
ar1_phi_0.9,26,8,0.4304672100000001,0.5145761544753795
ar1_phi_0.9,26,9,0.3874204890000001,0.47426035972907493
ar1_phi_0.9,26,10,0.3486784401000001,0.4394242115453868
ar1_phi_0.9,26,11,0.31381059609000006,0.41089176259684834
ar1_phi_0.9,26,12,0.2824295364810001,0.3751894526987928
ar1_phi_0.9,26,13,0.2541865828329001,0.34051707944328496
ar1_phi_0.9,26,14,0.2287679245496101,0.320014616409686
ar1_phi_0.9,26,15,0.20589113209464907,0.291078257322541
ar1_phi_0.9,26,16,0.18530201888518416,0.2782581285257758
ar1_phi_0.9,26,17,0.16677181699666577,0.2555325917178087
ar1_phi_0.9,26,18,0.15009463529699918,0.2290609875857932
ar1_phi_0.9,26,19,0.13508517176729928,0.21318965577547028
ar1_phi_0.9,26,20,0.12157665459056935,0.19412140812170428
ar1_phi_0.9,27,1,0.9,0.9006794979354019
ar1_phi_0.9,27,2,0.81,0.8054374010204727
ar1_phi_0.9,27,3,0.7290000000000001,0.7226011059411555
ar1_phi_0.9,27,4,0.6561,0.6382336960958699
ar1_phi_0.9,27,5,0.5904900000000001,0.5468398121215494
ar1_phi_0.9,27,6,0.531441,0.4581909483726048
ar1_phi_0.9,27,7,0.4782969000000001,0.3730963066117995
ar1_phi_0.9,27,8,0.4304672100000001,0.30396806862794334
ar1_phi_0.9,27,9,0.3874204890000001,0.24610260860617705
ar1_phi_0.9,27,10,0.3486784401000001,0.1801013649043998
ar1_phi_0.9,27,11,0.31381059609000006,0.1467099563417137
ar1_phi_0.9,27,12,0.2824295364810001,0.14163843287190492
ar1_phi_0.9,27,13,0.2541865828329001,0.13581874584656373
ar1_phi_0.9,27,14,0.2287679245496101,0.13135270724020384
ar1_phi_0.9,27,15,0.20589113209464907,0.13744393002805394
ar1_phi_0.9,27,16,0.18530201888518416,0.156961820880118
ar1_phi_0.9,27,17,0.16677181699666577,0.16179784051432902
ar1_phi_0.9,27,18,0.15009463529699918,0.15529654183441824
ar1_phi_0.9,27,19,0.13508517176729928,0.1486874013910856
ar1_phi_0.9,27,20,0.12157665459056935,0.13154839012137268
ar1_phi_0.9,28,1,0.9,0.9006633222362469
ar1_phi_0.9,28,2,0.81,0.8225430728476639
ar1_phi_0.9,28,3,0.7290000000000001,0.7587770061261273
ar1_phi_0.9,28,4,0.6561,0.6985749661393464
ar1_phi_0.9,28,5,0.5904900000000001,0.6422675461457814
ar1_phi_0.9,28,6,0.531441,0.6075622438165144
ar1_phi_0.9,28,7,0.4782969000000001,0.5675005384363067
ar1_phi_0.9,28,8,0.4304672100000001,0.5160944612432335
ar1_phi_0.9,28,9,0.3874204890000001,0.4528548523838814
ar1_phi_0.9,28,10,0.3486784401000001,0.40771014418967944
ar1_phi_0.9,28,11,0.31381059609000006,0.3740320959558269
ar1_phi_0.9,28,12,0.2824295364810001,0.3285034884666707
ar1_phi_0.9,28,13,0.2541865828329001,0.3021158867077195
ar1_phi_0.9,28,14,0.2287679245496101,0.2777174478733237
ar1_phi_0.9,28,15,0.20589113209464907,0.2300887914292017
ar1_phi_0.9,28,16,0.18530201888518416,0.1684720073911561
ar1_phi_0.9,28,17,0.16677181699666577,0.133305524826201
ar1_phi_0.9,28,18,0.15009463529699918,0.10035834612262098
ar1_phi_0.9,28,19,0.13508517176729928,0.08164173327226046
ar1_phi_0.9,28,20,0.12157665459056935,0.07009973309088315
ar1_phi_0.9,29,1,0.9,0.8435027988105257
ar1_phi_0.9,29,2,0.81,0.7514851860743264
ar1_phi_0.9,29,3,0.7290000000000001,0.6683743460700393
ar1_phi_0.9,29,4,0.6561,0.5952496201149348
ar1_phi_0.9,29,5,0.5904900000000001,0.5314841199389339
ar1_phi_0.9,29,6,0.531441,0.4675145582323712
ar1_phi_0.9,29,7,0.4782969000000001,0.4125463109603087
ar1_phi_0.9,29,8,0.4304672100000001,0.3742808968749864
ar1_phi_0.9,29,9,0.3874204890000001,0.3013486643794041
ar1_phi_0.9,29,10,0.3486784401000001,0.24255582218076135
ar1_phi_0.9,29,11,0.31381059609000006,0.19500924753108437
ar1_phi_0.9,29,12,0.2824295364810001,0.17861545825666114
ar1_phi_0.9,29,13,0.2541865828329001,0.17317400988745751
ar1_phi_0.9,29,14,0.2287679245496101,0.16808402141521864
ar1_phi_0.9,29,15,0.20589113209464907,0.16308708072294667
ar1_phi_0.9,29,16,0.18530201888518416,0.14962555503348193
ar1_phi_0.9,29,17,0.16677181699666577,0.1552939766807698
ar1_phi_0.9,29,18,0.15009463529699918,0.159287121773728
ar1_phi_0.9,29,19,0.13508517176729928,0.15651809053904173
ar1_phi_0.9,29,20,0.12157665459056935,0.13607625108642493
ar1_phi_0.9,30,1,0.9,0.882217089122193
ar1_phi_0.9,30,2,0.81,0.7773933900079126
ar1_phi_0.9,30,3,0.7290000000000001,0.7004818447047992
ar1_phi_0.9,30,4,0.6561,0.6327544229988553
ar1_phi_0.9,30,5,0.5904900000000001,0.5622871970590508
ar1_phi_0.9,30,6,0.531441,0.5178202774381664
ar1_phi_0.9,30,7,0.4782969000000001,0.46956917179215474
ar1_phi_0.9,30,8,0.4304672100000001,0.42706525451372546
ar1_phi_0.9,30,9,0.3874204890000001,0.40547484908789516
ar1_phi_0.9,30,10,0.3486784401000001,0.37145468582154517
ar1_phi_0.9,30,11,0.31381059609000006,0.3296725606427543
ar1_phi_0.9,30,12,0.2824295364810001,0.29977356381283543
ar1_phi_0.9,30,13,0.2541865828329001,0.26262308298109577
ar1_phi_0.9,30,14,0.2287679245496101,0.2548596694167392
ar1_phi_0.9,30,15,0.20589113209464907,0.27134189363926214
ar1_phi_0.9,30,16,0.18530201888518416,0.26272627889952277
ar1_phi_0.9,30,17,0.16677181699666577,0.2271320035062757
ar1_phi_0.9,30,18,0.15009463529699918,0.23180629527402075
ar1_phi_0.9,30,19,0.13508517176729928,0.24109541489146258
ar1_phi_0.9,30,20,0.12157665459056935,0.23559265550921923
ar1_phi_0.9,31,1,0.9,0.890295700842577
ar1_phi_0.9,31,2,0.81,0.7934240689952865
ar1_phi_0.9,31,3,0.7290000000000001,0.7218899467550598
ar1_phi_0.9,31,4,0.6561,0.638695540777115
ar1_phi_0.9,31,5,0.5904900000000001,0.5730427201930403
ar1_phi_0.9,31,6,0.531441,0.5246636552144164
ar1_phi_0.9,31,7,0.4782969000000001,0.45607249287809887
ar1_phi_0.9,31,8,0.4304672100000001,0.3925245670382695
ar1_phi_0.9,31,9,0.3874204890000001,0.34764558637051984
ar1_phi_0.9,31,10,0.3486784401000001,0.3111488567742247
ar1_phi_0.9,31,11,0.31381059609000006,0.28143586742659565
ar1_phi_0.9,31,12,0.2824295364810001,0.25715052397755034
ar1_phi_0.9,31,13,0.2541865828329001,0.24377021027810475
ar1_phi_0.9,31,14,0.2287679245496101,0.21212510859096168
ar1_phi_0.9,31,15,0.20589113209464907,0.17959698861694598
ar1_phi_0.9,31,16,0.18530201888518416,0.16155801390348362
ar1_phi_0.9,31,17,0.16677181699666577,0.1421743119020549
ar1_phi_0.9,31,18,0.15009463529699918,0.13784014403248518
ar1_phi_0.9,31,19,0.13508517176729928,0.14142393740001336
ar1_phi_0.9,31,20,0.12157665459056935,0.12379191376329088
ar1_phi_0.9,32,1,0.9,0.8641559490354596
ar1_phi_0.9,32,2,0.81,0.7214663085534612
ar1_phi_0.9,32,3,0.7290000000000001,0.5968375537533975
ar1_phi_0.9,32,4,0.6561,0.492144287828066
ar1_phi_0.9,32,5,0.5904900000000001,0.39875851152909514
ar1_phi_0.9,32,6,0.531441,0.3138253767003936
ar1_phi_0.9,32,7,0.4782969000000001,0.22099775820833026
ar1_phi_0.9,32,8,0.4304672100000001,0.1449329742729505
ar1_phi_0.9,32,9,0.3874204890000001,0.09698779898156143
ar1_phi_0.9,32,10,0.3486784401000001,0.06791625321099072
ar1_phi_0.9,32,11,0.31381059609000006,0.03289469757936191
ar1_phi_0.9,32,12,0.2824295364810001,-0.015121927073639676
ar1_phi_0.9,32,13,0.2541865828329001,-0.06498302339071067
ar1_phi_0.9,32,14,0.2287679245496101,-0.10131785368067278
ar1_phi_0.9,32,15,0.20589113209464907,-0.1158205196785419
ar1_phi_0.9,32,16,0.18530201888518416,-0.10693036983178443
ar1_phi_0.9,32,17,0.16677181699666577,-0.10074730869814343
ar1_phi_0.9,32,18,0.15009463529699918,-0.07951910986556368
ar1_phi_0.9,32,19,0.13508517176729928,-0.08973647390500901
ar1_phi_0.9,32,20,0.12157665459056935,-0.1005500722793339
ar1_phi_0.9,33,1,0.9,0.8376473643427673
ar1_phi_0.9,33,2,0.81,0.7045506007266821
ar1_phi_0.9,33,3,0.7290000000000001,0.6032413067139127
ar1_phi_0.9,33,4,0.6561,0.5152100007843844
ar1_phi_0.9,33,5,0.5904900000000001,0.4157464188269792
ar1_phi_0.9,33,6,0.531441,0.3397799287140841
ar1_phi_0.9,33,7,0.4782969000000001,0.28163180221221046
ar1_phi_0.9,33,8,0.4304672100000001,0.22235006463235335
ar1_phi_0.9,33,9,0.3874204890000001,0.17998405639486328
ar1_phi_0.9,33,10,0.3486784401000001,0.13483549641727197
ar1_phi_0.9,33,11,0.31381059609000006,0.1249193405327736
ar1_phi_0.9,33,12,0.2824295364810001,0.1252662194256677
ar1_phi_0.9,33,13,0.2541865828329001,0.12412139412542945
ar1_phi_0.9,33,14,0.2287679245496101,0.1155865297368414
ar1_phi_0.9,33,15,0.20589113209464907,0.10126453021587924
ar1_phi_0.9,33,16,0.18530201888518416,0.09453565766229165
ar1_phi_0.9,33,17,0.16677181699666577,0.07461238088317831
ar1_phi_0.9,33,18,0.15009463529699918,0.057148418461655116
ar1_phi_0.9,33,19,0.13508517176729928,0.048958232779063734
ar1_phi_0.9,33,20,0.12157665459056935,0.05014002432898509
ar1_phi_0.9,34,1,0.9,0.901043967090799
ar1_phi_0.9,34,2,0.81,0.8084069513789278
ar1_phi_0.9,34,3,0.7290000000000001,0.7111201037311893
ar1_phi_0.9,34,4,0.6561,0.6262464378914592
ar1_phi_0.9,34,5,0.5904900000000001,0.5519124440790518
ar1_phi_0.9,34,6,0.531441,0.47836746828817406
ar1_phi_0.9,34,7,0.4782969000000001,0.42955883255415095
ar1_phi_0.9,34,8,0.4304672100000001,0.4005512759476993
ar1_phi_0.9,34,9,0.3874204890000001,0.36845068225155025
ar1_phi_0.9,34,10,0.3486784401000001,0.33838348188613254
ar1_phi_0.9,34,11,0.31381059609000006,0.3252663194589756
ar1_phi_0.9,34,12,0.2824295364810001,0.3033240922636469
ar1_phi_0.9,34,13,0.2541865828329001,0.2651498982071251
ar1_phi_0.9,34,14,0.2287679245496101,0.23795021474756284
ar1_phi_0.9,34,15,0.20589113209464907,0.1978113256828914
ar1_phi_0.9,34,16,0.18530201888518416,0.1631214478338126
ar1_phi_0.9,34,17,0.16677181699666577,0.1267199784627067
ar1_phi_0.9,34,18,0.15009463529699918,0.08010939597634247
ar1_phi_0.9,34,19,0.13508517176729928,0.046561378835139174
ar1_phi_0.9,34,20,0.12157665459056935,0.01608591210484327
ar1_phi_0.9,35,1,0.9,0.8984761430382816
ar1_phi_0.9,35,2,0.81,0.7913493489459277
ar1_phi_0.9,35,3,0.7290000000000001,0.6921028859075836
ar1_phi_0.9,35,4,0.6561,0.5898495601034932
ar1_phi_0.9,35,5,0.5904900000000001,0.49118714588822504
ar1_phi_0.9,35,6,0.531441,0.4051244079245976
ar1_phi_0.9,35,7,0.4782969000000001,0.33127538691230557
ar1_phi_0.9,35,8,0.4304672100000001,0.27509323797755597
ar1_phi_0.9,35,9,0.3874204890000001,0.2431448500328767
ar1_phi_0.9,35,10,0.3486784401000001,0.20828009713623255
ar1_phi_0.9,35,11,0.31381059609000006,0.15828418843886838
ar1_phi_0.9,35,12,0.2824295364810001,0.10718182206664754
ar1_phi_0.9,35,13,0.2541865828329001,0.061706429069312826
ar1_phi_0.9,35,14,0.2287679245496101,0.03441890597433278
ar1_phi_0.9,35,15,0.20589113209464907,-0.012207983124703644
ar1_phi_0.9,35,16,0.18530201888518416,-0.05202769564855928
ar1_phi_0.9,35,17,0.16677181699666577,-0.05538112575941385
ar1_phi_0.9,35,18,0.15009463529699918,-0.03833121975117798
ar1_phi_0.9,35,19,0.13508517176729928,-0.023918839520046153
ar1_phi_0.9,35,20,0.12157665459056935,0.014248958719938651
ar1_phi_0.9,36,1,0.9,0.920145249312446
ar1_phi_0.9,36,2,0.81,0.8378385469076998
ar1_phi_0.9,36,3,0.7290000000000001,0.7748947496548927
ar1_phi_0.9,36,4,0.6561,0.7238390532445411
ar1_phi_0.9,36,5,0.5904900000000001,0.6887883272051148
ar1_phi_0.9,36,6,0.531441,0.6620273766695391
ar1_phi_0.9,36,7,0.4782969000000001,0.6371778921378695
ar1_phi_0.9,36,8,0.4304672100000001,0.6162734379377377
ar1_phi_0.9,36,9,0.3874204890000001,0.5854920559116557
ar1_phi_0.9,36,10,0.3486784401000001,0.556225727758856
ar1_phi_0.9,36,11,0.31381059609000006,0.518899505655226
ar1_phi_0.9,36,12,0.2824295364810001,0.4767699706459479
ar1_phi_0.9,36,13,0.2541865828329001,0.44777835007258465
ar1_phi_0.9,36,14,0.2287679245496101,0.43159059880955636
ar1_phi_0.9,36,15,0.20589113209464907,0.4222343288971476
ar1_phi_0.9,36,16,0.18530201888518416,0.4049135326466871
ar1_phi_0.9,36,17,0.16677181699666577,0.3858387585253888
ar1_phi_0.9,36,18,0.15009463529699918,0.36381617668810273
ar1_phi_0.9,36,19,0.13508517176729928,0.34143736080547743
ar1_phi_0.9,36,20,0.12157665459056935,0.3231729758804049
ar1_phi_0.9,37,1,0.9,0.9161515065070079
ar1_phi_0.9,37,2,0.81,0.8246526169847324
ar1_phi_0.9,37,3,0.7290000000000001,0.726845723190142
ar1_phi_0.9,37,4,0.6561,0.6377152250004734
ar1_phi_0.9,37,5,0.5904900000000001,0.5684610475214875
ar1_phi_0.9,37,6,0.531441,0.5203713048107225
ar1_phi_0.9,37,7,0.4782969000000001,0.48113482290135795
ar1_phi_0.9,37,8,0.4304672100000001,0.4280766239695588
ar1_phi_0.9,37,9,0.3874204890000001,0.3985685270594387
ar1_phi_0.9,37,10,0.3486784401000001,0.37743687537437565
ar1_phi_0.9,37,11,0.31381059609000006,0.34116470240734326
ar1_phi_0.9,37,12,0.2824295364810001,0.2987821951743778
ar1_phi_0.9,37,13,0.2541865828329001,0.25421117186765335
ar1_phi_0.9,37,14,0.2287679245496101,0.20722521747996375
ar1_phi_0.9,37,15,0.20589113209464907,0.1766985439855077
ar1_phi_0.9,37,16,0.18530201888518416,0.17749938738318707
ar1_phi_0.9,37,17,0.16677181699666577,0.1779908652072117
ar1_phi_0.9,37,18,0.15009463529699918,0.16911684229918877
ar1_phi_0.9,37,19,0.13508517176729928,0.1736192321487509
ar1_phi_0.9,37,20,0.12157665459056935,0.16598841063848696
ar1_phi_0.9,38,1,0.9,0.9086691036032173
ar1_phi_0.9,38,2,0.81,0.8218039570779401
ar1_phi_0.9,38,3,0.7290000000000001,0.7445449983055689
ar1_phi_0.9,38,4,0.6561,0.6823503107171278
ar1_phi_0.9,38,5,0.5904900000000001,0.6154122994698753
ar1_phi_0.9,38,6,0.531441,0.5505112312584294
ar1_phi_0.9,38,7,0.4782969000000001,0.496944181600311
ar1_phi_0.9,38,8,0.4304672100000001,0.44753154065813466
ar1_phi_0.9,38,9,0.3874204890000001,0.4106203610533726
ar1_phi_0.9,38,10,0.3486784401000001,0.3788577563809371
ar1_phi_0.9,38,11,0.31381059609000006,0.35601169654923903
ar1_phi_0.9,38,12,0.2824295364810001,0.3147582912229578
ar1_phi_0.9,38,13,0.2541865828329001,0.2780487098925122
ar1_phi_0.9,38,14,0.2287679245496101,0.2350224872599523
ar1_phi_0.9,38,15,0.20589113209464907,0.19630192969719562
ar1_phi_0.9,38,16,0.18530201888518416,0.15272593122632477
ar1_phi_0.9,38,17,0.16677181699666577,0.11803048636990043
ar1_phi_0.9,38,18,0.15009463529699918,0.0697535636096302
ar1_phi_0.9,38,19,0.13508517176729928,0.025941229701472848
ar1_phi_0.9,38,20,0.12157665459056935,-0.006023682417054422
ar1_phi_0.9,39,1,0.9,0.9065694813790776
ar1_phi_0.9,39,2,0.81,0.8033219753529581
ar1_phi_0.9,39,3,0.7290000000000001,0.7189770176102316
ar1_phi_0.9,39,4,0.6561,0.6498247275102346
ar1_phi_0.9,39,5,0.5904900000000001,0.587236056531791
ar1_phi_0.9,39,6,0.531441,0.5272784674280925
ar1_phi_0.9,39,7,0.4782969000000001,0.46751167642858427
ar1_phi_0.9,39,8,0.4304672100000001,0.40132342604797744
ar1_phi_0.9,39,9,0.3874204890000001,0.32201958574285916
ar1_phi_0.9,39,10,0.3486784401000001,0.2484217345941055
ar1_phi_0.9,39,11,0.31381059609000006,0.18356373245315524
ar1_phi_0.9,39,12,0.2824295364810001,0.10049350111689181
ar1_phi_0.9,39,13,0.2541865828329001,0.017649784439258524
ar1_phi_0.9,39,14,0.2287679245496101,-0.04628173536774803
ar1_phi_0.9,39,15,0.20589113209464907,-0.10393504732895398
ar1_phi_0.9,39,16,0.18530201888518416,-0.14028214576450032
ar1_phi_0.9,39,17,0.16677181699666577,-0.17833395179733746
ar1_phi_0.9,39,18,0.15009463529699918,-0.2192573213167132
ar1_phi_0.9,39,19,0.13508517176729928,-0.26267200621417447
ar1_phi_0.9,39,20,0.12157665459056935,-0.28080173043345247
ar1_phi_0.9,40,1,0.9,0.8963065685217925
ar1_phi_0.9,40,2,0.81,0.8014878385758707
ar1_phi_0.9,40,3,0.7290000000000001,0.7360755058458173
ar1_phi_0.9,40,4,0.6561,0.6783315446073845
ar1_phi_0.9,40,5,0.5904900000000001,0.6326084923351253
ar1_phi_0.9,40,6,0.531441,0.5956670584821049
ar1_phi_0.9,40,7,0.4782969000000001,0.5551891052465412
ar1_phi_0.9,40,8,0.4304672100000001,0.5119332514266863
ar1_phi_0.9,40,9,0.3874204890000001,0.4840587716364539
ar1_phi_0.9,40,10,0.3486784401000001,0.43084652609404633
ar1_phi_0.9,40,11,0.31381059609000006,0.3881690765735591
ar1_phi_0.9,40,12,0.2824295364810001,0.36272130567897115
ar1_phi_0.9,40,13,0.2541865828329001,0.32528391148521907
ar1_phi_0.9,40,14,0.2287679245496101,0.2981670185924253
ar1_phi_0.9,40,15,0.20589113209464907,0.2757022286063417
ar1_phi_0.9,40,16,0.18530201888518416,0.25830471981066927
ar1_phi_0.9,40,17,0.16677181699666577,0.23047574236568458
ar1_phi_0.9,40,18,0.15009463529699918,0.19123532800403242
ar1_phi_0.9,40,19,0.13508517176729928,0.1394408729892455
ar1_phi_0.9,40,20,0.12157665459056935,0.10472716281792376
ar1_phi_0.9,41,1,0.9,0.8077837965659875
ar1_phi_0.9,41,2,0.81,0.6547305738874925
ar1_phi_0.9,41,3,0.7290000000000001,0.5379662318586592
ar1_phi_0.9,41,4,0.6561,0.45302729584444223
ar1_phi_0.9,41,5,0.5904900000000001,0.37729009712491696
ar1_phi_0.9,41,6,0.531441,0.2847778320377625
ar1_phi_0.9,41,7,0.4782969000000001,0.21162806777235818
ar1_phi_0.9,41,8,0.4304672100000001,0.1646881602854489
ar1_phi_0.9,41,9,0.3874204890000001,0.14268075736801458
ar1_phi_0.9,41,10,0.3486784401000001,0.12144141652582714
ar1_phi_0.9,41,11,0.31381059609000006,0.07784343391352182
ar1_phi_0.9,41,12,0.2824295364810001,0.0658598437862225
ar1_phi_0.9,41,13,0.2541865828329001,0.07112565946101479
ar1_phi_0.9,41,14,0.2287679245496101,0.08039866610041961
ar1_phi_0.9,41,15,0.20589113209464907,0.10843753993361001
ar1_phi_0.9,41,16,0.18530201888518416,0.11558378354541315
ar1_phi_0.9,41,17,0.16677181699666577,0.11585397266301808
ar1_phi_0.9,41,18,0.15009463529699918,0.06807718700871587
ar1_phi_0.9,41,19,0.13508517176729928,0.017661193231692653
ar1_phi_0.9,41,20,0.12157665459056935,-0.010810609004619776
ar1_phi_0.9,42,1,0.9,0.8856523345001306
ar1_phi_0.9,42,2,0.81,0.8001658570580991
ar1_phi_0.9,42,3,0.7290000000000001,0.7152239522725363
ar1_phi_0.9,42,4,0.6561,0.6524444270274024
ar1_phi_0.9,42,5,0.5904900000000001,0.595668421912331
ar1_phi_0.9,42,6,0.531441,0.5435718885659425
ar1_phi_0.9,42,7,0.4782969000000001,0.48622381509569235
ar1_phi_0.9,42,8,0.4304672100000001,0.44413833380489065
ar1_phi_0.9,42,9,0.3874204890000001,0.406772887263732
ar1_phi_0.9,42,10,0.3486784401000001,0.3572306348492412
ar1_phi_0.9,42,11,0.31381059609000006,0.3038103083103291
ar1_phi_0.9,42,12,0.2824295364810001,0.25108520012393204
ar1_phi_0.9,42,13,0.2541865828329001,0.1775469219445304
ar1_phi_0.9,42,14,0.2287679245496101,0.1334444973654678
ar1_phi_0.9,42,15,0.20589113209464907,0.09791950753074061
ar1_phi_0.9,42,16,0.18530201888518416,0.0533467987676543
ar1_phi_0.9,42,17,0.16677181699666577,0.026284241539363377
ar1_phi_0.9,42,18,0.15009463529699918,0.0041955008279960185
ar1_phi_0.9,42,19,0.13508517176729928,-0.02249266775125627
ar1_phi_0.9,42,20,0.12157665459056935,-0.057570753164072966
ar1_phi_0.9,43,1,0.9,0.916495827399599
ar1_phi_0.9,43,2,0.81,0.8336269654565706
ar1_phi_0.9,43,3,0.7290000000000001,0.7558010886358647
ar1_phi_0.9,43,4,0.6561,0.6805270814745387
ar1_phi_0.9,43,5,0.5904900000000001,0.6093275523468745
ar1_phi_0.9,43,6,0.531441,0.5438886050253116
ar1_phi_0.9,43,7,0.4782969000000001,0.4884099780663698
ar1_phi_0.9,43,8,0.4304672100000001,0.42252429289823545
ar1_phi_0.9,43,9,0.3874204890000001,0.37012554200541026
ar1_phi_0.9,43,10,0.3486784401000001,0.32071770260666044
ar1_phi_0.9,43,11,0.31381059609000006,0.27909113900826266
ar1_phi_0.9,43,12,0.2824295364810001,0.2306730481224712
ar1_phi_0.9,43,13,0.2541865828329001,0.18927224702236217
ar1_phi_0.9,43,14,0.2287679245496101,0.14433510161460014
ar1_phi_0.9,43,15,0.20589113209464907,0.10013536203851149
ar1_phi_0.9,43,16,0.18530201888518416,0.058020004013408455
ar1_phi_0.9,43,17,0.16677181699666577,0.015727897665141034
ar1_phi_0.9,43,18,0.15009463529699918,-0.03611101462023843
ar1_phi_0.9,43,19,0.13508517176729928,-0.07308061395575277
ar1_phi_0.9,43,20,0.12157665459056935,-0.10828400770350714
ar1_phi_0.9,44,1,0.9,0.8755288748582983
ar1_phi_0.9,44,2,0.81,0.7787463570383808
ar1_phi_0.9,44,3,0.7290000000000001,0.6925014589152307
ar1_phi_0.9,44,4,0.6561,0.6059531398492792
ar1_phi_0.9,44,5,0.5904900000000001,0.5119860553429388
ar1_phi_0.9,44,6,0.531441,0.4350757362791322
ar1_phi_0.9,44,7,0.4782969000000001,0.37343522982896493
ar1_phi_0.9,44,8,0.4304672100000001,0.3074277864434949
ar1_phi_0.9,44,9,0.3874204890000001,0.2516423269230875
ar1_phi_0.9,44,10,0.3486784401000001,0.19260141194495686
ar1_phi_0.9,44,11,0.31381059609000006,0.15800020721727484
ar1_phi_0.9,44,12,0.2824295364810001,0.13352550655776987
ar1_phi_0.9,44,13,0.2541865828329001,0.13183752409662133
ar1_phi_0.9,44,14,0.2287679245496101,0.10701971174762169
ar1_phi_0.9,44,15,0.20589113209464907,0.08090291077752511
ar1_phi_0.9,44,16,0.18530201888518416,0.0785827410753413
ar1_phi_0.9,44,17,0.16677181699666577,0.07757458307960155
ar1_phi_0.9,44,18,0.15009463529699918,0.06078179988169363
ar1_phi_0.9,44,19,0.13508517176729928,0.03349295424821737
ar1_phi_0.9,44,20,0.12157665459056935,-0.003893315771061451
ar1_phi_0.9,45,1,0.9,0.8961059762042389
ar1_phi_0.9,45,2,0.81,0.8062837618015396
ar1_phi_0.9,45,3,0.7290000000000001,0.7226933535213644
ar1_phi_0.9,45,4,0.6561,0.648652129766071
ar1_phi_0.9,45,5,0.5904900000000001,0.5791326790881387
ar1_phi_0.9,45,6,0.531441,0.5021816552161653
ar1_phi_0.9,45,7,0.4782969000000001,0.44225654936821895
ar1_phi_0.9,45,8,0.4304672100000001,0.3759344622566997
ar1_phi_0.9,45,9,0.3874204890000001,0.3236950280097411
ar1_phi_0.9,45,10,0.3486784401000001,0.28444031524102054
ar1_phi_0.9,45,11,0.31381059609000006,0.2607767870983905
ar1_phi_0.9,45,12,0.2824295364810001,0.24305453764828794
ar1_phi_0.9,45,13,0.2541865828329001,0.23056805308728287
ar1_phi_0.9,45,14,0.2287679245496101,0.22340191303552126
ar1_phi_0.9,45,15,0.20589113209464907,0.23021541083146027
ar1_phi_0.9,45,16,0.18530201888518416,0.2407915717029462
ar1_phi_0.9,45,17,0.16677181699666577,0.23863494151906706
ar1_phi_0.9,45,18,0.15009463529699918,0.232509508305308
ar1_phi_0.9,45,19,0.13508517176729928,0.20932334077982884
ar1_phi_0.9,45,20,0.12157665459056935,0.2043934858609126
ar1_phi_0.9,46,1,0.9,0.8584192035485816
ar1_phi_0.9,46,2,0.81,0.7712778830051434
ar1_phi_0.9,46,3,0.7290000000000001,0.6861477239806422
ar1_phi_0.9,46,4,0.6561,0.6383846608846117
ar1_phi_0.9,46,5,0.5904900000000001,0.5941966957742404
ar1_phi_0.9,46,6,0.531441,0.5637128977601571
ar1_phi_0.9,46,7,0.4782969000000001,0.5372554099320709
ar1_phi_0.9,46,8,0.4304672100000001,0.48845917508961134
ar1_phi_0.9,46,9,0.3874204890000001,0.4625388608781307
ar1_phi_0.9,46,10,0.3486784401000001,0.4291503331784871
ar1_phi_0.9,46,11,0.31381059609000006,0.4144797733757491
ar1_phi_0.9,46,12,0.2824295364810001,0.3641462450035155
ar1_phi_0.9,46,13,0.2541865828329001,0.32569750905461353
ar1_phi_0.9,46,14,0.2287679245496101,0.2705228714746711
ar1_phi_0.9,46,15,0.20589113209464907,0.2331364909592907
ar1_phi_0.9,46,16,0.18530201888518416,0.1935200894216004
ar1_phi_0.9,46,17,0.16677181699666577,0.14766449804102638
ar1_phi_0.9,46,18,0.15009463529699918,0.1097873946897506
ar1_phi_0.9,46,19,0.13508517176729928,0.06053216030151545
ar1_phi_0.9,46,20,0.12157665459056935,0.023166008539854215
ar1_phi_0.9,47,1,0.9,0.8736573165838276
ar1_phi_0.9,47,2,0.81,0.7481604412553555
ar1_phi_0.9,47,3,0.7290000000000001,0.6235618492606857
ar1_phi_0.9,47,4,0.6561,0.5225332364333649
ar1_phi_0.9,47,5,0.5904900000000001,0.43641647466163686
ar1_phi_0.9,47,6,0.531441,0.3805074078053023
ar1_phi_0.9,47,7,0.4782969000000001,0.3195089554364816
ar1_phi_0.9,47,8,0.4304672100000001,0.2822380026668977
ar1_phi_0.9,47,9,0.3874204890000001,0.25600563151847805
ar1_phi_0.9,47,10,0.3486784401000001,0.24557406050593653
ar1_phi_0.9,47,11,0.31381059609000006,0.250380717803635
ar1_phi_0.9,47,12,0.2824295364810001,0.24251321738517684
ar1_phi_0.9,47,13,0.2541865828329001,0.23390576394343285
ar1_phi_0.9,47,14,0.2287679245496101,0.22425421778995708
ar1_phi_0.9,47,15,0.20589113209464907,0.20507645891891763
ar1_phi_0.9,47,16,0.18530201888518416,0.18836945984714978
ar1_phi_0.9,47,17,0.16677181699666577,0.17985793241474138
ar1_phi_0.9,47,18,0.15009463529699918,0.15809212711234982
ar1_phi_0.9,47,19,0.13508517176729928,0.13912460267296578
ar1_phi_0.9,47,20,0.12157665459056935,0.12782318320191
ar1_phi_0.9,48,1,0.9,0.8528026893569934
ar1_phi_0.9,48,2,0.81,0.728943645402049
ar1_phi_0.9,48,3,0.7290000000000001,0.6250051347270752
ar1_phi_0.9,48,4,0.6561,0.5113000523780592
ar1_phi_0.9,48,5,0.5904900000000001,0.3906399564638388
ar1_phi_0.9,48,6,0.531441,0.30322728788758446
ar1_phi_0.9,48,7,0.4782969000000001,0.2338391258207886
ar1_phi_0.9,48,8,0.4304672100000001,0.16711348862653197
ar1_phi_0.9,48,9,0.3874204890000001,0.10457534801557065
ar1_phi_0.9,48,10,0.3486784401000001,0.03926564182232733
ar1_phi_0.9,48,11,0.31381059609000006,0.003413254952132142
ar1_phi_0.9,48,12,0.2824295364810001,-0.028906910927570684
ar1_phi_0.9,48,13,0.2541865828329001,-0.03431250550700861
ar1_phi_0.9,48,14,0.2287679245496101,-0.012109598404009067
ar1_phi_0.9,48,15,0.20589113209464907,0.03287866192956755
ar1_phi_0.9,48,16,0.18530201888518416,0.04785106808348807
ar1_phi_0.9,48,17,0.16677181699666577,0.06992025333302984
ar1_phi_0.9,48,18,0.15009463529699918,0.08792955779119445
ar1_phi_0.9,48,19,0.13508517176729928,0.10118440165744567
ar1_phi_0.9,48,20,0.12157665459056935,0.10839742124875232
ar1_phi_0.9,49,1,0.9,0.9022526610614797
ar1_phi_0.9,49,2,0.81,0.8005229229698775
ar1_phi_0.9,49,3,0.7290000000000001,0.7088992949916503
ar1_phi_0.9,49,4,0.6561,0.6254229858225632
ar1_phi_0.9,49,5,0.5904900000000001,0.5491487127595691
ar1_phi_0.9,49,6,0.531441,0.4959456980217836
ar1_phi_0.9,49,7,0.4782969000000001,0.46255914172224233
ar1_phi_0.9,49,8,0.4304672100000001,0.43591333723570447
ar1_phi_0.9,49,9,0.3874204890000001,0.3790373054565251
ar1_phi_0.9,49,10,0.3486784401000001,0.3144052565042029
ar1_phi_0.9,49,11,0.31381059609000006,0.26447001399250314
ar1_phi_0.9,49,12,0.2824295364810001,0.2121516927377553
ar1_phi_0.9,49,13,0.2541865828329001,0.1718511840349326
ar1_phi_0.9,49,14,0.2287679245496101,0.1378998956066534
ar1_phi_0.9,49,15,0.20589113209464907,0.1165713736886252
ar1_phi_0.9,49,16,0.18530201888518416,0.10630520099360391
ar1_phi_0.9,49,17,0.16677181699666577,0.09260450821975526
ar1_phi_0.9,49,18,0.15009463529699918,0.06309616048974466
ar1_phi_0.9,49,19,0.13508517176729928,0.026700708663219216
ar1_phi_0.9,49,20,0.12157665459056935,-0.009561831288210084
ar1_phi_0.9,50,1,0.9,0.855732365687242
ar1_phi_0.9,50,2,0.81,0.7306952373154807
ar1_phi_0.9,50,3,0.7290000000000001,0.6291750758435317
ar1_phi_0.9,50,4,0.6561,0.5574865693209899
ar1_phi_0.9,50,5,0.5904900000000001,0.47895643322211434
ar1_phi_0.9,50,6,0.531441,0.4148007735012967
ar1_phi_0.9,50,7,0.4782969000000001,0.34946343714707767
ar1_phi_0.9,50,8,0.4304672100000001,0.3065497574667985
ar1_phi_0.9,50,9,0.3874204890000001,0.26951416649686105
ar1_phi_0.9,50,10,0.3486784401000001,0.22934554796009193
ar1_phi_0.9,50,11,0.31381059609000006,0.20731640876799073
ar1_phi_0.9,50,12,0.2824295364810001,0.18287247690574224
ar1_phi_0.9,50,13,0.2541865828329001,0.13729941750715124
ar1_phi_0.9,50,14,0.2287679245496101,0.08573047365760485
ar1_phi_0.9,50,15,0.20589113209464907,0.06189652196151289
ar1_phi_0.9,50,16,0.18530201888518416,0.03885084825414528
ar1_phi_0.9,50,17,0.16677181699666577,0.039670012706239786
ar1_phi_0.9,50,18,0.15009463529699918,0.06699726706445365
ar1_phi_0.9,50,19,0.13508517176729928,0.09252399508072802
ar1_phi_0.9,50,20,0.12157665459056935,0.119373078895003
ar1_phi_0.9,51,1,0.9,0.8992979712708851
ar1_phi_0.9,51,2,0.81,0.8207180479662827
ar1_phi_0.9,51,3,0.7290000000000001,0.7631471445407515
ar1_phi_0.9,51,4,0.6561,0.7049416948817732
ar1_phi_0.9,51,5,0.5904900000000001,0.636426253824425
ar1_phi_0.9,51,6,0.531441,0.5924708494659411
ar1_phi_0.9,51,7,0.4782969000000001,0.5516437001306883
ar1_phi_0.9,51,8,0.4304672100000001,0.5254270474775983
ar1_phi_0.9,51,9,0.3874204890000001,0.5064627697182201
ar1_phi_0.9,51,10,0.3486784401000001,0.4928560452609811
ar1_phi_0.9,51,11,0.31381059609000006,0.46430916765289026
ar1_phi_0.9,51,12,0.2824295364810001,0.423717416079029
ar1_phi_0.9,51,13,0.2541865828329001,0.391458154213571
ar1_phi_0.9,51,14,0.2287679245496101,0.3362681947059965
ar1_phi_0.9,51,15,0.20589113209464907,0.2945978104013521
ar1_phi_0.9,51,16,0.18530201888518416,0.2597186921914946
ar1_phi_0.9,51,17,0.16677181699666577,0.23398899549495658
ar1_phi_0.9,51,18,0.15009463529699918,0.19612863982867615
ar1_phi_0.9,51,19,0.13508517176729928,0.17354471527339238
ar1_phi_0.9,51,20,0.12157665459056935,0.14137725800489392
ar1_phi_0.9,52,1,0.9,0.8860035852570722
ar1_phi_0.9,52,2,0.81,0.7815745048765351
ar1_phi_0.9,52,3,0.7290000000000001,0.6990068903810936
ar1_phi_0.9,52,4,0.6561,0.6204308742965741
ar1_phi_0.9,52,5,0.5904900000000001,0.5404943882013926
ar1_phi_0.9,52,6,0.531441,0.4696922560790119
ar1_phi_0.9,52,7,0.4782969000000001,0.41111470434298447
ar1_phi_0.9,52,8,0.4304672100000001,0.3798122456632963
ar1_phi_0.9,52,9,0.3874204890000001,0.3419304216326983
ar1_phi_0.9,52,10,0.3486784401000001,0.3122861181909041
ar1_phi_0.9,52,11,0.31381059609000006,0.2795044494875367
ar1_phi_0.9,52,12,0.2824295364810001,0.2560068550197299
ar1_phi_0.9,52,13,0.2541865828329001,0.24688173254855875
ar1_phi_0.9,52,14,0.2287679245496101,0.2230556109018451
ar1_phi_0.9,52,15,0.20589113209464907,0.20099039310975766
ar1_phi_0.9,52,16,0.18530201888518416,0.18491649672417385
ar1_phi_0.9,52,17,0.16677181699666577,0.1672627713643675
ar1_phi_0.9,52,18,0.15009463529699918,0.13094950402051825
ar1_phi_0.9,52,19,0.13508517176729928,0.08741371984997251
ar1_phi_0.9,52,20,0.12157665459056935,0.047468897051219414
ar1_phi_0.9,53,1,0.9,0.854595956041369
ar1_phi_0.9,53,2,0.81,0.7244191895211093
ar1_phi_0.9,53,3,0.7290000000000001,0.6487522098282966
ar1_phi_0.9,53,4,0.6561,0.5753545984609458
ar1_phi_0.9,53,5,0.5904900000000001,0.4822122901606152
ar1_phi_0.9,53,6,0.531441,0.4133979440704635
ar1_phi_0.9,53,7,0.4782969000000001,0.3854833843289912
ar1_phi_0.9,53,8,0.4304672100000001,0.37795024915879083
ar1_phi_0.9,53,9,0.3874204890000001,0.381648489787058
ar1_phi_0.9,53,10,0.3486784401000001,0.3818817442708142
ar1_phi_0.9,53,11,0.31381059609000006,0.3793130617183408
ar1_phi_0.9,53,12,0.2824295364810001,0.33746659255177835
ar1_phi_0.9,53,13,0.2541865828329001,0.2806819741926113
ar1_phi_0.9,53,14,0.2287679245496101,0.232479011886709
ar1_phi_0.9,53,15,0.20589113209464907,0.19224989624236027
ar1_phi_0.9,53,16,0.18530201888518416,0.15974180455453493
ar1_phi_0.9,53,17,0.16677181699666577,0.1491509953403646
ar1_phi_0.9,53,18,0.15009463529699918,0.12436632966876104
ar1_phi_0.9,53,19,0.13508517176729928,0.11643661948003696
ar1_phi_0.9,53,20,0.12157665459056935,0.13181745871377493
ar1_phi_0.9,54,1,0.9,0.8618628927698144
ar1_phi_0.9,54,2,0.81,0.7099115310877828
ar1_phi_0.9,54,3,0.7290000000000001,0.5508016819819876
ar1_phi_0.9,54,4,0.6561,0.40751864984712544
ar1_phi_0.9,54,5,0.5904900000000001,0.27992897875670925
ar1_phi_0.9,54,6,0.531441,0.19246049843810567
ar1_phi_0.9,54,7,0.4782969000000001,0.11024362096026694
ar1_phi_0.9,54,8,0.4304672100000001,0.04876467641316993
ar1_phi_0.9,54,9,0.3874204890000001,0.003810138349343789
ar1_phi_0.9,54,10,0.3486784401000001,-0.013621602864409778
ar1_phi_0.9,54,11,0.31381059609000006,-0.035037670401370284
ar1_phi_0.9,54,12,0.2824295364810001,-0.06830912520614935
ar1_phi_0.9,54,13,0.2541865828329001,-0.09370461821063758
ar1_phi_0.9,54,14,0.2287679245496101,-0.10598987559299969
ar1_phi_0.9,54,15,0.20589113209464907,-0.12344000628937972
ar1_phi_0.9,54,16,0.18530201888518416,-0.10936854230657693
ar1_phi_0.9,54,17,0.16677181699666577,-0.10325799364507653
ar1_phi_0.9,54,18,0.15009463529699918,-0.10169484628251202
ar1_phi_0.9,54,19,0.13508517176729928,-0.11319117437670607
ar1_phi_0.9,54,20,0.12157665459056935,-0.09604437135755782
ar1_phi_0.9,55,1,0.9,0.9269046137397917
ar1_phi_0.9,55,2,0.81,0.8549758680024769
ar1_phi_0.9,55,3,0.7290000000000001,0.787401630535153
ar1_phi_0.9,55,4,0.6561,0.7357925158345605
ar1_phi_0.9,55,5,0.5904900000000001,0.6849603430937021
ar1_phi_0.9,55,6,0.531441,0.6344873453422711
ar1_phi_0.9,55,7,0.4782969000000001,0.5831514789796391
ar1_phi_0.9,55,8,0.4304672100000001,0.5355357606268378
ar1_phi_0.9,55,9,0.3874204890000001,0.5013972192075428
ar1_phi_0.9,55,10,0.3486784401000001,0.4852456444707364
ar1_phi_0.9,55,11,0.31381059609000006,0.47628329336287284
ar1_phi_0.9,55,12,0.2824295364810001,0.4563253593653049
ar1_phi_0.9,55,13,0.2541865828329001,0.4350742343423262
ar1_phi_0.9,55,14,0.2287679245496101,0.41150592828391624
ar1_phi_0.9,55,15,0.20589113209464907,0.3859477485068906
ar1_phi_0.9,55,16,0.18530201888518416,0.3575069763666626
ar1_phi_0.9,55,17,0.16677181699666577,0.32579434899577364
ar1_phi_0.9,55,18,0.15009463529699918,0.3033557201891721
ar1_phi_0.9,55,19,0.13508517176729928,0.271745828773433
ar1_phi_0.9,55,20,0.12157665459056935,0.24143136874664534
ar1_phi_0.9,56,1,0.9,0.9123355594378177
ar1_phi_0.9,56,2,0.81,0.8210132328426011
ar1_phi_0.9,56,3,0.7290000000000001,0.7242704301928954
ar1_phi_0.9,56,4,0.6561,0.6310434422477945
ar1_phi_0.9,56,5,0.5904900000000001,0.5445100224504955
ar1_phi_0.9,56,6,0.531441,0.4759313059984279
ar1_phi_0.9,56,7,0.4782969000000001,0.4018428834144165
ar1_phi_0.9,56,8,0.4304672100000001,0.3450421062630387
ar1_phi_0.9,56,9,0.3874204890000001,0.2944060429611768
ar1_phi_0.9,56,10,0.3486784401000001,0.23860481963075558
ar1_phi_0.9,56,11,0.31381059609000006,0.1879896688458579
ar1_phi_0.9,56,12,0.2824295364810001,0.13224798902585283
ar1_phi_0.9,56,13,0.2541865828329001,0.0825913427112692
ar1_phi_0.9,56,14,0.2287679245496101,0.033660338745881396
ar1_phi_0.9,56,15,0.20589113209464907,-0.004846638081247207
ar1_phi_0.9,56,16,0.18530201888518416,-0.046971824428917994
ar1_phi_0.9,56,17,0.16677181699666577,-0.09042962535821814
ar1_phi_0.9,56,18,0.15009463529699918,-0.13589362877204195
ar1_phi_0.9,56,19,0.13508517176729928,-0.17743739485987398
ar1_phi_0.9,56,20,0.12157665459056935,-0.20299626361280126
ar1_phi_0.9,57,1,0.9,0.8435684702791114
ar1_phi_0.9,57,2,0.81,0.7049688753856886
ar1_phi_0.9,57,3,0.7290000000000001,0.5887615000369125
ar1_phi_0.9,57,4,0.6561,0.49870938534059744
ar1_phi_0.9,57,5,0.5904900000000001,0.40595780655134595
ar1_phi_0.9,57,6,0.531441,0.3086711544585783
ar1_phi_0.9,57,7,0.4782969000000001,0.23124298187551912
ar1_phi_0.9,57,8,0.4304672100000001,0.17221578016115136
ar1_phi_0.9,57,9,0.3874204890000001,0.14505748822374004
ar1_phi_0.9,57,10,0.3486784401000001,0.13451250233180156
ar1_phi_0.9,57,11,0.31381059609000006,0.11858845981793752
ar1_phi_0.9,57,12,0.2824295364810001,0.10106579081128549
ar1_phi_0.9,57,13,0.2541865828329001,0.09164157679531497
ar1_phi_0.9,57,14,0.2287679245496101,0.059546527648669134
ar1_phi_0.9,57,15,0.20589113209464907,0.012312295327775892
ar1_phi_0.9,57,16,0.18530201888518416,-0.0195307839048563
ar1_phi_0.9,57,17,0.16677181699666577,-0.05987158333890583
ar1_phi_0.9,57,18,0.15009463529699918,-0.08153998863526168
ar1_phi_0.9,57,19,0.13508517176729928,-0.09119071174714066
ar1_phi_0.9,57,20,0.12157665459056935,-0.09701158619850724
ar1_phi_0.9,58,1,0.9,0.9294815301684286
ar1_phi_0.9,58,2,0.81,0.8608811154894368
ar1_phi_0.9,58,3,0.7290000000000001,0.7966702160389212
ar1_phi_0.9,58,4,0.6561,0.7444100315502339
ar1_phi_0.9,58,5,0.5904900000000001,0.6780415910450007
ar1_phi_0.9,58,6,0.531441,0.6194730728762106
ar1_phi_0.9,58,7,0.4782969000000001,0.5570184834582426
ar1_phi_0.9,58,8,0.4304672100000001,0.5018675561216238
ar1_phi_0.9,58,9,0.3874204890000001,0.4590192682865609
ar1_phi_0.9,58,10,0.3486784401000001,0.417717223761941
ar1_phi_0.9,58,11,0.31381059609000006,0.37126978370040326
ar1_phi_0.9,58,12,0.2824295364810001,0.3349349710820492
ar1_phi_0.9,58,13,0.2541865828329001,0.30540093027149456
ar1_phi_0.9,58,14,0.2287679245496101,0.2855898568632181
ar1_phi_0.9,58,15,0.20589113209464907,0.2519543867470189
ar1_phi_0.9,58,16,0.18530201888518416,0.21791251742194012
ar1_phi_0.9,58,17,0.16677181699666577,0.17774258937858353
ar1_phi_0.9,58,18,0.15009463529699918,0.14882696924279887
ar1_phi_0.9,58,19,0.13508517176729928,0.11898637023092117
ar1_phi_0.9,58,20,0.12157665459056935,0.1044929740974347
ar1_phi_0.9,59,1,0.9,0.8352523414083589
ar1_phi_0.9,59,2,0.81,0.6636616833270864
ar1_phi_0.9,59,3,0.7290000000000001,0.5203582475771019
ar1_phi_0.9,59,4,0.6561,0.40386545511631744
ar1_phi_0.9,59,5,0.5904900000000001,0.2921604534347537
ar1_phi_0.9,59,6,0.531441,0.21723944442072696
ar1_phi_0.9,59,7,0.4782969000000001,0.1546166580241417
ar1_phi_0.9,59,8,0.4304672100000001,0.09800490201497261
ar1_phi_0.9,59,9,0.3874204890000001,0.06076616623213797
ar1_phi_0.9,59,10,0.3486784401000001,0.0510198809334546
ar1_phi_0.9,59,11,0.31381059609000006,0.05486271189696093
ar1_phi_0.9,59,12,0.2824295364810001,0.0352107122327817
ar1_phi_0.9,59,13,0.2541865828329001,0.009174333456404817
ar1_phi_0.9,59,14,0.2287679245496101,-0.031563060333674
ar1_phi_0.9,59,15,0.20589113209464907,-0.04321419387163824
ar1_phi_0.9,59,16,0.18530201888518416,-0.04860253592784092
ar1_phi_0.9,59,17,0.16677181699666577,-0.028451148006056404
ar1_phi_0.9,59,18,0.15009463529699918,0.0023727977912649236
ar1_phi_0.9,59,19,0.13508517176729928,0.0335156795993209
ar1_phi_0.9,59,20,0.12157665459056935,0.06969521371751154
ar1_phi_0.9,60,1,0.9,0.8981693005158342
ar1_phi_0.9,60,2,0.81,0.7625253810219165
ar1_phi_0.9,60,3,0.7290000000000001,0.6366352497798496
ar1_phi_0.9,60,4,0.6561,0.5310254827147058
ar1_phi_0.9,60,5,0.5904900000000001,0.43104063503343226
ar1_phi_0.9,60,6,0.531441,0.3430126317295666
ar1_phi_0.9,60,7,0.4782969000000001,0.2836535841366495
ar1_phi_0.9,60,8,0.4304672100000001,0.23824207680437057
ar1_phi_0.9,60,9,0.3874204890000001,0.21102032371252272
ar1_phi_0.9,60,10,0.3486784401000001,0.18197826150746554
ar1_phi_0.9,60,11,0.31381059609000006,0.16930920647723993
ar1_phi_0.9,60,12,0.2824295364810001,0.1527022807362657
ar1_phi_0.9,60,13,0.2541865828329001,0.12023575990396708
ar1_phi_0.9,60,14,0.2287679245496101,0.06555978622748489
ar1_phi_0.9,60,15,0.20589113209464907,0.028305050687778475
ar1_phi_0.9,60,16,0.18530201888518416,0.0035573055187703975
ar1_phi_0.9,60,17,0.16677181699666577,-4.5196263955934596e-05
ar1_phi_0.9,60,18,0.15009463529699918,0.007165083817979149
ar1_phi_0.9,60,19,0.13508517176729928,0.022176861121135844
ar1_phi_0.9,60,20,0.12157665459056935,0.02754065765640359
ar1_phi_0.9,61,1,0.9,0.8831004126208437
ar1_phi_0.9,61,2,0.81,0.7885848915891965
ar1_phi_0.9,61,3,0.7290000000000001,0.7031210689397626
ar1_phi_0.9,61,4,0.6561,0.6104594678743874
ar1_phi_0.9,61,5,0.5904900000000001,0.5348840097748979
ar1_phi_0.9,61,6,0.531441,0.4574903627944733
ar1_phi_0.9,61,7,0.4782969000000001,0.3764514128330508
ar1_phi_0.9,61,8,0.4304672100000001,0.32290546651016394
ar1_phi_0.9,61,9,0.3874204890000001,0.26981854249418025
ar1_phi_0.9,61,10,0.3486784401000001,0.2246420341929902
ar1_phi_0.9,61,11,0.31381059609000006,0.18159910786428132
ar1_phi_0.9,61,12,0.2824295364810001,0.13603213791710697
ar1_phi_0.9,61,13,0.2541865828329001,0.11876131525316173
ar1_phi_0.9,61,14,0.2287679245496101,0.1000867758123451
ar1_phi_0.9,61,15,0.20589113209464907,0.08337303836624353
ar1_phi_0.9,61,16,0.18530201888518416,0.05378306602971769
ar1_phi_0.9,61,17,0.16677181699666577,0.045403056340537526
ar1_phi_0.9,61,18,0.15009463529699918,0.057910713634666613
ar1_phi_0.9,61,19,0.13508517176729928,0.06695951232426664
ar1_phi_0.9,61,20,0.12157665459056935,0.06162085003248964
ar1_phi_0.9,62,1,0.9,0.8995636866414786
ar1_phi_0.9,62,2,0.81,0.824021390303323
ar1_phi_0.9,62,3,0.7290000000000001,0.7699701720604553
ar1_phi_0.9,62,4,0.6561,0.7080197730419081
ar1_phi_0.9,62,5,0.5904900000000001,0.6648346541355183
ar1_phi_0.9,62,6,0.531441,0.619099694251846
ar1_phi_0.9,62,7,0.4782969000000001,0.5853931010100843
ar1_phi_0.9,62,8,0.4304672100000001,0.5562538607462721
ar1_phi_0.9,62,9,0.3874204890000001,0.5283485927539007
ar1_phi_0.9,62,10,0.3486784401000001,0.5025279763413427
ar1_phi_0.9,62,11,0.31381059609000006,0.4883141621173805
ar1_phi_0.9,62,12,0.2824295364810001,0.4833073495962112
ar1_phi_0.9,62,13,0.2541865828329001,0.46036339036420165
ar1_phi_0.9,62,14,0.2287679245496101,0.4277774068932973
ar1_phi_0.9,62,15,0.20589113209464907,0.4052941940430977
ar1_phi_0.9,62,16,0.18530201888518416,0.38076373225377824
ar1_phi_0.9,62,17,0.16677181699666577,0.3592228358881685
ar1_phi_0.9,62,18,0.15009463529699918,0.31591114161011186
ar1_phi_0.9,62,19,0.13508517176729928,0.28520687581140897
ar1_phi_0.9,62,20,0.12157665459056935,0.256921489015399
ar1_phi_0.9,63,1,0.9,0.9024134708425867
ar1_phi_0.9,63,2,0.81,0.7914708533010417
ar1_phi_0.9,63,3,0.7290000000000001,0.7071040042853245
ar1_phi_0.9,63,4,0.6561,0.637573174011471
ar1_phi_0.9,63,5,0.5904900000000001,0.5806458169710009
ar1_phi_0.9,63,6,0.531441,0.5298368623985894
ar1_phi_0.9,63,7,0.4782969000000001,0.4997393925220656
ar1_phi_0.9,63,8,0.4304672100000001,0.46568259209211843
ar1_phi_0.9,63,9,0.3874204890000001,0.44194746009457075
ar1_phi_0.9,63,10,0.3486784401000001,0.44187917461342674
ar1_phi_0.9,63,11,0.31381059609000006,0.44150814398334104
ar1_phi_0.9,63,12,0.2824295364810001,0.4272867153864635
ar1_phi_0.9,63,13,0.2541865828329001,0.41012313164476244
ar1_phi_0.9,63,14,0.2287679245496101,0.3933298493077484
ar1_phi_0.9,63,15,0.20589113209464907,0.3814758078916614
ar1_phi_0.9,63,16,0.18530201888518416,0.3815268231629854
ar1_phi_0.9,63,17,0.16677181699666577,0.3706994377877132
ar1_phi_0.9,63,18,0.15009463529699918,0.35878218457155536
ar1_phi_0.9,63,19,0.13508517176729928,0.3547772011546759
ar1_phi_0.9,63,20,0.12157665459056935,0.35261714045206183
ar1_phi_0.9,64,1,0.9,0.865324393464189
ar1_phi_0.9,64,2,0.81,0.7655496713626153
ar1_phi_0.9,64,3,0.7290000000000001,0.654443849378683
ar1_phi_0.9,64,4,0.6561,0.5629697032130263
ar1_phi_0.9,64,5,0.5904900000000001,0.4747717714854128
ar1_phi_0.9,64,6,0.531441,0.40167310597691586
ar1_phi_0.9,64,7,0.4782969000000001,0.36470082294149764
ar1_phi_0.9,64,8,0.4304672100000001,0.3061159758539375
ar1_phi_0.9,64,9,0.3874204890000001,0.2659814934507178
ar1_phi_0.9,64,10,0.3486784401000001,0.23582089318586222
ar1_phi_0.9,64,11,0.31381059609000006,0.2197498535732912
ar1_phi_0.9,64,12,0.2824295364810001,0.19545035475469288
ar1_phi_0.9,64,13,0.2541865828329001,0.16118344320288974
ar1_phi_0.9,64,14,0.2287679245496101,0.13228168629553422
ar1_phi_0.9,64,15,0.20589113209464907,0.08617476810657751
ar1_phi_0.9,64,16,0.18530201888518416,0.04932162589136547
ar1_phi_0.9,64,17,0.16677181699666577,0.023039069586134688
ar1_phi_0.9,64,18,0.15009463529699918,0.013908403746093905
ar1_phi_0.9,64,19,0.13508517176729928,0.017194637539573482
ar1_phi_0.9,64,20,0.12157665459056935,0.03043960401574739
ar1_phi_0.9,65,1,0.9,0.8946463710131087
ar1_phi_0.9,65,2,0.81,0.8093401981802175
ar1_phi_0.9,65,3,0.7290000000000001,0.7087450763286853
ar1_phi_0.9,65,4,0.6561,0.624300833268547
ar1_phi_0.9,65,5,0.5904900000000001,0.5397130784642649
ar1_phi_0.9,65,6,0.531441,0.4841214152690429
ar1_phi_0.9,65,7,0.4782969000000001,0.42898846914817307
ar1_phi_0.9,65,8,0.4304672100000001,0.3688605404590102
ar1_phi_0.9,65,9,0.3874204890000001,0.3178714176474435
ar1_phi_0.9,65,10,0.3486784401000001,0.2709498269313404
ar1_phi_0.9,65,11,0.31381059609000006,0.22509331590347978
ar1_phi_0.9,65,12,0.2824295364810001,0.17616495118980194
ar1_phi_0.9,65,13,0.2541865828329001,0.11916219537564289
ar1_phi_0.9,65,14,0.2287679245496101,0.05729395929737155
ar1_phi_0.9,65,15,0.20589113209464907,0.014729881332551981
ar1_phi_0.9,65,16,0.18530201888518416,-0.02453372810286364
ar1_phi_0.9,65,17,0.16677181699666577,-0.044035141383141005
ar1_phi_0.9,65,18,0.15009463529699918,-0.055389537572523885
ar1_phi_0.9,65,19,0.13508517176729928,-0.055712711044649504
ar1_phi_0.9,65,20,0.12157665459056935,-0.0643026111217798
ar1_phi_0.9,66,1,0.9,0.8771402220397724
ar1_phi_0.9,66,2,0.81,0.7845811253276967
ar1_phi_0.9,66,3,0.7290000000000001,0.7101827318349561
ar1_phi_0.9,66,4,0.6561,0.6197356713820609
ar1_phi_0.9,66,5,0.5904900000000001,0.5511565575856625
ar1_phi_0.9,66,6,0.531441,0.5130191374025922
ar1_phi_0.9,66,7,0.4782969000000001,0.45868721712972776
ar1_phi_0.9,66,8,0.4304672100000001,0.3991173484846889
ar1_phi_0.9,66,9,0.3874204890000001,0.35464405495619616
ar1_phi_0.9,66,10,0.3486784401000001,0.29186404343701927
ar1_phi_0.9,66,11,0.31381059609000006,0.2516022299139401
ar1_phi_0.9,66,12,0.2824295364810001,0.21339949938988856
ar1_phi_0.9,66,13,0.2541865828329001,0.17574551550586354
ar1_phi_0.9,66,14,0.2287679245496101,0.16026404622466725
ar1_phi_0.9,66,15,0.20589113209464907,0.15404398091502275
ar1_phi_0.9,66,16,0.18530201888518416,0.14830072357356114
ar1_phi_0.9,66,17,0.16677181699666577,0.1279999789446279
ar1_phi_0.9,66,18,0.15009463529699918,0.11869684132072027
ar1_phi_0.9,66,19,0.13508517176729928,0.09583274264685095
ar1_phi_0.9,66,20,0.12157665459056935,0.06929856298466909
ar1_phi_0.9,67,1,0.9,0.8943374465137585
ar1_phi_0.9,67,2,0.81,0.7847310287556828
ar1_phi_0.9,67,3,0.7290000000000001,0.693403036473144
ar1_phi_0.9,67,4,0.6561,0.6056982648559073
ar1_phi_0.9,67,5,0.5904900000000001,0.520424744810744
ar1_phi_0.9,67,6,0.531441,0.45036114208190486
ar1_phi_0.9,67,7,0.4782969000000001,0.3946672839386963
ar1_phi_0.9,67,8,0.4304672100000001,0.33637466023217494
ar1_phi_0.9,67,9,0.3874204890000001,0.2964898581540384
ar1_phi_0.9,67,10,0.3486784401000001,0.27250956982572827
ar1_phi_0.9,67,11,0.31381059609000006,0.2579926618826763
ar1_phi_0.9,67,12,0.2824295364810001,0.24824731965855137
ar1_phi_0.9,67,13,0.2541865828329001,0.2475628478184225
ar1_phi_0.9,67,14,0.2287679245496101,0.24787062775638216
ar1_phi_0.9,67,15,0.20589113209464907,0.25411273383132355
ar1_phi_0.9,67,16,0.18530201888518416,0.2744902897280087
ar1_phi_0.9,67,17,0.16677181699666577,0.27922842371514345
ar1_phi_0.9,67,18,0.15009463529699918,0.26972734268829834
ar1_phi_0.9,67,19,0.13508517176729928,0.24255590372905678
ar1_phi_0.9,67,20,0.12157665459056935,0.2087235487968939
ar1_phi_0.9,68,1,0.9,0.8733791834658939
ar1_phi_0.9,68,2,0.81,0.7843167091437383
ar1_phi_0.9,68,3,0.7290000000000001,0.689325328581924
ar1_phi_0.9,68,4,0.6561,0.5886161764719274
ar1_phi_0.9,68,5,0.5904900000000001,0.5312625402149588
ar1_phi_0.9,68,6,0.531441,0.46745224021591186
ar1_phi_0.9,68,7,0.4782969000000001,0.4182985819237103
ar1_phi_0.9,68,8,0.4304672100000001,0.36719949094518356
ar1_phi_0.9,68,9,0.3874204890000001,0.3234991953989603
ar1_phi_0.9,68,10,0.3486784401000001,0.2999243245415277
ar1_phi_0.9,68,11,0.31381059609000006,0.25785852813957977
ar1_phi_0.9,68,12,0.2824295364810001,0.21962737898745155
ar1_phi_0.9,68,13,0.2541865828329001,0.1813733954432347
ar1_phi_0.9,68,14,0.2287679245496101,0.15323605781383579
ar1_phi_0.9,68,15,0.20589113209464907,0.13207076450040994
ar1_phi_0.9,68,16,0.18530201888518416,0.0876028441143113
ar1_phi_0.9,68,17,0.16677181699666577,0.05641333914141781
ar1_phi_0.9,68,18,0.15009463529699918,0.011522189755914234
ar1_phi_0.9,68,19,0.13508517176729928,-0.04667694923082377
ar1_phi_0.9,68,20,0.12157665459056935,-0.09510908687508632
ar1_phi_0.9,69,1,0.9,0.8937840409734357
ar1_phi_0.9,69,2,0.81,0.8073367018371861
ar1_phi_0.9,69,3,0.7290000000000001,0.6995455093483616
ar1_phi_0.9,69,4,0.6561,0.593411428337414
ar1_phi_0.9,69,5,0.5904900000000001,0.5030986819035055
ar1_phi_0.9,69,6,0.531441,0.4157350300263366
ar1_phi_0.9,69,7,0.4782969000000001,0.32079605934930017
ar1_phi_0.9,69,8,0.4304672100000001,0.2410110975580478
ar1_phi_0.9,69,9,0.3874204890000001,0.17735693075244374
ar1_phi_0.9,69,10,0.3486784401000001,0.12508103111674782
ar1_phi_0.9,69,11,0.31381059609000006,0.07242204150349449
ar1_phi_0.9,69,12,0.2824295364810001,0.03780183790201588
ar1_phi_0.9,69,13,0.2541865828329001,-0.009487727281792303
ar1_phi_0.9,69,14,0.2287679245496101,-0.04790781415882253
ar1_phi_0.9,69,15,0.20589113209464907,-0.07781701720284619
ar1_phi_0.9,69,16,0.18530201888518416,-0.1008673607249609
ar1_phi_0.9,69,17,0.16677181699666577,-0.11960305293859963
ar1_phi_0.9,69,18,0.15009463529699918,-0.13968711052831495
ar1_phi_0.9,69,19,0.13508517176729928,-0.16845211095373175
ar1_phi_0.9,69,20,0.12157665459056935,-0.19578841426540577
ar1_phi_0.9,70,1,0.9,0.9002517965707403
ar1_phi_0.9,70,2,0.81,0.8144197369664619
ar1_phi_0.9,70,3,0.7290000000000001,0.7378126326054575
ar1_phi_0.9,70,4,0.6561,0.6540671443353094
ar1_phi_0.9,70,5,0.5904900000000001,0.5817104228504807
ar1_phi_0.9,70,6,0.531441,0.5128595152123555
ar1_phi_0.9,70,7,0.4782969000000001,0.44817200340856295
ar1_phi_0.9,70,8,0.4304672100000001,0.38451728329910334
ar1_phi_0.9,70,9,0.3874204890000001,0.3284590219257273
ar1_phi_0.9,70,10,0.3486784401000001,0.28179221617260314
ar1_phi_0.9,70,11,0.31381059609000006,0.245157343401374
ar1_phi_0.9,70,12,0.2824295364810001,0.20672347224201235
ar1_phi_0.9,70,13,0.2541865828329001,0.18329913638219214
ar1_phi_0.9,70,14,0.2287679245496101,0.16629358810414438
ar1_phi_0.9,70,15,0.20589113209464907,0.156636742336852
ar1_phi_0.9,70,16,0.18530201888518416,0.1380856172788698
ar1_phi_0.9,70,17,0.16677181699666577,0.11653930723948804
ar1_phi_0.9,70,18,0.15009463529699918,0.10432270995481906
ar1_phi_0.9,70,19,0.13508517176729928,0.06568736094184661
ar1_phi_0.9,70,20,0.12157665459056935,0.03801670263445172
ar1_phi_0.9,71,1,0.9,0.9039986148852417
ar1_phi_0.9,71,2,0.81,0.7958472566462642
ar1_phi_0.9,71,3,0.7290000000000001,0.6997485444093375
ar1_phi_0.9,71,4,0.6561,0.6046830951747334
ar1_phi_0.9,71,5,0.5904900000000001,0.5180927291883929
ar1_phi_0.9,71,6,0.531441,0.43598093923848585
ar1_phi_0.9,71,7,0.4782969000000001,0.3701643897811066
ar1_phi_0.9,71,8,0.4304672100000001,0.29705804236234523
ar1_phi_0.9,71,9,0.3874204890000001,0.22585592918018743
ar1_phi_0.9,71,10,0.3486784401000001,0.17471738782687082
ar1_phi_0.9,71,11,0.31381059609000006,0.15917289406696422
ar1_phi_0.9,71,12,0.2824295364810001,0.1382657692377624
ar1_phi_0.9,71,13,0.2541865828329001,0.11227307827543104
ar1_phi_0.9,71,14,0.2287679245496101,0.08564549756184844
ar1_phi_0.9,71,15,0.20589113209464907,0.05981192821249679
ar1_phi_0.9,71,16,0.18530201888518416,0.03800930099325053
ar1_phi_0.9,71,17,0.16677181699666577,0.018288545448060023
ar1_phi_0.9,71,18,0.15009463529699918,6.912378532172854e-05
ar1_phi_0.9,71,19,0.13508517176729928,0.0004235093053988258
ar1_phi_0.9,71,20,0.12157665459056935,0.009746969749559277
ar1_phi_0.9,72,1,0.9,0.8705406404870564
ar1_phi_0.9,72,2,0.81,0.7418855612829598
ar1_phi_0.9,72,3,0.7290000000000001,0.6262031073739057
ar1_phi_0.9,72,4,0.6561,0.5192778472118487
ar1_phi_0.9,72,5,0.5904900000000001,0.4296853677312141
ar1_phi_0.9,72,6,0.531441,0.3301124071487239
ar1_phi_0.9,72,7,0.4782969000000001,0.23225910753204457
ar1_phi_0.9,72,8,0.4304672100000001,0.14279933221667956
ar1_phi_0.9,72,9,0.3874204890000001,0.0733102317456708
ar1_phi_0.9,72,10,0.3486784401000001,0.02372220394622927
ar1_phi_0.9,72,11,0.31381059609000006,-0.03605751171212879
ar1_phi_0.9,72,12,0.2824295364810001,-0.06928311997159765
ar1_phi_0.9,72,13,0.2541865828329001,-0.08870361585762254
ar1_phi_0.9,72,14,0.2287679245496101,-0.1011383626973123
ar1_phi_0.9,72,15,0.20589113209464907,-0.09707043371380061
ar1_phi_0.9,72,16,0.18530201888518416,-0.10611156960585601
ar1_phi_0.9,72,17,0.16677181699666577,-0.09205236447656082
ar1_phi_0.9,72,18,0.15009463529699918,-0.05852437217526652
ar1_phi_0.9,72,19,0.13508517176729928,-0.04287871958680238
ar1_phi_0.9,72,20,0.12157665459056935,-0.0305974895849329
ar1_phi_0.9,73,1,0.9,0.8649134842650893
ar1_phi_0.9,73,2,0.81,0.7709016864923732
ar1_phi_0.9,73,3,0.7290000000000001,0.71778042670352
ar1_phi_0.9,73,4,0.6561,0.6686453461885798
ar1_phi_0.9,73,5,0.5904900000000001,0.6203793654328018
ar1_phi_0.9,73,6,0.531441,0.5511705875352064
ar1_phi_0.9,73,7,0.4782969000000001,0.49960498394392694
ar1_phi_0.9,73,8,0.4304672100000001,0.42334138440163466
ar1_phi_0.9,73,9,0.3874204890000001,0.35973784989886803
ar1_phi_0.9,73,10,0.3486784401000001,0.3142374199507235
ar1_phi_0.9,73,11,0.31381059609000006,0.2880669545147711
ar1_phi_0.9,73,12,0.2824295364810001,0.2837292546856962
ar1_phi_0.9,73,13,0.2541865828329001,0.27130469382835215
ar1_phi_0.9,73,14,0.2287679245496101,0.2614191982532501
ar1_phi_0.9,73,15,0.20589113209464907,0.26371544701607047
ar1_phi_0.9,73,16,0.18530201888518416,0.24785739934506545
ar1_phi_0.9,73,17,0.16677181699666577,0.24128231550226828
ar1_phi_0.9,73,18,0.15009463529699918,0.23701637409624388
ar1_phi_0.9,73,19,0.13508517176729928,0.24298927829708522
ar1_phi_0.9,73,20,0.12157665459056935,0.23862798867815524
ar1_phi_0.9,74,1,0.9,0.8886650155539425
ar1_phi_0.9,74,2,0.81,0.795806519859392
ar1_phi_0.9,74,3,0.7290000000000001,0.7174644634156971
ar1_phi_0.9,74,4,0.6561,0.6409722261481626
ar1_phi_0.9,74,5,0.5904900000000001,0.5747116846587258
ar1_phi_0.9,74,6,0.531441,0.5093711224426423
ar1_phi_0.9,74,7,0.4782969000000001,0.4527235874830901
ar1_phi_0.9,74,8,0.4304672100000001,0.3938934520979112
ar1_phi_0.9,74,9,0.3874204890000001,0.3370599660129291
ar1_phi_0.9,74,10,0.3486784401000001,0.2948500345934723
ar1_phi_0.9,74,11,0.31381059609000006,0.24358071786034224
ar1_phi_0.9,74,12,0.2824295364810001,0.17148548968756308
ar1_phi_0.9,74,13,0.2541865828329001,0.125556280778317
ar1_phi_0.9,74,14,0.2287679245496101,0.09646149850480745
ar1_phi_0.9,74,15,0.20589113209464907,0.07167878406423994
ar1_phi_0.9,74,16,0.18530201888518416,0.03347737295948211
ar1_phi_0.9,74,17,0.16677181699666577,-0.008847589835202773
ar1_phi_0.9,74,18,0.15009463529699918,-0.04565495090956557
ar1_phi_0.9,74,19,0.13508517176729928,-0.062657847841857
ar1_phi_0.9,74,20,0.12157665459056935,-0.08778684498660311
ar1_phi_0.9,75,1,0.9,0.8967793445149287
ar1_phi_0.9,75,2,0.81,0.8002638622899835
ar1_phi_0.9,75,3,0.7290000000000001,0.722510991481376
ar1_phi_0.9,75,4,0.6561,0.664464077572037
ar1_phi_0.9,75,5,0.5904900000000001,0.6164049503474731
ar1_phi_0.9,75,6,0.531441,0.561379259943938
ar1_phi_0.9,75,7,0.4782969000000001,0.5252915842024465
ar1_phi_0.9,75,8,0.4304672100000001,0.47259802590064165
ar1_phi_0.9,75,9,0.3874204890000001,0.4280969133302134
ar1_phi_0.9,75,10,0.3486784401000001,0.3922968348775455
ar1_phi_0.9,75,11,0.31381059609000006,0.35714252752671377
ar1_phi_0.9,75,12,0.2824295364810001,0.344908922666846
ar1_phi_0.9,75,13,0.2541865828329001,0.3453787170689405
ar1_phi_0.9,75,14,0.2287679245496101,0.35704306326573826
ar1_phi_0.9,75,15,0.20589113209464907,0.3494411352287913
ar1_phi_0.9,75,16,0.18530201888518416,0.33608299314231
ar1_phi_0.9,75,17,0.16677181699666577,0.31077665129511894
ar1_phi_0.9,75,18,0.15009463529699918,0.2798834860490702
ar1_phi_0.9,75,19,0.13508517176729928,0.2477572496377706
ar1_phi_0.9,75,20,0.12157665459056935,0.22424548256407334
ar1_phi_0.9,76,1,0.9,0.8714921125337787
ar1_phi_0.9,76,2,0.81,0.7617603997611059
ar1_phi_0.9,76,3,0.7290000000000001,0.6596759577824951
ar1_phi_0.9,76,4,0.6561,0.5724510700792891
ar1_phi_0.9,76,5,0.5904900000000001,0.4805009748493611
ar1_phi_0.9,76,6,0.531441,0.4050997923416503
ar1_phi_0.9,76,7,0.4782969000000001,0.3245328074740474
ar1_phi_0.9,76,8,0.4304672100000001,0.2617025675182671
ar1_phi_0.9,76,9,0.3874204890000001,0.18562504402897068
ar1_phi_0.9,76,10,0.3486784401000001,0.12959880134902516
ar1_phi_0.9,76,11,0.31381059609000006,0.07842100935240252
ar1_phi_0.9,76,12,0.2824295364810001,0.027181546255940114
ar1_phi_0.9,76,13,0.2541865828329001,-0.02305725707313258
ar1_phi_0.9,76,14,0.2287679245496101,-0.07808218347033752
ar1_phi_0.9,76,15,0.20589113209464907,-0.1399550449965035
ar1_phi_0.9,76,16,0.18530201888518416,-0.2099628316651243
ar1_phi_0.9,76,17,0.16677181699666577,-0.2629987424856734
ar1_phi_0.9,76,18,0.15009463529699918,-0.30933640595109235
ar1_phi_0.9,76,19,0.13508517176729928,-0.32820221430003116
ar1_phi_0.9,76,20,0.12157665459056935,-0.34093798082615123
ar1_phi_0.9,77,1,0.9,0.9009661611675343
ar1_phi_0.9,77,2,0.81,0.802157206621715
ar1_phi_0.9,77,3,0.7290000000000001,0.7115419282572849
ar1_phi_0.9,77,4,0.6561,0.6211618105316942
ar1_phi_0.9,77,5,0.5904900000000001,0.5405401572274671
ar1_phi_0.9,77,6,0.531441,0.4733557130807513
ar1_phi_0.9,77,7,0.4782969000000001,0.4206338398245114
ar1_phi_0.9,77,8,0.4304672100000001,0.369150631604172
ar1_phi_0.9,77,9,0.3874204890000001,0.32585320564509634
ar1_phi_0.9,77,10,0.3486784401000001,0.2978115449504686
ar1_phi_0.9,77,11,0.31381059609000006,0.27102032450237495
ar1_phi_0.9,77,12,0.2824295364810001,0.250185780010788
ar1_phi_0.9,77,13,0.2541865828329001,0.21650546493883657
ar1_phi_0.9,77,14,0.2287679245496101,0.17889549406703678
ar1_phi_0.9,77,15,0.20589113209464907,0.16921477256670658
ar1_phi_0.9,77,16,0.18530201888518416,0.15486056627736355
ar1_phi_0.9,77,17,0.16677181699666577,0.1426492213249279
ar1_phi_0.9,77,18,0.15009463529699918,0.12522674938016554
ar1_phi_0.9,77,19,0.13508517176729928,0.13905474686177946
ar1_phi_0.9,77,20,0.12157665459056935,0.14659762272566165
ar1_phi_0.9,78,1,0.9,0.9061759795145264
ar1_phi_0.9,78,2,0.81,0.8086227359941264
ar1_phi_0.9,78,3,0.7290000000000001,0.7328028057476761
ar1_phi_0.9,78,4,0.6561,0.6649659243311813
ar1_phi_0.9,78,5,0.5904900000000001,0.6051036248245942
ar1_phi_0.9,78,6,0.531441,0.5420409524334426
ar1_phi_0.9,78,7,0.4782969000000001,0.4917136976394857
ar1_phi_0.9,78,8,0.4304672100000001,0.45163568870975795
ar1_phi_0.9,78,9,0.3874204890000001,0.4122444055809801
ar1_phi_0.9,78,10,0.3486784401000001,0.3740280239985146
ar1_phi_0.9,78,11,0.31381059609000006,0.33149390204550816
ar1_phi_0.9,78,12,0.2824295364810001,0.29866998598624683
ar1_phi_0.9,78,13,0.2541865828329001,0.27499741151749546
ar1_phi_0.9,78,14,0.2287679245496101,0.2542245443103643
ar1_phi_0.9,78,15,0.20589113209464907,0.24309069222545887
ar1_phi_0.9,78,16,0.18530201888518416,0.23143112936607574
ar1_phi_0.9,78,17,0.16677181699666577,0.21154915003457564
ar1_phi_0.9,78,18,0.15009463529699918,0.19180854232196048
ar1_phi_0.9,78,19,0.13508517176729928,0.1727600817520275
ar1_phi_0.9,78,20,0.12157665459056935,0.15100146045644489
ar1_phi_0.9,79,1,0.9,0.9216738541171742
ar1_phi_0.9,79,2,0.81,0.8478960785397054
ar1_phi_0.9,79,3,0.7290000000000001,0.7767232871726959
ar1_phi_0.9,79,4,0.6561,0.7238301908242418
ar1_phi_0.9,79,5,0.5904900000000001,0.6834738959972109
ar1_phi_0.9,79,6,0.531441,0.6459603421512501
ar1_phi_0.9,79,7,0.4782969000000001,0.6060793045830847
ar1_phi_0.9,79,8,0.4304672100000001,0.5746488084254208
ar1_phi_0.9,79,9,0.3874204890000001,0.5532356290929605
ar1_phi_0.9,79,10,0.3486784401000001,0.5374813521998945
ar1_phi_0.9,79,11,0.31381059609000006,0.5185950790138373
ar1_phi_0.9,79,12,0.2824295364810001,0.5036472127587907
ar1_phi_0.9,79,13,0.2541865828329001,0.4798810058734948
ar1_phi_0.9,79,14,0.2287679245496101,0.46752158762250645
ar1_phi_0.9,79,15,0.20589113209464907,0.4421959580243139
ar1_phi_0.9,79,16,0.18530201888518416,0.4214133925702419
ar1_phi_0.9,79,17,0.16677181699666577,0.3894039298997998
ar1_phi_0.9,79,18,0.15009463529699918,0.3539819878667325
ar1_phi_0.9,79,19,0.13508517176729928,0.345577486983245
ar1_phi_0.9,79,20,0.12157665459056935,0.3478566617992928
ar1_phi_0.9,80,1,0.9,0.8761514570084412
ar1_phi_0.9,80,2,0.81,0.7719179595996496
ar1_phi_0.9,80,3,0.7290000000000001,0.6767558046827093
ar1_phi_0.9,80,4,0.6561,0.6010861005501493
ar1_phi_0.9,80,5,0.5904900000000001,0.5233407928413296
ar1_phi_0.9,80,6,0.531441,0.44119940521849615
ar1_phi_0.9,80,7,0.4782969000000001,0.3457369422425194
ar1_phi_0.9,80,8,0.4304672100000001,0.2782742039103369
ar1_phi_0.9,80,9,0.3874204890000001,0.20102538628322167
ar1_phi_0.9,80,10,0.3486784401000001,0.1432886031129779
ar1_phi_0.9,80,11,0.31381059609000006,0.08657993591760832
ar1_phi_0.9,80,12,0.2824295364810001,0.0389889190642239
ar1_phi_0.9,80,13,0.2541865828329001,0.001789385636128429
ar1_phi_0.9,80,14,0.2287679245496101,-0.02699606784740405
ar1_phi_0.9,80,15,0.20589113209464907,-0.05259418894308705
ar1_phi_0.9,80,16,0.18530201888518416,-0.0661413890447832
ar1_phi_0.9,80,17,0.16677181699666577,-0.07438828612716362
ar1_phi_0.9,80,18,0.15009463529699918,-0.08311584309014636
ar1_phi_0.9,80,19,0.13508517176729928,-0.07729130591995557
ar1_phi_0.9,80,20,0.12157665459056935,-0.07660522676334443
ar1_phi_0.9,81,1,0.9,0.9012337310830602
ar1_phi_0.9,81,2,0.81,0.8111340856806759
ar1_phi_0.9,81,3,0.7290000000000001,0.7374628480998177
ar1_phi_0.9,81,4,0.6561,0.6607166047028765
ar1_phi_0.9,81,5,0.5904900000000001,0.5788556175877494
ar1_phi_0.9,81,6,0.531441,0.5255949578252628
ar1_phi_0.9,81,7,0.4782969000000001,0.4671990921769387
ar1_phi_0.9,81,8,0.4304672100000001,0.4062693543119265
ar1_phi_0.9,81,9,0.3874204890000001,0.35130521664267095
ar1_phi_0.9,81,10,0.3486784401000001,0.2876131966999173
ar1_phi_0.9,81,11,0.31381059609000006,0.2170047520045125
ar1_phi_0.9,81,12,0.2824295364810001,0.1694021325975179
ar1_phi_0.9,81,13,0.2541865828329001,0.1370350675319789
ar1_phi_0.9,81,14,0.2287679245496101,0.0972148301702961
ar1_phi_0.9,81,15,0.20589113209464907,0.06782327274910768
ar1_phi_0.9,81,16,0.18530201888518416,0.03626271290770028
ar1_phi_0.9,81,17,0.16677181699666577,0.006874921551452824
ar1_phi_0.9,81,18,0.15009463529699918,-0.01560651259726114
ar1_phi_0.9,81,19,0.13508517176729928,-0.028449744110946893
ar1_phi_0.9,81,20,0.12157665459056935,-0.0343023549497371
ar1_phi_0.9,82,1,0.9,0.8860266971371658
ar1_phi_0.9,82,2,0.81,0.7888361948735159
ar1_phi_0.9,82,3,0.7290000000000001,0.6850359885250323
ar1_phi_0.9,82,4,0.6561,0.5868956906146255
ar1_phi_0.9,82,5,0.5904900000000001,0.4945145383743308
ar1_phi_0.9,82,6,0.531441,0.39867779230468964
ar1_phi_0.9,82,7,0.4782969000000001,0.3385881295097218
ar1_phi_0.9,82,8,0.4304672100000001,0.2858031730560268
ar1_phi_0.9,82,9,0.3874204890000001,0.23234627167067443
ar1_phi_0.9,82,10,0.3486784401000001,0.16809691745335484
ar1_phi_0.9,82,11,0.31381059609000006,0.1064121041395221
ar1_phi_0.9,82,12,0.2824295364810001,0.06428500182730891
ar1_phi_0.9,82,13,0.2541865828329001,0.03412980382353296
ar1_phi_0.9,82,14,0.2287679245496101,0.008020695555130393
ar1_phi_0.9,82,15,0.20589113209464907,-0.02128922919736173
ar1_phi_0.9,82,16,0.18530201888518416,-0.0415629189807066
ar1_phi_0.9,82,17,0.16677181699666577,-0.05024411258623643
ar1_phi_0.9,82,18,0.15009463529699918,-0.06165831695257186
ar1_phi_0.9,82,19,0.13508517176729928,-0.06556959110925861
ar1_phi_0.9,82,20,0.12157665459056935,-0.07061490867926322
ar1_phi_0.9,83,1,0.9,0.8515996408920685
ar1_phi_0.9,83,2,0.81,0.7501562943540474
ar1_phi_0.9,83,3,0.7290000000000001,0.6529150266887743
ar1_phi_0.9,83,4,0.6561,0.5590800389071615
ar1_phi_0.9,83,5,0.5904900000000001,0.4625923109561537
ar1_phi_0.9,83,6,0.531441,0.37489443186624855
ar1_phi_0.9,83,7,0.4782969000000001,0.29940522707579087
ar1_phi_0.9,83,8,0.4304672100000001,0.23678937457899982
ar1_phi_0.9,83,9,0.3874204890000001,0.1930934855300214
ar1_phi_0.9,83,10,0.3486784401000001,0.16986319112639667
ar1_phi_0.9,83,11,0.31381059609000006,0.13981056203703146
ar1_phi_0.9,83,12,0.2824295364810001,0.12753008167554547
ar1_phi_0.9,83,13,0.2541865828329001,0.12607992403601245
ar1_phi_0.9,83,14,0.2287679245496101,0.13280646067933402
ar1_phi_0.9,83,15,0.20589113209464907,0.12042694305716464
ar1_phi_0.9,83,16,0.18530201888518416,0.12039733132615509
ar1_phi_0.9,83,17,0.16677181699666577,0.13960329878026181
ar1_phi_0.9,83,18,0.15009463529699918,0.15009447200064518
ar1_phi_0.9,83,19,0.13508517176729928,0.15428992744073083
ar1_phi_0.9,83,20,0.12157665459056935,0.1476880475357126
ar1_phi_0.9,84,1,0.9,0.9033323031137923
ar1_phi_0.9,84,2,0.81,0.8082716570862453
ar1_phi_0.9,84,3,0.7290000000000001,0.7291523607771156
ar1_phi_0.9,84,4,0.6561,0.6633762792106564
ar1_phi_0.9,84,5,0.5904900000000001,0.5914063057137262
ar1_phi_0.9,84,6,0.531441,0.5362070180393155
ar1_phi_0.9,84,7,0.4782969000000001,0.4777356696454501
ar1_phi_0.9,84,8,0.4304672100000001,0.4156959390532861
ar1_phi_0.9,84,9,0.3874204890000001,0.33109947698179243
ar1_phi_0.9,84,10,0.3486784401000001,0.2595101732483125
ar1_phi_0.9,84,11,0.31381059609000006,0.20319235005503639
ar1_phi_0.9,84,12,0.2824295364810001,0.15338223296043393
ar1_phi_0.9,84,13,0.2541865828329001,0.1043768036777488
ar1_phi_0.9,84,14,0.2287679245496101,0.06940673444917594
ar1_phi_0.9,84,15,0.20589113209464907,0.031146289396660518
ar1_phi_0.9,84,16,0.18530201888518416,-0.014001345660722106
ar1_phi_0.9,84,17,0.16677181699666577,-0.06297246141908631
ar1_phi_0.9,84,18,0.15009463529699918,-0.07531677370668621
ar1_phi_0.9,84,19,0.13508517176729928,-0.08053927621599266
ar1_phi_0.9,84,20,0.12157665459056935,-0.07596421898678153
ar1_phi_0.9,85,1,0.9,0.8790211608254133
ar1_phi_0.9,85,2,0.81,0.7642016005237243
ar1_phi_0.9,85,3,0.7290000000000001,0.6560918001991396
ar1_phi_0.9,85,4,0.6561,0.5692179158213989
ar1_phi_0.9,85,5,0.5904900000000001,0.5183583085193844
ar1_phi_0.9,85,6,0.531441,0.4855863211868439
ar1_phi_0.9,85,7,0.4782969000000001,0.46023579441603546
ar1_phi_0.9,85,8,0.4304672100000001,0.4258298213073065
ar1_phi_0.9,85,9,0.3874204890000001,0.3778930706356262
ar1_phi_0.9,85,10,0.3486784401000001,0.3115695461269015
ar1_phi_0.9,85,11,0.31381059609000006,0.24022429786127264
ar1_phi_0.9,85,12,0.2824295364810001,0.1836136083077217
ar1_phi_0.9,85,13,0.2541865828329001,0.1544414694348388
ar1_phi_0.9,85,14,0.2287679245496101,0.13285112003446337
ar1_phi_0.9,85,15,0.20589113209464907,0.10193557336592038
ar1_phi_0.9,85,16,0.18530201888518416,0.0786099837380121
ar1_phi_0.9,85,17,0.16677181699666577,0.05640996959252296
ar1_phi_0.9,85,18,0.15009463529699918,0.05010994715497694
ar1_phi_0.9,85,19,0.13508517176729928,0.05365430078090838
ar1_phi_0.9,85,20,0.12157665459056935,0.049823343210102795
ar1_phi_0.9,86,1,0.9,0.8925504761278904
ar1_phi_0.9,86,2,0.81,0.7902272276533152
ar1_phi_0.9,86,3,0.7290000000000001,0.6952291004917284
ar1_phi_0.9,86,4,0.6561,0.6345927208642658
ar1_phi_0.9,86,5,0.5904900000000001,0.5663660804309658
ar1_phi_0.9,86,6,0.531441,0.5003307138774185
ar1_phi_0.9,86,7,0.4782969000000001,0.42981650085735645
ar1_phi_0.9,86,8,0.4304672100000001,0.37111093970125236
ar1_phi_0.9,86,9,0.3874204890000001,0.3242598027877444
ar1_phi_0.9,86,10,0.3486784401000001,0.28704522067132576
ar1_phi_0.9,86,11,0.31381059609000006,0.2691924969256479
ar1_phi_0.9,86,12,0.2824295364810001,0.2649278506225848
ar1_phi_0.9,86,13,0.2541865828329001,0.2602132576182795
ar1_phi_0.9,86,14,0.2287679245496101,0.2635854842630036
ar1_phi_0.9,86,15,0.20589113209464907,0.258151759410226
ar1_phi_0.9,86,16,0.18530201888518416,0.25563245562202597
ar1_phi_0.9,86,17,0.16677181699666577,0.23963685460969042
ar1_phi_0.9,86,18,0.15009463529699918,0.2103016503086505
ar1_phi_0.9,86,19,0.13508517176729928,0.1736877389449379
ar1_phi_0.9,86,20,0.12157665459056935,0.15878135601426363
ar1_phi_0.9,87,1,0.9,0.8936317299299176
ar1_phi_0.9,87,2,0.81,0.8163355390763486
ar1_phi_0.9,87,3,0.7290000000000001,0.7431657956157729
ar1_phi_0.9,87,4,0.6561,0.6662357967965132
ar1_phi_0.9,87,5,0.5904900000000001,0.585993495686972
ar1_phi_0.9,87,6,0.531441,0.5231267928978726
ar1_phi_0.9,87,7,0.4782969000000001,0.46630112623145686
ar1_phi_0.9,87,8,0.4304672100000001,0.40481507655389426
ar1_phi_0.9,87,9,0.3874204890000001,0.3747658257873392
ar1_phi_0.9,87,10,0.3486784401000001,0.35446968684028785
ar1_phi_0.9,87,11,0.31381059609000006,0.3355341345638629
ar1_phi_0.9,87,12,0.2824295364810001,0.3228742604189396
ar1_phi_0.9,87,13,0.2541865828329001,0.312302460635318
ar1_phi_0.9,87,14,0.2287679245496101,0.3195444610681797
ar1_phi_0.9,87,15,0.20589113209464907,0.3302388628640594
ar1_phi_0.9,87,16,0.18530201888518416,0.3428086929833129
ar1_phi_0.9,87,17,0.16677181699666577,0.3412703282927705
ar1_phi_0.9,87,18,0.15009463529699918,0.3572663856493273
ar1_phi_0.9,87,19,0.13508517176729928,0.36410349127300323
ar1_phi_0.9,87,20,0.12157665459056935,0.36498825437237475
ar1_phi_0.9,88,1,0.9,0.8622037787581693
ar1_phi_0.9,88,2,0.81,0.7552673774759997
ar1_phi_0.9,88,3,0.7290000000000001,0.6666581926976415
ar1_phi_0.9,88,4,0.6561,0.5780927281018547
ar1_phi_0.9,88,5,0.5904900000000001,0.491003867786181
ar1_phi_0.9,88,6,0.531441,0.41271226682540085
ar1_phi_0.9,88,7,0.4782969000000001,0.3414544907185341
ar1_phi_0.9,88,8,0.4304672100000001,0.31277792146069816
ar1_phi_0.9,88,9,0.3874204890000001,0.2931693340075384
ar1_phi_0.9,88,10,0.3486784401000001,0.2684947742487799
ar1_phi_0.9,88,11,0.31381059609000006,0.25472175809499675
ar1_phi_0.9,88,12,0.2824295364810001,0.2365161974163369
ar1_phi_0.9,88,13,0.2541865828329001,0.22284920649479434
ar1_phi_0.9,88,14,0.2287679245496101,0.2151457729533436
ar1_phi_0.9,88,15,0.20589113209464907,0.20899922568339646
ar1_phi_0.9,88,16,0.18530201888518416,0.19955531463861328
ar1_phi_0.9,88,17,0.16677181699666577,0.17350700923892717
ar1_phi_0.9,88,18,0.15009463529699918,0.11688051688140791
ar1_phi_0.9,88,19,0.13508517176729928,0.04631022570997229
ar1_phi_0.9,88,20,0.12157665459056935,0.0060199919742540495
ar1_phi_0.9,89,1,0.9,0.8693474573907799
ar1_phi_0.9,89,2,0.81,0.7544429807357477
ar1_phi_0.9,89,3,0.7290000000000001,0.6488793456321749
ar1_phi_0.9,89,4,0.6561,0.5677628196934307
ar1_phi_0.9,89,5,0.5904900000000001,0.48391409267672786
ar1_phi_0.9,89,6,0.531441,0.4143934118451843
ar1_phi_0.9,89,7,0.4782969000000001,0.3672079500381823
ar1_phi_0.9,89,8,0.4304672100000001,0.33769875965452023
ar1_phi_0.9,89,9,0.3874204890000001,0.31798058860768996
ar1_phi_0.9,89,10,0.3486784401000001,0.28309474737368917
ar1_phi_0.9,89,11,0.31381059609000006,0.25025205354193464
ar1_phi_0.9,89,12,0.2824295364810001,0.25016543199220326
ar1_phi_0.9,89,13,0.2541865828329001,0.2528984654362088
ar1_phi_0.9,89,14,0.2287679245496101,0.23218834189190807
ar1_phi_0.9,89,15,0.20589113209464907,0.22564581355277072
ar1_phi_0.9,89,16,0.18530201888518416,0.23118868286602787
ar1_phi_0.9,89,17,0.16677181699666577,0.2197021935434612
ar1_phi_0.9,89,18,0.15009463529699918,0.19127849398589153
ar1_phi_0.9,89,19,0.13508517176729928,0.15723240809510028
ar1_phi_0.9,89,20,0.12157665459056935,0.13509554535585966
ar1_phi_0.9,90,1,0.9,0.901548492208411
ar1_phi_0.9,90,2,0.81,0.8240438695027232
ar1_phi_0.9,90,3,0.7290000000000001,0.7406052186328341
ar1_phi_0.9,90,4,0.6561,0.6791510239783246
ar1_phi_0.9,90,5,0.5904900000000001,0.626896533304188
ar1_phi_0.9,90,6,0.531441,0.5783518215787471
ar1_phi_0.9,90,7,0.4782969000000001,0.5333919122320372
ar1_phi_0.9,90,8,0.4304672100000001,0.47022473011879884
ar1_phi_0.9,90,9,0.3874204890000001,0.435714672546181
ar1_phi_0.9,90,10,0.3486784401000001,0.39103253655690123
ar1_phi_0.9,90,11,0.31381059609000006,0.3764255080178272
ar1_phi_0.9,90,12,0.2824295364810001,0.36944536710100845
ar1_phi_0.9,90,13,0.2541865828329001,0.3618914885766144
ar1_phi_0.9,90,14,0.2287679245496101,0.34721700263665556
ar1_phi_0.9,90,15,0.20589113209464907,0.3231544715535721
ar1_phi_0.9,90,16,0.18530201888518416,0.3002956511133133
ar1_phi_0.9,90,17,0.16677181699666577,0.2555815091319055
ar1_phi_0.9,90,18,0.15009463529699918,0.22232093475254988
ar1_phi_0.9,90,19,0.13508517176729928,0.194300056246587
ar1_phi_0.9,90,20,0.12157665459056935,0.15232085302759693
ar1_phi_0.9,91,1,0.9,0.880250849101852
ar1_phi_0.9,91,2,0.81,0.7761687106437584
ar1_phi_0.9,91,3,0.7290000000000001,0.6936630664650185
ar1_phi_0.9,91,4,0.6561,0.608597588471665
ar1_phi_0.9,91,5,0.5904900000000001,0.5604037560535525
ar1_phi_0.9,91,6,0.531441,0.528001246330191
ar1_phi_0.9,91,7,0.4782969000000001,0.5084197264670234
ar1_phi_0.9,91,8,0.4304672100000001,0.4908500181281879
ar1_phi_0.9,91,9,0.3874204890000001,0.4598026937838063
ar1_phi_0.9,91,10,0.3486784401000001,0.43876577382180804
ar1_phi_0.9,91,11,0.31381059609000006,0.43531616531563033
ar1_phi_0.9,91,12,0.2824295364810001,0.4429420060504741
ar1_phi_0.9,91,13,0.2541865828329001,0.43703081799528193
ar1_phi_0.9,91,14,0.2287679245496101,0.4326441038024068
ar1_phi_0.9,91,15,0.20589113209464907,0.4203197133830743
ar1_phi_0.9,91,16,0.18530201888518416,0.40448873958967646
ar1_phi_0.9,91,17,0.16677181699666577,0.39224667131284563
ar1_phi_0.9,91,18,0.15009463529699918,0.37795903734639696
ar1_phi_0.9,91,19,0.13508517176729928,0.37284381384083115
ar1_phi_0.9,91,20,0.12157665459056935,0.3617702111718037
ar1_phi_0.9,92,1,0.9,0.8744068953724643
ar1_phi_0.9,92,2,0.81,0.776876296677323
ar1_phi_0.9,92,3,0.7290000000000001,0.6955749109632782
ar1_phi_0.9,92,4,0.6561,0.6283081357747491
ar1_phi_0.9,92,5,0.5904900000000001,0.5880794575126058
ar1_phi_0.9,92,6,0.531441,0.5178227687593919
ar1_phi_0.9,92,7,0.4782969000000001,0.45151374876838085
ar1_phi_0.9,92,8,0.4304672100000001,0.393242897931223
ar1_phi_0.9,92,9,0.3874204890000001,0.32274281792873066
ar1_phi_0.9,92,10,0.3486784401000001,0.26539535003329945
ar1_phi_0.9,92,11,0.31381059609000006,0.2252248520529629
ar1_phi_0.9,92,12,0.2824295364810001,0.19124568859871982
ar1_phi_0.9,92,13,0.2541865828329001,0.15364575160806895
ar1_phi_0.9,92,14,0.2287679245496101,0.10508198148784606
ar1_phi_0.9,92,15,0.20589113209464907,0.09717951385696012
ar1_phi_0.9,92,16,0.18530201888518416,0.10434842113630924
ar1_phi_0.9,92,17,0.16677181699666577,0.11808654356993756
ar1_phi_0.9,92,18,0.15009463529699918,0.14134523185023723
ar1_phi_0.9,92,19,0.13508517176729928,0.1518500839890028
ar1_phi_0.9,92,20,0.12157665459056935,0.16963334230686677
ar1_phi_0.9,93,1,0.9,0.921717822979605
ar1_phi_0.9,93,2,0.81,0.8540897992617332
ar1_phi_0.9,93,3,0.7290000000000001,0.791103858342113
ar1_phi_0.9,93,4,0.6561,0.722835882164779
ar1_phi_0.9,93,5,0.5904900000000001,0.6508028068166204
ar1_phi_0.9,93,6,0.531441,0.5817598183825448
ar1_phi_0.9,93,7,0.4782969000000001,0.5119159683983301
ar1_phi_0.9,93,8,0.4304672100000001,0.4453509547758816
ar1_phi_0.9,93,9,0.3874204890000001,0.39621767685774256
ar1_phi_0.9,93,10,0.3486784401000001,0.33774398091851116
ar1_phi_0.9,93,11,0.31381059609000006,0.284460578163436
ar1_phi_0.9,93,12,0.2824295364810001,0.2596187212697643
ar1_phi_0.9,93,13,0.2541865828329001,0.22629496698594317
ar1_phi_0.9,93,14,0.2287679245496101,0.20997104252190613
ar1_phi_0.9,93,15,0.20589113209464907,0.18397314777068785
ar1_phi_0.9,93,16,0.18530201888518416,0.15254363760485945
ar1_phi_0.9,93,17,0.16677181699666577,0.10828290767921682
ar1_phi_0.9,93,18,0.15009463529699918,0.07325965477284253
ar1_phi_0.9,93,19,0.13508517176729928,0.03829931731081339
ar1_phi_0.9,93,20,0.12157665459056935,7.087944542077516e-06
ar1_phi_0.9,94,1,0.9,0.8745710256024273
ar1_phi_0.9,94,2,0.81,0.7657136276465624
ar1_phi_0.9,94,3,0.7290000000000001,0.6626458010199354
ar1_phi_0.9,94,4,0.6561,0.5669953282395302
ar1_phi_0.9,94,5,0.5904900000000001,0.4891775197206228
ar1_phi_0.9,94,6,0.531441,0.3934697734103244
ar1_phi_0.9,94,7,0.4782969000000001,0.3241322720284436
ar1_phi_0.9,94,8,0.4304672100000001,0.26899355541423986
ar1_phi_0.9,94,9,0.3874204890000001,0.21144634144320962
ar1_phi_0.9,94,10,0.3486784401000001,0.14347570983724894
ar1_phi_0.9,94,11,0.31381059609000006,0.07298255376162761
ar1_phi_0.9,94,12,0.2824295364810001,0.0019043466397631738
ar1_phi_0.9,94,13,0.2541865828329001,-0.05718168067806679
ar1_phi_0.9,94,14,0.2287679245496101,-0.09385774580736274
ar1_phi_0.9,94,15,0.20589113209464907,-0.1107673873674465
ar1_phi_0.9,94,16,0.18530201888518416,-0.11464206543579515
ar1_phi_0.9,94,17,0.16677181699666577,-0.10529909318917989
ar1_phi_0.9,94,18,0.15009463529699918,-0.0979745587268831
ar1_phi_0.9,94,19,0.13508517176729928,-0.09302619552742268
ar1_phi_0.9,94,20,0.12157665459056935,-0.07545003172543104
ar1_phi_0.9,95,1,0.9,0.9152428379330504
ar1_phi_0.9,95,2,0.81,0.8325951910114839
ar1_phi_0.9,95,3,0.7290000000000001,0.7651335270341107
ar1_phi_0.9,95,4,0.6561,0.7185682284905727
ar1_phi_0.9,95,5,0.5904900000000001,0.6533632047037014
ar1_phi_0.9,95,6,0.531441,0.6029268335123593
ar1_phi_0.9,95,7,0.4782969000000001,0.5713037137251984
ar1_phi_0.9,95,8,0.4304672100000001,0.5533366140141984
ar1_phi_0.9,95,9,0.3874204890000001,0.5269622332947648
ar1_phi_0.9,95,10,0.3486784401000001,0.4998433373368246
ar1_phi_0.9,95,11,0.31381059609000006,0.46664515646777455
ar1_phi_0.9,95,12,0.2824295364810001,0.4368252822208302
ar1_phi_0.9,95,13,0.2541865828329001,0.4016478718674723
ar1_phi_0.9,95,14,0.2287679245496101,0.36933734886224145
ar1_phi_0.9,95,15,0.20589113209464907,0.32342319937432507
ar1_phi_0.9,95,16,0.18530201888518416,0.2797993903646219
ar1_phi_0.9,95,17,0.16677181699666577,0.2380733044808152
ar1_phi_0.9,95,18,0.15009463529699918,0.21267099026974165
ar1_phi_0.9,95,19,0.13508517176729928,0.17846911548488278
ar1_phi_0.9,95,20,0.12157665459056935,0.15878503529649693
ar1_phi_0.9,96,1,0.9,0.9128560113594139
ar1_phi_0.9,96,2,0.81,0.829520583401241
ar1_phi_0.9,96,3,0.7290000000000001,0.7585373847499255
ar1_phi_0.9,96,4,0.6561,0.69745045772707
ar1_phi_0.9,96,5,0.5904900000000001,0.6294558024753817
ar1_phi_0.9,96,6,0.531441,0.5654326473506692
ar1_phi_0.9,96,7,0.4782969000000001,0.5076448050882462
ar1_phi_0.9,96,8,0.4304672100000001,0.4583701574790782
ar1_phi_0.9,96,9,0.3874204890000001,0.41872200870757637
ar1_phi_0.9,96,10,0.3486784401000001,0.37572765607213093
ar1_phi_0.9,96,11,0.31381059609000006,0.3325792375090781
ar1_phi_0.9,96,12,0.2824295364810001,0.2992973484272949
ar1_phi_0.9,96,13,0.2541865828329001,0.2765685312065988
ar1_phi_0.9,96,14,0.2287679245496101,0.2678623372744988
ar1_phi_0.9,96,15,0.20589113209464907,0.2608178649405515
ar1_phi_0.9,96,16,0.18530201888518416,0.24566615023736055
ar1_phi_0.9,96,17,0.16677181699666577,0.22872850363665673
ar1_phi_0.9,96,18,0.15009463529699918,0.21070681774558084
ar1_phi_0.9,96,19,0.13508517176729928,0.1846841315949168
ar1_phi_0.9,96,20,0.12157665459056935,0.14648839398117106
ar1_phi_0.9,97,1,0.9,0.9210987136407192
ar1_phi_0.9,97,2,0.81,0.8363385910027182
ar1_phi_0.9,97,3,0.7290000000000001,0.7549139592731238
ar1_phi_0.9,97,4,0.6561,0.6789246275508798
ar1_phi_0.9,97,5,0.5904900000000001,0.6082107684180078
ar1_phi_0.9,97,6,0.531441,0.5332117439984773
ar1_phi_0.9,97,7,0.4782969000000001,0.470789167226811
ar1_phi_0.9,97,8,0.4304672100000001,0.4010942203219877
ar1_phi_0.9,97,9,0.3874204890000001,0.3450284329552269
ar1_phi_0.9,97,10,0.3486784401000001,0.28359700052278314
ar1_phi_0.9,97,11,0.31381059609000006,0.22087000121429085
ar1_phi_0.9,97,12,0.2824295364810001,0.15809555721186558
ar1_phi_0.9,97,13,0.2541865828329001,0.10442058404956371
ar1_phi_0.9,97,14,0.2287679245496101,0.06290926805729528
ar1_phi_0.9,97,15,0.20589113209464907,0.018652242215529
ar1_phi_0.9,97,16,0.18530201888518416,-0.012711479979263678
ar1_phi_0.9,97,17,0.16677181699666577,-0.016190706280628808
ar1_phi_0.9,97,18,0.15009463529699918,-0.018359287201468257
ar1_phi_0.9,97,19,0.13508517176729928,-0.014292051676344977
ar1_phi_0.9,97,20,0.12157665459056935,-0.023597302227704498
ar1_phi_0.9,98,1,0.9,0.8437241645932375
ar1_phi_0.9,98,2,0.81,0.6978333919545087
ar1_phi_0.9,98,3,0.7290000000000001,0.5893104977278372
ar1_phi_0.9,98,4,0.6561,0.5337471738652518
ar1_phi_0.9,98,5,0.5904900000000001,0.4762372470375814
ar1_phi_0.9,98,6,0.531441,0.4484525471087912
ar1_phi_0.9,98,7,0.4782969000000001,0.43412620092736853
ar1_phi_0.9,98,8,0.4304672100000001,0.41431464411578134
ar1_phi_0.9,98,9,0.3874204890000001,0.36533049523981503
ar1_phi_0.9,98,10,0.3486784401000001,0.31406989994079904
ar1_phi_0.9,98,11,0.31381059609000006,0.2462961409157401
ar1_phi_0.9,98,12,0.2824295364810001,0.21377934960534847
ar1_phi_0.9,98,13,0.2541865828329001,0.17172654075479982
ar1_phi_0.9,98,14,0.2287679245496101,0.13804705058756528
ar1_phi_0.9,98,15,0.20589113209464907,0.12563069225393103
ar1_phi_0.9,98,16,0.18530201888518416,0.12871050748727905
ar1_phi_0.9,98,17,0.16677181699666577,0.12004154749551235
ar1_phi_0.9,98,18,0.15009463529699918,0.08658802754064629
ar1_phi_0.9,98,19,0.13508517176729928,0.041817812004589124
ar1_phi_0.9,98,20,0.12157665459056935,0.011970817572742582
ar1_phi_0.9,99,1,0.9,0.8912815158973945
ar1_phi_0.9,99,2,0.81,0.7861116616782047
ar1_phi_0.9,99,3,0.7290000000000001,0.6873709206758968
ar1_phi_0.9,99,4,0.6561,0.6051183125903645
ar1_phi_0.9,99,5,0.5904900000000001,0.5380057771330428
ar1_phi_0.9,99,6,0.531441,0.46884687514548307
ar1_phi_0.9,99,7,0.4782969000000001,0.4209131082445295
ar1_phi_0.9,99,8,0.4304672100000001,0.3679913564414643
ar1_phi_0.9,99,9,0.3874204890000001,0.30098273709277584
ar1_phi_0.9,99,10,0.3486784401000001,0.24390748074722862
ar1_phi_0.9,99,11,0.31381059609000006,0.17435507934466968
ar1_phi_0.9,99,12,0.2824295364810001,0.1403538134229946
ar1_phi_0.9,99,13,0.2541865828329001,0.09872228369938789
ar1_phi_0.9,99,14,0.2287679245496101,0.06113150576925878
ar1_phi_0.9,99,15,0.20589113209464907,0.028164094809512277
ar1_phi_0.9,99,16,0.18530201888518416,0.022702854658092332
ar1_phi_0.9,99,17,0.16677181699666577,0.018680700138735077
ar1_phi_0.9,99,18,0.15009463529699918,0.007811160543146304
ar1_phi_0.9,99,19,0.13508517176729928,9.130164562727241e-05
ar1_phi_0.9,99,20,0.12157665459056935,-0.008746419176883971
ar1_phi_0.9,100,1,0.9,0.8393063874084409
ar1_phi_0.9,100,2,0.81,0.7237456415450618
ar1_phi_0.9,100,3,0.7290000000000001,0.6364748175111226
ar1_phi_0.9,100,4,0.6561,0.548690217187786
ar1_phi_0.9,100,5,0.5904900000000001,0.4899176702359341
ar1_phi_0.9,100,6,0.531441,0.42845977709160576
ar1_phi_0.9,100,7,0.4782969000000001,0.38819100206004137
ar1_phi_0.9,100,8,0.4304672100000001,0.37483057404095743
ar1_phi_0.9,100,9,0.3874204890000001,0.3270891623150132
ar1_phi_0.9,100,10,0.3486784401000001,0.2829249302847028
ar1_phi_0.9,100,11,0.31381059609000006,0.2595640808269872
ar1_phi_0.9,100,12,0.2824295364810001,0.25011087174620517
ar1_phi_0.9,100,13,0.2541865828329001,0.20436762784329535
ar1_phi_0.9,100,14,0.2287679245496101,0.14964885519102375
ar1_phi_0.9,100,15,0.20589113209464907,0.1180981435407686
ar1_phi_0.9,100,16,0.18530201888518416,0.06252932641065383
ar1_phi_0.9,100,17,0.16677181699666577,0.029319840038762052
ar1_phi_0.9,100,18,0.15009463529699918,-0.01068269349881378
ar1_phi_0.9,100,19,0.13508517176729928,-0.04779831830479295
ar1_phi_0.9,100,20,0.12157665459056935,-0.06623626075529394
ar1_phi_0.9,101,1,0.9,0.907301981006798
ar1_phi_0.9,101,2,0.81,0.8431440263657779
ar1_phi_0.9,101,3,0.7290000000000001,0.7860929674953068
ar1_phi_0.9,101,4,0.6561,0.7477440989754397
ar1_phi_0.9,101,5,0.5904900000000001,0.7066183293858243
ar1_phi_0.9,101,6,0.531441,0.669720690141796
ar1_phi_0.9,101,7,0.4782969000000001,0.6395655582041715
ar1_phi_0.9,101,8,0.4304672100000001,0.6094375004234694
ar1_phi_0.9,101,9,0.3874204890000001,0.5847244685214442
ar1_phi_0.9,101,10,0.3486784401000001,0.5496631928564605
ar1_phi_0.9,101,11,0.31381059609000006,0.5181455872446952
ar1_phi_0.9,101,12,0.2824295364810001,0.4875145207210832
ar1_phi_0.9,101,13,0.2541865828329001,0.4522043789019933
ar1_phi_0.9,101,14,0.2287679245496101,0.41254083912621525
ar1_phi_0.9,101,15,0.20589113209464907,0.38566356393210494
ar1_phi_0.9,101,16,0.18530201888518416,0.3544834844565796
ar1_phi_0.9,101,17,0.16677181699666577,0.32061764667649784
ar1_phi_0.9,101,18,0.15009463529699918,0.29493170338249136
ar1_phi_0.9,101,19,0.13508517176729928,0.2731729690536325
ar1_phi_0.9,101,20,0.12157665459056935,0.24312159885321916
ar1_phi_0.9,102,1,0.9,0.9156467121499215
ar1_phi_0.9,102,2,0.81,0.8330278992861901
ar1_phi_0.9,102,3,0.7290000000000001,0.7560673021270402
ar1_phi_0.9,102,4,0.6561,0.6828070901413744
ar1_phi_0.9,102,5,0.5904900000000001,0.6062710070258583
ar1_phi_0.9,102,6,0.531441,0.5378978090024477
ar1_phi_0.9,102,7,0.4782969000000001,0.49289353442735956
ar1_phi_0.9,102,8,0.4304672100000001,0.44549405113623114
ar1_phi_0.9,102,9,0.3874204890000001,0.4039264555946467
ar1_phi_0.9,102,10,0.3486784401000001,0.37485131243800374
ar1_phi_0.9,102,11,0.31381059609000006,0.34478524236912567
ar1_phi_0.9,102,12,0.2824295364810001,0.31042419953733563
ar1_phi_0.9,102,13,0.2541865828329001,0.26739368831200755
ar1_phi_0.9,102,14,0.2287679245496101,0.22814493764237814
ar1_phi_0.9,102,15,0.20589113209464907,0.18719951603026144
ar1_phi_0.9,102,16,0.18530201888518416,0.15170806245850443
ar1_phi_0.9,102,17,0.16677181699666577,0.11345147114328785
ar1_phi_0.9,102,18,0.15009463529699918,0.0418149499776533
ar1_phi_0.9,102,19,0.13508517176729928,-0.032998117385128097
ar1_phi_0.9,102,20,0.12157665459056935,-0.10303438118022613
ar1_phi_0.9,103,1,0.9,0.857902412272794
ar1_phi_0.9,103,2,0.81,0.7173273979379676
ar1_phi_0.9,103,3,0.7290000000000001,0.603375514804406
ar1_phi_0.9,103,4,0.6561,0.5102026865991187
ar1_phi_0.9,103,5,0.5904900000000001,0.43933301163363575
ar1_phi_0.9,103,6,0.531441,0.36780167147161696
ar1_phi_0.9,103,7,0.4782969000000001,0.29804824227144083
ar1_phi_0.9,103,8,0.4304672100000001,0.2413005289492331
ar1_phi_0.9,103,9,0.3874204890000001,0.16466356447496253
ar1_phi_0.9,103,10,0.3486784401000001,0.1137225996566952
ar1_phi_0.9,103,11,0.31381059609000006,0.0933751587756039
ar1_phi_0.9,103,12,0.2824295364810001,0.08247077423975106
ar1_phi_0.9,103,13,0.2541865828329001,0.06813300838696221
ar1_phi_0.9,103,14,0.2287679245496101,0.05271084551738004
ar1_phi_0.9,103,15,0.20589113209464907,0.0611209178670656
ar1_phi_0.9,103,16,0.18530201888518416,0.06694097775882106
ar1_phi_0.9,103,17,0.16677181699666577,0.105323020308426
ar1_phi_0.9,103,18,0.15009463529699918,0.1091697063386715
ar1_phi_0.9,103,19,0.13508517176729928,0.08560746702826758
ar1_phi_0.9,103,20,0.12157665459056935,0.06381613628592664
ar1_phi_0.9,104,1,0.9,0.8941811219816984
ar1_phi_0.9,104,2,0.81,0.7956832426715711
ar1_phi_0.9,104,3,0.7290000000000001,0.6886467945168536
ar1_phi_0.9,104,4,0.6561,0.5958475233456986
ar1_phi_0.9,104,5,0.5904900000000001,0.5218704607269171
ar1_phi_0.9,104,6,0.531441,0.4642772667992688
ar1_phi_0.9,104,7,0.4782969000000001,0.4236549273093785
ar1_phi_0.9,104,8,0.4304672100000001,0.3873937059013807
ar1_phi_0.9,104,9,0.3874204890000001,0.35424151244305063
ar1_phi_0.9,104,10,0.3486784401000001,0.3235014111663
ar1_phi_0.9,104,11,0.31381059609000006,0.29076522252991754
ar1_phi_0.9,104,12,0.2824295364810001,0.2506674523794837
ar1_phi_0.9,104,13,0.2541865828329001,0.20562610230067266
ar1_phi_0.9,104,14,0.2287679245496101,0.17073953726185526
ar1_phi_0.9,104,15,0.20589113209464907,0.13235238923428808
ar1_phi_0.9,104,16,0.18530201888518416,0.08961773315982802
ar1_phi_0.9,104,17,0.16677181699666577,0.041441943302859725
ar1_phi_0.9,104,18,0.15009463529699918,0.007128823967812169
ar1_phi_0.9,104,19,0.13508517176729928,-0.01432262373660749
ar1_phi_0.9,104,20,0.12157665459056935,-0.01745704199140755
ar1_phi_0.9,105,1,0.9,0.8990892096277459
ar1_phi_0.9,105,2,0.81,0.8058735978998943
ar1_phi_0.9,105,3,0.7290000000000001,0.7176723688880912
ar1_phi_0.9,105,4,0.6561,0.6366629549599345
ar1_phi_0.9,105,5,0.5904900000000001,0.583668213703945
ar1_phi_0.9,105,6,0.531441,0.550243112624444
ar1_phi_0.9,105,7,0.4782969000000001,0.5005913416884081
ar1_phi_0.9,105,8,0.4304672100000001,0.44177656066226206
ar1_phi_0.9,105,9,0.3874204890000001,0.38506911126067234
ar1_phi_0.9,105,10,0.3486784401000001,0.3136153594409309
ar1_phi_0.9,105,11,0.31381059609000006,0.2569972844647958
ar1_phi_0.9,105,12,0.2824295364810001,0.21109230386288655
ar1_phi_0.9,105,13,0.2541865828329001,0.18871992846474336
ar1_phi_0.9,105,14,0.2287679245496101,0.17163725544298736
ar1_phi_0.9,105,15,0.20589113209464907,0.1698586866363185
ar1_phi_0.9,105,16,0.18530201888518416,0.1668718447597996
ar1_phi_0.9,105,17,0.16677181699666577,0.17288984305159338
ar1_phi_0.9,105,18,0.15009463529699918,0.1793666556972455
ar1_phi_0.9,105,19,0.13508517176729928,0.18702418288434652
ar1_phi_0.9,105,20,0.12157665459056935,0.19015196565125214
ar1_phi_0.9,106,1,0.9,0.869376582239932
ar1_phi_0.9,106,2,0.81,0.7471908617653681
ar1_phi_0.9,106,3,0.7290000000000001,0.6349978762859031
ar1_phi_0.9,106,4,0.6561,0.5490431489073772
ar1_phi_0.9,106,5,0.5904900000000001,0.489034838009823
ar1_phi_0.9,106,6,0.531441,0.4173581969565584
ar1_phi_0.9,106,7,0.4782969000000001,0.3473401395271626
ar1_phi_0.9,106,8,0.4304672100000001,0.28899277220653097
ar1_phi_0.9,106,9,0.3874204890000001,0.2090637026820088
ar1_phi_0.9,106,10,0.3486784401000001,0.14725290280028142
ar1_phi_0.9,106,11,0.31381059609000006,0.10958266476206113
ar1_phi_0.9,106,12,0.2824295364810001,0.09545901921219864
ar1_phi_0.9,106,13,0.2541865828329001,0.06551023516507183
ar1_phi_0.9,106,14,0.2287679245496101,0.012082637660612183
ar1_phi_0.9,106,15,0.20589113209464907,-0.027283315445458842
ar1_phi_0.9,106,16,0.18530201888518416,-0.06987141425292308
ar1_phi_0.9,106,17,0.16677181699666577,-0.10253453928038692
ar1_phi_0.9,106,18,0.15009463529699918,-0.12427661129798473
ar1_phi_0.9,106,19,0.13508517176729928,-0.1432892436188777
ar1_phi_0.9,106,20,0.12157665459056935,-0.16495315306367558
ar1_phi_0.9,107,1,0.9,0.7917495884105155
ar1_phi_0.9,107,2,0.81,0.6286315911790349
ar1_phi_0.9,107,3,0.7290000000000001,0.4946985044511763
ar1_phi_0.9,107,4,0.6561,0.41146870089318854
ar1_phi_0.9,107,5,0.5904900000000001,0.3389367422209298
ar1_phi_0.9,107,6,0.531441,0.2682195943887421
ar1_phi_0.9,107,7,0.4782969000000001,0.21206324389602543
ar1_phi_0.9,107,8,0.4304672100000001,0.15426893655099794
ar1_phi_0.9,107,9,0.3874204890000001,0.09059096935635107
ar1_phi_0.9,107,10,0.3486784401000001,0.07416621456521123
ar1_phi_0.9,107,11,0.31381059609000006,0.06208261655123606
ar1_phi_0.9,107,12,0.2824295364810001,0.030525225353759906
ar1_phi_0.9,107,13,0.2541865828329001,0.03969414929362184
ar1_phi_0.9,107,14,0.2287679245496101,0.036952771199918036
ar1_phi_0.9,107,15,0.20589113209464907,0.08218673470300493
ar1_phi_0.9,107,16,0.18530201888518416,0.10807016655684051
ar1_phi_0.9,107,17,0.16677181699666577,0.14537816226014358
ar1_phi_0.9,107,18,0.15009463529699918,0.18253503299513898
ar1_phi_0.9,107,19,0.13508517176729928,0.17195538644149133
ar1_phi_0.9,107,20,0.12157665459056935,0.14637821828800826
ar1_phi_0.9,108,1,0.9,0.8836938878794596
ar1_phi_0.9,108,2,0.81,0.7648442355532827
ar1_phi_0.9,108,3,0.7290000000000001,0.652616561146216
ar1_phi_0.9,108,4,0.6561,0.5430131742713997
ar1_phi_0.9,108,5,0.5904900000000001,0.4243219227189576
ar1_phi_0.9,108,6,0.531441,0.3157017691097372
ar1_phi_0.9,108,7,0.4782969000000001,0.22059566791844384
ar1_phi_0.9,108,8,0.4304672100000001,0.14559690148388582
ar1_phi_0.9,108,9,0.3874204890000001,0.0850626862660592
ar1_phi_0.9,108,10,0.3486784401000001,0.028784416708973356
ar1_phi_0.9,108,11,0.31381059609000006,-0.010293542780366361
ar1_phi_0.9,108,12,0.2824295364810001,-0.047771536409306974
ar1_phi_0.9,108,13,0.2541865828329001,-0.08401996794137255
ar1_phi_0.9,108,14,0.2287679245496101,-0.10841046517103263
ar1_phi_0.9,108,15,0.20589113209464907,-0.1349623336686036
ar1_phi_0.9,108,16,0.18530201888518416,-0.14996421326673315
ar1_phi_0.9,108,17,0.16677181699666577,-0.17483574554426407
ar1_phi_0.9,108,18,0.15009463529699918,-0.1942106013134365
ar1_phi_0.9,108,19,0.13508517176729928,-0.20726199860898104
ar1_phi_0.9,108,20,0.12157665459056935,-0.1989829521571046
ar1_phi_0.9,109,1,0.9,0.8788709661992448
ar1_phi_0.9,109,2,0.81,0.7592043115294833
ar1_phi_0.9,109,3,0.7290000000000001,0.6357407617066909
ar1_phi_0.9,109,4,0.6561,0.5472256399142352
ar1_phi_0.9,109,5,0.5904900000000001,0.4581340107488646
ar1_phi_0.9,109,6,0.531441,0.3743745493772835
ar1_phi_0.9,109,7,0.4782969000000001,0.3005178004867097
ar1_phi_0.9,109,8,0.4304672100000001,0.21798218201523545
ar1_phi_0.9,109,9,0.3874204890000001,0.1452343334633962
ar1_phi_0.9,109,10,0.3486784401000001,0.0852459487129311
ar1_phi_0.9,109,11,0.31381059609000006,0.03182604044014811
ar1_phi_0.9,109,12,0.2824295364810001,0.0157783816724492
ar1_phi_0.9,109,13,0.2541865828329001,0.01056616772686524
ar1_phi_0.9,109,14,0.2287679245496101,-0.014125850171235115
ar1_phi_0.9,109,15,0.20589113209464907,-0.05439880860875114
ar1_phi_0.9,109,16,0.18530201888518416,-0.07333464684415084
ar1_phi_0.9,109,17,0.16677181699666577,-0.09488975456833315
ar1_phi_0.9,109,18,0.15009463529699918,-0.10108930448014146
ar1_phi_0.9,109,19,0.13508517176729928,-0.12473621579362908
ar1_phi_0.9,109,20,0.12157665459056935,-0.15165169148405652
ar1_phi_0.9,110,1,0.9,0.9015517650353805
ar1_phi_0.9,110,2,0.81,0.8204548073709932
ar1_phi_0.9,110,3,0.7290000000000001,0.7479678413610571
ar1_phi_0.9,110,4,0.6561,0.6883315357133806
ar1_phi_0.9,110,5,0.5904900000000001,0.6360744113003988
ar1_phi_0.9,110,6,0.531441,0.5896756073148953
ar1_phi_0.9,110,7,0.4782969000000001,0.568278452522179
ar1_phi_0.9,110,8,0.4304672100000001,0.5232090458567333
ar1_phi_0.9,110,9,0.3874204890000001,0.4859956265069421
ar1_phi_0.9,110,10,0.3486784401000001,0.44334430087169086
ar1_phi_0.9,110,11,0.31381059609000006,0.42139623290626166
ar1_phi_0.9,110,12,0.2824295364810001,0.38884024900314074
ar1_phi_0.9,110,13,0.2541865828329001,0.371534014639242
ar1_phi_0.9,110,14,0.2287679245496101,0.35035616505685013
ar1_phi_0.9,110,15,0.20589113209464907,0.3310647834354344
ar1_phi_0.9,110,16,0.18530201888518416,0.31332957435230363
ar1_phi_0.9,110,17,0.16677181699666577,0.2789727645001474
ar1_phi_0.9,110,18,0.15009463529699918,0.2388563265327255
ar1_phi_0.9,110,19,0.13508517176729928,0.19238063743077577
ar1_phi_0.9,110,20,0.12157665459056935,0.16343124909033932
ar1_phi_0.9,111,1,0.9,0.8705155934364806
ar1_phi_0.9,111,2,0.81,0.7471045330000354
ar1_phi_0.9,111,3,0.7290000000000001,0.6533960834437426
ar1_phi_0.9,111,4,0.6561,0.5642562593580587
ar1_phi_0.9,111,5,0.5904900000000001,0.4840760234465592
ar1_phi_0.9,111,6,0.531441,0.42477420607124056
ar1_phi_0.9,111,7,0.4782969000000001,0.36930761538532086
ar1_phi_0.9,111,8,0.4304672100000001,0.31392591856181545
ar1_phi_0.9,111,9,0.3874204890000001,0.2545456482315545
ar1_phi_0.9,111,10,0.3486784401000001,0.22276999830923944
ar1_phi_0.9,111,11,0.31381059609000006,0.18935768391387722
ar1_phi_0.9,111,12,0.2824295364810001,0.190829043053864
ar1_phi_0.9,111,13,0.2541865828329001,0.19632253803097902
ar1_phi_0.9,111,14,0.2287679245496101,0.18143300197869505
ar1_phi_0.9,111,15,0.20589113209464907,0.1494302650630978
ar1_phi_0.9,111,16,0.18530201888518416,0.12219334906613509
ar1_phi_0.9,111,17,0.16677181699666577,0.10474245302070195
ar1_phi_0.9,111,18,0.15009463529699918,0.0808065490396007
ar1_phi_0.9,111,19,0.13508517176729928,0.0538837378059656
ar1_phi_0.9,111,20,0.12157665459056935,0.0672702795593239
ar1_phi_0.9,112,1,0.9,0.8961186966178232
ar1_phi_0.9,112,2,0.81,0.8068935218709499
ar1_phi_0.9,112,3,0.7290000000000001,0.7311632173305809
ar1_phi_0.9,112,4,0.6561,0.6599823591863438
ar1_phi_0.9,112,5,0.5904900000000001,0.6006914409909893
ar1_phi_0.9,112,6,0.531441,0.5473924530520288
ar1_phi_0.9,112,7,0.4782969000000001,0.509127468040008
ar1_phi_0.9,112,8,0.4304672100000001,0.43825408409607425
ar1_phi_0.9,112,9,0.3874204890000001,0.3830866466893523
ar1_phi_0.9,112,10,0.3486784401000001,0.33749091498210887
ar1_phi_0.9,112,11,0.31381059609000006,0.2807830334802934
ar1_phi_0.9,112,12,0.2824295364810001,0.23915485862989252
ar1_phi_0.9,112,13,0.2541865828329001,0.20758485712801417
ar1_phi_0.9,112,14,0.2287679245496101,0.1657906594678286
ar1_phi_0.9,112,15,0.20589113209464907,0.10639228227665087
ar1_phi_0.9,112,16,0.18530201888518416,0.06057026018757326
ar1_phi_0.9,112,17,0.16677181699666577,0.03663358856883125
ar1_phi_0.9,112,18,0.15009463529699918,0.019190842566062793
ar1_phi_0.9,112,19,0.13508517176729928,0.01476862998284528
ar1_phi_0.9,112,20,0.12157665459056935,0.003134668226281194
ar1_phi_0.9,113,1,0.9,0.8352574691578134
ar1_phi_0.9,113,2,0.81,0.7182983250197656
ar1_phi_0.9,113,3,0.7290000000000001,0.5905741862693883
ar1_phi_0.9,113,4,0.6561,0.49525272741457793
ar1_phi_0.9,113,5,0.5904900000000001,0.39596080285343566
ar1_phi_0.9,113,6,0.531441,0.2974960222284835
ar1_phi_0.9,113,7,0.4782969000000001,0.24624818551747707
ar1_phi_0.9,113,8,0.4304672100000001,0.18393139813214726
ar1_phi_0.9,113,9,0.3874204890000001,0.10247237099397016
ar1_phi_0.9,113,10,0.3486784401000001,0.03940542499048135
ar1_phi_0.9,113,11,0.31381059609000006,-0.017821996533655814
ar1_phi_0.9,113,12,0.2824295364810001,-0.06441998241720397
ar1_phi_0.9,113,13,0.2541865828329001,-0.0899809959089633
ar1_phi_0.9,113,14,0.2287679245496101,-0.09773214700706134
ar1_phi_0.9,113,15,0.20589113209464907,-0.1008331980327658
ar1_phi_0.9,113,16,0.18530201888518416,-0.11695064525425443
ar1_phi_0.9,113,17,0.16677181699666577,-0.13012944908626534
ar1_phi_0.9,113,18,0.15009463529699918,-0.12617371634930405
ar1_phi_0.9,113,19,0.13508517176729928,-0.10730129443328831
ar1_phi_0.9,113,20,0.12157665459056935,-0.11890403352515493
ar1_phi_0.9,114,1,0.9,0.9261162390871789
ar1_phi_0.9,114,2,0.81,0.853008847231615
ar1_phi_0.9,114,3,0.7290000000000001,0.784951168043269
ar1_phi_0.9,114,4,0.6561,0.7292698189392892
ar1_phi_0.9,114,5,0.5904900000000001,0.6805868815026427
ar1_phi_0.9,114,6,0.531441,0.6318346656436981
ar1_phi_0.9,114,7,0.4782969000000001,0.577711193651636
ar1_phi_0.9,114,8,0.4304672100000001,0.5269114093741175
ar1_phi_0.9,114,9,0.3874204890000001,0.4783729849855572
ar1_phi_0.9,114,10,0.3486784401000001,0.4223952253478278
ar1_phi_0.9,114,11,0.31381059609000006,0.3714373415941388
ar1_phi_0.9,114,12,0.2824295364810001,0.31451599678472747
ar1_phi_0.9,114,13,0.2541865828329001,0.2701587262442789
ar1_phi_0.9,114,14,0.2287679245496101,0.23380371392043572
ar1_phi_0.9,114,15,0.20589113209464907,0.2109980859367117
ar1_phi_0.9,114,16,0.18530201888518416,0.19111707669329756
ar1_phi_0.9,114,17,0.16677181699666577,0.17237184030675115
ar1_phi_0.9,114,18,0.15009463529699918,0.14028370355357642
ar1_phi_0.9,114,19,0.13508517176729928,0.10028962394470606
ar1_phi_0.9,114,20,0.12157665459056935,0.0734055749387283
ar1_phi_0.9,115,1,0.9,0.8968980672598706
ar1_phi_0.9,115,2,0.81,0.8048688459896074
ar1_phi_0.9,115,3,0.7290000000000001,0.7163892820430289
ar1_phi_0.9,115,4,0.6561,0.6375215229688501
ar1_phi_0.9,115,5,0.5904900000000001,0.5839401341140986
ar1_phi_0.9,115,6,0.531441,0.5367423395533786
ar1_phi_0.9,115,7,0.4782969000000001,0.5042511357250398
ar1_phi_0.9,115,8,0.4304672100000001,0.4616029043363989
ar1_phi_0.9,115,9,0.3874204890000001,0.4308777134132537
ar1_phi_0.9,115,10,0.3486784401000001,0.3941912550422683
ar1_phi_0.9,115,11,0.31381059609000006,0.3630979735712223
ar1_phi_0.9,115,12,0.2824295364810001,0.32830997163958225
ar1_phi_0.9,115,13,0.2541865828329001,0.3025411554920759
ar1_phi_0.9,115,14,0.2287679245496101,0.2697714569553805
ar1_phi_0.9,115,15,0.20589113209464907,0.22763867421640538
ar1_phi_0.9,115,16,0.18530201888518416,0.17270576333995757
ar1_phi_0.9,115,17,0.16677181699666577,0.12563075149414732
ar1_phi_0.9,115,18,0.15009463529699918,0.07816145557447575
ar1_phi_0.9,115,19,0.13508517176729928,0.027218029026047034
ar1_phi_0.9,115,20,0.12157665459056935,-0.019613074040469244
ar1_phi_0.9,116,1,0.9,0.845120823656681
ar1_phi_0.9,116,2,0.81,0.7442027605101197
ar1_phi_0.9,116,3,0.7290000000000001,0.636150927166082
ar1_phi_0.9,116,4,0.6561,0.5411842328563201
ar1_phi_0.9,116,5,0.5904900000000001,0.46265531192950016
ar1_phi_0.9,116,6,0.531441,0.3770130769566515
ar1_phi_0.9,116,7,0.4782969000000001,0.3403919610789959
ar1_phi_0.9,116,8,0.4304672100000001,0.2704690863395626
ar1_phi_0.9,116,9,0.3874204890000001,0.22738173753686558
ar1_phi_0.9,116,10,0.3486784401000001,0.18889459070809458
ar1_phi_0.9,116,11,0.31381059609000006,0.14890659473397214
ar1_phi_0.9,116,12,0.2824295364810001,0.12936309451647734
ar1_phi_0.9,116,13,0.2541865828329001,0.09860421131814787
ar1_phi_0.9,116,14,0.2287679245496101,0.09109736762024656
ar1_phi_0.9,116,15,0.20589113209464907,0.10169732279927413
ar1_phi_0.9,116,16,0.18530201888518416,0.12434973747792302
ar1_phi_0.9,116,17,0.16677181699666577,0.1355068331638358
ar1_phi_0.9,116,18,0.15009463529699918,0.17030196918135088
ar1_phi_0.9,116,19,0.13508517176729928,0.17079409570350543
ar1_phi_0.9,116,20,0.12157665459056935,0.19389087526619309
ar1_phi_0.9,117,1,0.9,0.8970469188447567
ar1_phi_0.9,117,2,0.81,0.8165843509984076
ar1_phi_0.9,117,3,0.7290000000000001,0.741459560747364
ar1_phi_0.9,117,4,0.6561,0.6772496314749898
ar1_phi_0.9,117,5,0.5904900000000001,0.6198786617543443
ar1_phi_0.9,117,6,0.531441,0.5861303156549728
ar1_phi_0.9,117,7,0.4782969000000001,0.5531355580331917
ar1_phi_0.9,117,8,0.4304672100000001,0.5162705843354223
ar1_phi_0.9,117,9,0.3874204890000001,0.4787179924429647
ar1_phi_0.9,117,10,0.3486784401000001,0.4427219053231484
ar1_phi_0.9,117,11,0.31381059609000006,0.3996261962171125
ar1_phi_0.9,117,12,0.2824295364810001,0.3610497482791622
ar1_phi_0.9,117,13,0.2541865828329001,0.3142116921673993
ar1_phi_0.9,117,14,0.2287679245496101,0.2856108995573992
ar1_phi_0.9,117,15,0.20589113209464907,0.2601528087890545
ar1_phi_0.9,117,16,0.18530201888518416,0.22464326663436712
ar1_phi_0.9,117,17,0.16677181699666577,0.18354908245066592
ar1_phi_0.9,117,18,0.15009463529699918,0.15198447395008644
ar1_phi_0.9,117,19,0.13508517176729928,0.13347780844230073
ar1_phi_0.9,117,20,0.12157665459056935,0.09957416890592388
ar1_phi_0.9,118,1,0.9,0.8966579498856206
ar1_phi_0.9,118,2,0.81,0.8180945415980241
ar1_phi_0.9,118,3,0.7290000000000001,0.7575161351900321
ar1_phi_0.9,118,4,0.6561,0.6918689620126452
ar1_phi_0.9,118,5,0.5904900000000001,0.6305275085617726
ar1_phi_0.9,118,6,0.531441,0.5909452678579037
ar1_phi_0.9,118,7,0.4782969000000001,0.5499298740164767
ar1_phi_0.9,118,8,0.4304672100000001,0.49628386961011317
ar1_phi_0.9,118,9,0.3874204890000001,0.4448771003628706
ar1_phi_0.9,118,10,0.3486784401000001,0.41200622826037897
ar1_phi_0.9,118,11,0.31381059609000006,0.343119154617983
ar1_phi_0.9,118,12,0.2824295364810001,0.28938834246612444
ar1_phi_0.9,118,13,0.2541865828329001,0.23174568889606048
ar1_phi_0.9,118,14,0.2287679245496101,0.19389030713772878
ar1_phi_0.9,118,15,0.20589113209464907,0.17696653409625496
ar1_phi_0.9,118,16,0.18530201888518416,0.16551492152022143
ar1_phi_0.9,118,17,0.16677181699666577,0.171066890745412
ar1_phi_0.9,118,18,0.15009463529699918,0.16452547997830042
ar1_phi_0.9,118,19,0.13508517176729928,0.1624720973885824
ar1_phi_0.9,118,20,0.12157665459056935,0.15940910708998873
ar1_phi_0.9,119,1,0.9,0.925288198415085
ar1_phi_0.9,119,2,0.81,0.8521536833336444
ar1_phi_0.9,119,3,0.7290000000000001,0.7891487550675212
ar1_phi_0.9,119,4,0.6561,0.725124690362568
ar1_phi_0.9,119,5,0.5904900000000001,0.6587190074295969
ar1_phi_0.9,119,6,0.531441,0.6151185810677277
ar1_phi_0.9,119,7,0.4782969000000001,0.5872904335430171
ar1_phi_0.9,119,8,0.4304672100000001,0.5601300745886284
ar1_phi_0.9,119,9,0.3874204890000001,0.5346400313893098
ar1_phi_0.9,119,10,0.3486784401000001,0.5154010354249172
ar1_phi_0.9,119,11,0.31381059609000006,0.4912049335825621
ar1_phi_0.9,119,12,0.2824295364810001,0.46302838831449966
ar1_phi_0.9,119,13,0.2541865828329001,0.43180460709169416
ar1_phi_0.9,119,14,0.2287679245496101,0.39483209924889207
ar1_phi_0.9,119,15,0.20589113209464907,0.3493623560663583
ar1_phi_0.9,119,16,0.18530201888518416,0.3113703809892872
ar1_phi_0.9,119,17,0.16677181699666577,0.28124266892127076
ar1_phi_0.9,119,18,0.15009463529699918,0.24604172412407724
ar1_phi_0.9,119,19,0.13508517176729928,0.21767789635489143
ar1_phi_0.9,119,20,0.12157665459056935,0.19872241102280017
ar1_phi_0.9,120,1,0.9,0.8855233825606571
ar1_phi_0.9,120,2,0.81,0.7767798743518677
ar1_phi_0.9,120,3,0.7290000000000001,0.6803449799861897
ar1_phi_0.9,120,4,0.6561,0.600689318229794
ar1_phi_0.9,120,5,0.5904900000000001,0.5485304131119213
ar1_phi_0.9,120,6,0.531441,0.4950509557615875
ar1_phi_0.9,120,7,0.4782969000000001,0.4445769865247674
ar1_phi_0.9,120,8,0.4304672100000001,0.38832846878635296
ar1_phi_0.9,120,9,0.3874204890000001,0.3388365761469222
ar1_phi_0.9,120,10,0.3486784401000001,0.3034823458833917
ar1_phi_0.9,120,11,0.31381059609000006,0.2686507715950719
ar1_phi_0.9,120,12,0.2824295364810001,0.24715033855701551
ar1_phi_0.9,120,13,0.2541865828329001,0.22116299358048977
ar1_phi_0.9,120,14,0.2287679245496101,0.18156791319640928
ar1_phi_0.9,120,15,0.20589113209464907,0.15079949679305973
ar1_phi_0.9,120,16,0.18530201888518416,0.12269021397158003
ar1_phi_0.9,120,17,0.16677181699666577,0.09510022342952637
ar1_phi_0.9,120,18,0.15009463529699918,0.06409479138430423
ar1_phi_0.9,120,19,0.13508517176729928,0.03675555302472929
ar1_phi_0.9,120,20,0.12157665459056935,0.028045080600585772
ar1_phi_0.9,121,1,0.9,0.8928387702033863
ar1_phi_0.9,121,2,0.81,0.7991261295218666
ar1_phi_0.9,121,3,0.7290000000000001,0.7046675016624374
ar1_phi_0.9,121,4,0.6561,0.6184914092750956
ar1_phi_0.9,121,5,0.5904900000000001,0.5354962264339209
ar1_phi_0.9,121,6,0.531441,0.4635638072956856
ar1_phi_0.9,121,7,0.4782969000000001,0.4031406677388716
ar1_phi_0.9,121,8,0.4304672100000001,0.3600257661634183
ar1_phi_0.9,121,9,0.3874204890000001,0.32379434568429194
ar1_phi_0.9,121,10,0.3486784401000001,0.28944959800963926
ar1_phi_0.9,121,11,0.31381059609000006,0.24723057169905388
ar1_phi_0.9,121,12,0.2824295364810001,0.21645324674794741
ar1_phi_0.9,121,13,0.2541865828329001,0.1747301671464033
ar1_phi_0.9,121,14,0.2287679245496101,0.12335090165542417
ar1_phi_0.9,121,15,0.20589113209464907,0.068545634253895
ar1_phi_0.9,121,16,0.18530201888518416,0.0300085844918926
ar1_phi_0.9,121,17,0.16677181699666577,-0.010989055060978472
ar1_phi_0.9,121,18,0.15009463529699918,-0.04890165744104541
ar1_phi_0.9,121,19,0.13508517176729928,-0.07510679791996423
ar1_phi_0.9,121,20,0.12157665459056935,-0.0835875586225301
ar1_phi_0.9,122,1,0.9,0.8915017515670876
ar1_phi_0.9,122,2,0.81,0.8000390805492513
ar1_phi_0.9,122,3,0.7290000000000001,0.7069709416027645
ar1_phi_0.9,122,4,0.6561,0.6121400562617821
ar1_phi_0.9,122,5,0.5904900000000001,0.5410741996668401
ar1_phi_0.9,122,6,0.531441,0.471779982119089
ar1_phi_0.9,122,7,0.4782969000000001,0.4055774641672833
ar1_phi_0.9,122,8,0.4304672100000001,0.35153138490654123
ar1_phi_0.9,122,9,0.3874204890000001,0.2962991253282998
ar1_phi_0.9,122,10,0.3486784401000001,0.24498616108966723
ar1_phi_0.9,122,11,0.31381059609000006,0.20063945140760803
ar1_phi_0.9,122,12,0.2824295364810001,0.15842545015430506
ar1_phi_0.9,122,13,0.2541865828329001,0.12331875557894965
ar1_phi_0.9,122,14,0.2287679245496101,0.09331379349483879
ar1_phi_0.9,122,15,0.20589113209464907,0.06295885410943468
ar1_phi_0.9,122,16,0.18530201888518416,0.049576865099448995
ar1_phi_0.9,122,17,0.16677181699666577,0.022513698783607625
ar1_phi_0.9,122,18,0.15009463529699918,0.008206242289365305
ar1_phi_0.9,122,19,0.13508517176729928,-0.005824631303602412
ar1_phi_0.9,122,20,0.12157665459056935,-0.03568390087434237
ar1_phi_0.9,123,1,0.9,0.91646582341305
ar1_phi_0.9,123,2,0.81,0.8336128794252418
ar1_phi_0.9,123,3,0.7290000000000001,0.7612768807027118
ar1_phi_0.9,123,4,0.6561,0.6945558108436214
ar1_phi_0.9,123,5,0.5904900000000001,0.6340732007321126
ar1_phi_0.9,123,6,0.531441,0.5663180364074498
ar1_phi_0.9,123,7,0.4782969000000001,0.503981094281369
ar1_phi_0.9,123,8,0.4304672100000001,0.45412660552959094
ar1_phi_0.9,123,9,0.3874204890000001,0.4156317730025265
ar1_phi_0.9,123,10,0.3486784401000001,0.3875327325764814
ar1_phi_0.9,123,11,0.31381059609000006,0.35782972832793936
ar1_phi_0.9,123,12,0.2824295364810001,0.33401382968090365
ar1_phi_0.9,123,13,0.2541865828329001,0.3023963747455039
ar1_phi_0.9,123,14,0.2287679245496101,0.27608243956477097
ar1_phi_0.9,123,15,0.20589113209464907,0.2572461445531634
ar1_phi_0.9,123,16,0.18530201888518416,0.24296532197336393
ar1_phi_0.9,123,17,0.16677181699666577,0.23673096552679698
ar1_phi_0.9,123,18,0.15009463529699918,0.2299835447426729
ar1_phi_0.9,123,19,0.13508517176729928,0.23211118424123314
ar1_phi_0.9,123,20,0.12157665459056935,0.24407994229385013
ar1_phi_0.9,124,1,0.9,0.905333065667544
ar1_phi_0.9,124,2,0.81,0.8152124407173522
ar1_phi_0.9,124,3,0.7290000000000001,0.7378222736388643
ar1_phi_0.9,124,4,0.6561,0.6519848155690249
ar1_phi_0.9,124,5,0.5904900000000001,0.5773808638115191
ar1_phi_0.9,124,6,0.531441,0.5161654651801846
ar1_phi_0.9,124,7,0.4782969000000001,0.45432072183177147
ar1_phi_0.9,124,8,0.4304672100000001,0.3804204851079014
ar1_phi_0.9,124,9,0.3874204890000001,0.31957786214728856
ar1_phi_0.9,124,10,0.3486784401000001,0.27234135504365153
ar1_phi_0.9,124,11,0.31381059609000006,0.2090954119388522
ar1_phi_0.9,124,12,0.2824295364810001,0.14681531638310222
ar1_phi_0.9,124,13,0.2541865828329001,0.09638691815825991
ar1_phi_0.9,124,14,0.2287679245496101,0.030317198946861898
ar1_phi_0.9,124,15,0.20589113209464907,-0.01037925635063443
ar1_phi_0.9,124,16,0.18530201888518416,-0.03218938403093905
ar1_phi_0.9,124,17,0.16677181699666577,-0.05174562106859536
ar1_phi_0.9,124,18,0.15009463529699918,-0.07006099858681149
ar1_phi_0.9,124,19,0.13508517176729928,-0.08529121881945578
ar1_phi_0.9,124,20,0.12157665459056935,-0.0946136480656055
ar1_phi_0.9,125,1,0.9,0.8577753043421429
ar1_phi_0.9,125,2,0.81,0.7399759453201734
ar1_phi_0.9,125,3,0.7290000000000001,0.6428119350966989
ar1_phi_0.9,125,4,0.6561,0.5551021516290354
ar1_phi_0.9,125,5,0.5904900000000001,0.47949998750420336
ar1_phi_0.9,125,6,0.531441,0.41352615307712065
ar1_phi_0.9,125,7,0.4782969000000001,0.36848852690720674
ar1_phi_0.9,125,8,0.4304672100000001,0.3087947041194834
ar1_phi_0.9,125,9,0.3874204890000001,0.24330009907040245
ar1_phi_0.9,125,10,0.3486784401000001,0.19895987286942182
ar1_phi_0.9,125,11,0.31381059609000006,0.1680866042569487
ar1_phi_0.9,125,12,0.2824295364810001,0.13713725512777242
ar1_phi_0.9,125,13,0.2541865828329001,0.09623798660783595
ar1_phi_0.9,125,14,0.2287679245496101,0.07080292022110024
ar1_phi_0.9,125,15,0.20589113209464907,0.047586354071392355
ar1_phi_0.9,125,16,0.18530201888518416,0.02937925769789348
ar1_phi_0.9,125,17,0.16677181699666577,0.015349553275102124
ar1_phi_0.9,125,18,0.15009463529699918,-0.006051086694230398
ar1_phi_0.9,125,19,0.13508517176729928,-0.029767790096033586
ar1_phi_0.9,125,20,0.12157665459056935,-0.05246754971649545
ar1_phi_0.9,126,1,0.9,0.8883181769598725
ar1_phi_0.9,126,2,0.81,0.7739816284614894
ar1_phi_0.9,126,3,0.7290000000000001,0.664388542088193
ar1_phi_0.9,126,4,0.6561,0.5516385835757563
ar1_phi_0.9,126,5,0.5904900000000001,0.4648553945988576
ar1_phi_0.9,126,6,0.531441,0.3941602912854698
ar1_phi_0.9,126,7,0.4782969000000001,0.3402064668768569
ar1_phi_0.9,126,8,0.4304672100000001,0.3006617639187947
ar1_phi_0.9,126,9,0.3874204890000001,0.28113431193270727
ar1_phi_0.9,126,10,0.3486784401000001,0.22981018045514331
ar1_phi_0.9,126,11,0.31381059609000006,0.17408647082429088
ar1_phi_0.9,126,12,0.2824295364810001,0.1251999013602033
ar1_phi_0.9,126,13,0.2541865828329001,0.05737259880653168
ar1_phi_0.9,126,14,0.2287679245496101,0.005746270656137782
ar1_phi_0.9,126,15,0.20589113209464907,-0.0323026250324041
ar1_phi_0.9,126,16,0.18530201888518416,-0.07447712425923009
ar1_phi_0.9,126,17,0.16677181699666577,-0.11161072954942894
ar1_phi_0.9,126,18,0.15009463529699918,-0.1372815143903946
ar1_phi_0.9,126,19,0.13508517176729928,-0.1639686818306859
ar1_phi_0.9,126,20,0.12157665459056935,-0.19737924677632998
ar1_phi_0.9,127,1,0.9,0.9145228931739312
ar1_phi_0.9,127,2,0.81,0.8344160708546592
ar1_phi_0.9,127,3,0.7290000000000001,0.752067415250535
ar1_phi_0.9,127,4,0.6561,0.6834797146786041
ar1_phi_0.9,127,5,0.5904900000000001,0.6285785352270904
ar1_phi_0.9,127,6,0.531441,0.5844920229961704
ar1_phi_0.9,127,7,0.4782969000000001,0.5395222410671822
ar1_phi_0.9,127,8,0.4304672100000001,0.4933476990388678
ar1_phi_0.9,127,9,0.3874204890000001,0.44533751461230486
ar1_phi_0.9,127,10,0.3486784401000001,0.38444276062863075
ar1_phi_0.9,127,11,0.31381059609000006,0.3273738373783704
ar1_phi_0.9,127,12,0.2824295364810001,0.27628430576263163
ar1_phi_0.9,127,13,0.2541865828329001,0.23723270421790796
ar1_phi_0.9,127,14,0.2287679245496101,0.20634145682921784
ar1_phi_0.9,127,15,0.20589113209464907,0.18305985471911534
ar1_phi_0.9,127,16,0.18530201888518416,0.15117512172346553
ar1_phi_0.9,127,17,0.16677181699666577,0.1131898028945511
ar1_phi_0.9,127,18,0.15009463529699918,0.0786359364155868
ar1_phi_0.9,127,19,0.13508517176729928,0.045338692589185985
ar1_phi_0.9,127,20,0.12157665459056935,0.02734698647213743
ar1_phi_0.9,128,1,0.9,0.9189404413627161
ar1_phi_0.9,128,2,0.81,0.8347519284471098
ar1_phi_0.9,128,3,0.7290000000000001,0.7628339811097207
ar1_phi_0.9,128,4,0.6561,0.6940315428354884
ar1_phi_0.9,128,5,0.5904900000000001,0.61716537860376
ar1_phi_0.9,128,6,0.531441,0.5447814986038134
ar1_phi_0.9,128,7,0.4782969000000001,0.4868985397362292
ar1_phi_0.9,128,8,0.4304672100000001,0.42880683970731065
ar1_phi_0.9,128,9,0.3874204890000001,0.3766550421739931
ar1_phi_0.9,128,10,0.3486784401000001,0.33082559438655623
ar1_phi_0.9,128,11,0.31381059609000006,0.30302370620673785
ar1_phi_0.9,128,12,0.2824295364810001,0.27131043443639624
ar1_phi_0.9,128,13,0.2541865828329001,0.2424337072319199
ar1_phi_0.9,128,14,0.2287679245496101,0.22719270310103748
ar1_phi_0.9,128,15,0.20589113209464907,0.2188382740929496
ar1_phi_0.9,128,16,0.18530201888518416,0.2112071120727097
ar1_phi_0.9,128,17,0.16677181699666577,0.2000593727217428
ar1_phi_0.9,128,18,0.15009463529699918,0.20444222553136238
ar1_phi_0.9,128,19,0.13508517176729928,0.19809273824738535
ar1_phi_0.9,128,20,0.12157665459056935,0.19643880119361717
ar1_phi_0.9,129,1,0.9,0.8725839120068506
ar1_phi_0.9,129,2,0.81,0.7413448289960384
ar1_phi_0.9,129,3,0.7290000000000001,0.6102414263637422
ar1_phi_0.9,129,4,0.6561,0.4882384265879962
ar1_phi_0.9,129,5,0.5904900000000001,0.38659250961531844
ar1_phi_0.9,129,6,0.531441,0.2983074978430866
ar1_phi_0.9,129,7,0.4782969000000001,0.22695762627453847
ar1_phi_0.9,129,8,0.4304672100000001,0.15426743483054792
ar1_phi_0.9,129,9,0.3874204890000001,0.11238827469324685
ar1_phi_0.9,129,10,0.3486784401000001,0.08906630721104912
ar1_phi_0.9,129,11,0.31381059609000006,0.06281859244957048
ar1_phi_0.9,129,12,0.2824295364810001,0.057402788948933116
ar1_phi_0.9,129,13,0.2541865828329001,0.0366984284582895
ar1_phi_0.9,129,14,0.2287679245496101,0.03792039519641116
ar1_phi_0.9,129,15,0.20589113209464907,0.03583592558757145
ar1_phi_0.9,129,16,0.18530201888518416,0.06233144602191302
ar1_phi_0.9,129,17,0.16677181699666577,0.07460773278437095
ar1_phi_0.9,129,18,0.15009463529699918,0.06745705814281057
ar1_phi_0.9,129,19,0.13508517176729928,0.07508442375286031
ar1_phi_0.9,129,20,0.12157665459056935,0.08487058102518814
ar1_phi_0.9,130,1,0.9,0.8925578865891532
ar1_phi_0.9,130,2,0.81,0.7997262951811024
ar1_phi_0.9,130,3,0.7290000000000001,0.7172375577945825
ar1_phi_0.9,130,4,0.6561,0.6484030856304477
ar1_phi_0.9,130,5,0.5904900000000001,0.580678322364714
ar1_phi_0.9,130,6,0.531441,0.516298147203484
ar1_phi_0.9,130,7,0.4782969000000001,0.4717393271307625
ar1_phi_0.9,130,8,0.4304672100000001,0.41068850605728346
ar1_phi_0.9,130,9,0.3874204890000001,0.34734171599483854
ar1_phi_0.9,130,10,0.3486784401000001,0.3123355217491828
ar1_phi_0.9,130,11,0.31381059609000006,0.2918523753226328
ar1_phi_0.9,130,12,0.2824295364810001,0.27079258576462195
ar1_phi_0.9,130,13,0.2541865828329001,0.269457651746128
ar1_phi_0.9,130,14,0.2287679245496101,0.2685993082457331
ar1_phi_0.9,130,15,0.20589113209464907,0.26301612557578175
ar1_phi_0.9,130,16,0.18530201888518416,0.2644882864249112
ar1_phi_0.9,130,17,0.16677181699666577,0.2810865094423624
ar1_phi_0.9,130,18,0.15009463529699918,0.28193083082637965
ar1_phi_0.9,130,19,0.13508517176729928,0.26965841029522103
ar1_phi_0.9,130,20,0.12157665459056935,0.2588880260054192
ar1_phi_0.9,131,1,0.9,0.8956572241853012
ar1_phi_0.9,131,2,0.81,0.8011192843653959
ar1_phi_0.9,131,3,0.7290000000000001,0.696815491100512
ar1_phi_0.9,131,4,0.6561,0.5931234058150973
ar1_phi_0.9,131,5,0.5904900000000001,0.4833889378947891
ar1_phi_0.9,131,6,0.531441,0.3965067184686469
ar1_phi_0.9,131,7,0.4782969000000001,0.3392204251222098
ar1_phi_0.9,131,8,0.4304672100000001,0.28663626040065326
ar1_phi_0.9,131,9,0.3874204890000001,0.21582638531725779
ar1_phi_0.9,131,10,0.3486784401000001,0.14432227541529158
ar1_phi_0.9,131,11,0.31381059609000006,0.07184184428184998
ar1_phi_0.9,131,12,0.2824295364810001,0.01928582536176189
ar1_phi_0.9,131,13,0.2541865828329001,-0.03152246261298581
ar1_phi_0.9,131,14,0.2287679245496101,-0.06298024934739292
ar1_phi_0.9,131,15,0.20589113209464907,-0.08547494198739852
ar1_phi_0.9,131,16,0.18530201888518416,-0.08572000519935256
ar1_phi_0.9,131,17,0.16677181699666577,-0.09771528560493621
ar1_phi_0.9,131,18,0.15009463529699918,-0.10763955753887129
ar1_phi_0.9,131,19,0.13508517176729928,-0.1290535622693641
ar1_phi_0.9,131,20,0.12157665459056935,-0.1336333999891514
ar1_phi_0.9,132,1,0.9,0.9187051607990298
ar1_phi_0.9,132,2,0.81,0.8373439837961081
ar1_phi_0.9,132,3,0.7290000000000001,0.7611169155653762
ar1_phi_0.9,132,4,0.6561,0.7025666576283842
ar1_phi_0.9,132,5,0.5904900000000001,0.646698276844032
ar1_phi_0.9,132,6,0.531441,0.5859506728242779
ar1_phi_0.9,132,7,0.4782969000000001,0.5298386227338977
ar1_phi_0.9,132,8,0.4304672100000001,0.4785691264436053
ar1_phi_0.9,132,9,0.3874204890000001,0.43968055991393445
ar1_phi_0.9,132,10,0.3486784401000001,0.4017497363665793
ar1_phi_0.9,132,11,0.31381059609000006,0.36921368470510313
ar1_phi_0.9,132,12,0.2824295364810001,0.3322986636845834
ar1_phi_0.9,132,13,0.2541865828329001,0.28260975204598426
ar1_phi_0.9,132,14,0.2287679245496101,0.2505289492021715
ar1_phi_0.9,132,15,0.20589113209464907,0.224179070187939
ar1_phi_0.9,132,16,0.18530201888518416,0.1867535901665096
ar1_phi_0.9,132,17,0.16677181699666577,0.15375226971619016
ar1_phi_0.9,132,18,0.15009463529699918,0.1261650607426155
ar1_phi_0.9,132,19,0.13508517176729928,0.08942317215996244
ar1_phi_0.9,132,20,0.12157665459056935,0.06390459983252636
ar1_phi_0.9,133,1,0.9,0.8543540615071612
ar1_phi_0.9,133,2,0.81,0.741031414095507
ar1_phi_0.9,133,3,0.7290000000000001,0.6378117633188422
ar1_phi_0.9,133,4,0.6561,0.5454295092757608
ar1_phi_0.9,133,5,0.5904900000000001,0.4576998160700313
ar1_phi_0.9,133,6,0.531441,0.37071534519892296
ar1_phi_0.9,133,7,0.4782969000000001,0.2937661566163703
ar1_phi_0.9,133,8,0.4304672100000001,0.22041447777975323
ar1_phi_0.9,133,9,0.3874204890000001,0.1566175882657503
ar1_phi_0.9,133,10,0.3486784401000001,0.10291433351253054
ar1_phi_0.9,133,11,0.31381059609000006,0.060411168968360726
ar1_phi_0.9,133,12,0.2824295364810001,0.02372600052266518
ar1_phi_0.9,133,13,0.2541865828329001,0.016815575639463586
ar1_phi_0.9,133,14,0.2287679245496101,0.00988865128453757
ar1_phi_0.9,133,15,0.20589113209464907,0.015779335975333392
ar1_phi_0.9,133,16,0.18530201888518416,-0.016273983311116746
ar1_phi_0.9,133,17,0.16677181699666577,-0.04533477483844757
ar1_phi_0.9,133,18,0.15009463529699918,-0.040638201965312266
ar1_phi_0.9,133,19,0.13508517176729928,-0.04952102990957119
ar1_phi_0.9,133,20,0.12157665459056935,-0.05679367331652266
ar1_phi_0.9,134,1,0.9,0.8795743172316607
ar1_phi_0.9,134,2,0.81,0.763224292803238
ar1_phi_0.9,134,3,0.7290000000000001,0.6604464390896378
ar1_phi_0.9,134,4,0.6561,0.559997263023519
ar1_phi_0.9,134,5,0.5904900000000001,0.4753120018417554
ar1_phi_0.9,134,6,0.531441,0.3882086813884026
ar1_phi_0.9,134,7,0.4782969000000001,0.3022309224453906
ar1_phi_0.9,134,8,0.4304672100000001,0.21649489055772586
ar1_phi_0.9,134,9,0.3874204890000001,0.15041569501309082
ar1_phi_0.9,134,10,0.3486784401000001,0.11193759356103951
ar1_phi_0.9,134,11,0.31381059609000006,0.07224101585479255
ar1_phi_0.9,134,12,0.2824295364810001,0.041880082501287705
ar1_phi_0.9,134,13,0.2541865828329001,0.013520765256924007
ar1_phi_0.9,134,14,0.2287679245496101,-0.003860562650868099
ar1_phi_0.9,134,15,0.20589113209464907,-0.013369978696187395
ar1_phi_0.9,134,16,0.18530201888518416,-0.027403058904031018
ar1_phi_0.9,134,17,0.16677181699666577,-0.03521040755874012
ar1_phi_0.9,134,18,0.15009463529699918,-0.03923597726449798
ar1_phi_0.9,134,19,0.13508517176729928,-0.040460781474713894
ar1_phi_0.9,134,20,0.12157665459056935,-0.04882025468275174
ar1_phi_0.9,135,1,0.9,0.8905118966136085
ar1_phi_0.9,135,2,0.81,0.7895498782406687
ar1_phi_0.9,135,3,0.7290000000000001,0.6991393744425831
ar1_phi_0.9,135,4,0.6561,0.6360946644123333
ar1_phi_0.9,135,5,0.5904900000000001,0.5682793916498677
ar1_phi_0.9,135,6,0.531441,0.5116785526209903
ar1_phi_0.9,135,7,0.4782969000000001,0.4415492896412321
ar1_phi_0.9,135,8,0.4304672100000001,0.37736264155672417
ar1_phi_0.9,135,9,0.3874204890000001,0.3141271118541955
ar1_phi_0.9,135,10,0.3486784401000001,0.2664703283024299
ar1_phi_0.9,135,11,0.31381059609000006,0.2284084030618358
ar1_phi_0.9,135,12,0.2824295364810001,0.20978547364781944
ar1_phi_0.9,135,13,0.2541865828329001,0.1827181680887046
ar1_phi_0.9,135,14,0.2287679245496101,0.1832115746738919
ar1_phi_0.9,135,15,0.20589113209464907,0.1952575860202845
ar1_phi_0.9,135,16,0.18530201888518416,0.17473848499128056
ar1_phi_0.9,135,17,0.16677181699666577,0.15910008163952677
ar1_phi_0.9,135,18,0.15009463529699918,0.14816779483875564
ar1_phi_0.9,135,19,0.13508517176729928,0.15700122936158528
ar1_phi_0.9,135,20,0.12157665459056935,0.15442179818769533
ar1_phi_0.9,136,1,0.9,0.8892606141172141
ar1_phi_0.9,136,2,0.81,0.7859898511169169
ar1_phi_0.9,136,3,0.7290000000000001,0.6953521782429107
ar1_phi_0.9,136,4,0.6561,0.5974089009365213
ar1_phi_0.9,136,5,0.5904900000000001,0.5047929041280536
ar1_phi_0.9,136,6,0.531441,0.42773691164051664
ar1_phi_0.9,136,7,0.4782969000000001,0.3335311069057885
ar1_phi_0.9,136,8,0.4304672100000001,0.25543610745798223
ar1_phi_0.9,136,9,0.3874204890000001,0.19131236526635884
ar1_phi_0.9,136,10,0.3486784401000001,0.14930685975056895
ar1_phi_0.9,136,11,0.31381059609000006,0.0949118149172321
ar1_phi_0.9,136,12,0.2824295364810001,0.05187286270447084
ar1_phi_0.9,136,13,0.2541865828329001,0.02908406230992251
ar1_phi_0.9,136,14,0.2287679245496101,0.00470261310550975
ar1_phi_0.9,136,15,0.20589113209464907,-0.0309843109890823
ar1_phi_0.9,136,16,0.18530201888518416,-0.051998843476710827
ar1_phi_0.9,136,17,0.16677181699666577,-0.07982555213928265
ar1_phi_0.9,136,18,0.15009463529699918,-0.10836634171766835
ar1_phi_0.9,136,19,0.13508517176729928,-0.14450512539582866
ar1_phi_0.9,136,20,0.12157665459056935,-0.15492837944341747
ar1_phi_0.9,137,1,0.9,0.893484971653817
ar1_phi_0.9,137,2,0.81,0.8041722554257069
ar1_phi_0.9,137,3,0.7290000000000001,0.7093469617091069
ar1_phi_0.9,137,4,0.6561,0.6182746429847822
ar1_phi_0.9,137,5,0.5904900000000001,0.5491733184442797
ar1_phi_0.9,137,6,0.531441,0.4898989635891391
ar1_phi_0.9,137,7,0.4782969000000001,0.4349261212987299
ar1_phi_0.9,137,8,0.4304672100000001,0.36467524617720104
ar1_phi_0.9,137,9,0.3874204890000001,0.31368489596947957
ar1_phi_0.9,137,10,0.3486784401000001,0.285457378551234
ar1_phi_0.9,137,11,0.31381059609000006,0.26740004937926437
ar1_phi_0.9,137,12,0.2824295364810001,0.24530129719879024
ar1_phi_0.9,137,13,0.2541865828329001,0.24845959393523886
ar1_phi_0.9,137,14,0.2287679245496101,0.22953970376109112
ar1_phi_0.9,137,15,0.20589113209464907,0.2061624338706804
ar1_phi_0.9,137,16,0.18530201888518416,0.15427222064096263
ar1_phi_0.9,137,17,0.16677181699666577,0.09647468575200417
ar1_phi_0.9,137,18,0.15009463529699918,0.04949169105201249
ar1_phi_0.9,137,19,0.13508517176729928,0.011925373902401499
ar1_phi_0.9,137,20,0.12157665459056935,0.00190792758521411
ar1_phi_0.9,138,1,0.9,0.8842470005055068
ar1_phi_0.9,138,2,0.81,0.7870590734748727
ar1_phi_0.9,138,3,0.7290000000000001,0.7345235607729698
ar1_phi_0.9,138,4,0.6561,0.701773856928257
ar1_phi_0.9,138,5,0.5904900000000001,0.6561361312199725
ar1_phi_0.9,138,6,0.531441,0.612582476985549
ar1_phi_0.9,138,7,0.4782969000000001,0.5794452167271722
ar1_phi_0.9,138,8,0.4304672100000001,0.5506060215668368
ar1_phi_0.9,138,9,0.3874204890000001,0.5389282082885901
ar1_phi_0.9,138,10,0.3486784401000001,0.510908165555957
ar1_phi_0.9,138,11,0.31381059609000006,0.46992037962205163
ar1_phi_0.9,138,12,0.2824295364810001,0.4284995938576818
ar1_phi_0.9,138,13,0.2541865828329001,0.37594258994744856
ar1_phi_0.9,138,14,0.2287679245496101,0.34049332299174584
ar1_phi_0.9,138,15,0.20589113209464907,0.3190009667026118
ar1_phi_0.9,138,16,0.18530201888518416,0.30491228574791723
ar1_phi_0.9,138,17,0.16677181699666577,0.301975808730526
ar1_phi_0.9,138,18,0.15009463529699918,0.2804756090524607
ar1_phi_0.9,138,19,0.13508517176729928,0.2646950533704647
ar1_phi_0.9,138,20,0.12157665459056935,0.26079020244654355
ar1_phi_0.9,139,1,0.9,0.8547204730873159
ar1_phi_0.9,139,2,0.81,0.7368220227515118
ar1_phi_0.9,139,3,0.7290000000000001,0.6338283374725214
ar1_phi_0.9,139,4,0.6561,0.5553706634546907
ar1_phi_0.9,139,5,0.5904900000000001,0.4797004730975744
ar1_phi_0.9,139,6,0.531441,0.4269521036578038
ar1_phi_0.9,139,7,0.4782969000000001,0.3718559714851813
ar1_phi_0.9,139,8,0.4304672100000001,0.32113815159792436
ar1_phi_0.9,139,9,0.3874204890000001,0.27487993629291824
ar1_phi_0.9,139,10,0.3486784401000001,0.24133575570748061
ar1_phi_0.9,139,11,0.31381059609000006,0.1834593238213092
ar1_phi_0.9,139,12,0.2824295364810001,0.16035655600237184
ar1_phi_0.9,139,13,0.2541865828329001,0.15010403610456544
ar1_phi_0.9,139,14,0.2287679245496101,0.12755763574250892
ar1_phi_0.9,139,15,0.20589113209464907,0.10483104167306553
ar1_phi_0.9,139,16,0.18530201888518416,0.08879951902283928
ar1_phi_0.9,139,17,0.16677181699666577,0.04569804184842467
ar1_phi_0.9,139,18,0.15009463529699918,0.015766495732344083
ar1_phi_0.9,139,19,0.13508517176729928,-0.021845839952404942
ar1_phi_0.9,139,20,0.12157665459056935,-0.03967875010088062
ar1_phi_0.9,140,1,0.9,0.9298294498939762
ar1_phi_0.9,140,2,0.81,0.8702430631013786
ar1_phi_0.9,140,3,0.7290000000000001,0.8164158738136293
ar1_phi_0.9,140,4,0.6561,0.7535578359519537
ar1_phi_0.9,140,5,0.5904900000000001,0.696392972928302
ar1_phi_0.9,140,6,0.531441,0.6449950143875322
ar1_phi_0.9,140,7,0.4782969000000001,0.6105045986367544
ar1_phi_0.9,140,8,0.4304672100000001,0.5722066449629601
ar1_phi_0.9,140,9,0.3874204890000001,0.5395904079304251
ar1_phi_0.9,140,10,0.3486784401000001,0.5037342774966596
ar1_phi_0.9,140,11,0.31381059609000006,0.4699360901537611
ar1_phi_0.9,140,12,0.2824295364810001,0.44119017237347574
ar1_phi_0.9,140,13,0.2541865828329001,0.42149069061346905
ar1_phi_0.9,140,14,0.2287679245496101,0.393849849360917
ar1_phi_0.9,140,15,0.20589113209464907,0.3687327343622201
ar1_phi_0.9,140,16,0.18530201888518416,0.34956785541818414
ar1_phi_0.9,140,17,0.16677181699666577,0.3221442735603709
ar1_phi_0.9,140,18,0.15009463529699918,0.28792487907679765
ar1_phi_0.9,140,19,0.13508517176729928,0.259128774645633
ar1_phi_0.9,140,20,0.12157665459056935,0.23716662483570475
ar1_phi_0.9,141,1,0.9,0.8838684663212634
ar1_phi_0.9,141,2,0.81,0.7766351505747066
ar1_phi_0.9,141,3,0.7290000000000001,0.6970036258439282
ar1_phi_0.9,141,4,0.6561,0.611174550106677
ar1_phi_0.9,141,5,0.5904900000000001,0.5050986381886626
ar1_phi_0.9,141,6,0.531441,0.42293799012601346
ar1_phi_0.9,141,7,0.4782969000000001,0.3472606108142659
ar1_phi_0.9,141,8,0.4304672100000001,0.2711261413969799
ar1_phi_0.9,141,9,0.3874204890000001,0.20830393004840148
ar1_phi_0.9,141,10,0.3486784401000001,0.15496287798836927
ar1_phi_0.9,141,11,0.31381059609000006,0.09551640219561376
ar1_phi_0.9,141,12,0.2824295364810001,0.0384360146041111
ar1_phi_0.9,141,13,0.2541865828329001,0.020101746397654694
ar1_phi_0.9,141,14,0.2287679245496101,0.0280210268553522
ar1_phi_0.9,141,15,0.20589113209464907,0.026803345907504876
ar1_phi_0.9,141,16,0.18530201888518416,0.05685698256499951
ar1_phi_0.9,141,17,0.16677181699666577,0.09144648705063736
ar1_phi_0.9,141,18,0.15009463529699918,0.1140458944932783
ar1_phi_0.9,141,19,0.13508517176729928,0.14401174148657803
ar1_phi_0.9,141,20,0.12157665459056935,0.18473327279580157
ar1_phi_0.9,142,1,0.9,0.8496553424361237
ar1_phi_0.9,142,2,0.81,0.7255577629598905
ar1_phi_0.9,142,3,0.7290000000000001,0.6202047556973186
ar1_phi_0.9,142,4,0.6561,0.5400364002469813
ar1_phi_0.9,142,5,0.5904900000000001,0.4571989074204627
ar1_phi_0.9,142,6,0.531441,0.38042039833037894
ar1_phi_0.9,142,7,0.4782969000000001,0.32711048811204646
ar1_phi_0.9,142,8,0.4304672100000001,0.2557843713351783
ar1_phi_0.9,142,9,0.3874204890000001,0.17841224462914582
ar1_phi_0.9,142,10,0.3486784401000001,0.09647476085379973
ar1_phi_0.9,142,11,0.31381059609000006,0.04979255085739055
ar1_phi_0.9,142,12,0.2824295364810001,0.030937888652527522
ar1_phi_0.9,142,13,0.2541865828329001,0.022453821864746745
ar1_phi_0.9,142,14,0.2287679245496101,0.004842595685292149
ar1_phi_0.9,142,15,0.20589113209464907,-0.020101732726393026
ar1_phi_0.9,142,16,0.18530201888518416,-0.028593264013815088
ar1_phi_0.9,142,17,0.16677181699666577,-0.02334169460993749
ar1_phi_0.9,142,18,0.15009463529699918,-0.028938495782747407
ar1_phi_0.9,142,19,0.13508517176729928,-0.006227917318287922
ar1_phi_0.9,142,20,0.12157665459056935,0.031766979572407525
ar1_phi_0.9,143,1,0.9,0.9113455739475349
ar1_phi_0.9,143,2,0.81,0.8307644836117419
ar1_phi_0.9,143,3,0.7290000000000001,0.7528650822870874
ar1_phi_0.9,143,4,0.6561,0.6798991714610614
ar1_phi_0.9,143,5,0.5904900000000001,0.6280081274183459
ar1_phi_0.9,143,6,0.531441,0.5612031744494165
ar1_phi_0.9,143,7,0.4782969000000001,0.502957791305837
ar1_phi_0.9,143,8,0.4304672100000001,0.4450879916899079
ar1_phi_0.9,143,9,0.3874204890000001,0.3886086735659702
ar1_phi_0.9,143,10,0.3486784401000001,0.35399738675148923
ar1_phi_0.9,143,11,0.31381059609000006,0.3155271846044486
ar1_phi_0.9,143,12,0.2824295364810001,0.26999003121141857
ar1_phi_0.9,143,13,0.2541865828329001,0.24898041790893988
ar1_phi_0.9,143,14,0.2287679245496101,0.23155806639679252
ar1_phi_0.9,143,15,0.20589113209464907,0.2153574495913957
ar1_phi_0.9,143,16,0.18530201888518416,0.19306817926944467
ar1_phi_0.9,143,17,0.16677181699666577,0.17411502950160054
ar1_phi_0.9,143,18,0.15009463529699918,0.15482461307636913
ar1_phi_0.9,143,19,0.13508517176729928,0.12409679700136536
ar1_phi_0.9,143,20,0.12157665459056935,0.08206709316222457
ar1_phi_0.9,144,1,0.9,0.8912145593967533
ar1_phi_0.9,144,2,0.81,0.7788266036726463
ar1_phi_0.9,144,3,0.7290000000000001,0.6800157903590347
ar1_phi_0.9,144,4,0.6561,0.6148383454470242
ar1_phi_0.9,144,5,0.5904900000000001,0.5556261747661816
ar1_phi_0.9,144,6,0.531441,0.4966551658330352
ar1_phi_0.9,144,7,0.4782969000000001,0.4417165415144488
ar1_phi_0.9,144,8,0.4304672100000001,0.3890211836406195
ar1_phi_0.9,144,9,0.3874204890000001,0.36514875102687777
ar1_phi_0.9,144,10,0.3486784401000001,0.3398420595375101
ar1_phi_0.9,144,11,0.31381059609000006,0.3291149511383308
ar1_phi_0.9,144,12,0.2824295364810001,0.3177764509552891
ar1_phi_0.9,144,13,0.2541865828329001,0.3076549477151312
ar1_phi_0.9,144,14,0.2287679245496101,0.2949256992318541
ar1_phi_0.9,144,15,0.20589113209464907,0.27562445366270794
ar1_phi_0.9,144,16,0.18530201888518416,0.2722788269949675
ar1_phi_0.9,144,17,0.16677181699666577,0.2862918078323168
ar1_phi_0.9,144,18,0.15009463529699918,0.3058330693331178
ar1_phi_0.9,144,19,0.13508517176729928,0.3282832224451664
ar1_phi_0.9,144,20,0.12157665459056935,0.3551111125303809
ar1_phi_0.9,145,1,0.9,0.9093959682706355
ar1_phi_0.9,145,2,0.81,0.8311228402791065
ar1_phi_0.9,145,3,0.7290000000000001,0.7610808378890515
ar1_phi_0.9,145,4,0.6561,0.6879422129078064
ar1_phi_0.9,145,5,0.5904900000000001,0.6106850223070638
ar1_phi_0.9,145,6,0.531441,0.5356685337119648
ar1_phi_0.9,145,7,0.4782969000000001,0.45612175525064463
ar1_phi_0.9,145,8,0.4304672100000001,0.39033159114933086
ar1_phi_0.9,145,9,0.3874204890000001,0.328387443000713
ar1_phi_0.9,145,10,0.3486784401000001,0.2671593251098333
ar1_phi_0.9,145,11,0.31381059609000006,0.19579903446568697
ar1_phi_0.9,145,12,0.2824295364810001,0.15293811228267895
ar1_phi_0.9,145,13,0.2541865828329001,0.10603599781458242
ar1_phi_0.9,145,14,0.2287679245496101,0.04132350100063612
ar1_phi_0.9,145,15,0.20589113209464907,-0.014562123433216542
ar1_phi_0.9,145,16,0.18530201888518416,-0.060854359882113074
ar1_phi_0.9,145,17,0.16677181699666577,-0.10304862007325166
ar1_phi_0.9,145,18,0.15009463529699918,-0.13626045437982073
ar1_phi_0.9,145,19,0.13508517176729928,-0.17130009990638084
ar1_phi_0.9,145,20,0.12157665459056935,-0.19727394048925373
ar1_phi_0.9,146,1,0.9,0.8921190597370312
ar1_phi_0.9,146,2,0.81,0.7810505894520353
ar1_phi_0.9,146,3,0.7290000000000001,0.6700696393514509
ar1_phi_0.9,146,4,0.6561,0.5472609726474141
ar1_phi_0.9,146,5,0.5904900000000001,0.44406473998479135
ar1_phi_0.9,146,6,0.531441,0.3323291185455956
ar1_phi_0.9,146,7,0.4782969000000001,0.23162085215184064
ar1_phi_0.9,146,8,0.4304672100000001,0.1538297805973874
ar1_phi_0.9,146,9,0.3874204890000001,0.09752736825356498
ar1_phi_0.9,146,10,0.3486784401000001,0.035704278883903
ar1_phi_0.9,146,11,0.31381059609000006,0.00028293168639603316
ar1_phi_0.9,146,12,0.2824295364810001,-0.012566620465512782
ar1_phi_0.9,146,13,0.2541865828329001,-0.01969910907962684
ar1_phi_0.9,146,14,0.2287679245496101,-0.007552595215313209
ar1_phi_0.9,146,15,0.20589113209464907,0.011976143515291662
ar1_phi_0.9,146,16,0.18530201888518416,0.033561173497555795
ar1_phi_0.9,146,17,0.16677181699666577,0.0545062480944641
ar1_phi_0.9,146,18,0.15009463529699918,0.059530714679900315
ar1_phi_0.9,146,19,0.13508517176729928,0.06565756843507935
ar1_phi_0.9,146,20,0.12157665459056935,0.07347007485055473
ar1_phi_0.9,147,1,0.9,0.8840870942345199
ar1_phi_0.9,147,2,0.81,0.7719436597583124
ar1_phi_0.9,147,3,0.7290000000000001,0.6730976800736873
ar1_phi_0.9,147,4,0.6561,0.6052444494776763
ar1_phi_0.9,147,5,0.5904900000000001,0.5282670849180168
ar1_phi_0.9,147,6,0.531441,0.4531976917348321
ar1_phi_0.9,147,7,0.4782969000000001,0.3914359761018886
ar1_phi_0.9,147,8,0.4304672100000001,0.3461721373585083
ar1_phi_0.9,147,9,0.3874204890000001,0.29944529790413144
ar1_phi_0.9,147,10,0.3486784401000001,0.24807075364592562
ar1_phi_0.9,147,11,0.31381059609000006,0.20400480821732184
ar1_phi_0.9,147,12,0.2824295364810001,0.1647322522910794
ar1_phi_0.9,147,13,0.2541865828329001,0.11964649345858004
ar1_phi_0.9,147,14,0.2287679245496101,0.06850422241429814
ar1_phi_0.9,147,15,0.20589113209464907,0.030382259792827132
ar1_phi_0.9,147,16,0.18530201888518416,0.01448972795884122
ar1_phi_0.9,147,17,0.16677181699666577,3.9052574403327736e-05
ar1_phi_0.9,147,18,0.15009463529699918,-0.014674892731101608
ar1_phi_0.9,147,19,0.13508517176729928,-0.04533966839684776
ar1_phi_0.9,147,20,0.12157665459056935,-0.06292090918882788
ar1_phi_0.9,148,1,0.9,0.8779639774266682
ar1_phi_0.9,148,2,0.81,0.7622800847267297
ar1_phi_0.9,148,3,0.7290000000000001,0.6761607635095744
ar1_phi_0.9,148,4,0.6561,0.6186438941335815
ar1_phi_0.9,148,5,0.5904900000000001,0.5698303231096649
ar1_phi_0.9,148,6,0.531441,0.5040384942267145
ar1_phi_0.9,148,7,0.4782969000000001,0.44208254848310563
ar1_phi_0.9,148,8,0.4304672100000001,0.3813267434026095
ar1_phi_0.9,148,9,0.3874204890000001,0.33822958282853577
ar1_phi_0.9,148,10,0.3486784401000001,0.2970117093096063
ar1_phi_0.9,148,11,0.31381059609000006,0.26785074586645036
ar1_phi_0.9,148,12,0.2824295364810001,0.24005342988416695
ar1_phi_0.9,148,13,0.2541865828329001,0.20296054366117985
ar1_phi_0.9,148,14,0.2287679245496101,0.17304615247970737
ar1_phi_0.9,148,15,0.20589113209464907,0.15840174317688765
ar1_phi_0.9,148,16,0.18530201888518416,0.16865001107768918
ar1_phi_0.9,148,17,0.16677181699666577,0.18718313689406094
ar1_phi_0.9,148,18,0.15009463529699918,0.1921264300271667
ar1_phi_0.9,148,19,0.13508517176729928,0.19071002312002877
ar1_phi_0.9,148,20,0.12157665459056935,0.19155713583379322
ar1_phi_0.9,149,1,0.9,0.905794669094412
ar1_phi_0.9,149,2,0.81,0.8277052245739022
ar1_phi_0.9,149,3,0.7290000000000001,0.7585651816335005
ar1_phi_0.9,149,4,0.6561,0.7001221116545785
ar1_phi_0.9,149,5,0.5904900000000001,0.6361551580752166
ar1_phi_0.9,149,6,0.531441,0.5864991015788028
ar1_phi_0.9,149,7,0.4782969000000001,0.5242692954790513
ar1_phi_0.9,149,8,0.4304672100000001,0.47502983199182
ar1_phi_0.9,149,9,0.3874204890000001,0.43090423074568224
ar1_phi_0.9,149,10,0.3486784401000001,0.38657803367973714
ar1_phi_0.9,149,11,0.31381059609000006,0.3338384540791103
ar1_phi_0.9,149,12,0.2824295364810001,0.29314763447164166
ar1_phi_0.9,149,13,0.2541865828329001,0.24792204324072437
ar1_phi_0.9,149,14,0.2287679245496101,0.19954089650224224
ar1_phi_0.9,149,15,0.20589113209464907,0.1537535767168613
ar1_phi_0.9,149,16,0.18530201888518416,0.12791528020626233
ar1_phi_0.9,149,17,0.16677181699666577,0.08718272997763285
ar1_phi_0.9,149,18,0.15009463529699918,0.051360215056803424
ar1_phi_0.9,149,19,0.13508517176729928,0.015832701598876227
ar1_phi_0.9,149,20,0.12157665459056935,-0.01572108203537039
ar1_phi_0.9,150,1,0.9,0.8942311232313244
ar1_phi_0.9,150,2,0.81,0.8032526172615593
ar1_phi_0.9,150,3,0.7290000000000001,0.7276074262040879
ar1_phi_0.9,150,4,0.6561,0.6657596803005125
ar1_phi_0.9,150,5,0.5904900000000001,0.6033130153311737
ar1_phi_0.9,150,6,0.531441,0.5449473444307354
ar1_phi_0.9,150,7,0.4782969000000001,0.49522447448952167
ar1_phi_0.9,150,8,0.4304672100000001,0.4432898044932243
ar1_phi_0.9,150,9,0.3874204890000001,0.39153014327379815
ar1_phi_0.9,150,10,0.3486784401000001,0.3627274266594667
ar1_phi_0.9,150,11,0.31381059609000006,0.31311877404460897
ar1_phi_0.9,150,12,0.2824295364810001,0.2830247419605411
ar1_phi_0.9,150,13,0.2541865828329001,0.2837926927387566
ar1_phi_0.9,150,14,0.2287679245496101,0.2739794829071017
ar1_phi_0.9,150,15,0.20589113209464907,0.2500670945228852
ar1_phi_0.9,150,16,0.18530201888518416,0.24773408083252701
ar1_phi_0.9,150,17,0.16677181699666577,0.23435674629677553
ar1_phi_0.9,150,18,0.15009463529699918,0.2423718497668551
ar1_phi_0.9,150,19,0.13508517176729928,0.23889551342756568
ar1_phi_0.9,150,20,0.12157665459056935,0.2527603692796136
ar1_phi_0.9,151,1,0.9,0.852536765486662
ar1_phi_0.9,151,2,0.81,0.753887528073947
ar1_phi_0.9,151,3,0.7290000000000001,0.6645346172139813
ar1_phi_0.9,151,4,0.6561,0.55950829049781
ar1_phi_0.9,151,5,0.5904900000000001,0.44818171601137236
ar1_phi_0.9,151,6,0.531441,0.3474090449374618
ar1_phi_0.9,151,7,0.4782969000000001,0.24919430539943715
ar1_phi_0.9,151,8,0.4304672100000001,0.15741000891463536
ar1_phi_0.9,151,9,0.3874204890000001,0.08182691981928948
ar1_phi_0.9,151,10,0.3486784401000001,0.013243373400596536
ar1_phi_0.9,151,11,0.31381059609000006,-0.031015502927898803
ar1_phi_0.9,151,12,0.2824295364810001,-0.06820465397824482
ar1_phi_0.9,151,13,0.2541865828329001,-0.09528890775092484
ar1_phi_0.9,151,14,0.2287679245496101,-0.11646795506387243
ar1_phi_0.9,151,15,0.20589113209464907,-0.1642050406309632
ar1_phi_0.9,151,16,0.18530201888518416,-0.2000265056070352
ar1_phi_0.9,151,17,0.16677181699666577,-0.22422295479437296
ar1_phi_0.9,151,18,0.15009463529699918,-0.25688130584779123
ar1_phi_0.9,151,19,0.13508517176729928,-0.2837892189936904
ar1_phi_0.9,151,20,0.12157665459056935,-0.29748043796829415
ar1_phi_0.9,152,1,0.9,0.9149611030850426
ar1_phi_0.9,152,2,0.81,0.8341156841467495
ar1_phi_0.9,152,3,0.7290000000000001,0.7639064187709257
ar1_phi_0.9,152,4,0.6561,0.6987416722312829
ar1_phi_0.9,152,5,0.5904900000000001,0.6309837554394271
ar1_phi_0.9,152,6,0.531441,0.5563306367031982
ar1_phi_0.9,152,7,0.4782969000000001,0.5009158580359332
ar1_phi_0.9,152,8,0.4304672100000001,0.4413995586742714
ar1_phi_0.9,152,9,0.3874204890000001,0.38227606275452447
ar1_phi_0.9,152,10,0.3486784401000001,0.32132112331507523
ar1_phi_0.9,152,11,0.31381059609000006,0.26467409610567133
ar1_phi_0.9,152,12,0.2824295364810001,0.21795549605076545
ar1_phi_0.9,152,13,0.2541865828329001,0.19304953338887237
ar1_phi_0.9,152,14,0.2287679245496101,0.1659442119239176
ar1_phi_0.9,152,15,0.20589113209464907,0.13207273549153453
ar1_phi_0.9,152,16,0.18530201888518416,0.10926614138839544
ar1_phi_0.9,152,17,0.16677181699666577,0.11369130480321855
ar1_phi_0.9,152,18,0.15009463529699918,0.1180268568989997
ar1_phi_0.9,152,19,0.13508517176729928,0.11643263872753118
ar1_phi_0.9,152,20,0.12157665459056935,0.10839789563361377
ar1_phi_0.9,153,1,0.9,0.8974761424338605
ar1_phi_0.9,153,2,0.81,0.8061452499896631
ar1_phi_0.9,153,3,0.7290000000000001,0.7343163142234852
ar1_phi_0.9,153,4,0.6561,0.6745653936204221
ar1_phi_0.9,153,5,0.5904900000000001,0.6054642133660003
ar1_phi_0.9,153,6,0.531441,0.5483493047378613
ar1_phi_0.9,153,7,0.4782969000000001,0.4823944689251562
ar1_phi_0.9,153,8,0.4304672100000001,0.4456514286001614
ar1_phi_0.9,153,9,0.3874204890000001,0.42451220964982855
ar1_phi_0.9,153,10,0.3486784401000001,0.3912109083153171
ar1_phi_0.9,153,11,0.31381059609000006,0.3530960847701062
ar1_phi_0.9,153,12,0.2824295364810001,0.33341562415024845
ar1_phi_0.9,153,13,0.2541865828329001,0.32228415109341635
ar1_phi_0.9,153,14,0.2287679245496101,0.319875858434203
ar1_phi_0.9,153,15,0.20589113209464907,0.3065508162577239
ar1_phi_0.9,153,16,0.18530201888518416,0.28216991291331556
ar1_phi_0.9,153,17,0.16677181699666577,0.2716277515304017
ar1_phi_0.9,153,18,0.15009463529699918,0.2687464856532146
ar1_phi_0.9,153,19,0.13508517176729928,0.27604378017603526
ar1_phi_0.9,153,20,0.12157665459056935,0.28208807741945674
ar1_phi_0.9,154,1,0.9,0.8882475191549648
ar1_phi_0.9,154,2,0.81,0.8060930814087083
ar1_phi_0.9,154,3,0.7290000000000001,0.7143851086862916
ar1_phi_0.9,154,4,0.6561,0.6362185252611582
ar1_phi_0.9,154,5,0.5904900000000001,0.5768106140550837
ar1_phi_0.9,154,6,0.531441,0.5050211995468864
ar1_phi_0.9,154,7,0.4782969000000001,0.45782206360608274
ar1_phi_0.9,154,8,0.4304672100000001,0.41361364922054294
ar1_phi_0.9,154,9,0.3874204890000001,0.36026867968738135
ar1_phi_0.9,154,10,0.3486784401000001,0.31768106813808566
ar1_phi_0.9,154,11,0.31381059609000006,0.28634432404432614
ar1_phi_0.9,154,12,0.2824295364810001,0.26095755425554185
ar1_phi_0.9,154,13,0.2541865828329001,0.24007393937933902
ar1_phi_0.9,154,14,0.2287679245496101,0.22630085746473483
ar1_phi_0.9,154,15,0.20589113209464907,0.207292802010989
ar1_phi_0.9,154,16,0.18530201888518416,0.19513564020164753
ar1_phi_0.9,154,17,0.16677181699666577,0.19179493490450839
ar1_phi_0.9,154,18,0.15009463529699918,0.18901881796624234
ar1_phi_0.9,154,19,0.13508517176729928,0.20390067657182365
ar1_phi_0.9,154,20,0.12157665459056935,0.21053157095709668
ar1_phi_0.9,155,1,0.9,0.9184253839396438
ar1_phi_0.9,155,2,0.81,0.8543136119171495
ar1_phi_0.9,155,3,0.7290000000000001,0.783793447498994
ar1_phi_0.9,155,4,0.6561,0.7153256852532512
ar1_phi_0.9,155,5,0.5904900000000001,0.6510139731669888
ar1_phi_0.9,155,6,0.531441,0.58864518203766
ar1_phi_0.9,155,7,0.4782969000000001,0.5439531498210283
ar1_phi_0.9,155,8,0.4304672100000001,0.4975163266150754
ar1_phi_0.9,155,9,0.3874204890000001,0.4526271793639692
ar1_phi_0.9,155,10,0.3486784401000001,0.4023864157668715
ar1_phi_0.9,155,11,0.31381059609000006,0.36886603842642024
ar1_phi_0.9,155,12,0.2824295364810001,0.33680690963973997
ar1_phi_0.9,155,13,0.2541865828329001,0.3029280092463566
ar1_phi_0.9,155,14,0.2287679245496101,0.27423522495390407
ar1_phi_0.9,155,15,0.20589113209464907,0.24285066881358328
ar1_phi_0.9,155,16,0.18530201888518416,0.20592365544443977
ar1_phi_0.9,155,17,0.16677181699666577,0.1673931190532401
ar1_phi_0.9,155,18,0.15009463529699918,0.1469774623244805
ar1_phi_0.9,155,19,0.13508517176729928,0.13124169492005378
ar1_phi_0.9,155,20,0.12157665459056935,0.11074462457369488
ar1_phi_0.9,156,1,0.9,0.8504720215950864
ar1_phi_0.9,156,2,0.81,0.7042249422684329
ar1_phi_0.9,156,3,0.7290000000000001,0.5922017986127338
ar1_phi_0.9,156,4,0.6561,0.4861733455336497
ar1_phi_0.9,156,5,0.5904900000000001,0.39153808485369807
ar1_phi_0.9,156,6,0.531441,0.29889058235718274
ar1_phi_0.9,156,7,0.4782969000000001,0.2046963448785551
ar1_phi_0.9,156,8,0.4304672100000001,0.138764293805596
ar1_phi_0.9,156,9,0.3874204890000001,0.07196298731164448
ar1_phi_0.9,156,10,0.3486784401000001,0.027956346437731202
ar1_phi_0.9,156,11,0.31381059609000006,-0.004107598084875702
ar1_phi_0.9,156,12,0.2824295364810001,-0.02499415399270427
ar1_phi_0.9,156,13,0.2541865828329001,-0.042549038229242664
ar1_phi_0.9,156,14,0.2287679245496101,-0.044922156600191866
ar1_phi_0.9,156,15,0.20589113209464907,-0.017323049362378155
ar1_phi_0.9,156,16,0.18530201888518416,0.007473938374380622
ar1_phi_0.9,156,17,0.16677181699666577,0.013925195989437996
ar1_phi_0.9,156,18,0.15009463529699918,0.007696394603282878
ar1_phi_0.9,156,19,0.13508517176729928,-0.010053382947189694
ar1_phi_0.9,156,20,0.12157665459056935,-0.0011987201740168687
ar1_phi_0.9,157,1,0.9,0.9114912701436841
ar1_phi_0.9,157,2,0.81,0.8215172110414974
ar1_phi_0.9,157,3,0.7290000000000001,0.7397158833041539
ar1_phi_0.9,157,4,0.6561,0.6726416230374785
ar1_phi_0.9,157,5,0.5904900000000001,0.6293354251161462
ar1_phi_0.9,157,6,0.531441,0.584795924483726
ar1_phi_0.9,157,7,0.4782969000000001,0.5453965099127924
ar1_phi_0.9,157,8,0.4304672100000001,0.5089125182599911
ar1_phi_0.9,157,9,0.3874204890000001,0.478360855131159
ar1_phi_0.9,157,10,0.3486784401000001,0.4412119464091733
ar1_phi_0.9,157,11,0.31381059609000006,0.3920847510408701
ar1_phi_0.9,157,12,0.2824295364810001,0.3380559060556506
ar1_phi_0.9,157,13,0.2541865828329001,0.2742426641613638
ar1_phi_0.9,157,14,0.2287679245496101,0.2451840935828196
ar1_phi_0.9,157,15,0.20589113209464907,0.22044249983647202
ar1_phi_0.9,157,16,0.18530201888518416,0.20482203863814077
ar1_phi_0.9,157,17,0.16677181699666577,0.19737061750643445
ar1_phi_0.9,157,18,0.15009463529699918,0.17973438733510969
ar1_phi_0.9,157,19,0.13508517176729928,0.16020841102169872
ar1_phi_0.9,157,20,0.12157665459056935,0.14490871200502428
ar1_phi_0.9,158,1,0.9,0.8799544751723397
ar1_phi_0.9,158,2,0.81,0.771304145039982
ar1_phi_0.9,158,3,0.7290000000000001,0.6695249506542598
ar1_phi_0.9,158,4,0.6561,0.565096117175226
ar1_phi_0.9,158,5,0.5904900000000001,0.46199369482398484
ar1_phi_0.9,158,6,0.531441,0.3757985514250443
ar1_phi_0.9,158,7,0.4782969000000001,0.29178806321991396
ar1_phi_0.9,158,8,0.4304672100000001,0.22148803428088917
ar1_phi_0.9,158,9,0.3874204890000001,0.1610145487839761
ar1_phi_0.9,158,10,0.3486784401000001,0.08469650218901986
ar1_phi_0.9,158,11,0.31381059609000006,0.05479927298076496
ar1_phi_0.9,158,12,0.2824295364810001,0.04770162808889781
ar1_phi_0.9,158,13,0.2541865828329001,0.0510841627376381
ar1_phi_0.9,158,14,0.2287679245496101,0.057273187523281456
ar1_phi_0.9,158,15,0.20589113209464907,0.07411418802634746
ar1_phi_0.9,158,16,0.18530201888518416,0.0907277978947161
ar1_phi_0.9,158,17,0.16677181699666577,0.09808788853279367
ar1_phi_0.9,158,18,0.15009463529699918,0.10011432497112749
ar1_phi_0.9,158,19,0.13508517176729928,0.11003195740040818
ar1_phi_0.9,158,20,0.12157665459056935,0.1223923688166391
ar1_phi_0.9,159,1,0.9,0.8635881907914815
ar1_phi_0.9,159,2,0.81,0.7454735476461329
ar1_phi_0.9,159,3,0.7290000000000001,0.6388551963783086
ar1_phi_0.9,159,4,0.6561,0.5335999204793717
ar1_phi_0.9,159,5,0.5904900000000001,0.4292656362841407
ar1_phi_0.9,159,6,0.531441,0.35205410649421354
ar1_phi_0.9,159,7,0.4782969000000001,0.2990036420358713
ar1_phi_0.9,159,8,0.4304672100000001,0.2673604212341908
ar1_phi_0.9,159,9,0.3874204890000001,0.24191914281009108
ar1_phi_0.9,159,10,0.3486784401000001,0.24982792697851774
ar1_phi_0.9,159,11,0.31381059609000006,0.2911925010893409
ar1_phi_0.9,159,12,0.2824295364810001,0.3063878472149078
ar1_phi_0.9,159,13,0.2541865828329001,0.3310794095239293
ar1_phi_0.9,159,14,0.2287679245496101,0.34486351120902736
ar1_phi_0.9,159,15,0.20589113209464907,0.36846171769343117
ar1_phi_0.9,159,16,0.18530201888518416,0.37349019633189856
ar1_phi_0.9,159,17,0.16677181699666577,0.34657378423557783
ar1_phi_0.9,159,18,0.15009463529699918,0.3120701472491832
ar1_phi_0.9,159,19,0.13508517176729928,0.2891356900687172
ar1_phi_0.9,159,20,0.12157665459056935,0.2626800057183551
ar1_phi_0.9,160,1,0.9,0.8806536376954892
ar1_phi_0.9,160,2,0.81,0.7676493455584669
ar1_phi_0.9,160,3,0.7290000000000001,0.6592565591922785
ar1_phi_0.9,160,4,0.6561,0.5726726771446427
ar1_phi_0.9,160,5,0.5904900000000001,0.47661259837787395
ar1_phi_0.9,160,6,0.531441,0.3982962539650459
ar1_phi_0.9,160,7,0.4782969000000001,0.33432259249920443
ar1_phi_0.9,160,8,0.4304672100000001,0.27766107515754196
ar1_phi_0.9,160,9,0.3874204890000001,0.21993593625101587
ar1_phi_0.9,160,10,0.3486784401000001,0.15538232932926416
ar1_phi_0.9,160,11,0.31381059609000006,0.11044881470570829
ar1_phi_0.9,160,12,0.2824295364810001,0.08856097339337658
ar1_phi_0.9,160,13,0.2541865828329001,0.08229966503243039
ar1_phi_0.9,160,14,0.2287679245496101,0.07957580142694602
ar1_phi_0.9,160,15,0.20589113209464907,0.08939041413376833
ar1_phi_0.9,160,16,0.18530201888518416,0.11029091966917023
ar1_phi_0.9,160,17,0.16677181699666577,0.12756418913803952
ar1_phi_0.9,160,18,0.15009463529699918,0.12711228151210172
ar1_phi_0.9,160,19,0.13508517176729928,0.12049721954040066
ar1_phi_0.9,160,20,0.12157665459056935,0.08796237804691559
ar1_phi_0.9,161,1,0.9,0.9034828444972524
ar1_phi_0.9,161,2,0.81,0.8159338035354603
ar1_phi_0.9,161,3,0.7290000000000001,0.7306035778109174
ar1_phi_0.9,161,4,0.6561,0.6441045247759503
ar1_phi_0.9,161,5,0.5904900000000001,0.5649742429316189
ar1_phi_0.9,161,6,0.531441,0.48743777473030564
ar1_phi_0.9,161,7,0.4782969000000001,0.42537088648413496
ar1_phi_0.9,161,8,0.4304672100000001,0.3728918022813154
ar1_phi_0.9,161,9,0.3874204890000001,0.3270932083592114
ar1_phi_0.9,161,10,0.3486784401000001,0.27957201797695297
ar1_phi_0.9,161,11,0.31381059609000006,0.2314892449250383
ar1_phi_0.9,161,12,0.2824295364810001,0.1886227964103203
ar1_phi_0.9,161,13,0.2541865828329001,0.13486461210067097
ar1_phi_0.9,161,14,0.2287679245496101,0.08624017118937326
ar1_phi_0.9,161,15,0.20589113209464907,0.05261666180869983
ar1_phi_0.9,161,16,0.18530201888518416,0.03723057157527004
ar1_phi_0.9,161,17,0.16677181699666577,0.024102769815920584
ar1_phi_0.9,161,18,0.15009463529699918,0.005550310474645805
ar1_phi_0.9,161,19,0.13508517176729928,-0.011450896466652474
ar1_phi_0.9,161,20,0.12157665459056935,-0.037039890705455936
ar1_phi_0.9,162,1,0.9,0.8673861940794036
ar1_phi_0.9,162,2,0.81,0.7610636325957805
ar1_phi_0.9,162,3,0.7290000000000001,0.6532738965499435
ar1_phi_0.9,162,4,0.6561,0.5750588350267934
ar1_phi_0.9,162,5,0.5904900000000001,0.5235765876723683
ar1_phi_0.9,162,6,0.531441,0.48630566767047767
ar1_phi_0.9,162,7,0.4782969000000001,0.45403473808033173
ar1_phi_0.9,162,8,0.4304672100000001,0.40580742810820103
ar1_phi_0.9,162,9,0.3874204890000001,0.33118156340146954
ar1_phi_0.9,162,10,0.3486784401000001,0.25023479318724035
ar1_phi_0.9,162,11,0.31381059609000006,0.1673209331448715
ar1_phi_0.9,162,12,0.2824295364810001,0.10356677203723473
ar1_phi_0.9,162,13,0.2541865828329001,0.051845213815607645
ar1_phi_0.9,162,14,0.2287679245496101,0.025688707052001426
ar1_phi_0.9,162,15,0.20589113209464907,0.01279814013834522
ar1_phi_0.9,162,16,0.18530201888518416,-0.0010190885137150295
ar1_phi_0.9,162,17,0.16677181699666577,-0.011625327731167407
ar1_phi_0.9,162,18,0.15009463529699918,-0.03439027939292626
ar1_phi_0.9,162,19,0.13508517176729928,-0.03935782643190316
ar1_phi_0.9,162,20,0.12157665459056935,-0.04462515407324819
ar1_phi_0.9,163,1,0.9,0.8908709419135536
ar1_phi_0.9,163,2,0.81,0.7814777921206608
ar1_phi_0.9,163,3,0.7290000000000001,0.6982037821193973
ar1_phi_0.9,163,4,0.6561,0.6027684907239015
ar1_phi_0.9,163,5,0.5904900000000001,0.5515960367374668
ar1_phi_0.9,163,6,0.531441,0.5033740711396808
ar1_phi_0.9,163,7,0.4782969000000001,0.46103306994168364
ar1_phi_0.9,163,8,0.4304672100000001,0.4366512120788591
ar1_phi_0.9,163,9,0.3874204890000001,0.4075644200474771
ar1_phi_0.9,163,10,0.3486784401000001,0.3752626280200106
ar1_phi_0.9,163,11,0.31381059609000006,0.3615792830467318
ar1_phi_0.9,163,12,0.2824295364810001,0.3550724987979945
ar1_phi_0.9,163,13,0.2541865828329001,0.3444742053338047
ar1_phi_0.9,163,14,0.2287679245496101,0.3401575135120153
ar1_phi_0.9,163,15,0.20589113209464907,0.33828616968031616
ar1_phi_0.9,163,16,0.18530201888518416,0.33038647640531965
ar1_phi_0.9,163,17,0.16677181699666577,0.3213429313252526
ar1_phi_0.9,163,18,0.15009463529699918,0.31222774292618755
ar1_phi_0.9,163,19,0.13508517176729928,0.30768492128041186
ar1_phi_0.9,163,20,0.12157665459056935,0.30768233253514227
ar1_phi_0.9,164,1,0.9,0.8341769524543328
ar1_phi_0.9,164,2,0.81,0.6883190313564908
ar1_phi_0.9,164,3,0.7290000000000001,0.5904863255805376
ar1_phi_0.9,164,4,0.6561,0.5184987310371945
ar1_phi_0.9,164,5,0.5904900000000001,0.42913311312517965
ar1_phi_0.9,164,6,0.531441,0.36379689900213463
ar1_phi_0.9,164,7,0.4782969000000001,0.30388630159740176
ar1_phi_0.9,164,8,0.4304672100000001,0.21379354777629994
ar1_phi_0.9,164,9,0.3874204890000001,0.11437077567218258
ar1_phi_0.9,164,10,0.3486784401000001,0.04928506282178703
ar1_phi_0.9,164,11,0.31381059609000006,0.021011719666513978
ar1_phi_0.9,164,12,0.2824295364810001,0.012467007148933533
ar1_phi_0.9,164,13,0.2541865828329001,-0.008105639244461794
ar1_phi_0.9,164,14,0.2287679245496101,-0.02610944785034411
ar1_phi_0.9,164,15,0.20589113209464907,-0.04161448094128038
ar1_phi_0.9,164,16,0.18530201888518416,-0.07242971287377387
ar1_phi_0.9,164,17,0.16677181699666577,-0.0877612292529571
ar1_phi_0.9,164,18,0.15009463529699918,-0.08484798972163554
ar1_phi_0.9,164,19,0.13508517176729928,-0.07106453082898179
ar1_phi_0.9,164,20,0.12157665459056935,-0.09070086249059305
ar1_phi_0.9,165,1,0.9,0.9026861167684269
ar1_phi_0.9,165,2,0.81,0.8078434613101851
ar1_phi_0.9,165,3,0.7290000000000001,0.7180912484156676
ar1_phi_0.9,165,4,0.6561,0.6389781234257413
ar1_phi_0.9,165,5,0.5904900000000001,0.5660847987333476
ar1_phi_0.9,165,6,0.531441,0.5174168970440204
ar1_phi_0.9,165,7,0.4782969000000001,0.4814526008191049
ar1_phi_0.9,165,8,0.4304672100000001,0.4531268630250432
ar1_phi_0.9,165,9,0.3874204890000001,0.42052649473841786
ar1_phi_0.9,165,10,0.3486784401000001,0.3759283582062583
ar1_phi_0.9,165,11,0.31381059609000006,0.3363164547525874
ar1_phi_0.9,165,12,0.2824295364810001,0.304449148159201
ar1_phi_0.9,165,13,0.2541865828329001,0.2751889184832572
ar1_phi_0.9,165,14,0.2287679245496101,0.23630607047422372
ar1_phi_0.9,165,15,0.20589113209464907,0.20617830607518767
ar1_phi_0.9,165,16,0.18530201888518416,0.1759431380204987
ar1_phi_0.9,165,17,0.16677181699666577,0.1541442542861604
ar1_phi_0.9,165,18,0.15009463529699918,0.12491074636102345
ar1_phi_0.9,165,19,0.13508517176729928,0.11469371671277784
ar1_phi_0.9,165,20,0.12157665459056935,0.11195253765400172
ar1_phi_0.9,166,1,0.9,0.9178657616435675
ar1_phi_0.9,166,2,0.81,0.8317149922802008
ar1_phi_0.9,166,3,0.7290000000000001,0.7406016373784892
ar1_phi_0.9,166,4,0.6561,0.6700127148829579
ar1_phi_0.9,166,5,0.5904900000000001,0.6045424880663903
ar1_phi_0.9,166,6,0.531441,0.5436606973237197
ar1_phi_0.9,166,7,0.4782969000000001,0.49163753495829465
ar1_phi_0.9,166,8,0.4304672100000001,0.4466793942860431
ar1_phi_0.9,166,9,0.3874204890000001,0.4186089262801582
ar1_phi_0.9,166,10,0.3486784401000001,0.3836991557665714
ar1_phi_0.9,166,11,0.31381059609000006,0.35073750520710717
ar1_phi_0.9,166,12,0.2824295364810001,0.3030627207757664
ar1_phi_0.9,166,13,0.2541865828329001,0.2432632821011737
ar1_phi_0.9,166,14,0.2287679245496101,0.19268101729800086
ar1_phi_0.9,166,15,0.20589113209464907,0.1564137317514262
ar1_phi_0.9,166,16,0.18530201888518416,0.1308225559737042
ar1_phi_0.9,166,17,0.16677181699666577,0.10078029158401826
ar1_phi_0.9,166,18,0.15009463529699918,0.07029484713233389
ar1_phi_0.9,166,19,0.13508517176729928,0.04223103477622666
ar1_phi_0.9,166,20,0.12157665459056935,0.012706210355330417
ar1_phi_0.9,167,1,0.9,0.8523740975662168
ar1_phi_0.9,167,2,0.81,0.7005688336081257
ar1_phi_0.9,167,3,0.7290000000000001,0.5967989196496029
ar1_phi_0.9,167,4,0.6561,0.5266169313565334
ar1_phi_0.9,167,5,0.5904900000000001,0.49254686477865467
ar1_phi_0.9,167,6,0.531441,0.4236087751712827
ar1_phi_0.9,167,7,0.4782969000000001,0.35745086271784154
ar1_phi_0.9,167,8,0.4304672100000001,0.30590072223269804
ar1_phi_0.9,167,9,0.3874204890000001,0.27967521754941993
ar1_phi_0.9,167,10,0.3486784401000001,0.25652248477870015
ar1_phi_0.9,167,11,0.31381059609000006,0.21684644515648374
ar1_phi_0.9,167,12,0.2824295364810001,0.17244828962750547
ar1_phi_0.9,167,13,0.2541865828329001,0.13766546715439548
ar1_phi_0.9,167,14,0.2287679245496101,0.12011050425237245
ar1_phi_0.9,167,15,0.20589113209464907,0.09988489768557891
ar1_phi_0.9,167,16,0.18530201888518416,0.07067386910604623
ar1_phi_0.9,167,17,0.16677181699666577,0.048093124802621796
ar1_phi_0.9,167,18,0.15009463529699918,0.015555450567122682
ar1_phi_0.9,167,19,0.13508517176729928,-0.021458843662713306
ar1_phi_0.9,167,20,0.12157665459056935,-0.05904212626131899
ar1_phi_0.9,168,1,0.9,0.8654373490907048
ar1_phi_0.9,168,2,0.81,0.7375511435034902
ar1_phi_0.9,168,3,0.7290000000000001,0.6323120414195761
ar1_phi_0.9,168,4,0.6561,0.5463987116286969
ar1_phi_0.9,168,5,0.5904900000000001,0.4841139334211598
ar1_phi_0.9,168,6,0.531441,0.42307019242310423
ar1_phi_0.9,168,7,0.4782969000000001,0.3615171465356298
ar1_phi_0.9,168,8,0.4304672100000001,0.30349454882398463
ar1_phi_0.9,168,9,0.3874204890000001,0.25457936555929167
ar1_phi_0.9,168,10,0.3486784401000001,0.1901983518682421
ar1_phi_0.9,168,11,0.31381059609000006,0.12374701030958243
ar1_phi_0.9,168,12,0.2824295364810001,0.059040523127838196
ar1_phi_0.9,168,13,0.2541865828329001,0.033111903814147095
ar1_phi_0.9,168,14,0.2287679245496101,0.031730323481212866
ar1_phi_0.9,168,15,0.20589113209464907,0.03695746483338813
ar1_phi_0.9,168,16,0.18530201888518416,0.04266398124179196
ar1_phi_0.9,168,17,0.16677181699666577,0.039274172653500077
ar1_phi_0.9,168,18,0.15009463529699918,0.025748869587777806
ar1_phi_0.9,168,19,0.13508517176729928,0.00090050993847211
ar1_phi_0.9,168,20,0.12157665459056935,-0.01936198577906554
ar1_phi_0.9,169,1,0.9,0.9100967556943591
ar1_phi_0.9,169,2,0.81,0.8221043372174267
ar1_phi_0.9,169,3,0.7290000000000001,0.7483332501058698
ar1_phi_0.9,169,4,0.6561,0.678097223043361
ar1_phi_0.9,169,5,0.5904900000000001,0.6297609244421853
ar1_phi_0.9,169,6,0.531441,0.5887257613288427
ar1_phi_0.9,169,7,0.4782969000000001,0.5388192840205613
ar1_phi_0.9,169,8,0.4304672100000001,0.5011006045932455
ar1_phi_0.9,169,9,0.3874204890000001,0.4657224504202674
ar1_phi_0.9,169,10,0.3486784401000001,0.4429188740893659
ar1_phi_0.9,169,11,0.31381059609000006,0.4289753331945862
ar1_phi_0.9,169,12,0.2824295364810001,0.40424105450378817
ar1_phi_0.9,169,13,0.2541865828329001,0.3617035000961019
ar1_phi_0.9,169,14,0.2287679245496101,0.33076385436495026
ar1_phi_0.9,169,15,0.20589113209464907,0.3090790210508521
ar1_phi_0.9,169,16,0.18530201888518416,0.30237761496236626
ar1_phi_0.9,169,17,0.16677181699666577,0.3038838199751901
ar1_phi_0.9,169,18,0.15009463529699918,0.3112756358314578
ar1_phi_0.9,169,19,0.13508517176729928,0.31207778804608477
ar1_phi_0.9,169,20,0.12157665459056935,0.30180006198643233
ar1_phi_0.9,170,1,0.9,0.8665143424901159
ar1_phi_0.9,170,2,0.81,0.7575859840232513
ar1_phi_0.9,170,3,0.7290000000000001,0.6767422886798864
ar1_phi_0.9,170,4,0.6561,0.6092877481750065
ar1_phi_0.9,170,5,0.5904900000000001,0.5570369447645214
ar1_phi_0.9,170,6,0.531441,0.50356575872193
ar1_phi_0.9,170,7,0.4782969000000001,0.4486191501720549
ar1_phi_0.9,170,8,0.4304672100000001,0.41810132236512154
ar1_phi_0.9,170,9,0.3874204890000001,0.4020241329424939
ar1_phi_0.9,170,10,0.3486784401000001,0.38641616899734765
ar1_phi_0.9,170,11,0.31381059609000006,0.35181387933631836
ar1_phi_0.9,170,12,0.2824295364810001,0.31218559244174154
ar1_phi_0.9,170,13,0.2541865828329001,0.2818968359899483
ar1_phi_0.9,170,14,0.2287679245496101,0.2694355560120174
ar1_phi_0.9,170,15,0.20589113209464907,0.24719916058806463
ar1_phi_0.9,170,16,0.18530201888518416,0.2047302934337641
ar1_phi_0.9,170,17,0.16677181699666577,0.15428879517350788
ar1_phi_0.9,170,18,0.15009463529699918,0.1148243971265769
ar1_phi_0.9,170,19,0.13508517176729928,0.11047444481823299
ar1_phi_0.9,170,20,0.12157665459056935,0.11059563820157736
ar1_phi_0.9,171,1,0.9,0.8967827798766336
ar1_phi_0.9,171,2,0.81,0.8094857599003198
ar1_phi_0.9,171,3,0.7290000000000001,0.7416938769368676
ar1_phi_0.9,171,4,0.6561,0.7160272008325363
ar1_phi_0.9,171,5,0.5904900000000001,0.684770048406189
ar1_phi_0.9,171,6,0.531441,0.6466578373927292
ar1_phi_0.9,171,7,0.4782969000000001,0.5931100574445368
ar1_phi_0.9,171,8,0.4304672100000001,0.5444038715960325
ar1_phi_0.9,171,9,0.3874204890000001,0.4873823461870036
ar1_phi_0.9,171,10,0.3486784401000001,0.4340120957641781
ar1_phi_0.9,171,11,0.31381059609000006,0.39861642366269284
ar1_phi_0.9,171,12,0.2824295364810001,0.3787480802120918
ar1_phi_0.9,171,13,0.2541865828329001,0.35047562147672434
ar1_phi_0.9,171,14,0.2287679245496101,0.32718640245208513
ar1_phi_0.9,171,15,0.20589113209464907,0.276806660755021
ar1_phi_0.9,171,16,0.18530201888518416,0.22618577980888632
ar1_phi_0.9,171,17,0.16677181699666577,0.20637815020976052
ar1_phi_0.9,171,18,0.15009463529699918,0.19672641250370934
ar1_phi_0.9,171,19,0.13508517176729928,0.19158676036993652
ar1_phi_0.9,171,20,0.12157665459056935,0.17786429733119113
ar1_phi_0.9,172,1,0.9,0.8639161034864196
ar1_phi_0.9,172,2,0.81,0.7425858758522662
ar1_phi_0.9,172,3,0.7290000000000001,0.6342844106978652
ar1_phi_0.9,172,4,0.6561,0.5158595099722156
ar1_phi_0.9,172,5,0.5904900000000001,0.410288066300761
ar1_phi_0.9,172,6,0.531441,0.33734924117020265
ar1_phi_0.9,172,7,0.4782969000000001,0.3031616384722375
ar1_phi_0.9,172,8,0.4304672100000001,0.27789779126905145
ar1_phi_0.9,172,9,0.3874204890000001,0.2686006956390408
ar1_phi_0.9,172,10,0.3486784401000001,0.26781048282501135
ar1_phi_0.9,172,11,0.31381059609000006,0.29111398219608325
ar1_phi_0.9,172,12,0.2824295364810001,0.3043094491043855
ar1_phi_0.9,172,13,0.2541865828329001,0.3130737163022168
ar1_phi_0.9,172,14,0.2287679245496101,0.30873112179104495
ar1_phi_0.9,172,15,0.20589113209464907,0.3047160891452489
ar1_phi_0.9,172,16,0.18530201888518416,0.2987058828616905
ar1_phi_0.9,172,17,0.16677181699666577,0.27692395351609644
ar1_phi_0.9,172,18,0.15009463529699918,0.2351607904056382
ar1_phi_0.9,172,19,0.13508517176729928,0.19334352794042
ar1_phi_0.9,172,20,0.12157665459056935,0.14214549172840255
ar1_phi_0.9,173,1,0.9,0.8637410553202828
ar1_phi_0.9,173,2,0.81,0.7604580264189241
ar1_phi_0.9,173,3,0.7290000000000001,0.6632424273123466
ar1_phi_0.9,173,4,0.6561,0.5968266337380296
ar1_phi_0.9,173,5,0.5904900000000001,0.5272611667034283
ar1_phi_0.9,173,6,0.531441,0.46177769477965186
ar1_phi_0.9,173,7,0.4782969000000001,0.3847241676183612
ar1_phi_0.9,173,8,0.4304672100000001,0.34541282519287764
ar1_phi_0.9,173,9,0.3874204890000001,0.31616152113270296
ar1_phi_0.9,173,10,0.3486784401000001,0.27812698718591067
ar1_phi_0.9,173,11,0.31381059609000006,0.22267618964399308
ar1_phi_0.9,173,12,0.2824295364810001,0.18659578659407883
ar1_phi_0.9,173,13,0.2541865828329001,0.13737462271862416
ar1_phi_0.9,173,14,0.2287679245496101,0.11749513491555238
ar1_phi_0.9,173,15,0.20589113209464907,0.0839651981086098
ar1_phi_0.9,173,16,0.18530201888518416,0.06012722859456992
ar1_phi_0.9,173,17,0.16677181699666577,0.03111689896480904
ar1_phi_0.9,173,18,0.15009463529699918,0.008055895731732533
ar1_phi_0.9,173,19,0.13508517176729928,-0.02224429144759172
ar1_phi_0.9,173,20,0.12157665459056935,-0.04624049946079696
ar1_phi_0.9,174,1,0.9,0.8833126576523174
ar1_phi_0.9,174,2,0.81,0.7857558178446558
ar1_phi_0.9,174,3,0.7290000000000001,0.6881631886405084
ar1_phi_0.9,174,4,0.6561,0.6201539657424572
ar1_phi_0.9,174,5,0.5904900000000001,0.5620191683487843
ar1_phi_0.9,174,6,0.531441,0.5135663033837351
ar1_phi_0.9,174,7,0.4782969000000001,0.45058738525557196
ar1_phi_0.9,174,8,0.4304672100000001,0.4148332413935742
ar1_phi_0.9,174,9,0.3874204890000001,0.36275376163005935
ar1_phi_0.9,174,10,0.3486784401000001,0.32585107167226907
ar1_phi_0.9,174,11,0.31381059609000006,0.3152470456568666
ar1_phi_0.9,174,12,0.2824295364810001,0.29860201688960847
ar1_phi_0.9,174,13,0.2541865828329001,0.26990221563339273
ar1_phi_0.9,174,14,0.2287679245496101,0.23931493743770155
ar1_phi_0.9,174,15,0.20589113209464907,0.2150141300426269
ar1_phi_0.9,174,16,0.18530201888518416,0.1681997611523654
ar1_phi_0.9,174,17,0.16677181699666577,0.1172096765158411
ar1_phi_0.9,174,18,0.15009463529699918,0.08255282186040129
ar1_phi_0.9,174,19,0.13508517176729928,0.05545105658629026
ar1_phi_0.9,174,20,0.12157665459056935,0.025871167004446048
ar1_phi_0.9,175,1,0.9,0.8799301758685062
ar1_phi_0.9,175,2,0.81,0.7772566625177963
ar1_phi_0.9,175,3,0.7290000000000001,0.6937240423887284
ar1_phi_0.9,175,4,0.6561,0.5907300193535254
ar1_phi_0.9,175,5,0.5904900000000001,0.5017809666455262
ar1_phi_0.9,175,6,0.531441,0.43675282014342726
ar1_phi_0.9,175,7,0.4782969000000001,0.34946861117883044
ar1_phi_0.9,175,8,0.4304672100000001,0.2617453733481704
ar1_phi_0.9,175,9,0.3874204890000001,0.17492919362308498
ar1_phi_0.9,175,10,0.3486784401000001,0.12433541459570756
ar1_phi_0.9,175,11,0.31381059609000006,0.0633027690881106
ar1_phi_0.9,175,12,0.2824295364810001,0.028839696525270738
ar1_phi_0.9,175,13,0.2541865828329001,0.005778849817810406
ar1_phi_0.9,175,14,0.2287679245496101,-0.017266303159486695
ar1_phi_0.9,175,15,0.20589113209464907,-0.03955486526638282
ar1_phi_0.9,175,16,0.18530201888518416,-0.06330402418545664
ar1_phi_0.9,175,17,0.16677181699666577,-0.0682538567806771
ar1_phi_0.9,175,18,0.15009463529699918,-0.06238254161600478
ar1_phi_0.9,175,19,0.13508517176729928,-0.057335708705462715
ar1_phi_0.9,175,20,0.12157665459056935,-0.058252886566704215
ar1_phi_0.9,176,1,0.9,0.8931461182097564
ar1_phi_0.9,176,2,0.81,0.7857628100403421
ar1_phi_0.9,176,3,0.7290000000000001,0.6959099275545322
ar1_phi_0.9,176,4,0.6561,0.6089158170862894
ar1_phi_0.9,176,5,0.5904900000000001,0.5442216180837748
ar1_phi_0.9,176,6,0.531441,0.4831973799375543
ar1_phi_0.9,176,7,0.4782969000000001,0.42238987812207746
ar1_phi_0.9,176,8,0.4304672100000001,0.40699851909767093
ar1_phi_0.9,176,9,0.3874204890000001,0.38341042455962926
ar1_phi_0.9,176,10,0.3486784401000001,0.3567020820926518
ar1_phi_0.9,176,11,0.31381059609000006,0.33977490670382804
ar1_phi_0.9,176,12,0.2824295364810001,0.32332592286779266
ar1_phi_0.9,176,13,0.2541865828329001,0.3101302919751375
ar1_phi_0.9,176,14,0.2287679245496101,0.3060467625192579
ar1_phi_0.9,176,15,0.20589113209464907,0.27526892759630345
ar1_phi_0.9,176,16,0.18530201888518416,0.26669872015049007
ar1_phi_0.9,176,17,0.16677181699666577,0.2623654931387786
ar1_phi_0.9,176,18,0.15009463529699918,0.2590878355104589
ar1_phi_0.9,176,19,0.13508517176729928,0.24482987901842573
ar1_phi_0.9,176,20,0.12157665459056935,0.23071584026105116
ar1_phi_0.9,177,1,0.9,0.8784278915098619
ar1_phi_0.9,177,2,0.81,0.7630697773733045
ar1_phi_0.9,177,3,0.7290000000000001,0.6643543599596773
ar1_phi_0.9,177,4,0.6561,0.5810699120673931
ar1_phi_0.9,177,5,0.5904900000000001,0.5013377481949708
ar1_phi_0.9,177,6,0.531441,0.42787219336697324
ar1_phi_0.9,177,7,0.4782969000000001,0.35585154780614875
ar1_phi_0.9,177,8,0.4304672100000001,0.2893098719475804
ar1_phi_0.9,177,9,0.3874204890000001,0.22961806475574537
ar1_phi_0.9,177,10,0.3486784401000001,0.169888244307581
ar1_phi_0.9,177,11,0.31381059609000006,0.10974125454840473
ar1_phi_0.9,177,12,0.2824295364810001,0.050244707284995326
ar1_phi_0.9,177,13,0.2541865828329001,0.008484813193523939
ar1_phi_0.9,177,14,0.2287679245496101,-0.009336590222722147
ar1_phi_0.9,177,15,0.20589113209464907,-0.020202484902434117
ar1_phi_0.9,177,16,0.18530201888518416,-0.021453065371379906
ar1_phi_0.9,177,17,0.16677181699666577,-0.023906294083494855
ar1_phi_0.9,177,18,0.15009463529699918,-0.03946116400702987
ar1_phi_0.9,177,19,0.13508517176729928,-0.051328480115750724
ar1_phi_0.9,177,20,0.12157665459056935,-0.05996275916471152
ar1_phi_0.9,178,1,0.9,0.8713720163991169
ar1_phi_0.9,178,2,0.81,0.757274416154706
ar1_phi_0.9,178,3,0.7290000000000001,0.6649163243828601
ar1_phi_0.9,178,4,0.6561,0.5831728659806876
ar1_phi_0.9,178,5,0.5904900000000001,0.5031440459396984
ar1_phi_0.9,178,6,0.531441,0.45149128639241853
ar1_phi_0.9,178,7,0.4782969000000001,0.3816824596191757
ar1_phi_0.9,178,8,0.4304672100000001,0.32629777880202976
ar1_phi_0.9,178,9,0.3874204890000001,0.2735441471231363
ar1_phi_0.9,178,10,0.3486784401000001,0.23609401511691983
ar1_phi_0.9,178,11,0.31381059609000006,0.20799010573261953
ar1_phi_0.9,178,12,0.2824295364810001,0.1923677570572708
ar1_phi_0.9,178,13,0.2541865828329001,0.1823760132084229
ar1_phi_0.9,178,14,0.2287679245496101,0.15251352962492964
ar1_phi_0.9,178,15,0.20589113209464907,0.11719325391089011
ar1_phi_0.9,178,16,0.18530201888518416,0.11524894575687293
ar1_phi_0.9,178,17,0.16677181699666577,0.11123783886093312
ar1_phi_0.9,178,18,0.15009463529699918,0.10408288211206011
ar1_phi_0.9,178,19,0.13508517176729928,0.08623094338936982
ar1_phi_0.9,178,20,0.12157665459056935,0.09228677698828543
ar1_phi_0.9,179,1,0.9,0.926105706413421
ar1_phi_0.9,179,2,0.81,0.8583293318019382
ar1_phi_0.9,179,3,0.7290000000000001,0.7860918018764664
ar1_phi_0.9,179,4,0.6561,0.7277954335202068
ar1_phi_0.9,179,5,0.5904900000000001,0.6728143568973115
ar1_phi_0.9,179,6,0.531441,0.6270876005716777
ar1_phi_0.9,179,7,0.4782969000000001,0.5814690499361922
ar1_phi_0.9,179,8,0.4304672100000001,0.554155737534722
ar1_phi_0.9,179,9,0.3874204890000001,0.5234477622594755
ar1_phi_0.9,179,10,0.3486784401000001,0.5003767850624482
ar1_phi_0.9,179,11,0.31381059609000006,0.4821962001736455
ar1_phi_0.9,179,12,0.2824295364810001,0.4793990269960043
ar1_phi_0.9,179,13,0.2541865828329001,0.46828864600445513
ar1_phi_0.9,179,14,0.2287679245496101,0.4633053447796557
ar1_phi_0.9,179,15,0.20589113209464907,0.44555788908245875
ar1_phi_0.9,179,16,0.18530201888518416,0.4206601110943979
ar1_phi_0.9,179,17,0.16677181699666577,0.39482955742383513
ar1_phi_0.9,179,18,0.15009463529699918,0.37561686268102484
ar1_phi_0.9,179,19,0.13508517176729928,0.35078679848835526
ar1_phi_0.9,179,20,0.12157665459056935,0.3456864809927629
ar1_phi_0.9,180,1,0.9,0.8851854534487662
ar1_phi_0.9,180,2,0.81,0.7867213537220291
ar1_phi_0.9,180,3,0.7290000000000001,0.6984400305664747
ar1_phi_0.9,180,4,0.6561,0.632204928791677
ar1_phi_0.9,180,5,0.5904900000000001,0.5693855285686461
ar1_phi_0.9,180,6,0.531441,0.5143088003338282
ar1_phi_0.9,180,7,0.4782969000000001,0.462629299018751
ar1_phi_0.9,180,8,0.4304672100000001,0.3942424991509532
ar1_phi_0.9,180,9,0.3874204890000001,0.34665126849057465
ar1_phi_0.9,180,10,0.3486784401000001,0.30952559183885964
ar1_phi_0.9,180,11,0.31381059609000006,0.2877377051750852
ar1_phi_0.9,180,12,0.2824295364810001,0.275430412664861
ar1_phi_0.9,180,13,0.2541865828329001,0.2595934681440737
ar1_phi_0.9,180,14,0.2287679245496101,0.23268317653489948
ar1_phi_0.9,180,15,0.20589113209464907,0.207196617101692
ar1_phi_0.9,180,16,0.18530201888518416,0.18703799925532116
ar1_phi_0.9,180,17,0.16677181699666577,0.16706526884055917
ar1_phi_0.9,180,18,0.15009463529699918,0.15857356273975756
ar1_phi_0.9,180,19,0.13508517176729928,0.14457215520605687
ar1_phi_0.9,180,20,0.12157665459056935,0.13890061545711324
ar1_phi_0.9,181,1,0.9,0.909643129485721
ar1_phi_0.9,181,2,0.81,0.8235721308586674
ar1_phi_0.9,181,3,0.7290000000000001,0.7446208896387686
ar1_phi_0.9,181,4,0.6561,0.6808723706503892
ar1_phi_0.9,181,5,0.5904900000000001,0.6326256564533764
ar1_phi_0.9,181,6,0.531441,0.601911078117685
ar1_phi_0.9,181,7,0.4782969000000001,0.5599286793109133
ar1_phi_0.9,181,8,0.4304672100000001,0.5304040895478206
ar1_phi_0.9,181,9,0.3874204890000001,0.5127894521148987
ar1_phi_0.9,181,10,0.3486784401000001,0.4965621486137039
ar1_phi_0.9,181,11,0.31381059609000006,0.4751978463055528
ar1_phi_0.9,181,12,0.2824295364810001,0.4617722221488989
ar1_phi_0.9,181,13,0.2541865828329001,0.45227015599744014
ar1_phi_0.9,181,14,0.2287679245496101,0.4432438063312471
ar1_phi_0.9,181,15,0.20589113209464907,0.4348527861557377
ar1_phi_0.9,181,16,0.18530201888518416,0.4266995173836583
ar1_phi_0.9,181,17,0.16677181699666577,0.4153593972992327
ar1_phi_0.9,181,18,0.15009463529699918,0.40342815213835936
ar1_phi_0.9,181,19,0.13508517176729928,0.39317752312289395
ar1_phi_0.9,181,20,0.12157665459056935,0.3812776192035669
ar1_phi_0.9,182,1,0.9,0.8267526937062198
ar1_phi_0.9,182,2,0.81,0.7075010890414222
ar1_phi_0.9,182,3,0.7290000000000001,0.5830700004083686
ar1_phi_0.9,182,4,0.6561,0.49445716008413193
ar1_phi_0.9,182,5,0.5904900000000001,0.40447681956289183
ar1_phi_0.9,182,6,0.531441,0.3368486501172043
ar1_phi_0.9,182,7,0.4782969000000001,0.26804366376467964
ar1_phi_0.9,182,8,0.4304672100000001,0.22006605825694078
ar1_phi_0.9,182,9,0.3874204890000001,0.19799728725186108
ar1_phi_0.9,182,10,0.3486784401000001,0.1853674482397586
ar1_phi_0.9,182,11,0.31381059609000006,0.19066906575016213
ar1_phi_0.9,182,12,0.2824295364810001,0.18329927354981054
ar1_phi_0.9,182,13,0.2541865828329001,0.16609673070143516
ar1_phi_0.9,182,14,0.2287679245496101,0.1218419693488287
ar1_phi_0.9,182,15,0.20589113209464907,0.11243394435391338
ar1_phi_0.9,182,16,0.18530201888518416,0.06646963824116062
ar1_phi_0.9,182,17,0.16677181699666577,0.004334559665369508
ar1_phi_0.9,182,18,0.15009463529699918,-0.055633013173264245
ar1_phi_0.9,182,19,0.13508517176729928,-0.06294494110761256
ar1_phi_0.9,182,20,0.12157665459056935,-0.09282860090699194
ar1_phi_0.9,183,1,0.9,0.8812093177732068
ar1_phi_0.9,183,2,0.81,0.7653142372223027
ar1_phi_0.9,183,3,0.7290000000000001,0.6697338670511561
ar1_phi_0.9,183,4,0.6561,0.6093098368572049
ar1_phi_0.9,183,5,0.5904900000000001,0.5360899192028702
ar1_phi_0.9,183,6,0.531441,0.48496318954106016
ar1_phi_0.9,183,7,0.4782969000000001,0.451464459484759
ar1_phi_0.9,183,8,0.4304672100000001,0.4313054520424998
ar1_phi_0.9,183,9,0.3874204890000001,0.42017172899187377
ar1_phi_0.9,183,10,0.3486784401000001,0.4188143204763111
ar1_phi_0.9,183,11,0.31381059609000006,0.4118509944326524
ar1_phi_0.9,183,12,0.2824295364810001,0.39157089708366427
ar1_phi_0.9,183,13,0.2541865828329001,0.37282429928696753
ar1_phi_0.9,183,14,0.2287679245496101,0.3432114693874478
ar1_phi_0.9,183,15,0.20589113209464907,0.33335106802633635
ar1_phi_0.9,183,16,0.18530201888518416,0.3390021167694239
ar1_phi_0.9,183,17,0.16677181699666577,0.3313134217111362
ar1_phi_0.9,183,18,0.15009463529699918,0.3019706307878491
ar1_phi_0.9,183,19,0.13508517176729928,0.25912573484108364
ar1_phi_0.9,183,20,0.12157665459056935,0.21621061504163255
ar1_phi_0.9,184,1,0.9,0.8047653234938897
ar1_phi_0.9,184,2,0.81,0.6327943444681192
ar1_phi_0.9,184,3,0.7290000000000001,0.48692380622883547
ar1_phi_0.9,184,4,0.6561,0.3484035948112739
ar1_phi_0.9,184,5,0.5904900000000001,0.21271169032062412
ar1_phi_0.9,184,6,0.531441,0.08800368205505527
ar1_phi_0.9,184,7,0.4782969000000001,-0.0065645076119013115
ar1_phi_0.9,184,8,0.4304672100000001,-0.05279893755118284
ar1_phi_0.9,184,9,0.3874204890000001,-0.08179728603793783
ar1_phi_0.9,184,10,0.3486784401000001,-0.11705035832842241
ar1_phi_0.9,184,11,0.31381059609000006,-0.10502706556963243
ar1_phi_0.9,184,12,0.2824295364810001,-0.07004023555826566
ar1_phi_0.9,184,13,0.2541865828329001,-0.043523075485188016
ar1_phi_0.9,184,14,0.2287679245496101,-0.0040493831277835695
ar1_phi_0.9,184,15,0.20589113209464907,0.019381222925345873
ar1_phi_0.9,184,16,0.18530201888518416,0.05235246285660273
ar1_phi_0.9,184,17,0.16677181699666577,0.07499522888748894
ar1_phi_0.9,184,18,0.15009463529699918,0.06216598143257493
ar1_phi_0.9,184,19,0.13508517176729928,0.05589579916077948
ar1_phi_0.9,184,20,0.12157665459056935,0.02115932024151814
ar1_phi_0.9,185,1,0.9,0.9118141002559242
ar1_phi_0.9,185,2,0.81,0.8287488275276624
ar1_phi_0.9,185,3,0.7290000000000001,0.7478914302277925
ar1_phi_0.9,185,4,0.6561,0.6759150681468029
ar1_phi_0.9,185,5,0.5904900000000001,0.6040055871975789
ar1_phi_0.9,185,6,0.531441,0.537296216972289
ar1_phi_0.9,185,7,0.4782969000000001,0.47293553210349243
ar1_phi_0.9,185,8,0.4304672100000001,0.4056058807058515
ar1_phi_0.9,185,9,0.3874204890000001,0.3489775836034776
ar1_phi_0.9,185,10,0.3486784401000001,0.31188229019641106
ar1_phi_0.9,185,11,0.31381059609000006,0.27885185527565726
ar1_phi_0.9,185,12,0.2824295364810001,0.24175912387259302
ar1_phi_0.9,185,13,0.2541865828329001,0.20430641257588916
ar1_phi_0.9,185,14,0.2287679245496101,0.18122853358564991
ar1_phi_0.9,185,15,0.20589113209464907,0.15584339282688003
ar1_phi_0.9,185,16,0.18530201888518416,0.12620065704089714
ar1_phi_0.9,185,17,0.16677181699666577,0.12269293841365228
ar1_phi_0.9,185,18,0.15009463529699918,0.12864063102305437
ar1_phi_0.9,185,19,0.13508517176729928,0.1314415856741627
ar1_phi_0.9,185,20,0.12157665459056935,0.1418838313602848
ar1_phi_0.9,186,1,0.9,0.9228545676904021
ar1_phi_0.9,186,2,0.81,0.8449332613174819
ar1_phi_0.9,186,3,0.7290000000000001,0.7747442855048653
ar1_phi_0.9,186,4,0.6561,0.7232343321936548
ar1_phi_0.9,186,5,0.5904900000000001,0.6815009079047364
ar1_phi_0.9,186,6,0.531441,0.6470602504126649
ar1_phi_0.9,186,7,0.4782969000000001,0.61721803564432
ar1_phi_0.9,186,8,0.4304672100000001,0.5866289996020863
ar1_phi_0.9,186,9,0.3874204890000001,0.5682557088978606
ar1_phi_0.9,186,10,0.3486784401000001,0.5452900225385015
ar1_phi_0.9,186,11,0.31381059609000006,0.5249131723147343
ar1_phi_0.9,186,12,0.2824295364810001,0.5039038356989148
ar1_phi_0.9,186,13,0.2541865828329001,0.49358020564811284
ar1_phi_0.9,186,14,0.2287679245496101,0.48617194070792064
ar1_phi_0.9,186,15,0.20589113209464907,0.4788652843379861
ar1_phi_0.9,186,16,0.18530201888518416,0.4713777606999251
ar1_phi_0.9,186,17,0.16677181699666577,0.4589309245862358
ar1_phi_0.9,186,18,0.15009463529699918,0.4376840231673887
ar1_phi_0.9,186,19,0.13508517176729928,0.4107281656102832
ar1_phi_0.9,186,20,0.12157665459056935,0.3881513381855815
ar1_phi_0.9,187,1,0.9,0.8540985203767595
ar1_phi_0.9,187,2,0.81,0.7025956570490279
ar1_phi_0.9,187,3,0.7290000000000001,0.5726279694696944
ar1_phi_0.9,187,4,0.6561,0.4803487552552724
ar1_phi_0.9,187,5,0.5904900000000001,0.40538657026078767
ar1_phi_0.9,187,6,0.531441,0.3425403800205085
ar1_phi_0.9,187,7,0.4782969000000001,0.30042986608443756
ar1_phi_0.9,187,8,0.4304672100000001,0.267868804173875
ar1_phi_0.9,187,9,0.3874204890000001,0.21451752731858564
ar1_phi_0.9,187,10,0.3486784401000001,0.16083952585979017
ar1_phi_0.9,187,11,0.31381059609000006,0.12938492884749905
ar1_phi_0.9,187,12,0.2824295364810001,0.11413109921233444
ar1_phi_0.9,187,13,0.2541865828329001,0.0849838026708866
ar1_phi_0.9,187,14,0.2287679245496101,0.04927201738604793
ar1_phi_0.9,187,15,0.20589113209464907,0.029749374426272696
ar1_phi_0.9,187,16,0.18530201888518416,0.032725477169712594
ar1_phi_0.9,187,17,0.16677181699666577,0.032079761126654754
ar1_phi_0.9,187,18,0.15009463529699918,0.02451002926901639
ar1_phi_0.9,187,19,0.13508517176729928,-0.008806528437697627
ar1_phi_0.9,187,20,0.12157665459056935,-0.06037077418420854
ar1_phi_0.9,188,1,0.9,0.9233597974349791
ar1_phi_0.9,188,2,0.81,0.8455508971349351
ar1_phi_0.9,188,3,0.7290000000000001,0.7796461888623916
ar1_phi_0.9,188,4,0.6561,0.7304020355465317
ar1_phi_0.9,188,5,0.5904900000000001,0.6835197222155585
ar1_phi_0.9,188,6,0.531441,0.6275843021198604
ar1_phi_0.9,188,7,0.4782969000000001,0.5708405937530767
ar1_phi_0.9,188,8,0.4304672100000001,0.5178258170004585
ar1_phi_0.9,188,9,0.3874204890000001,0.48103140508756836
ar1_phi_0.9,188,10,0.3486784401000001,0.43783637469281916
ar1_phi_0.9,188,11,0.31381059609000006,0.38714462136478134
ar1_phi_0.9,188,12,0.2824295364810001,0.3305911440610335
ar1_phi_0.9,188,13,0.2541865828329001,0.2639713107522824
ar1_phi_0.9,188,14,0.2287679245496101,0.197127660370999
ar1_phi_0.9,188,15,0.20589113209464907,0.1486460559927405
ar1_phi_0.9,188,16,0.18530201888518416,0.10634702053752368
ar1_phi_0.9,188,17,0.16677181699666577,0.06927918135170767
ar1_phi_0.9,188,18,0.15009463529699918,0.035137788931815205
ar1_phi_0.9,188,19,0.13508517176729928,-0.002757615614947496
ar1_phi_0.9,188,20,0.12157665459056935,-0.042315246014181136
ar1_phi_0.9,189,1,0.9,0.8714841287310803
ar1_phi_0.9,189,2,0.81,0.7461164062284357
ar1_phi_0.9,189,3,0.7290000000000001,0.6505464712224364
ar1_phi_0.9,189,4,0.6561,0.5780549381896822
ar1_phi_0.9,189,5,0.5904900000000001,0.5170727260428093
ar1_phi_0.9,189,6,0.531441,0.4574585539672608
ar1_phi_0.9,189,7,0.4782969000000001,0.4308953443304348
ar1_phi_0.9,189,8,0.4304672100000001,0.43833026172652656
ar1_phi_0.9,189,9,0.3874204890000001,0.43568443174024646
ar1_phi_0.9,189,10,0.3486784401000001,0.41115045235830455
ar1_phi_0.9,189,11,0.31381059609000006,0.35334665877855664
ar1_phi_0.9,189,12,0.2824295364810001,0.3074394530897255
ar1_phi_0.9,189,13,0.2541865828329001,0.32661214078575684
ar1_phi_0.9,189,14,0.2287679245496101,0.32378809951326826
ar1_phi_0.9,189,15,0.20589113209464907,0.3038379043800571
ar1_phi_0.9,189,16,0.18530201888518416,0.2714439093805967
ar1_phi_0.9,189,17,0.16677181699666577,0.255443839375571
ar1_phi_0.9,189,18,0.15009463529699918,0.2219564524792979
ar1_phi_0.9,189,19,0.13508517176729928,0.18373330336812935
ar1_phi_0.9,189,20,0.12157665459056935,0.13918584377359894
ar1_phi_0.9,190,1,0.9,0.8945757951817251
ar1_phi_0.9,190,2,0.81,0.7766693055641978
ar1_phi_0.9,190,3,0.7290000000000001,0.6782620133412848
ar1_phi_0.9,190,4,0.6561,0.5876271291025722
ar1_phi_0.9,190,5,0.5904900000000001,0.5330486585685335
ar1_phi_0.9,190,6,0.531441,0.49490386643717077
ar1_phi_0.9,190,7,0.4782969000000001,0.4457977417297942
ar1_phi_0.9,190,8,0.4304672100000001,0.4023547161890393
ar1_phi_0.9,190,9,0.3874204890000001,0.369165335321495
ar1_phi_0.9,190,10,0.3486784401000001,0.3359329298831042
ar1_phi_0.9,190,11,0.31381059609000006,0.2980516421700528
ar1_phi_0.9,190,12,0.2824295364810001,0.2688668830325164
ar1_phi_0.9,190,13,0.2541865828329001,0.2409471024964344
ar1_phi_0.9,190,14,0.2287679245496101,0.21371840439678788
ar1_phi_0.9,190,15,0.20589113209464907,0.19047227720274476
ar1_phi_0.9,190,16,0.18530201888518416,0.16670545168205295
ar1_phi_0.9,190,17,0.16677181699666577,0.14783717231857416
ar1_phi_0.9,190,18,0.15009463529699918,0.14123523294665105
ar1_phi_0.9,190,19,0.13508517176729928,0.12219785632276409
ar1_phi_0.9,190,20,0.12157665459056935,0.0927229595856363
ar1_phi_0.9,191,1,0.9,0.8547564544589569
ar1_phi_0.9,191,2,0.81,0.7159915560208544
ar1_phi_0.9,191,3,0.7290000000000001,0.5957074569773277
ar1_phi_0.9,191,4,0.6561,0.4807369786931054
ar1_phi_0.9,191,5,0.5904900000000001,0.38557326485565824
ar1_phi_0.9,191,6,0.531441,0.31047001638008487
ar1_phi_0.9,191,7,0.4782969000000001,0.25122592494384677
ar1_phi_0.9,191,8,0.4304672100000001,0.22561065438541525
ar1_phi_0.9,191,9,0.3874204890000001,0.21737777432950403
ar1_phi_0.9,191,10,0.3486784401000001,0.21256768946786003
ar1_phi_0.9,191,11,0.31381059609000006,0.20699778507244251
ar1_phi_0.9,191,12,0.2824295364810001,0.19566639467276511
ar1_phi_0.9,191,13,0.2541865828329001,0.16135128225717224
ar1_phi_0.9,191,14,0.2287679245496101,0.10394905807061437
ar1_phi_0.9,191,15,0.20589113209464907,0.0710006341019198
ar1_phi_0.9,191,16,0.18530201888518416,0.03199257299192342
ar1_phi_0.9,191,17,0.16677181699666577,-0.02100047522006337
ar1_phi_0.9,191,18,0.15009463529699918,-0.051112571333963984
ar1_phi_0.9,191,19,0.13508517176729928,-0.06426756880589798
ar1_phi_0.9,191,20,0.12157665459056935,-0.07251955685118071
ar1_phi_0.9,192,1,0.9,0.8596135332095888
ar1_phi_0.9,192,2,0.81,0.7247987972221736
ar1_phi_0.9,192,3,0.7290000000000001,0.6417178534601993
ar1_phi_0.9,192,4,0.6561,0.5479395841982816
ar1_phi_0.9,192,5,0.5904900000000001,0.48762758424055913
ar1_phi_0.9,192,6,0.531441,0.4462667037378597
ar1_phi_0.9,192,7,0.4782969000000001,0.39955812248097655
ar1_phi_0.9,192,8,0.4304672100000001,0.37017521242380025
ar1_phi_0.9,192,9,0.3874204890000001,0.33281073341128664
ar1_phi_0.9,192,10,0.3486784401000001,0.3056175899904866
ar1_phi_0.9,192,11,0.31381059609000006,0.2917202705488236
ar1_phi_0.9,192,12,0.2824295364810001,0.27652973339323467
ar1_phi_0.9,192,13,0.2541865828329001,0.26067397792230573
ar1_phi_0.9,192,14,0.2287679245496101,0.25577972189053433
ar1_phi_0.9,192,15,0.20589113209464907,0.2523232524927831
ar1_phi_0.9,192,16,0.18530201888518416,0.25467764972109613
ar1_phi_0.9,192,17,0.16677181699666577,0.22868842910752293
ar1_phi_0.9,192,18,0.15009463529699918,0.21048712833183952
ar1_phi_0.9,192,19,0.13508517176729928,0.1916534430434203
ar1_phi_0.9,192,20,0.12157665459056935,0.17420480628983925
ar1_phi_0.9,193,1,0.9,0.8929853866545625
ar1_phi_0.9,193,2,0.81,0.7868478311350146
ar1_phi_0.9,193,3,0.7290000000000001,0.6959319483275247
ar1_phi_0.9,193,4,0.6561,0.6241263730997118
ar1_phi_0.9,193,5,0.5904900000000001,0.5513765721061406
ar1_phi_0.9,193,6,0.531441,0.511168135040109
ar1_phi_0.9,193,7,0.4782969000000001,0.47004945967049805
ar1_phi_0.9,193,8,0.4304672100000001,0.43066635645676377
ar1_phi_0.9,193,9,0.3874204890000001,0.3849542054749889
ar1_phi_0.9,193,10,0.3486784401000001,0.33849868150100887
ar1_phi_0.9,193,11,0.31381059609000006,0.2882726834861283
ar1_phi_0.9,193,12,0.2824295364810001,0.2597220508103491
ar1_phi_0.9,193,13,0.2541865828329001,0.24955098442418608
ar1_phi_0.9,193,14,0.2287679245496101,0.22364236789687816
ar1_phi_0.9,193,15,0.20589113209464907,0.2152711283366415
ar1_phi_0.9,193,16,0.18530201888518416,0.19912737982173145
ar1_phi_0.9,193,17,0.16677181699666577,0.1672369666361827
ar1_phi_0.9,193,18,0.15009463529699918,0.1231103346304367
ar1_phi_0.9,193,19,0.13508517176729928,0.09032953490263383
ar1_phi_0.9,193,20,0.12157665459056935,0.06639995738513536
ar1_phi_0.9,194,1,0.9,0.9106008214228024
ar1_phi_0.9,194,2,0.81,0.8390120394853345
ar1_phi_0.9,194,3,0.7290000000000001,0.7816167585866503
ar1_phi_0.9,194,4,0.6561,0.7227585844719576
ar1_phi_0.9,194,5,0.5904900000000001,0.6687573049349272
ar1_phi_0.9,194,6,0.531441,0.6196828492973978
ar1_phi_0.9,194,7,0.4782969000000001,0.5710661441222306
ar1_phi_0.9,194,8,0.4304672100000001,0.5280482604930933
ar1_phi_0.9,194,9,0.3874204890000001,0.48624509841742514
ar1_phi_0.9,194,10,0.3486784401000001,0.4455368178273256
ar1_phi_0.9,194,11,0.31381059609000006,0.4010357600655992
ar1_phi_0.9,194,12,0.2824295364810001,0.36390332935047925
ar1_phi_0.9,194,13,0.2541865828329001,0.33093912555810234
ar1_phi_0.9,194,14,0.2287679245496101,0.2924989428080603
ar1_phi_0.9,194,15,0.20589113209464907,0.2502120199131786
ar1_phi_0.9,194,16,0.18530201888518416,0.21747670537120334
ar1_phi_0.9,194,17,0.16677181699666577,0.18675390588701474
ar1_phi_0.9,194,18,0.15009463529699918,0.14603050872558726
ar1_phi_0.9,194,19,0.13508517176729928,0.13397760429867997
ar1_phi_0.9,194,20,0.12157665459056935,0.10039797898408934
ar1_phi_0.9,195,1,0.9,0.8784978444734198
ar1_phi_0.9,195,2,0.81,0.7466916887320662
ar1_phi_0.9,195,3,0.7290000000000001,0.6260961804241223
ar1_phi_0.9,195,4,0.6561,0.5178776321431827
ar1_phi_0.9,195,5,0.5904900000000001,0.41491256739694626
ar1_phi_0.9,195,6,0.531441,0.31751861442071405
ar1_phi_0.9,195,7,0.4782969000000001,0.22828610420517848
ar1_phi_0.9,195,8,0.4304672100000001,0.14279353701213524
ar1_phi_0.9,195,9,0.3874204890000001,0.09439974299948123
ar1_phi_0.9,195,10,0.3486784401000001,0.05474683508398483
ar1_phi_0.9,195,11,0.31381059609000006,0.0287668616351317
ar1_phi_0.9,195,12,0.2824295364810001,0.011109830433972182
ar1_phi_0.9,195,13,0.2541865828329001,0.008372645745640664
ar1_phi_0.9,195,14,0.2287679245496101,0.02237455598068391
ar1_phi_0.9,195,15,0.20589113209464907,0.034093437589469866
ar1_phi_0.9,195,16,0.18530201888518416,0.04426850829615815
ar1_phi_0.9,195,17,0.16677181699666577,0.05569459260261066
ar1_phi_0.9,195,18,0.15009463529699918,0.05187072534484474
ar1_phi_0.9,195,19,0.13508517176729928,0.03925990777863606
ar1_phi_0.9,195,20,0.12157665459056935,0.028885406670226783
ar1_phi_0.9,196,1,0.9,0.9362065783861884
ar1_phi_0.9,196,2,0.81,0.8762488839605344
ar1_phi_0.9,196,3,0.7290000000000001,0.8154760642601513
ar1_phi_0.9,196,4,0.6561,0.7541515823902764
ar1_phi_0.9,196,5,0.5904900000000001,0.6945715344063509
ar1_phi_0.9,196,6,0.531441,0.6391073537750339
ar1_phi_0.9,196,7,0.4782969000000001,0.5922547989424048
ar1_phi_0.9,196,8,0.4304672100000001,0.5475571326106223
ar1_phi_0.9,196,9,0.3874204890000001,0.5163383591405415
ar1_phi_0.9,196,10,0.3486784401000001,0.47426439368070067
ar1_phi_0.9,196,11,0.31381059609000006,0.4332144542749569
ar1_phi_0.9,196,12,0.2824295364810001,0.38654976664054536
ar1_phi_0.9,196,13,0.2541865828329001,0.33300684570416633
ar1_phi_0.9,196,14,0.2287679245496101,0.2860868681749486
ar1_phi_0.9,196,15,0.20589113209464907,0.24502315185708506
ar1_phi_0.9,196,16,0.18530201888518416,0.20313316172063756
ar1_phi_0.9,196,17,0.16677181699666577,0.17110776341746073
ar1_phi_0.9,196,18,0.15009463529699918,0.13984334707486643
ar1_phi_0.9,196,19,0.13508517176729928,0.11007721356168454
ar1_phi_0.9,196,20,0.12157665459056935,0.0899931151224786
ar1_phi_0.9,197,1,0.9,0.8631776809439606
ar1_phi_0.9,197,2,0.81,0.7430011124856398
ar1_phi_0.9,197,3,0.7290000000000001,0.6490562874692345
ar1_phi_0.9,197,4,0.6561,0.5679284612399899
ar1_phi_0.9,197,5,0.5904900000000001,0.4923404140757472
ar1_phi_0.9,197,6,0.531441,0.4134040966759459
ar1_phi_0.9,197,7,0.4782969000000001,0.34011834830128046
ar1_phi_0.9,197,8,0.4304672100000001,0.2871538597246431
ar1_phi_0.9,197,9,0.3874204890000001,0.2340414888252875
ar1_phi_0.9,197,10,0.3486784401000001,0.19846120768417008
ar1_phi_0.9,197,11,0.31381059609000006,0.1707923360099012
ar1_phi_0.9,197,12,0.2824295364810001,0.13066043494491647
ar1_phi_0.9,197,13,0.2541865828329001,0.08239004300215629
ar1_phi_0.9,197,14,0.2287679245496101,0.02488673117471863
ar1_phi_0.9,197,15,0.20589113209464907,-0.029306685547025663
ar1_phi_0.9,197,16,0.18530201888518416,-0.07493980226798992
ar1_phi_0.9,197,17,0.16677181699666577,-0.11681904509970671
ar1_phi_0.9,197,18,0.15009463529699918,-0.16476082055906502
ar1_phi_0.9,197,19,0.13508517176729928,-0.2107125072115117
ar1_phi_0.9,197,20,0.12157665459056935,-0.2580722861501541
ar1_phi_0.9,198,1,0.9,0.865766312675582
ar1_phi_0.9,198,2,0.81,0.7538104342218798
ar1_phi_0.9,198,3,0.7290000000000001,0.6752742178874919
ar1_phi_0.9,198,4,0.6561,0.6151662117279569
ar1_phi_0.9,198,5,0.5904900000000001,0.5561399890675821
ar1_phi_0.9,198,6,0.531441,0.5133264125683508
ar1_phi_0.9,198,7,0.4782969000000001,0.4787943283353997
ar1_phi_0.9,198,8,0.4304672100000001,0.41727676962902754
ar1_phi_0.9,198,9,0.3874204890000001,0.3603324353682714
ar1_phi_0.9,198,10,0.3486784401000001,0.3300201032283313
ar1_phi_0.9,198,11,0.31381059609000006,0.3113406782709533
ar1_phi_0.9,198,12,0.2824295364810001,0.27390878219889186
ar1_phi_0.9,198,13,0.2541865828329001,0.2366810214281195
ar1_phi_0.9,198,14,0.2287679245496101,0.19063080798731674
ar1_phi_0.9,198,15,0.20589113209464907,0.1563620783655002
ar1_phi_0.9,198,16,0.18530201888518416,0.1340376097608404
ar1_phi_0.9,198,17,0.16677181699666577,0.10619079181936684
ar1_phi_0.9,198,18,0.15009463529699918,0.0952024699959152
ar1_phi_0.9,198,19,0.13508517176729928,0.07252994000277231
ar1_phi_0.9,198,20,0.12157665459056935,0.05122611096612752
ar1_phi_0.9,199,1,0.9,0.9196371887177969
ar1_phi_0.9,199,2,0.81,0.8374296333029707
ar1_phi_0.9,199,3,0.7290000000000001,0.7646077182570649
ar1_phi_0.9,199,4,0.6561,0.6867266388687147
ar1_phi_0.9,199,5,0.5904900000000001,0.6188945925096687
ar1_phi_0.9,199,6,0.531441,0.5744593410521764
ar1_phi_0.9,199,7,0.4782969000000001,0.5510938698853048
ar1_phi_0.9,199,8,0.4304672100000001,0.5131871499923709
ar1_phi_0.9,199,9,0.3874204890000001,0.4802139927063008
ar1_phi_0.9,199,10,0.3486784401000001,0.4464801108557536
ar1_phi_0.9,199,11,0.31381059609000006,0.4124556436641965
ar1_phi_0.9,199,12,0.2824295364810001,0.3941819965859787
ar1_phi_0.9,199,13,0.2541865828329001,0.3661157362154121
ar1_phi_0.9,199,14,0.2287679245496101,0.3401319253647587
ar1_phi_0.9,199,15,0.20589113209464907,0.32852328688759375
ar1_phi_0.9,199,16,0.18530201888518416,0.3217718405435731
ar1_phi_0.9,199,17,0.16677181699666577,0.3138411164614742
ar1_phi_0.9,199,18,0.15009463529699918,0.3242542474162323
ar1_phi_0.9,199,19,0.13508517176729928,0.3453760965967192
ar1_phi_0.9,199,20,0.12157665459056935,0.35030730412470246
