process,n,rep,lags,model_df,degrees_of_freedom,statistic,p_value,alpha,rejected
white_noise,100,0,20,0,20,13.717509980666717,0.8445251155223159,0.05,0
white_noise,100,1,20,0,20,23.276075079875813,0.27544286580103844,0.05,0
white_noise,100,2,20,0,20,19.79788160127047,0.4706353761611679,0.05,0
white_noise,100,3,20,0,20,14.41427115647571,0.8088858253751892,0.05,0
white_noise,100,4,20,0,20,13.51216486954677,0.8543446720813075,0.05,0
white_noise,100,5,20,0,20,8.878838856964725,0.9842685620724884,0.05,0
white_noise,100,6,20,0,20,20.43721038179723,0.4308958504155723,0.05,0
white_noise,100,7,20,0,20,10.552102664236527,0.9570216651658152,0.05,0
white_noise,100,8,20,0,20,14.023735005706166,0.8292904796957883,0.05,0
white_noise,100,9,20,0,20,16.564594746690283,0.6810382489716216,0.05,0
white_noise,100,10,20,0,20,16.049959470556907,0.7135200516010638,0.05,0
white_noise,100,11,20,0,20,31.729258170950207,0.04627002922833172,0.05,1
white_noise,100,12,20,0,20,20.320090580700416,0.43807336134843844,0.05,0
white_noise,100,13,20,0,20,12.22111796816728,0.9082549828122537,0.05,0
white_noise,100,14,20,0,20,9.924460748361543,0.969521078017935,0.05,0
white_noise,100,15,20,0,20,28.753963633015868,0.0927181163014412,0.05,0
white_noise,100,16,20,0,20,17.593154635364186,0.6141895705141249,0.05,0
white_noise,100,17,20,0,20,16.525040596015973,0.6835641978559868,0.05,0
white_noise,100,18,20,0,20,17.15217780219102,0.6430711372482658,0.05,0
white_noise,100,19,20,0,20,20.052365236569663,0.4546583243273681,0.05,0
white_noise,100,20,20,0,20,18.51375547530803,0.5536038868234472,0.05,0
white_noise,100,21,20,0,20,26.144488020843617,0.16109273771732102,0.05,0
white_noise,100,22,20,0,20,18.694260828658567,0.5417717939349689,0.05,0
white_noise,100,23,20,0,20,23.18401384510938,0.2798496674051878,0.05,0
white_noise,100,24,20,0,20,20.411724641447886,0.4324535150861418,0.05,0
white_noise,100,25,20,0,20,29.90878568767941,0.07134520244583906,0.05,0
white_noise,100,26,20,0,20,34.23642350512747,0.024569161538691937,0.05,1
white_noise,100,27,20,0,20,12.46088593339618,0.8993000847943946,0.05,0
white_noise,100,28,20,0,20,15.439791787248287,0.7507140644894464,0.05,0
white_noise,100,29,20,0,20,19.149801468357627,0.5121088058913171,0.05,0
white_noise,100,30,20,0,20,16.34191066844409,0.6951989844656425,0.05,0
white_noise,100,31,20,0,20,15.060680831964898,0.7729249702226572,0.05,0
white_noise,100,32,20,0,20,28.833166150247333,0.091096700072073,0.05,0
white_noise,100,33,20,0,20,19.24332610411995,0.5060638946444757,0.05,0
white_noise,100,34,20,0,20,14.148296401617364,0.8228980313231171,0.05,0
white_noise,100,35,20,0,20,28.002423571839344,0.10934201105300409,0.05,0
white_noise,100,36,20,0,20,22.904164974732662,0.2935247214840513,0.05,0
white_noise,100,37,20,0,20,14.101632074811562,0.825305774600372,0.05,0
white_noise,100,38,20,0,20,33.67227636301426,0.028428986581517275,0.05,1
white_noise,100,39,20,0,20,16.195531990457752,0.704422055949891,0.05,0
white_noise,100,40,20,0,20,19.42658662166803,0.4942729567775461,0.05,0
white_noise,100,41,20,0,20,29.220928110080663,0.08349949538771351,0.05,0
white_noise,100,42,20,0,20,21.175990966755656,0.3868397240434258,0.05,0
white_noise,100,43,20,0,20,22.716871854294244,0.3029096328573289,0.05,0
white_noise,100,44,20,0,20,23.194858284848397,0.2793281921005471,0.05,0
white_noise,100,45,20,0,20,14.13254799623929,0.823712325259489,0.05,0
white_noise,100,46,20,0,20,17.260552221002996,0.6359958359276372,0.05,0
white_noise,100,47,20,0,20,16.956281551462606,0.6558106326753671,0.05,0
white_noise,100,48,20,0,20,15.103580392901474,0.770450341330945,0.05,0
white_noise,100,49,20,0,20,20.78917799088222,0.4096335310189242,0.05,0
white_noise,100,50,20,0,20,24.56591224191427,0.21854527547628538,0.05,0
white_noise,100,51,20,0,20,12.710374616267478,0.8894618810194285,0.05,0
white_noise,100,52,20,0,20,15.388606719770419,0.7537564672524502,0.05,0
white_noise,100,53,20,0,20,21.073735070247412,0.3928040584285767,0.05,0
white_noise,100,54,20,0,20,32.986465348871825,0.03385630828674641,0.05,1
white_noise,100,55,20,0,20,14.59024806852807,0.7993540831499486,0.05,0
white_noise,100,56,20,0,20,14.628004246892637,0.7972829357092472,0.05,0
white_noise,100,57,20,0,20,42.21287574300238,0.00259419878366995,0.05,1
white_noise,100,58,20,0,20,14.98093247159947,0.7774976195416472,0.05,0
white_noise,100,59,20,0,20,19.55409340333845,0.4861153092739362,0.05,0
white_noise,100,60,20,0,20,17.122018129082395,0.6450368729261895,0.05,0
white_noise,100,61,20,0,20,22.643292573586006,0.3066470899934906,0.05,0
white_noise,100,62,20,0,20,29.94691640468615,0.07071838325646575,0.05,0
white_noise,100,63,20,0,20,21.69674878960928,0.3571899888840392,0.05,0
white_noise,100,64,20,0,20,20.486569519358852,0.4278858085297853,0.05,0
white_noise,100,65,20,0,20,39.31791010372562,0.006085839541135365,0.05,1
white_noise,100,66,20,0,20,16.75217340239506,0.6690024614982164,0.05,0
white_noise,100,67,20,0,20,14.503997219006507,0.8040511086666076,0.05,0
white_noise,100,68,20,0,20,24.164231474127472,0.2352918015712006,0.05,0
white_noise,100,69,20,0,20,25.89103205612574,0.16944099826498954,0.05,0
white_noise,100,70,20,0,20,14.1751926547941,0.8215032841271732,0.05,0
white_noise,100,71,20,0,20,16.072262484212988,0.712131204007235,0.05,0
white_noise,100,72,20,0,20,20.64783770598404,0.41811471337966555,0.05,0
white_noise,100,73,20,0,20,24.256469991867924,0.23136853010297034,0.05,0
white_noise,100,74,20,0,20,14.515539370462678,0.8034253428224308,0.05,0
white_noise,100,75,20,0,20,36.32621349975094,0.014077270580601858,0.05,1
white_noise,100,76,20,0,20,17.790156625545574,0.6012294341678066,0.05,0
white_noise,100,77,20,0,20,11.213977586477428,0.9404834851452211,0.05,0
white_noise,100,78,20,0,20,16.77783967607334,0.6673487562842325,0.05,0
white_noise,100,79,20,0,20,16.19301461692372,0.7045800337571155,0.05,0
white_noise,100,80,20,0,20,17.917161757746538,0.5928652733779114,0.05,0
white_noise,100,81,20,0,20,27.079241273659555,0.13304928649112496,0.05,0
white_noise,100,82,20,0,20,19.393489753876285,0.4963968111136762,0.05,0
white_noise,100,83,20,0,20,15.940262185261258,0.7203233133954496,0.05,0
white_noise,100,84,20,0,20,13.763571669019788,0.8422781838438081,0.05,0
white_noise,100,85,20,0,20,23.000537801108074,0.2887681331004043,0.05,0
white_noise,100,86,20,0,20,14.858791245840463,0.7844297643621944,0.05,0
white_noise,100,87,20,0,20,15.997671722861972,0.7167686909384148,0.05,0
white_noise,100,88,20,0,20,29.309164927874544,0.08184787799666003,0.05,0
white_noise,100,89,20,0,20,22.73054353789133,0.30221830938291844,0.05,0
white_noise,100,90,20,0,20,15.10671523599879,0.7702691086740451,0.05,0
white_noise,100,91,20,0,20,30.29293666858695,0.06524405327282384,0.05,0
white_noise,100,92,20,0,20,19.495159394084027,0.48988085086187827,0.05,0
white_noise,100,93,20,0,20,22.796186535513424,0.29891270277433524,0.05,0
white_noise,100,94,20,0,20,20.622986377972897,0.4196139905816587,0.05,0
white_noise,100,95,20,0,20,21.48359675355018,0.3691760066083093,0.05,0
white_noise,100,96,20,0,20,25.77338683960883,0.17342734096871748,0.05,0
white_noise,100,97,20,0,20,18.272122792334113,0.5694874859215544,0.05,0
white_noise,100,98,20,0,20,15.392305096743153,0.753537077414627,0.05,0
white_noise,100,99,20,0,20,14.46903652282726,0.8059412099573608,0.05,0
white_noise,100,100,20,0,20,27.969119918039347,0.1101323834610129,0.05,0
white_noise,100,101,20,0,20,14.966212182987801,0.7783376830555363,0.05,0
white_noise,100,102,20,0,20,35.17855459968161,0.019173664800734506,0.05,1
white_noise,100,103,20,0,20,17.862832619122027,0.5964437422946537,0.05,0
white_noise,100,104,20,0,20,12.941072477739423,0.8798980153861322,0.05,0
white_noise,100,105,20,0,20,13.089558048106879,0.8735085116833612,0.05,0
white_noise,100,106,20,0,20,9.922563975469814,0.9695544266293208,0.05,0
white_noise,100,107,20,0,20,17.76239277533776,0.6030571727383558,0.05,0
white_noise,100,108,20,0,20,17.251651138091084,0.6365776030379185,0.05,0
white_noise,100,109,20,0,20,16.637469200021343,0.6763731932354569,0.05,0
white_noise,100,110,20,0,20,20.278571057362317,0.4406294775894801,0.05,0
white_noise,100,111,20,0,20,12.456648019439221,0.8994626313740586,0.05,0
white_noise,100,112,20,0,20,17.514099450873278,0.6193828799720291,0.05,0
white_noise,100,113,20,0,20,24.61771680803345,0.21644935066608287,0.05,0
white_noise,100,114,20,0,20,12.98144148557509,0.8781788901308198,0.05,0
white_noise,100,115,20,0,20,22.36188396601091,0.32120102960042424,0.05,0
white_noise,100,116,20,0,20,22.93789792766291,0.2918541697495152,0.05,0
white_noise,100,117,20,0,20,18.413695793483374,0.5601762013166975,0.05,0
white_noise,100,118,20,0,20,15.390615892854955,0.7536372904895887,0.05,0
white_noise,100,119,20,0,20,23.01786565335558,0.2879181485886779,0.05,0
white_noise,100,120,20,0,20,17.00911784502191,0.6523815179784278,0.05,0
white_noise,100,121,20,0,20,15.073961045908659,0.7721600094479233,0.05,0
white_noise,100,122,20,0,20,14.138358341923182,0.8234120967463465,0.05,0
white_noise,100,123,20,0,20,14.698793940974534,0.7933754296302634,0.05,0
white_noise,100,124,20,0,20,27.56873076460878,0.12000793435831633,0.05,0
white_noise,100,125,20,0,20,19.345974199048424,0.4994503294451549,0.05,0
white_noise,100,126,20,0,20,47.84892262361861,0.00044665493351986915,0.05,1
white_noise,100,127,20,0,20,23.870254772774157,0.24810567327133262,0.05,0
white_noise,100,128,20,0,20,23.530287877581415,0.2635120922582274,0.05,0
white_noise,100,129,20,0,20,18.240054480967096,0.5715981685875771,0.05,0
white_noise,100,130,20,0,20,19.5840994008686,0.4842014659325531,0.05,0
white_noise,100,131,20,0,20,9.325553506854181,0.9788205749185825,0.05,0
white_noise,100,132,20,0,20,8.948476286327992,0.983496379556,0.05,0
white_noise,100,133,20,0,20,11.35389909689782,0.9365234586638049,0.05,0
white_noise,100,134,20,0,20,15.51751724422924,0.7460694609006233,0.05,0
white_noise,100,135,20,0,20,16.509461839818194,0.6845578493572609,0.05,0
white_noise,100,136,20,0,20,19.67877378399351,0.47817833325931436,0.05,0
white_noise,100,137,20,0,20,17.58481060348277,0.6147379489388316,0.05,0
white_noise,100,138,20,0,20,25.118124443068943,0.1969492759430405,0.05,0
white_noise,100,139,20,0,20,11.008944802300274,0.9459902354069933,0.05,0
white_noise,100,140,20,0,20,15.932917618005913,0.7207771246246842,0.05,0
white_noise,100,141,20,0,20,14.307002637113126,0.8145952742030235,0.05,0
white_noise,100,142,20,0,20,19.858211994885824,0.46683010540851866,0.05,0
white_noise,100,143,20,0,20,23.89556106476164,0.24698406088810967,0.05,0
white_noise,100,144,20,0,20,31.924464036450928,0.04410987139555995,0.05,1
white_noise,100,145,20,0,20,33.170964435785415,0.03231125255389424,0.05,1
white_noise,100,146,20,0,20,16.850781213881458,0.6626407242058812,0.05,0
white_noise,100,147,20,0,20,25.49505007744562,0.18314362900206632,0.05,0
white_noise,100,148,20,0,20,14.04378849158873,0.8282688324958393,0.05,0
white_noise,100,149,20,0,20,19.71464523833083,0.4759024892494681,0.05,0
white_noise,100,150,20,0,20,14.601824182963508,0.7987200307581901,0.05,0
white_noise,100,151,20,0,20,7.991651110670091,0.991922846136906,0.05,0
white_noise,100,152,20,0,20,18.337235442494492,0.5652034920508798,0.05,0
white_noise,100,153,20,0,20,26.95798831516929,0.1364501056947515,0.05,0
white_noise,100,154,20,0,20,25.652239763377413,0.17760691679880714,0.05,0
white_noise,100,155,20,0,20,25.036086948485842,0.20005399610529037,0.05,0
white_noise,100,156,20,0,20,22.728865694478607,0.30230309846219444,0.05,0
white_noise,100,157,20,0,20,32.48261679924725,0.038419535689593595,0.05,1
white_noise,100,158,20,0,20,13.406163351824407,0.859285357737398,0.05,0
white_noise,100,159,20,0,20,15.386829840957718,0.7538618482457884,0.05,0
white_noise,100,160,20,0,20,17.823925528609095,0.599005973844027,0.05,0
white_noise,100,161,20,0,20,28.184092954342308,0.10511263116187464,0.05,0
white_noise,100,162,20,0,20,30.80828647671024,0.0577727962155914,0.05,0
white_noise,100,163,20,0,20,12.963264747103617,0.8789546209457194,0.05,0
white_noise,100,164,20,0,20,30.519930290308725,0.061855638245610294,0.05,0
white_noise,100,165,20,0,20,23.500794799552484,0.26487830073979723,0.05,0
white_noise,100,166,20,0,20,13.372286434784698,0.8608456506892338,0.05,0
white_noise,100,167,20,0,20,21.75781495943304,0.3537955642007623,0.05,0
white_noise,100,168,20,0,20,21.840273268191066,0.349240391941242,0.05,0
white_noise,100,169,20,0,20,27.48953600178799,0.12204447473562052,0.05,0
white_noise,100,170,20,0,20,14.139208330624193,0.8233681566782926,0.05,0
white_noise,100,171,20,0,20,14.353456123226563,0.8121322835863289,0.05,0
white_noise,100,172,20,0,20,20.986318194725243,0.39793830045838774,0.05,0
white_noise,100,173,20,0,20,17.494938255508732,0.6206408000315868,0.05,0
white_noise,100,174,20,0,20,22.703004579518648,0.30361184972395966,0.05,0
white_noise,100,175,20,0,20,19.780775725777367,0.47171622171180727,0.05,0
white_noise,100,176,20,0,20,23.695285896120495,0.25595615314751896,0.05,0
white_noise,100,177,20,0,20,19.38010503929321,0.49725644025853766,0.05,0
white_noise,100,178,20,0,20,22.149116622082627,0.332474311142113,0.05,0
white_noise,100,179,20,0,20,24.623538452636986,0.2162147261339843,0.05,0
white_noise,100,180,20,0,20,38.01087704103299,0.008828526614003742,0.05,1
white_noise,100,181,20,0,20,21.26027977379671,0.38195758126901647,0.05,0
white_noise,100,182,20,0,20,19.24775033904146,0.505778378805238,0.05,0
white_noise,100,183,20,0,20,20.653280344703013,0.4177866778331849,0.05,0
white_noise,100,184,20,0,20,12.556846129100157,0.8955785481106159,0.05,0
white_noise,100,185,20,0,20,20.631789973710593,0.41908259881607135,0.05,0
white_noise,100,186,20,0,20,18.0268288457193,0.5856408243479836,0.05,0
white_noise,100,187,20,0,20,21.78925673688403,0.35205479455219557,0.05,0
white_noise,100,188,20,0,20,11.558660657780935,0.9304296577039245,0.05,0
white_noise,100,189,20,0,20,22.33681593513238,0.32251728909812666,0.05,0
white_noise,100,190,20,0,20,16.340038483248296,0.695317394868946,0.05,0
white_noise,100,191,20,0,20,15.430798163415446,0.7512495828532118,0.05,0
white_noise,100,192,20,0,20,30.33526512117548,0.0646002557859052,0.05,0
white_noise,100,193,20,0,20,27.096045318581748,0.1325833948527941,0.05,0
white_noise,100,194,20,0,20,17.13701912563074,0.6440593302683078,0.05,0
white_noise,100,195,20,0,20,28.217692049027047,0.10434547336755678,0.05,0
white_noise,100,196,20,0,20,30.12557024187981,0.06784436222631858,0.05,0
white_noise,100,197,20,0,20,25.038663820383007,0.19995592703421003,0.05,0
white_noise,100,198,20,0,20,26.721971149930432,0.14326889777033697,0.05,0
white_noise,100,199,20,0,20,32.33207262358685,0.039885904669469154,0.05,1
white_noise,300,0,20,0,20,14.236661991281258,0.8182967041305493,0.05,0
white_noise,300,1,20,0,20,30.188642084255243,0.06685410202447818,0.05,0
white_noise,300,2,20,0,20,24.75968790522257,0.21077992543445342,0.05,0
white_noise,300,3,20,0,20,20.644824969043416,0.4182963445448953,0.05,0
white_noise,300,4,20,0,20,33.47738724129499,0.029885111437379725,0.05,1
white_noise,300,5,20,0,20,31.646409577040394,0.04721481666331665,0.05,1
white_noise,300,6,20,0,20,30.88069340860606,0.056785328698182286,0.05,0
white_noise,300,7,20,0,20,33.66814379613819,0.028459184438850867,0.05,1
white_noise,300,8,20,0,20,20.742995664671923,0.412396052799902,0.05,0
white_noise,300,9,20,0,20,22.504124612797728,0.31379339209100854,0.05,0
white_noise,300,10,20,0,20,28.354434878858196,0.1012710694997785,0.05,0
white_noise,300,11,20,0,20,17.78481244084765,0.6015812748744462,0.05,0
white_noise,300,12,20,0,20,16.914808256672924,0.6584983916806276,0.05,0
white_noise,300,13,20,0,20,31.325391379020196,0.05103869354407453,0.05,0
white_noise,300,14,20,0,20,31.516321770599077,0.04873276409238898,0.05,1
white_noise,300,15,20,0,20,24.39644638876819,0.22550338059412936,0.05,0
white_noise,300,16,20,0,20,21.227054396189676,0.38387832020619017,0.05,0
white_noise,300,17,20,0,20,18.16962374182839,0.5762352833368186,0.05,0
white_noise,300,18,20,0,20,23.31064619173451,0.2737998163318507,0.05,0
white_noise,300,19,20,0,20,18.446874656153703,0.557995978396483,0.05,0
white_noise,300,20,20,0,20,15.314748973789753,0.7581232156571607,0.05,0
white_noise,300,21,20,0,20,17.086929388190956,0.6473219575819451,0.05,0
white_noise,300,22,20,0,20,15.396890725350026,0.7532649598559961,0.05,0
white_noise,300,23,20,0,20,20.917429646722205,0.40200691868802085,0.05,0
white_noise,300,24,20,0,20,14.130376799545049,0.8238244527421934,0.05,0
white_noise,300,25,20,0,20,34.251828472937056,0.024470793205426694,0.05,1
white_noise,300,26,20,0,20,12.02409717861587,0.9152440780372879,0.05,0
white_noise,300,27,20,0,20,21.460593262479968,0.3704821601414714,0.05,0
white_noise,300,28,20,0,20,19.553557795718834,0.486149492269187,0.05,0
white_noise,300,29,20,0,20,21.618937997769038,0.3615408124076588,0.05,0
white_noise,300,30,20,0,20,26.632606765272573,0.14592032075962755,0.05,0
white_noise,300,31,20,0,20,15.72310294558802,0.7336470535909279,0.05,0
white_noise,300,32,20,0,20,28.021812406120826,0.10888402923523745,0.05,0
white_noise,300,33,20,0,20,22.345782581481036,0.32204610418192714,0.05,0
white_noise,300,34,20,0,20,10.73949462935255,0.9527003917305819,0.05,0
white_noise,300,35,20,0,20,19.4399409098944,0.4934167280752427,0.05,0
white_noise,300,36,20,0,20,22.680115159129066,0.30477314132432876,0.05,0
white_noise,300,37,20,0,20,22.189972659559245,0.3302918401928806,0.05,0
white_noise,300,38,20,0,20,14.706655658949966,0.7929395377605627,0.05,0
white_noise,300,39,20,0,20,20.489516592294304,0.42770637228454056,0.05,0
white_noise,300,40,20,0,20,18.446755475055035,0.5580038083997665,0.05,0
white_noise,300,41,20,0,20,9.897614568399073,0.9699906888856321,0.05,0
white_noise,300,42,20,0,20,24.745546273501187,0.21133976572762775,0.05,0
white_noise,300,43,20,0,20,23.69670546142224,0.2558917885644505,0.05,0
white_noise,300,44,20,0,20,20.71242567010045,0.4142293334254544,0.05,0
white_noise,300,45,20,0,20,13.405541348200124,0.8593140877596034,0.05,0
white_noise,300,46,20,0,20,16.99826971412718,0.6530860101131364,0.05,0
white_noise,300,47,20,0,20,21.69811375322051,0.35711392199766734,0.05,0
white_noise,300,48,20,0,20,14.678350119897871,0.7945071318516402,0.05,0
white_noise,300,49,20,0,20,14.929314744811311,0.7804378452965839,0.05,0
white_noise,300,50,20,0,20,22.85106929272258,0.29616640973775993,0.05,0
white_noise,300,51,20,0,20,20.80847133320758,0.4084819722033839,0.05,0
white_noise,300,52,20,0,20,13.73664981689035,0.8435934050027407,0.05,0
white_noise,300,53,20,0,20,24.708542804010342,0.21280977458508019,0.05,0
white_noise,300,54,20,0,20,20.018010823121703,0.4568035556317114,0.05,0
white_noise,300,55,20,0,20,28.705045996195228,0.09373161705682384,0.05,0
white_noise,300,56,20,0,20,18.0755910121839,0.5824286046916947,0.05,0
white_noise,300,57,20,0,20,24.806476275316275,0.20893535591025802,0.05,0
white_noise,300,58,20,0,20,14.53518222050479,0.8023583987600742,0.05,0
white_noise,300,59,20,0,20,19.31365819781869,0.5015299660747927,0.05,0
white_noise,300,60,20,0,20,15.53881031813365,0.7447919690947644,0.05,0
white_noise,300,61,20,0,20,15.598948481899164,0.7411723561970581,0.05,0
white_noise,300,62,20,0,20,25.09298243193097,0.19789696011120966,0.05,0
white_noise,300,63,20,0,20,30.787318362650325,0.05806154248529877,0.05,0
white_noise,300,64,20,0,20,14.399146526861646,0.8096955317903323,0.05,0
white_noise,300,65,20,0,20,20.58923628150912,0.4216539232332349,0.05,0
white_noise,300,66,20,0,20,18.599383307709964,0.5479866868144517,0.05,0
white_noise,300,67,20,0,20,25.369353225799326,0.18766413179828095,0.05,0
white_noise,300,68,20,0,20,22.614252075470954,0.308129998726195,0.05,0
white_noise,300,69,20,0,20,28.741543604396274,0.09297456442121663,0.05,0
white_noise,300,70,20,0,20,20.3702278965109,0.43499477104653217,0.05,0
white_noise,300,71,20,0,20,18.990433700333835,0.5224479219034102,0.05,0
white_noise,300,72,20,0,20,14.533831038621788,0.8024318713685592,0.05,0
white_noise,300,73,20,0,20,19.295509107300216,0.502698923294884,0.05,0
white_noise,300,74,20,0,20,14.576151610590312,0.8001250234391213,0.05,0
white_noise,300,75,20,0,20,12.694380089167687,0.8901084088950388,0.05,0
white_noise,300,76,20,0,20,21.396137299128775,0.37415489935546087,0.05,0
white_noise,300,77,20,0,20,27.694527245474745,0.11683005631224747,0.05,0
white_noise,300,78,20,0,20,14.137196094458895,0.8234721707401368,0.05,0
white_noise,300,79,20,0,20,19.47055932729216,0.49145518950904765,0.05,0
white_noise,300,80,20,0,20,15.655328850538805,0.7377636601215276,0.05,0
white_noise,300,81,20,0,20,22.96870992829624,0.2903335624814907,0.05,0
white_noise,300,82,20,0,20,24.959022375149665,0.20300330364706995,0.05,0
white_noise,300,83,20,0,20,25.148689882860285,0.19580170368722544,0.05,0
white_noise,300,84,20,0,20,9.680021570479633,0.9736098642887643,0.05,0
white_noise,300,85,20,0,20,16.567555248690546,0.6808490139589046,0.05,0
white_noise,300,86,20,0,20,7.264129653251225,0.9957245662228263,0.05,0
white_noise,300,87,20,0,20,17.285972040762243,0.6343338123160223,0.05,0
white_noise,300,88,20,0,20,26.882364320913936,0.13860614793357265,0.05,0
white_noise,300,89,20,0,20,16.054042549143087,0.7132659311519244,0.05,0
white_noise,300,90,20,0,20,12.150330804152125,0.910804493985102,0.05,0
white_noise,300,91,20,0,20,8.988695713850626,0.9830378269899299,0.05,0
white_noise,300,92,20,0,20,15.490209875518868,0.7477045999519352,0.05,0
white_noise,300,93,20,0,20,16.738780885253295,0.669864730359125,0.05,0
white_noise,300,94,20,0,20,14.151923071305456,0.8227102614169224,0.05,0
white_noise,300,95,20,0,20,18.16544501674025,0.5765104619979977,0.05,0
white_noise,300,96,20,0,20,17.247149626772714,0.636871775266633,0.05,0
white_noise,300,97,20,0,20,10.734859063755728,0.95281067315927,0.05,0
white_noise,300,98,20,0,20,25.04037582473543,0.19989079221722297,0.05,0
white_noise,300,99,20,0,20,22.001828430750443,0.3404114350228933,0.05,0
white_noise,300,100,20,0,20,18.95485624552928,0.5247621424188194,0.05,0
white_noise,300,101,20,0,20,17.936333693523064,0.5916023629650469,0.05,0
white_noise,300,102,20,0,20,38.44289345566046,0.00781435753022913,0.05,1
white_noise,300,103,20,0,20,26.81857798348529,0.1404457641329188,0.05,0
white_noise,300,104,20,0,20,14.945446096157715,0.7795206397981496,0.05,0
white_noise,300,105,20,0,20,11.968344563254163,0.9171612279553203,0.05,0
white_noise,300,106,20,0,20,20.304942276092174,0.439005257739411,0.05,0
white_noise,300,107,20,0,20,19.66439050566995,0.4790918544862247,0.05,0
white_noise,300,108,20,0,20,24.16651084927164,0.23519429129783098,0.05,0
white_noise,300,109,20,0,20,11.287635020360765,0.9384194041728463,0.05,0
white_noise,300,110,20,0,20,14.425610489497924,0.8082777668323091,0.05,0
white_noise,300,111,20,0,20,23.88466363862534,0.2474666224101676,0.05,0
white_noise,300,112,20,0,20,12.959957954039744,0.8790954514837869,0.05,0
white_noise,300,113,20,0,20,27.45087707330948,0.12304877844867286,0.05,0
white_noise,300,114,20,0,20,15.44419213840999,0.7504519033688395,0.05,0
white_noise,300,115,20,0,20,28.080278291947774,0.10751259441520992,0.05,0
white_noise,300,116,20,0,20,17.900315395048448,0.5939749458541945,0.05,0
white_noise,300,117,20,0,20,13.435858041071477,0.8579102174009464,0.05,0
white_noise,300,118,20,0,20,13.407357643461138,0.8592301854476128,0.05,0
white_noise,300,119,20,0,20,28.954351088102126,0.08866209438507881,0.05,0
white_noise,300,120,20,0,20,19.080800933548822,0.5165795808876821,0.05,0
white_noise,300,121,20,0,20,27.61262792967858,0.11889108197615855,0.05,0
white_noise,300,122,20,0,20,20.009391910466196,0.4573423414638237,0.05,0
white_noise,300,123,20,0,20,17.34311940254407,0.6305942090754117,0.05,0
white_noise,300,124,20,0,20,13.157217095392637,0.8705370672641469,0.05,0
white_noise,300,125,20,0,20,22.833666948280374,0.2970354855431779,0.05,0
white_noise,300,126,20,0,20,29.883035987010466,0.07177119411081494,0.05,0
white_noise,300,127,20,0,20,16.800168499735552,0.6659088272930169,0.05,0
white_noise,300,128,20,0,20,11.577630258000461,0.9298470475461672,0.05,0
white_noise,300,129,20,0,20,15.908049052335125,0.7223121112787382,0.05,0
white_noise,300,130,20,0,20,22.742497477266568,0.30161465081025823,0.05,0
white_noise,300,131,20,0,20,16.833762892771546,0.6637402533889856,0.05,0
white_noise,300,132,20,0,20,17.523321704052133,0.6187773249924766,0.05,0
white_noise,300,133,20,0,20,21.340464582119772,0.3773423318818344,0.05,0
white_noise,300,134,20,0,20,32.5360513691056,0.03791076518951428,0.05,1
white_noise,300,135,20,0,20,9.356718500175248,0.9783951711250347,0.05,0
white_noise,300,136,20,0,20,11.931350182227616,0.9184185821661014,0.05,0
white_noise,300,137,20,0,20,30.78508235671059,0.058092408198909186,0.05,0
white_noise,300,138,20,0,20,34.94583116759435,0.020394680341410544,0.05,1
white_noise,300,139,20,0,20,18.677540001572247,0.54286632776046,0.05,0
white_noise,300,140,20,0,20,12.391044994168096,0.9019593003366759,0.05,0
white_noise,300,141,20,0,20,13.461065063682145,0.8567374403777019,0.05,0
white_noise,300,142,20,0,20,13.503842540579187,0.8547357620408773,0.05,0
white_noise,300,143,20,0,20,16.76268788331499,0.6683251915087571,0.05,0
white_noise,300,144,20,0,20,23.221460262191396,0.27805166690904864,0.05,0
white_noise,300,145,20,0,20,11.80562349048177,0.9226037637891757,0.05,0
white_noise,300,146,20,0,20,24.131790982827518,0.23668265945753325,0.05,0
white_noise,300,147,20,0,20,16.4913846340731,0.6857099820601322,0.05,0
white_noise,300,148,20,0,20,24.60576239547905,0.21693171447094475,0.05,0
white_noise,300,149,20,0,20,22.84504251322329,0.2964672065869024,0.05,0
white_noise,300,150,20,0,20,16.873319254397334,0.6611835931675455,0.05,0
white_noise,300,151,20,0,20,17.958946630717527,0.5901127296777698,0.05,0
white_noise,300,152,20,0,20,15.078841034991646,0.7718786664628144,0.05,0
white_noise,300,153,20,0,20,18.426311852808997,0.5593470857053892,0.05,0
white_noise,300,154,20,0,20,22.600506068560918,0.3088334523984627,0.05,0
white_noise,300,155,20,0,20,20.434778184833302,0.4310444022190072,0.05,0
white_noise,300,156,20,0,20,17.23656264137159,0.6375635169223473,0.05,0
white_noise,300,157,20,0,20,19.48141802957013,0.4907600798823005,0.05,0
white_noise,300,158,20,0,20,21.789188562386247,0.35205856388953805,0.05,0
white_noise,300,159,20,0,20,28.554728660702736,0.09690433444448096,0.05,0
white_noise,300,160,20,0,20,37.15081677570836,0.011224104694140664,0.05,1
white_noise,300,161,20,0,20,12.222470547785282,0.9082058484115627,0.05,0
white_noise,300,162,20,0,20,32.21428670681965,0.04106781455178286,0.05,1
white_noise,300,163,20,0,20,18.526227671780184,0.5527852677282342,0.05,0
white_noise,300,164,20,0,20,29.752238735744275,0.07396898325302337,0.05,0
white_noise,300,165,20,0,20,18.350738850743255,0.5643153595560659,0.05,0
white_noise,300,166,20,0,20,11.3833186608277,0.9356698135462307,0.05,0
white_noise,300,167,20,0,20,12.58510049205076,0.8944678645351156,0.05,0
white_noise,300,168,20,0,20,26.8974114353531,0.1381750000531045,0.05,0
white_noise,300,169,20,0,20,15.907540249663555,0.722343490521625,0.05,0
white_noise,300,170,20,0,20,14.038680282582938,0.8285293506250786,0.05,0
white_noise,300,171,20,0,20,25.447376985917543,0.18484835124820376,0.05,0
white_noise,300,172,20,0,20,21.701999296806477,0.3568974363170373,0.05,0
white_noise,300,173,20,0,20,9.379348911026225,0.9780824020576739,0.05,0
white_noise,300,174,20,0,20,17.598899879020802,0.6138119563214386,0.05,0
white_noise,300,175,20,0,20,20.18557134714862,0.4463764657609043,0.05,0
white_noise,300,176,20,0,20,20.78479764567812,0.4098951880105366,0.05,0
white_noise,300,177,20,0,20,11.609755764874498,0.9288533713342254,0.05,0
white_noise,300,178,20,0,20,18.47942118665575,0.5558581574972268,0.05,0
white_noise,300,179,20,0,20,26.983305820185056,0.1357343269647209,0.05,0
white_noise,300,180,20,0,20,23.03115413273453,0.287267394308153,0.05,0
white_noise,300,181,20,0,20,14.080347187867302,0.8263988801057949,0.05,0
white_noise,300,182,20,0,20,17.177404791077066,0.6414257741401805,0.05,0
white_noise,300,183,20,0,20,16.736671715407393,0.6700004884221133,0.05,0
white_noise,300,184,20,0,20,19.14401764082217,0.5124832111329906,0.05,0
white_noise,300,185,20,0,20,32.20530864608971,0.0411591717731561,0.05,1
white_noise,300,186,20,0,20,16.062629868348022,0.7127312731256995,0.05,0
white_noise,300,187,20,0,20,20.522811173327344,0.4256814278260773,0.05,0
white_noise,300,188,20,0,20,22.24542987790788,0.3273428443756789,0.05,0
white_noise,300,189,20,0,20,20.745013784179577,0.4122751562460425,0.05,0
white_noise,300,190,20,0,20,21.245982834525982,0.3827834813994925,0.05,0
white_noise,300,191,20,0,20,10.22254740229274,0.9639546414056501,0.05,0
white_noise,300,192,20,0,20,14.088794272153871,0.8259654583907914,0.05,0
white_noise,300,193,20,0,20,17.6590564935529,0.6098566620701666,0.05,0
white_noise,300,194,20,0,20,12.888404078913435,0.882120593654194,0.05,0
white_noise,300,195,20,0,20,20.327342675467033,0.4376275104457018,0.05,0
white_noise,300,196,20,0,20,30.043810772626028,0.0691468724623051,0.05,0
white_noise,300,197,20,0,20,10.025393100221793,0.9677091530781543,0.05,0
white_noise,300,198,20,0,20,16.470710695350476,0.6870264470246452,0.05,0
white_noise,300,199,20,0,20,23.87064440212164,0.24808837782426213,0.05,0
white_noise,1000,0,20,0,20,19.716666260716526,0.47577437161208913,0.05,0
white_noise,1000,1,20,0,20,21.222132152027108,0.38416328596367266,0.05,0
white_noise,1000,2,20,0,20,14.340263352119052,0.8128332603386894,0.05,0
white_noise,1000,3,20,0,20,17.03466788611891,0.6507213888880492,0.05,0
white_noise,1000,4,20,0,20,17.06566330122638,0.6487058325686188,0.05,0
white_noise,1000,5,20,0,20,15.378067969016291,0.7543812541249526,0.05,0
white_noise,1000,6,20,0,20,16.692980498142916,0.6728102436380734,0.05,0
white_noise,1000,7,20,0,20,12.534257062193918,0.8964616506697612,0.05,0
white_noise,1000,8,20,0,20,44.54507298625089,0.001271376379376234,0.05,1
white_noise,1000,9,20,0,20,13.248807145901194,0.8664553583976282,0.05,0
white_noise,1000,10,20,0,20,25.51368469874686,0.18248051893397468,0.05,0
white_noise,1000,11,20,0,20,16.23017759338583,0.7022456334469289,0.05,0
white_noise,1000,12,20,0,20,25.5881119146296,0.17985014143521555,0.05,0
white_noise,1000,13,20,0,20,22.7450394979138,0.3014863789653643,0.05,0
white_noise,1000,14,20,0,20,15.248482688670538,0.7620171622003861,0.05,0
white_noise,1000,15,20,0,20,19.244256832093164,0.5060038271754375,0.05,0
white_noise,1000,16,20,0,20,22.52927600840147,0.3124944123110364,0.05,0
white_noise,1000,17,20,0,20,17.146972140467945,0.643410536046719,0.05,0
white_noise,1000,18,20,0,20,28.08908836182095,0.10730718011387841,0.05,0
white_noise,1000,19,20,0,20,15.403786532084597,0.7528555545606251,0.05,0
white_noise,1000,20,20,0,20,17.900771983536096,0.5939448709473398,0.05,0
white_noise,1000,21,20,0,20,26.671462665608615,0.14476273842925277,0.05,0
white_noise,1000,22,20,0,20,25.984093169049338,0.16633787427618196,0.05,0
white_noise,1000,23,20,0,20,30.92263673731034,0.056220096868140806,0.05,0
white_noise,1000,24,20,0,20,29.60315002936073,0.07654432688811512,0.05,0
white_noise,1000,25,20,0,20,13.597849460162774,0.8502867644518004,0.05,0
white_noise,1000,26,20,0,20,13.25937282308288,0.8659801386595949,0.05,0
white_noise,1000,27,20,0,20,19.457939245664047,0.492263410272864,0.05,0
white_noise,1000,28,20,0,20,18.526598055042875,0.5527609596307923,0.05,0
white_noise,1000,29,20,0,20,12.871412755766125,0.8828326961883373,0.05,0
white_noise,1000,30,20,0,20,11.194970186119534,0.9410087308305691,0.05,0
white_noise,1000,31,20,0,20,16.367377578467742,0.6935871629971931,0.05,0
white_noise,1000,32,20,0,20,14.484205376290726,0.8051221113641256,0.05,0
white_noise,1000,33,20,0,20,31.817620864633476,0.04528085069894759,0.05,1
white_noise,1000,34,20,0,20,41.59845782313343,0.0031186152690604466,0.05,1
white_noise,1000,35,20,0,20,21.868680921066083,0.34767869566301834,0.05,0
white_noise,1000,36,20,0,20,21.228613376697023,0.383788087650222,0.05,0
white_noise,1000,37,20,0,20,15.270375479183325,0.7607332376310396,0.05,0
white_noise,1000,38,20,0,20,14.64410196537538,0.7963971300658046,0.05,0
white_noise,1000,39,20,0,20,20.78885769110331,0.409652661307911,0.05,0
white_noise,1000,40,20,0,20,7.830785420674069,0.9929293478991964,0.05,0
white_noise,1000,41,20,0,20,20.60021436495022,0.4209899053826297,0.05,0
white_noise,1000,42,20,0,20,19.343050732692365,0.4996383683429403,0.05,0
white_noise,1000,43,20,0,20,20.535662878873698,0.42490090460764374,0.05,0
white_noise,1000,44,20,0,20,9.761674744332401,0.9722903850971545,0.05,0
white_noise,1000,45,20,0,20,7.742402199543764,0.9934394263420167,0.05,0
white_noise,1000,46,20,0,20,16.124281443376066,0.7088847060143479,0.05,0
white_noise,1000,47,20,0,20,20.284918980396153,0.4402382841677457,0.05,0
white_noise,1000,48,20,0,20,40.023869316834755,0.004960818174272068,0.05,1
white_noise,1000,49,20,0,20,14.482446874229694,0.8052171456623395,0.05,0
white_noise,1000,50,20,0,20,20.836321894510498,0.40682230431530997,0.05,0
white_noise,1000,51,20,0,20,17.90312754022204,0.5937897128035137,0.05,0
white_noise,1000,52,20,0,20,15.358771153726115,0.7555238046455885,0.05,0
white_noise,1000,53,20,0,20,21.1373829501395,0.38908632971144375,0.05,0
white_noise,1000,54,20,0,20,17.54204584043033,0.6175476217687871,0.05,0
white_noise,1000,55,20,0,20,10.400348013989234,0.9603182073146488,0.05,0
white_noise,1000,56,20,0,20,28.89414158759197,0.08986475155340114,0.05,0
white_noise,1000,57,20,0,20,22.03914631277871,0.33839024100357723,0.05,0
white_noise,1000,58,20,0,20,19.277842144725035,0.5038375117001374,0.05,0
white_noise,1000,59,20,0,20,21.261395903446903,0.3818931431649548,0.05,0
white_noise,1000,60,20,0,20,15.722337222802235,0.733693677903106,0.05,0
white_noise,1000,61,20,0,20,23.593957596506264,0.2605788390254336,0.05,0
white_noise,1000,62,20,0,20,37.508327384426586,0.010162825757072547,0.05,1
white_noise,1000,63,20,0,20,16.964475894912148,0.6552791714275112,0.05,0
white_noise,1000,64,20,0,20,16.028884822719434,0.7148306791148467,0.05,0
white_noise,1000,65,20,0,20,38.62006027903453,0.007430921174805577,0.05,1
white_noise,1000,66,20,0,20,26.52936787762552,0.14903157005494355,0.05,0
white_noise,1000,67,20,0,20,16.846761364850334,0.6629004987919145,0.05,0
white_noise,1000,68,20,0,20,22.31831921096868,0.32349056236119084,0.05,0
white_noise,1000,69,20,0,20,19.540742098012053,0.48696761888328577,0.05,0
white_noise,1000,70,20,0,20,23.312243664906045,0.27372404980556453,0.05,0
white_noise,1000,71,20,0,20,15.562064442852503,0.7433943603467132,0.05,0
white_noise,1000,72,20,0,20,22.340580465904782,0.3223194181995017,0.05,0
white_noise,1000,73,20,0,20,13.169008206767115,0.8700154097179676,0.05,0
white_noise,1000,74,20,0,20,22.901768165692655,0.2936436483834215,0.05,0
white_noise,1000,75,20,0,20,21.18875662771369,0.3860983149722571,0.05,0
white_noise,1000,76,20,0,20,17.67118955928925,0.6090586218945202,0.05,0
white_noise,1000,77,20,0,20,14.651602526165085,0.7959838394253098,0.05,0
white_noise,1000,78,20,0,20,21.51857578669154,0.36719454080399827,0.05,0
white_noise,1000,79,20,0,20,24.77938571076868,0.21000192601151182,0.05,0
white_noise,1000,80,20,0,20,26.43161893206295,0.15202535003958811,0.05,0
white_noise,1000,81,20,0,20,23.959013209405455,0.24418714081931175,0.05,0
white_noise,1000,82,20,0,20,17.73566088514811,0.6048166555053167,0.05,0
white_noise,1000,83,20,0,20,17.644750027367287,0.6107975351312774,0.05,0
white_noise,1000,84,20,0,20,27.124304855861702,0.13180285790140156,0.05,0
white_noise,1000,85,20,0,20,22.760470507739342,0.3007084512015701,0.05,0
white_noise,1000,86,20,0,20,12.731719778216387,0.8885957136165828,0.05,0
white_noise,1000,87,20,0,20,37.807324839755616,0.009347917712016606,0.05,1
white_noise,1000,88,20,0,20,14.29588720832094,0.8151824432114414,0.05,0
white_noise,1000,89,20,0,20,7.583139421167382,0.9942860935259699,0.05,0
white_noise,1000,90,20,0,20,16.23827309693943,0.701736481124499,0.05,0
white_noise,1000,91,20,0,20,19.463766743050307,0.4918901554756042,0.05,0
white_noise,1000,92,20,0,20,23.318265238295876,0.2734385766660738,0.05,0
white_noise,1000,93,20,0,20,20.73481495144012,0.4128862880654509,0.05,0
white_noise,1000,94,20,0,20,17.317600680062643,0.6322646225753235,0.05,0
white_noise,1000,95,20,0,20,11.758528714239068,0.9241364774729941,0.05,0
white_noise,1000,96,20,0,20,19.90226618719344,0.46405819689109273,0.05,0
white_noise,1000,97,20,0,20,29.84569057274353,0.07239290758905355,0.05,0
white_noise,1000,98,20,0,20,34.991252766532114,0.02015091235820907,0.05,1
white_noise,1000,99,20,0,20,23.485294739313954,0.2655982042455232,0.05,0
white_noise,1000,100,20,0,20,24.258117006560887,0.23129889772699697,0.05,0
white_noise,1000,101,20,0,20,18.791693634194516,0.5354009159062074,0.05,0
white_noise,1000,102,20,0,20,18.718369070851725,0.5401942851422099,0.05,0
white_noise,1000,103,20,0,20,18.267087436871243,0.5698188727424439,0.05,0
white_noise,1000,104,20,0,20,28.3021757056532,0.10243699995111771,0.05,0
white_noise,1000,105,20,0,20,8.941501788590369,0.9835749553356264,0.05,0
white_noise,1000,106,20,0,20,19.19627976040938,0.5091025059342305,0.05,0
white_noise,1000,107,20,0,20,32.49410505107381,0.038309639324249724,0.05,1
white_noise,1000,108,20,0,20,25.31852347399327,0.18951576930670203,0.05,0
white_noise,1000,109,20,0,20,21.398376691826265,0.37402698040946125,0.05,0
white_noise,1000,110,20,0,20,36.78521169421996,0.012415416078637397,0.05,1
white_noise,1000,111,20,0,20,15.900202531799469,0.7227959106220834,0.05,0
white_noise,1000,112,20,0,20,21.639842736857993,0.3603691088907016,0.05,0
white_noise,1000,113,20,0,20,25.89814022920041,0.16920241617106177,0.05,0
white_noise,1000,114,20,0,20,8.409250056994312,0.9887950816226967,0.05,0
white_noise,1000,115,20,0,20,21.979612825255646,0.34161793109654726,0.05,0
white_noise,1000,116,20,0,20,33.562493100479415,0.029241136399091178,0.05,1
white_noise,1000,117,20,0,20,10.100125434110057,0.9663198223872965,0.05,0
white_noise,1000,118,20,0,20,13.688988914987041,0.8459083368523477,0.05,0
white_noise,1000,119,20,0,20,22.818605820899325,0.29778893409060303,0.05,0
white_noise,1000,120,20,0,20,14.437806777898862,0.8076228009493052,0.05,0
white_noise,1000,121,20,0,20,21.376038242234113,0.37530401765762755,0.05,0
white_noise,1000,122,20,0,20,20.359309525170026,0.43566443486035233,0.05,0
white_noise,1000,123,20,0,20,11.36847559822748,0.9361014188973752,0.05,0
white_noise,1000,124,20,0,20,29.911559306060344,0.07129944702581308,0.05,0
white_noise,1000,125,20,0,20,14.354035106339749,0.8121014932908776,0.05,0
white_noise,1000,126,20,0,20,20.999701472237607,0.39715017081529513,0.05,0
white_noise,1000,127,20,0,20,17.489557976341942,0.620993949900468,0.05,0
white_noise,1000,128,20,0,20,14.296213620510184,0.8151652126228166,0.05,0
white_noise,1000,129,20,0,20,21.75699217609826,0.35384118111961804,0.05,0
white_noise,1000,130,20,0,20,31.888554968659754,0.04450039312171456,0.05,1
white_noise,1000,131,20,0,20,23.56651511877767,0.26184040631715555,0.05,0
white_noise,1000,132,20,0,20,18.385656038074725,0.5620193635273554,0.05,0
white_noise,1000,133,20,0,20,15.429098510118106,0.7513507424030671,0.05,0
white_noise,1000,134,20,0,20,14.7443486592674,0.7908443361104869,0.05,0
white_noise,1000,135,20,0,20,10.6479036380587,0.9548474306932043,0.05,0
white_noise,1000,136,20,0,20,8.45684045079432,0.9883875965754035,0.05,0
white_noise,1000,137,20,0,20,16.14843110864365,0.7073741674434451,0.05,0
white_noise,1000,138,20,0,20,6.617436282869503,0.9977640200954843,0.05,0
white_noise,1000,139,20,0,20,22.126921675709415,0.3336634431666201,0.05,0
white_noise,1000,140,20,0,20,29.634365957255888,0.0759988406889482,0.05,0
white_noise,1000,141,20,0,20,20.124112750471124,0.4501903242883867,0.05,0
white_noise,1000,142,20,0,20,29.27175087007456,0.08254477055861999,0.05,0
white_noise,1000,143,20,0,20,22.601763603709763,0.3087690569329216,0.05,0
white_noise,1000,144,20,0,20,20.061403113907264,0.4540945860004918,0.05,0
white_noise,1000,145,20,0,20,20.248927054979248,0.44245814421707685,0.05,0
white_noise,1000,146,20,0,20,31.27642285499449,0.051645377177822575,0.05,0
white_noise,1000,147,20,0,20,31.69885230037498,0.046614808776305666,0.05,1
white_noise,1000,148,20,0,20,31.113787315768636,0.053706085487985084,0.05,0
white_noise,1000,149,20,0,20,24.04218073523258,0.24055447225074789,0.05,0
white_noise,1000,150,20,0,20,16.414200755952255,0.6906183640251318,0.05,0
white_noise,1000,151,20,0,20,24.100973654670707,0.23800924592564157,0.05,0
white_noise,1000,152,20,0,20,15.75429504324443,0.7317456012427241,0.05,0
white_noise,1000,153,20,0,20,15.947432374358375,0.719880068976775,0.05,0
white_noise,1000,154,20,0,20,17.04945313767425,0.6497601571187404,0.05,0
white_noise,1000,155,20,0,20,19.454927833812622,0.49245632501389713,0.05,0
white_noise,1000,156,20,0,20,16.28762111997829,0.6986280263928167,0.05,0
white_noise,1000,157,20,0,20,16.382671956204454,0.6926181827320929,0.05,0
white_noise,1000,158,20,0,20,20.7954666242939,0.40925801813397056,0.05,0
white_noise,1000,159,20,0,20,21.953127425180508,0.3430594867763379,0.05,0
white_noise,1000,160,20,0,20,18.070369011895348,0.5827725932976403,0.05,0
white_noise,1000,161,20,0,20,24.568813436532746,0.21842751333970895,0.05,0
white_noise,1000,162,20,0,20,24.50745185487147,0.22092797115983126,0.05,0
white_noise,1000,163,20,0,20,17.84211506735963,0.59780815399057,0.05,0
white_noise,1000,164,20,0,20,25.076005485016083,0.1985387842914636,0.05,0
white_noise,1000,165,20,0,20,23.94175376546938,0.24494574696924346,0.05,0
white_noise,1000,166,20,0,20,11.667755920451022,0.9270370111624052,0.05,0
white_noise,1000,167,20,0,20,29.878489242938674,0.07184664032761313,0.05,0
white_noise,1000,168,20,0,20,19.8757504731289,0.4657258854893622,0.05,0
white_noise,1000,169,20,0,20,13.831910863681031,0.8389151181110536,0.05,0
white_noise,1000,170,20,0,20,31.39547899859169,0.05018128404435262,0.05,0
white_noise,1000,171,20,0,20,20.96736498592415,0.3990557225916118,0.05,0
white_noise,1000,172,20,0,20,15.72941795969958,0.7332624384102528,0.05,0
white_noise,1000,173,20,0,20,13.597335693658401,0.8503112653104107,0.05,0
white_noise,1000,174,20,0,20,28.58711839179103,0.09621319435209869,0.05,0
white_noise,1000,175,20,0,20,21.683270185359323,0.3579416011427966,0.05,0
white_noise,1000,176,20,0,20,43.17322712313567,0.0019392372285560388,0.05,1
white_noise,1000,177,20,0,20,22.40209585023219,0.3190963204299234,0.05,0
white_noise,1000,178,20,0,20,19.928430543704827,0.46241467673495396,0.05,0
white_noise,1000,179,20,0,20,12.316769119603533,0.904741615003376,0.05,0
white_noise,1000,180,20,0,20,9.127809901557624,0.9813790780409656,0.05,0
white_noise,1000,181,20,0,20,18.053987068272846,0.5838517418836948,0.05,0
white_noise,1000,182,20,0,20,13.700354564242103,0.8453578643090057,0.05,0
white_noise,1000,183,20,0,20,17.115310953381265,0.6454738260306674,0.05,0
white_noise,1000,184,20,0,20,17.05988919548689,0.6490814400216289,0.05,0
white_noise,1000,185,20,0,20,16.822629053427878,0.6644592446555606,0.05,0
white_noise,1000,186,20,0,20,8.311786344219415,0.9895957455518889,0.05,0
white_noise,1000,187,20,0,20,20.06529547247865,0.4538518803932675,0.05,0
white_noise,1000,188,20,0,20,15.950192040152015,0.7197094182945515,0.05,0
white_noise,1000,189,20,0,20,15.945269132078714,0.720013817166859,0.05,0
white_noise,1000,190,20,0,20,19.767970181450796,0.47252589339619944,0.05,0
white_noise,1000,191,20,0,20,23.327675211913785,0.2729928573082777,0.05,0
white_noise,1000,192,20,0,20,20.65326998101942,0.4177873023581692,0.05,0
white_noise,1000,193,20,0,20,16.531813274999724,0.6831320037197166,0.05,0
white_noise,1000,194,20,0,20,15.819795695157497,0.7277390142240375,0.05,0
white_noise,1000,195,20,0,20,21.404823664185333,0.37365884245459724,0.05,0
white_noise,1000,196,20,0,20,16.233440656207314,0.7020404358758179,0.05,0
white_noise,1000,197,20,0,20,18.32294694619131,0.5661433805600653,0.05,0
white_noise,1000,198,20,0,20,16.816760810301364,0.6648380863518399,0.05,0
white_noise,1000,199,20,0,20,25.516689631681672,0.1823737590419231,0.05,0
ar1_phi_0.5,100,0,20,0,20,37.80446425144115,0.009355416349440593,0.05,1
ar1_phi_0.5,100,1,20,0,20,76.19000813941209,1.7235112095446172e-08,0.05,1
ar1_phi_0.5,100,2,20,0,20,48.69472203241533,0.00033960745230275977,0.05,1
ar1_phi_0.5,100,3,20,0,20,57.868055369374424,1.5144142443443118e-05,0.05,1
ar1_phi_0.5,100,4,20,0,20,61.88909861201146,3.6183286783788946e-06,0.05,1
ar1_phi_0.5,100,5,20,0,20,72.88543463938782,6.113857729926454e-08,0.05,1
ar1_phi_0.5,100,6,20,0,20,58.43442778338093,1.2406577085084295e-05,0.05,1
ar1_phi_0.5,100,7,20,0,20,38.88543186646724,0.006889487070896263,0.05,1
ar1_phi_0.5,100,8,20,0,20,80.76630241815849,2.9086840554752507e-09,0.05,1
ar1_phi_0.5,100,9,20,0,20,54.30919515100005,5.204597946229892e-05,0.05,1
ar1_phi_0.5,100,10,20,0,20,55.998776602081875,2.9081195266039017e-05,0.05,1
ar1_phi_0.5,100,11,20,0,20,47.30192385607714,0.0005325556580858305,0.05,1
ar1_phi_0.5,100,12,20,0,20,15.99467040192832,0.7169548436595813,0.05,0
ar1_phi_0.5,100,13,20,0,20,42.83887755601663,0.0021469290989172677,0.05,1
ar1_phi_0.5,100,14,20,0,20,48.95589091717223,0.0003119060992321357,0.05,1
ar1_phi_0.5,100,15,20,0,20,66.43285703199246,6.885837835231084e-07,0.05,1
ar1_phi_0.5,100,16,20,0,20,82.5109900806827,1.4653395847784287e-09,0.05,1
ar1_phi_0.5,100,17,20,0,20,45.949671556218895,0.0008189362634133221,0.05,1
ar1_phi_0.5,100,18,20,0,20,29.531791887703832,0.07780387855995735,0.05,0
ar1_phi_0.5,100,19,20,0,20,30.150696329521807,0.06744836067857389,0.05,0
ar1_phi_0.5,100,20,20,0,20,30.84014506769544,0.05733648225300816,0.05,0
ar1_phi_0.5,100,21,20,0,20,70.65671045313515,1.4223982908045299e-07,0.05,1
ar1_phi_0.5,100,22,20,0,20,59.41296861142636,8.77538007739212e-06,0.05,1
ar1_phi_0.5,100,23,20,0,20,35.797136891532034,0.01624726149103848,0.05,1
ar1_phi_0.5,100,24,20,0,20,59.12936680042499,9.704003207897575e-06,0.05,1
ar1_phi_0.5,100,25,20,0,20,27.07499903813515,0.1331671100419312,0.05,0
ar1_phi_0.5,100,26,20,0,20,42.334024942064275,0.002501232756884295,0.05,1
ar1_phi_0.5,100,27,20,0,20,76.51507420523946,1.520344441320801e-08,0.05,1
ar1_phi_0.5,100,28,20,0,20,61.47383696758548,4.201873688728901e-06,0.05,1
ar1_phi_0.5,100,29,20,0,20,45.54907467777193,0.0009290940796713786,0.05,1
ar1_phi_0.5,100,30,20,0,20,42.7495585442864,0.002205910054429679,0.05,1
ar1_phi_0.5,100,31,20,0,20,37.47226738268192,0.010265466437455281,0.05,1
ar1_phi_0.5,100,32,20,0,20,92.60345693706147,2.5897773853776824e-11,0.05,1
ar1_phi_0.5,100,33,20,0,20,70.29520420899316,1.6299304595470252e-07,0.05,1
ar1_phi_0.5,100,34,20,0,20,32.6367019468978,0.036968780626491615,0.05,1
ar1_phi_0.5,100,35,20,0,20,57.6329169921688,1.6447364402676654e-05,0.05,1
ar1_phi_0.5,100,36,20,0,20,65.34029688274113,1.0299890867470863e-06,0.05,1
ar1_phi_0.5,100,37,20,0,20,80.7615600880439,2.9140943519873287e-09,0.05,1
ar1_phi_0.5,100,38,20,0,20,56.618245510294436,2.3449118403044895e-05,0.05,1
ar1_phi_0.5,100,39,20,0,20,36.21642669206959,0.014504196660521886,0.05,1
ar1_phi_0.5,100,40,20,0,20,25.452037316804766,0.184681178616569,0.05,0
ar1_phi_0.5,100,41,20,0,20,36.06299773806038,0.015120921785404562,0.05,1
ar1_phi_0.5,100,42,20,0,20,113.32929580552621,4.8348246966644396e-15,0.05,1
ar1_phi_0.5,100,43,20,0,20,65.26438217128481,1.0591238990916669e-06,0.05,1
ar1_phi_0.5,100,44,20,0,20,65.75819631915272,8.832015736894265e-07,0.05,1
ar1_phi_0.5,100,45,20,0,20,41.29233754748171,0.003416116602206456,0.05,1
ar1_phi_0.5,100,46,20,0,20,23.410664037460915,0.26908269269874496,0.05,0
ar1_phi_0.5,100,47,20,0,20,65.79936135728705,8.699104580815255e-07,0.05,1
ar1_phi_0.5,100,48,20,0,20,43.207517299700015,0.0019190572454518518,0.05,1
ar1_phi_0.5,100,49,20,0,20,51.72487765177332,0.00012486124382221815,0.05,1
ar1_phi_0.5,100,50,20,0,20,43.12226453886351,0.0019696041847255567,0.05,1
ar1_phi_0.5,100,51,20,0,20,43.436256732223285,0.001789490836229741,0.05,1
ar1_phi_0.5,100,52,20,0,20,63.92781815127805,1.7275374242339202e-06,0.05,1
ar1_phi_0.5,100,53,20,0,20,92.0451280365069,3.24684978671123e-11,0.05,1
ar1_phi_0.5,100,54,20,0,20,72.8188380782887,6.270800123059747e-08,0.05,1
ar1_phi_0.5,100,55,20,0,20,66.75371508250842,6.11525415608147e-07,0.05,1
ar1_phi_0.5,100,56,20,0,20,26.31555089834666,0.15564131263064465,0.05,0
ar1_phi_0.5,100,57,20,0,20,79.25846933478465,5.243962099201928e-09,0.05,1
ar1_phi_0.5,100,58,20,0,20,118.32827733656455,5.811487595512181e-16,0.05,1
ar1_phi_0.5,100,59,20,0,20,47.33762587361247,0.0005264930797470218,0.05,1
ar1_phi_0.5,100,60,20,0,20,59.01517804211772,1.0104556583033258e-05,0.05,1
ar1_phi_0.5,100,61,20,0,20,36.019690124787346,0.015299337682537818,0.05,1
ar1_phi_0.5,100,62,20,0,20,54.797356740276456,4.402429416202464e-05,0.05,1
ar1_phi_0.5,100,63,20,0,20,33.4373057418252,0.030192816934049668,0.05,1
ar1_phi_0.5,100,64,20,0,20,66.10251698088196,7.779198816791267e-07,0.05,1
ar1_phi_0.5,100,65,20,0,20,71.7820127012882,9.296169589316267e-08,0.05,1
ar1_phi_0.5,100,66,20,0,20,44.04293280933261,0.0014851365410577006,0.05,1
ar1_phi_0.5,100,67,20,0,20,53.80201486988835,6.188934762859844e-05,0.05,1
ar1_phi_0.5,100,68,20,0,20,55.35253246296733,3.636485544106671e-05,0.05,1
ar1_phi_0.5,100,69,20,0,20,57.29929887233106,1.8486837031222842e-05,0.05,1
ar1_phi_0.5,100,70,20,0,20,48.56298473744246,0.00035447025199555757,0.05,1
ar1_phi_0.5,100,71,20,0,20,43.43962606527433,0.001787646351952204,0.05,1
ar1_phi_0.5,100,72,20,0,20,86.19731644594542,3.400162363960398e-10,0.05,1
ar1_phi_0.5,100,73,20,0,20,77.78721157133045,9.29266394807001e-09,0.05,1
ar1_phi_0.5,100,74,20,0,20,90.79398555754383,5.3829338418064625e-11,0.05,1
ar1_phi_0.5,100,75,20,0,20,97.96927693512725,2.9032355214382252e-12,0.05,1
ar1_phi_0.5,100,76,20,0,20,43.150852823267755,0.0019525138312853506,0.05,1
ar1_phi_0.5,100,77,20,0,20,88.06157315339932,1.6145575274752002e-10,0.05,1
ar1_phi_0.5,100,78,20,0,20,42.50624728620668,0.00237452555798781,0.05,1
ar1_phi_0.5,100,79,20,0,20,61.13649672735899,4.743229683424693e-06,0.05,1
ar1_phi_0.5,100,80,20,0,20,38.0112726019551,0.008827544093280421,0.05,1
ar1_phi_0.5,100,81,20,0,20,36.726370895943184,0.012617779750334977,0.05,1
ar1_phi_0.5,100,82,20,0,20,56.21373415735862,2.6991096755352834e-05,0.05,1
ar1_phi_0.5,100,83,20,0,20,49.42487194515674,0.00026756121370618863,0.05,1
ar1_phi_0.5,100,84,20,0,20,89.46186484491157,9.204822984769651e-11,0.05,1
ar1_phi_0.5,100,85,20,0,20,61.736300556868535,3.823137724073231e-06,0.05,1
ar1_phi_0.5,100,86,20,0,20,20.45203786493194,0.42999069567394765,0.05,0
ar1_phi_0.5,100,87,20,0,20,33.88119907886813,0.02693964803153061,0.05,1
ar1_phi_0.5,100,88,20,0,20,53.935055678136266,5.914417863217571e-05,0.05,1
ar1_phi_0.5,100,89,20,0,20,40.937193763308876,0.00379502292366566,0.05,1
ar1_phi_0.5,100,90,20,0,20,92.7981520001585,2.393246784291007e-11,0.05,1
ar1_phi_0.5,100,91,20,0,20,21.78917837874934,0.3520591269401617,0.05,0
ar1_phi_0.5,100,92,20,0,20,73.88792117492086,4.171129577678468e-08,0.05,1
ar1_phi_0.5,100,93,20,0,20,108.83733425694062,3.198569701484985e-14,0.05,1
ar1_phi_0.5,100,94,20,0,20,67.4644639642871,4.6983630649794544e-07,0.05,1
ar1_phi_0.5,100,95,20,0,20,58.00415894759372,1.4436647323998182e-05,0.05,1
ar1_phi_0.5,100,96,20,0,20,95.2884075891252,8.693196478275998e-12,0.05,1
ar1_phi_0.5,100,97,20,0,20,73.80535677797674,4.3048291303292256e-08,0.05,1
ar1_phi_0.5,100,98,20,0,20,50.942556437118874,0.00016210902671346788,0.05,1
ar1_phi_0.5,100,99,20,0,20,47.641426701355506,0.0004775331015478716,0.05,1
ar1_phi_0.5,100,100,20,0,20,34.20908230604957,0.024744635761189314,0.05,1
ar1_phi_0.5,100,101,20,0,20,67.41462198910827,4.786155902113997e-07,0.05,1
ar1_phi_0.5,100,102,20,0,20,68.93086511728751,2.7197438307517474e-07,0.05,1
ar1_phi_0.5,100,103,20,0,20,69.6526866585518,2.0751930084142095e-07,0.05,1
ar1_phi_0.5,100,104,20,0,20,51.41095644295649,0.0001386818126193473,0.05,1
ar1_phi_0.5,100,105,20,0,20,67.9383522122299,3.939160459767056e-07,0.05,1
ar1_phi_0.5,100,106,20,0,20,56.91322745262812,2.115738000803118e-05,0.05,1
ar1_phi_0.5,100,107,20,0,20,74.45352175018493,3.359436066832789e-08,0.05,1
ar1_phi_0.5,100,108,20,0,20,51.668979000837325,0.00012721999133618927,0.05,1
ar1_phi_0.5,100,109,20,0,20,57.565114718378844,1.684314916148749e-05,0.05,1
ar1_phi_0.5,100,110,20,0,20,113.66449210397093,4.196689053230991e-15,0.05,1
ar1_phi_0.5,100,111,20,0,20,33.60243976949947,0.028943221461840217,0.05,1
ar1_phi_0.5,100,112,20,0,20,34.39783268565008,0.02355614385941546,0.05,1
ar1_phi_0.5,100,113,20,0,20,72.56661701203835,6.902153872182896e-08,0.05,1
ar1_phi_0.5,100,114,20,0,20,55.475354129512944,3.4855370057864164e-05,0.05,1
ar1_phi_0.5,100,115,20,0,20,90.01075506755507,7.380890283279479e-11,0.05,1
ar1_phi_0.5,100,116,20,0,20,39.97833976961239,0.005027001918584093,0.05,1
ar1_phi_0.5,100,117,20,0,20,63.20564781879658,2.2469298287534576e-06,0.05,1
ar1_phi_0.5,100,118,20,0,20,62.37442353726225,3.0367886714141576e-06,0.05,1
ar1_phi_0.5,100,119,20,0,20,50.76987392758707,0.00017168205408888277,0.05,1
ar1_phi_0.5,100,120,20,0,20,36.66651895999902,0.012826758993772508,0.05,1
ar1_phi_0.5,100,121,20,0,20,37.76992229001036,0.00944640815891102,0.05,1
ar1_phi_0.5,100,122,20,0,20,66.25852051456441,7.343904151211116e-07,0.05,1
ar1_phi_0.5,100,123,20,0,20,64.68973563372,1.3076414097630648e-06,0.05,1
ar1_phi_0.5,100,124,20,0,20,28.196065573655893,0.10483872930389207,0.05,0
ar1_phi_0.5,100,125,20,0,20,48.785212119409394,0.0003297498816502579,0.05,1
ar1_phi_0.5,100,126,20,0,20,47.329214090236476,0.0005279154564046809,0.05,1
ar1_phi_0.5,100,127,20,0,20,69.34570116720315,2.3284406741789527e-07,0.05,1
ar1_phi_0.5,100,128,20,0,20,22.06157152963635,0.33717897386314494,0.05,0
ar1_phi_0.5,100,129,20,0,20,52.36660723082068,0.00010065437136404156,0.05,1
ar1_phi_0.5,100,130,20,0,20,40.41983263270632,0.004418958091722347,0.05,1
ar1_phi_0.5,100,131,20,0,20,80.75950578906209,2.9164410994291625e-09,0.05,1
ar1_phi_0.5,100,132,20,0,20,68.5924344901854,3.0865183182812333e-07,0.05,1
ar1_phi_0.5,100,133,20,0,20,112.69943697295149,6.3067576339517226e-15,0.05,1
ar1_phi_0.5,100,134,20,0,20,37.96810062836603,0.008935383329465241,0.05,1
ar1_phi_0.5,100,135,20,0,20,40.67853440073169,0.0040957225540391344,0.05,1
ar1_phi_0.5,100,136,20,0,20,34.23573378999566,0.0245735741216576,0.05,1
ar1_phi_0.5,100,137,20,0,20,62.73318309166631,2.667021672817975e-06,0.05,1
ar1_phi_0.5,100,138,20,0,20,67.14045036544357,5.298826698064001e-07,0.05,1
ar1_phi_0.5,100,139,20,0,20,51.85218768709744,0.00011964695179830377,0.05,1
ar1_phi_0.5,100,140,20,0,20,52.83966990936329,8.580325783679328e-05,0.05,1
ar1_phi_0.5,100,141,20,0,20,36.09830985740089,0.014976870473550211,0.05,1
ar1_phi_0.5,100,142,20,0,20,53.48397482465859,6.896560974346286e-05,0.05,1
ar1_phi_0.5,100,143,20,0,20,35.01858236524677,0.02000553016118538,0.05,1
ar1_phi_0.5,100,144,20,0,20,55.32796526094428,3.667437032269193e-05,0.05,1
ar1_phi_0.5,100,145,20,0,20,29.71309676102503,0.07463781776107024,0.05,0
ar1_phi_0.5,100,146,20,0,20,57.35718636484215,1.8116005493055593e-05,0.05,1
ar1_phi_0.5,100,147,20,0,20,63.2086547984857,2.2444767868441028e-06,0.05,1
ar1_phi_0.5,100,148,20,0,20,75.41590816684045,2.3220114574289025e-08,0.05,1
ar1_phi_0.5,100,149,20,0,20,104.86134112290752,1.6826026709499954e-13,0.05,1
ar1_phi_0.5,100,150,20,0,20,72.65832945564394,6.665622155910519e-08,0.05,1
ar1_phi_0.5,100,151,20,0,20,33.12025189050705,0.032729478557765826,0.05,1
ar1_phi_0.5,100,152,20,0,20,32.98534264849844,0.033865910212668125,0.05,1
ar1_phi_0.5,100,153,20,0,20,33.127784246735935,0.03266705250292372,0.05,1
ar1_phi_0.5,100,154,20,0,20,95.42101477302326,8.23545206793028e-12,0.05,1
ar1_phi_0.5,100,155,20,0,20,55.2072714113085,3.823276426005892e-05,0.05,1
ar1_phi_0.5,100,156,20,0,20,60.40300525992102,6.167907189863235e-06,0.05,1
ar1_phi_0.5,100,157,20,0,20,59.840342682096,7.538465405864965e-06,0.05,1
ar1_phi_0.5,100,158,20,0,20,25.500878042186358,0.18293604641168718,0.05,0
ar1_phi_0.5,100,159,20,0,20,60.558509789639025,5.834436001021349e-06,0.05,1
ar1_phi_0.5,100,160,20,0,20,59.13273374331404,9.692432266351296e-06,0.05,1
ar1_phi_0.5,100,161,20,0,20,29.70967039932249,0.07469661150822991,0.05,0
ar1_phi_0.5,100,162,20,0,20,71.94057884782656,8.75393917470626e-08,0.05,1
ar1_phi_0.5,100,163,20,0,20,39.57077915257769,0.005657741164722937,0.05,1
ar1_phi_0.5,100,164,20,0,20,90.23696853143275,6.738183493329187e-11,0.05,1
ar1_phi_0.5,100,165,20,0,20,87.16708649197903,2.3091704229297432e-10,0.05,1
ar1_phi_0.5,100,166,20,0,20,60.926380290901825,5.114481309004581e-06,0.05,1
ar1_phi_0.5,100,167,20,0,20,32.73400143729797,0.036078146566061335,0.05,1
ar1_phi_0.5,100,168,20,0,20,58.905908790647004,1.050302550775605e-05,0.05,1
ar1_phi_0.5,100,169,20,0,20,42.31676669196739,0.002514279452097088,0.05,1
ar1_phi_0.5,100,170,20,0,20,37.84903490131037,0.009239216615455783,0.05,1
ar1_phi_0.5,100,171,20,0,20,20.89565149401618,0.40329724600363004,0.05,0
ar1_phi_0.5,100,172,20,0,20,64.12001156484655,1.6105271593804063e-06,0.05,1
ar1_phi_0.5,100,173,20,0,20,41.33932084177969,0.0033687673213285774,0.05,1
ar1_phi_0.5,100,174,20,0,20,24.257580222887405,0.23132159020605988,0.05,0
ar1_phi_0.5,100,175,20,0,20,51.525361067970934,0.00013348084869898208,0.05,1
ar1_phi_0.5,100,176,20,0,20,52.45067596503029,9.784364164681728e-05,0.05,1
ar1_phi_0.5,100,177,20,0,20,34.37389216755369,0.023703950927706243,0.05,1
ar1_phi_0.5,100,178,20,0,20,28.749993515177735,0.09280002635702024,0.05,0
ar1_phi_0.5,100,179,20,0,20,111.8192325053028,9.139298243366175e-15,0.05,1
ar1_phi_0.5,100,180,20,0,20,57.7301180157364,1.5895826540774445e-05,0.05,1
ar1_phi_0.5,100,181,20,0,20,96.84093606415773,4.609952822037715e-12,0.05,1
ar1_phi_0.5,100,182,20,0,20,58.42389109071039,1.2452770231292892e-05,0.05,1
ar1_phi_0.5,100,183,20,0,20,42.96293026170269,0.0020675053449425683,0.05,1
ar1_phi_0.5,100,184,20,0,20,29.32105220481245,0.0816275102259519,0.05,0
ar1_phi_0.5,100,185,20,0,20,71.16975683812144,1.1719716905258644e-07,0.05,1
ar1_phi_0.5,100,186,20,0,20,54.02791930543634,5.7298857045894336e-05,0.05,1
ar1_phi_0.5,100,187,20,0,20,71.1479490603012,1.1816692281215824e-07,0.05,1
ar1_phi_0.5,100,188,20,0,20,25.263095905493987,0.19155045938467005,0.05,0
ar1_phi_0.5,100,189,20,0,20,28.61245728402553,0.09567538891566872,0.05,0
ar1_phi_0.5,100,190,20,0,20,73.79213270408873,4.326633809067969e-08,0.05,1
ar1_phi_0.5,100,191,20,0,20,44.2245891463208,0.0014041055471787343,0.05,1
ar1_phi_0.5,100,192,20,0,20,48.1115199767401,0.00041033610672993345,0.05,1
ar1_phi_0.5,100,193,20,0,20,108.93459913460994,3.070813292226964e-14,0.05,1
ar1_phi_0.5,100,194,20,0,20,72.27709648618374,7.704660065973695e-08,0.05,1
ar1_phi_0.5,100,195,20,0,20,58.85475823542687,1.0694814345935963e-05,0.05,1
ar1_phi_0.5,100,196,20,0,20,47.512115709814644,0.0004978094884972154,0.05,1
ar1_phi_0.5,100,197,20,0,20,55.30582938795871,3.695545898694852e-05,0.05,1
ar1_phi_0.5,100,198,20,0,20,94.01311506835252,1.4612857665599817e-11,0.05,1
ar1_phi_0.5,100,199,20,0,20,23.999815080624955,0.24240023944713734,0.05,0
ar1_phi_0.5,300,0,20,0,20,102.0911340230538,5.311287448017414e-13,0.05,1
ar1_phi_0.5,300,1,20,0,20,102.9529986985885,3.7168097556672817e-13,0.05,1
ar1_phi_0.5,300,2,20,0,20,81.59050617572981,2.1049495270372343e-09,0.05,1
ar1_phi_0.5,300,3,20,0,20,145.07445981587404,5.487384356362541e-21,0.05,1
ar1_phi_0.5,300,4,20,0,20,141.37048122780072,2.7806293365056007e-20,0.05,1
ar1_phi_0.5,300,5,20,0,20,136.17658760487214,2.6792466424603524e-19,0.05,1
ar1_phi_0.5,300,6,20,0,20,153.87494741022442,1.1354479900716767e-22,0.05,1
ar1_phi_0.5,300,7,20,0,20,93.53949388885366,1.7714549263707165e-11,0.05,1
ar1_phi_0.5,300,8,20,0,20,122.54825408490555,9.601472957939012e-17,0.05,1
ar1_phi_0.5,300,9,20,0,20,176.64557872573369,4.3940260484547266e-27,0.05,1
ar1_phi_0.5,300,10,20,0,20,185.53198655506824,7.99384384140535e-29,0.05,1
ar1_phi_0.5,300,11,20,0,20,168.54554869589757,1.661886492805072e-25,0.05,1
ar1_phi_0.5,300,12,20,0,20,122.84715198105886,8.448515322111717e-17,0.05,1
ar1_phi_0.5,300,13,20,0,20,74.38705065682089,3.446061096141108e-08,0.05,1
ar1_phi_0.5,300,14,20,0,20,107.14538782939091,6.492497954271807e-14,0.05,1
ar1_phi_0.5,300,15,20,0,20,104.00909335589635,2.397994417457152e-13,0.05,1
ar1_phi_0.5,300,16,20,0,20,75.79482942510596,2.0069934422945394e-08,0.05,1
ar1_phi_0.5,300,17,20,0,20,109.1598639731962,2.794108884804035e-14,0.05,1
ar1_phi_0.5,300,18,20,0,20,85.78080585804949,4.0135729094465093e-10,0.05,1
ar1_phi_0.5,300,19,20,0,20,126.94509931402806,1.4550501288504014e-17,0.05,1
ar1_phi_0.5,300,20,20,0,20,161.15777020803506,4.487040887646564e-24,0.05,1
ar1_phi_0.5,300,21,20,0,20,171.69610777215667,4.054427837200468e-26,0.05,1
ar1_phi_0.5,300,22,20,0,20,176.80614610922663,4.087931322778083e-27,0.05,1
ar1_phi_0.5,300,23,20,0,20,146.29922906489347,3.2045902370522543e-21,0.05,1
ar1_phi_0.5,300,24,20,0,20,109.45144535916906,2.4725012682696832e-14,0.05,1
ar1_phi_0.5,300,25,20,0,20,100.2535333029655,1.1346207801002922e-12,0.05,1
ar1_phi_0.5,300,26,20,0,20,125.48178222067342,2.7297298714368334e-17,0.05,1
ar1_phi_0.5,300,27,20,0,20,89.21484794978196,1.0165555392376972e-10,0.05,1
ar1_phi_0.5,300,28,20,0,20,131.41342433395934,2.1157777066307328e-18,0.05,1
ar1_phi_0.5,300,29,20,0,20,98.92898826751146,1.957454916526782e-12,0.05,1
ar1_phi_0.5,300,30,20,0,20,115.88448191275046,1.6404188121729976e-15,0.05,1
ar1_phi_0.5,300,31,20,0,20,64.7000540164458,1.3027089781183023e-06,0.05,1
ar1_phi_0.5,300,32,20,0,20,192.73611665656946,3.0591450451456875e-30,0.05,1
ar1_phi_0.5,300,33,20,0,20,116.92124778512866,1.056723378828225e-15,0.05,1
ar1_phi_0.5,300,34,20,0,20,104.28090955295437,2.141908293327438e-13,0.05,1
ar1_phi_0.5,300,35,20,0,20,87.50055477828433,2.0209995139051102e-10,0.05,1
ar1_phi_0.5,300,36,20,0,20,126.01751636559577,2.1684132449113178e-17,0.05,1
ar1_phi_0.5,300,37,20,0,20,118.05129490706786,6.538047232445426e-16,0.05,1
ar1_phi_0.5,300,38,20,0,20,139.58050477845225,6.078695560561601e-20,0.05,1
ar1_phi_0.5,300,39,20,0,20,78.66010369981647,6.620211063072159e-09,0.05,1
ar1_phi_0.5,300,40,20,0,20,140.94929542091023,3.342894913859063e-20,0.05,1
ar1_phi_0.5,300,41,20,0,20,114.88838234297371,2.501348421573799e-15,0.05,1
ar1_phi_0.5,300,42,20,0,20,136.99024494305772,1.880336835591886e-19,0.05,1
ar1_phi_0.5,300,43,20,0,20,128.7471678054598,6.694160005855027e-18,0.05,1
ar1_phi_0.5,300,44,20,0,20,181.01125653513435,6.153719314081132e-28,0.05,1
ar1_phi_0.5,300,45,20,0,20,83.32940987528004,1.060946758287264e-09,0.05,1
ar1_phi_0.5,300,46,20,0,20,179.8990971664416,1.0158730054028996e-27,0.05,1
ar1_phi_0.5,300,47,20,0,20,133.08868069822026,1.024168611360728e-18,0.05,1
ar1_phi_0.5,300,48,20,0,20,115.81909272739463,1.6865171592688712e-15,0.05,1
ar1_phi_0.5,300,49,20,0,20,156.24872547859326,3.969165408058821e-23,0.05,1
ar1_phi_0.5,300,50,20,0,20,143.85527236186292,9.367545707183283e-21,0.05,1
ar1_phi_0.5,300,51,20,0,20,121.41300768585734,1.5600788535409716e-16,0.05,1
ar1_phi_0.5,300,52,20,0,20,87.12811226469938,2.3454078130438184e-10,0.05,1
ar1_phi_0.5,300,53,20,0,20,104.03697947386668,2.370377331515603e-13,0.05,1
ar1_phi_0.5,300,54,20,0,20,102.07506098591803,5.346732639824871e-13,0.05,1
ar1_phi_0.5,300,55,20,0,20,121.02838567029018,1.8386305429102678e-16,0.05,1
ar1_phi_0.5,300,56,20,0,20,243.1067676275943,2.7943603642397803e-40,0.05,1
ar1_phi_0.5,300,57,20,0,20,112.76604332694882,6.132049200772611e-15,0.05,1
ar1_phi_0.5,300,58,20,0,20,88.19166084085111,1.5325727016283667e-10,0.05,1
ar1_phi_0.5,300,59,20,0,20,132.63170503283976,1.2484863358396774e-18,0.05,1
ar1_phi_0.5,300,60,20,0,20,92.03476288032064,3.26049813616415e-11,0.05,1
ar1_phi_0.5,300,61,20,0,20,132.48162042394222,1.33236461991024e-18,0.05,1
ar1_phi_0.5,300,62,20,0,20,98.09294881157675,2.7595729869547137e-12,0.05,1
ar1_phi_0.5,300,63,20,0,20,108.98958456611975,3.0008523878677854e-14,0.05,1
ar1_phi_0.5,300,64,20,0,20,128.73787499556514,6.7210443304503026e-18,0.05,1
ar1_phi_0.5,300,65,20,0,20,64.90464472852014,1.2086098808175977e-06,0.05,1
ar1_phi_0.5,300,66,20,0,20,134.4089522345564,5.775906515980474e-19,0.05,1
ar1_phi_0.5,300,67,20,0,20,152.02719295600002,2.569565930890278e-22,0.05,1
ar1_phi_0.5,300,68,20,0,20,141.07601030529753,3.1627450136508664e-20,0.05,1
ar1_phi_0.5,300,69,20,0,20,125.70144641143706,2.4839030779617344e-17,0.05,1
ar1_phi_0.5,300,70,20,0,20,114.98291903326648,2.4032415452524005e-15,0.05,1
ar1_phi_0.5,300,71,20,0,20,124.22963203373145,4.6722387447796944e-17,0.05,1
ar1_phi_0.5,300,72,20,0,20,150.64088910421705,4.738118351031817e-22,0.05,1
ar1_phi_0.5,300,73,20,0,20,177.85823650324798,2.5465451730561923e-27,0.05,1
ar1_phi_0.5,300,74,20,0,20,83.41835039343374,1.024309702502995e-09,0.05,1
ar1_phi_0.5,300,75,20,0,20,95.20983188387117,8.976276188266981e-12,0.05,1
ar1_phi_0.5,300,76,20,0,20,106.18396241024939,9.698549291284404e-14,0.05,1
ar1_phi_0.5,300,77,20,0,20,107.38122265320018,5.883174097523423e-14,0.05,1
ar1_phi_0.5,300,78,20,0,20,97.87073392701149,3.023013166758599e-12,0.05,1
ar1_phi_0.5,300,79,20,0,20,180.15113729447043,9.068094745423865e-28,0.05,1
ar1_phi_0.5,300,80,20,0,20,154.50422618949582,8.595007186391456e-23,0.05,1
ar1_phi_0.5,300,81,20,0,20,176.54498004895808,4.597355494586209e-27,0.05,1
ar1_phi_0.5,300,82,20,0,20,180.99270794231848,6.205398798021374e-28,0.05,1
ar1_phi_0.5,300,83,20,0,20,107.19234185825695,6.366370071619618e-14,0.05,1
ar1_phi_0.5,300,84,20,0,20,65.78410833002934,8.748121041577327e-07,0.05,1
ar1_phi_0.5,300,85,20,0,20,90.24687089032122,6.71135680888283e-11,0.05,1
ar1_phi_0.5,300,86,20,0,20,255.4532444586043,9.062824839897131e-43,0.05,1
ar1_phi_0.5,300,87,20,0,20,97.20357806742129,3.973839694393435e-12,0.05,1
ar1_phi_0.5,300,88,20,0,20,132.68584811735707,1.2195378100095073e-18,0.05,1
ar1_phi_0.5,300,89,20,0,20,117.34975039437643,8.809190918697254e-16,0.05,1
ar1_phi_0.5,300,90,20,0,20,165.54819770644087,6.342296421094821e-25,0.05,1
ar1_phi_0.5,300,91,20,0,20,109.64707138223774,2.2776739773056196e-14,0.05,1
ar1_phi_0.5,300,92,20,0,20,119.99132256092051,2.8620781683211803e-16,0.05,1
ar1_phi_0.5,300,93,20,0,20,96.23094363327395,5.916294344353004e-12,0.05,1
ar1_phi_0.5,300,94,20,0,20,91.63816598443887,3.8278397999356785e-11,0.05,1
ar1_phi_0.5,300,95,20,0,20,87.67544708999318,1.8844458976924437e-10,0.05,1
ar1_phi_0.5,300,96,20,0,20,84.32716588924164,7.148912627643065e-10,0.05,1
ar1_phi_0.5,300,97,20,0,20,121.43812344829253,1.5434274781680734e-16,0.05,1
ar1_phi_0.5,300,98,20,0,20,92.84584230980293,2.347412401301246e-11,0.05,1
ar1_phi_0.5,300,99,20,0,20,91.30041028481665,4.3876547812918124e-11,0.05,1
ar1_phi_0.5,300,100,20,0,20,130.5676860980921,3.0500926819313793e-18,0.05,1
ar1_phi_0.5,300,101,20,0,20,115.74729653589766,1.7386202490839364e-15,0.05,1
ar1_phi_0.5,300,102,20,0,20,87.11560552432564,2.357155557769392e-10,0.05,1
ar1_phi_0.5,300,103,20,0,20,120.7163252703482,2.1006526979118094e-16,0.05,1
ar1_phi_0.5,300,104,20,0,20,164.46831241512695,1.0268299594135431e-24,0.05,1
ar1_phi_0.5,300,105,20,0,20,111.77996705485855,9.291682496948322e-15,0.05,1
ar1_phi_0.5,300,106,20,0,20,88.01453417799027,1.645262915805486e-10,0.05,1
ar1_phi_0.5,300,107,20,0,20,128.44650311413963,7.620873548506107e-18,0.05,1
ar1_phi_0.5,300,108,20,0,20,131.5617159368731,1.984277421842229e-18,0.05,1
ar1_phi_0.5,300,109,20,0,20,148.70430319279785,1.112498005150114e-21,0.05,1
ar1_phi_0.5,300,110,20,0,20,184.45549123981016,1.3002721485788179e-28,0.05,1
ar1_phi_0.5,300,111,20,0,20,202.29446733250495,3.955121244792094e-32,0.05,1
ar1_phi_0.5,300,112,20,0,20,146.33787715395798,3.1506274098722744e-21,0.05,1
ar1_phi_0.5,300,113,20,0,20,186.68034512185528,4.755884345507075e-29,0.05,1
ar1_phi_0.5,300,114,20,0,20,114.55614427857189,2.878873954750361e-15,0.05,1
ar1_phi_0.5,300,115,20,0,20,91.52019836822281,4.0147979029399674e-11,0.05,1
ar1_phi_0.5,300,116,20,0,20,106.78084014555886,7.56024043486983e-14,0.05,1
ar1_phi_0.5,300,117,20,0,20,105.3969328896428,1.3463517136241289e-13,0.05,1
ar1_phi_0.5,300,118,20,0,20,162.4160913750072,2.5627666103897573e-24,0.05,1
ar1_phi_0.5,300,119,20,0,20,132.53125874324166,1.3040189008291574e-18,0.05,1
ar1_phi_0.5,300,120,20,0,20,84.52055926341956,6.621366284981893e-10,0.05,1
ar1_phi_0.5,300,121,20,0,20,169.24045320631484,1.2178103907401002e-25,0.05,1
ar1_phi_0.5,300,122,20,0,20,107.06757663040177,6.707015434311323e-14,0.05,1
ar1_phi_0.5,300,123,20,0,20,106.02455533493188,1.0365159211844497e-13,0.05,1
ar1_phi_0.5,300,124,20,0,20,130.85587556798623,2.6928003660108595e-18,0.05,1
ar1_phi_0.5,300,125,20,0,20,80.44517152765009,3.298516599697184e-09,0.05,1
ar1_phi_0.5,300,126,20,0,20,143.5819412094429,1.055989141753401e-20,0.05,1
ar1_phi_0.5,300,127,20,0,20,146.6778063417791,2.7134064991987587e-21,0.05,1
ar1_phi_0.5,300,128,20,0,20,160.35620675769513,6.40903845307076e-24,0.05,1
ar1_phi_0.5,300,129,20,0,20,116.56315838175229,1.2301618856235353e-15,0.05,1
ar1_phi_0.5,300,130,20,0,20,110.76669070396815,1.4231756327687537e-14,0.05,1
ar1_phi_0.5,300,131,20,0,20,179.9238477932818,1.0046068610329677e-27,0.05,1
ar1_phi_0.5,300,132,20,0,20,69.27385160758418,2.391988033831206e-07,0.05,1
ar1_phi_0.5,300,133,20,0,20,115.2041663203948,2.1883668228885454e-15,0.05,1
ar1_phi_0.5,300,134,20,0,20,130.27405802341278,3.462774083983088e-18,0.05,1
ar1_phi_0.5,300,135,20,0,20,125.68071860030409,2.5061239089705606e-17,0.05,1
ar1_phi_0.5,300,136,20,0,20,103.90343497679578,2.5055704063233573e-13,0.05,1
ar1_phi_0.5,300,137,20,0,20,145.94248900883974,3.7483399132908034e-21,0.05,1
ar1_phi_0.5,300,138,20,0,20,95.91311965542783,6.736683269114426e-12,0.05,1
ar1_phi_0.5,300,139,20,0,20,99.49616530423722,1.5500856512257973e-12,0.05,1
ar1_phi_0.5,300,140,20,0,20,90.76704537720177,5.4417551852024665e-11,0.05,1
ar1_phi_0.5,300,141,20,0,20,53.95013892347662,5.884055696626189e-05,0.05,1
ar1_phi_0.5,300,142,20,0,20,90.53693656674832,5.970918161620523e-11,0.05,1
ar1_phi_0.5,300,143,20,0,20,76.07420510206872,1.8022023208237486e-08,0.05,1
ar1_phi_0.5,300,144,20,0,20,143.0379153331002,1.3402443374583562e-20,0.05,1
ar1_phi_0.5,300,145,20,0,20,119.89680970828546,2.9797690590076435e-16,0.05,1
ar1_phi_0.5,300,146,20,0,20,111.79247818524583,9.242855640036735e-15,0.05,1
ar1_phi_0.5,300,147,20,0,20,131.88352629166363,1.726274433778498e-18,0.05,1
ar1_phi_0.5,300,148,20,0,20,113.59060759200726,4.329719691497246e-15,0.05,1
ar1_phi_0.5,300,149,20,0,20,97.64718488570662,3.31326853864815e-12,0.05,1
ar1_phi_0.5,300,150,20,0,20,149.13037851942474,9.221385891939302e-22,0.05,1
ar1_phi_0.5,300,151,20,0,20,162.61365884360714,2.3469061247757704e-24,0.05,1
ar1_phi_0.5,300,152,20,0,20,85.50614971827184,4.4769571512351e-10,0.05,1
ar1_phi_0.5,300,153,20,0,20,113.84117768503651,3.894844321208195e-15,0.05,1
ar1_phi_0.5,300,154,20,0,20,138.2123316566251,1.1041238570482836e-19,0.05,1
ar1_phi_0.5,300,155,20,0,20,107.6421927997654,5.2750789048722586e-14,0.05,1
ar1_phi_0.5,300,156,20,0,20,133.60350255689391,8.192529829956674e-19,0.05,1
ar1_phi_0.5,300,157,20,0,20,141.9179069524416,2.1884743765331672e-20,0.05,1
ar1_phi_0.5,300,158,20,0,20,81.37571962148911,2.2902365485003615e-09,0.05,1
ar1_phi_0.5,300,159,20,0,20,165.78557248994525,5.704637989576325e-25,0.05,1
ar1_phi_0.5,300,160,20,0,20,100.42980174071194,1.0550742418270657e-12,0.05,1
ar1_phi_0.5,300,161,20,0,20,154.83965049209894,7.409109571583962e-23,0.05,1
ar1_phi_0.5,300,162,20,0,20,192.91882389911012,2.815709640136256e-30,0.05,1
ar1_phi_0.5,300,163,20,0,20,91.31960499669042,4.3537649929271895e-11,0.05,1
ar1_phi_0.5,300,164,20,0,20,110.17205668539778,1.827155353164779e-14,0.05,1
ar1_phi_0.5,300,165,20,0,20,151.14798113675894,3.7882298347952655e-22,0.05,1
ar1_phi_0.5,300,166,20,0,20,155.921318920225,4.588923623573503e-23,0.05,1
ar1_phi_0.5,300,167,20,0,20,105.07685189936542,1.5382738789946754e-13,0.05,1
ar1_phi_0.5,300,168,20,0,20,135.28901133223115,3.940998825820415e-19,0.05,1
ar1_phi_0.5,300,169,20,0,20,104.7785744065635,1.7415474159094688e-13,0.05,1
ar1_phi_0.5,300,170,20,0,20,126.4755369199316,1.7807922258257364e-17,0.05,1
ar1_phi_0.5,300,171,20,0,20,169.74053061888935,9.735845471410823e-26,0.05,1
ar1_phi_0.5,300,172,20,0,20,112.48295589240375,6.909564555691602e-15,0.05,1
ar1_phi_0.5,300,173,20,0,20,128.0227871719311,9.147943881582482e-18,0.05,1
ar1_phi_0.5,300,174,20,0,20,83.314705431919,1.0671279347629257e-09,0.05,1
ar1_phi_0.5,300,175,20,0,20,115.07280224361595,2.313522156849428e-15,0.05,1
ar1_phi_0.5,300,176,20,0,20,163.77595382137494,1.3982102143693671e-24,0.05,1
ar1_phi_0.5,300,177,20,0,20,105.99333662315199,1.0500955383303256e-13,0.05,1
ar1_phi_0.5,300,178,20,0,20,127.61918760908763,1.088524331617413e-17,0.05,1
ar1_phi_0.5,300,179,20,0,20,103.71982478692172,2.7040622038318203e-13,0.05,1
ar1_phi_0.5,300,180,20,0,20,117.18739956780698,9.438065390220747e-16,0.05,1
ar1_phi_0.5,300,181,20,0,20,126.95907624356721,1.446324183920851e-17,0.05,1
ar1_phi_0.5,300,182,20,0,20,105.05155971351506,1.5545524387056938e-13,0.05,1
ar1_phi_0.5,300,183,20,0,20,97.9353592680115,2.943919486800994e-12,0.05,1
ar1_phi_0.5,300,184,20,0,20,118.57124901663985,5.240728898622744e-16,0.05,1
ar1_phi_0.5,300,185,20,0,20,135.57719989005466,3.477024685639488e-19,0.05,1
ar1_phi_0.5,300,186,20,0,20,198.97518042833252,1.7945669830395134e-31,0.05,1
ar1_phi_0.5,300,187,20,0,20,119.63914536769461,3.3256988554550685e-16,0.05,1
ar1_phi_0.5,300,188,20,0,20,181.84432445104187,4.226422176933874e-28,0.05,1
ar1_phi_0.5,300,189,20,0,20,200.7574133839381,7.969525950590634e-32,0.05,1
ar1_phi_0.5,300,190,20,0,20,86.0009736605847,3.67676604864908e-10,0.05,1
ar1_phi_0.5,300,191,20,0,20,134.10029096386998,6.6040087480142095e-19,0.05,1
ar1_phi_0.5,300,192,20,0,20,116.24750355122454,1.4064121232817863e-15,0.05,1
ar1_phi_0.5,300,193,20,0,20,81.38707210132415,2.2800504297291793e-09,0.05,1
ar1_phi_0.5,300,194,20,0,20,117.73024098181483,7.494165668529298e-16,0.05,1
ar1_phi_0.5,300,195,20,0,20,91.79816545178133,3.5880219643997156e-11,0.05,1
ar1_phi_0.5,300,196,20,0,20,112.23100581424163,7.683750625916836e-15,0.05,1
ar1_phi_0.5,300,197,20,0,20,101.67308783786395,6.313953809152726e-13,0.05,1
ar1_phi_0.5,300,198,20,0,20,85.77653614495743,4.020398619462781e-10,0.05,1
ar1_phi_0.5,300,199,20,0,20,103.65806761488483,2.774282021699437e-13,0.05,1
ar1_phi_0.5,1000,0,20,0,20,466.61385250699135,2.7840880927614655e-86,0.05,1
ar1_phi_0.5,1000,1,20,0,20,296.84515931730994,3.561215393646733e-51,0.05,1
ar1_phi_0.5,1000,2,20,0,20,379.2991565280205,3.972236565584935e-68,0.05,1
ar1_phi_0.5,1000,3,20,0,20,302.33331319932626,2.697515606864004e-52,0.05,1
ar1_phi_0.5,1000,4,20,0,20,354.7424674621816,4.69155401442901e-63,0.05,1
ar1_phi_0.5,1000,5,20,0,20,478.6879103188351,8.360895091897949e-89,0.05,1
ar1_phi_0.5,1000,6,20,0,20,272.7443869115395,2.8608335134078593e-46,0.05,1
ar1_phi_0.5,1000,7,20,0,20,314.0473504919729,1.0835915934976208e-54,0.05,1
ar1_phi_0.5,1000,8,20,0,20,366.7431031187786,1.5656725653667022e-65,0.05,1
ar1_phi_0.5,1000,9,20,0,20,341.7962875965743,2.1782139949915393e-60,0.05,1
ar1_phi_0.5,1000,10,20,0,20,339.1080971044109,7.78323293466488e-60,0.05,1
ar1_phi_0.5,1000,11,20,0,20,398.22249833531464,4.777089325444579e-72,0.05,1
ar1_phi_0.5,1000,12,20,0,20,377.76093308791536,8.265320041732797e-68,0.05,1
ar1_phi_0.5,1000,13,20,0,20,434.58758500623844,1.3257132927590554e-79,0.05,1
ar1_phi_0.5,1000,14,20,0,20,222.81131263073374,3.279130853025941e-36,0.05,1
ar1_phi_0.5,1000,15,20,0,20,355.2652379553632,3.6603330263705143e-63,0.05,1
ar1_phi_0.5,1000,16,20,0,20,330.9714677063385,3.6615864939925544e-58,0.05,1
ar1_phi_0.5,1000,17,20,0,20,357.822724182311,1.0865325452439076e-63,0.05,1
ar1_phi_0.5,1000,18,20,0,20,414.53614508138986,1.9625905487805608e-75,0.05,1
ar1_phi_0.5,1000,19,20,0,20,569.709867645813,6.836231920721026e-108,0.05,1
ar1_phi_0.5,1000,20,20,0,20,294.9618470963601,8.62687503148185e-51,0.05,1
ar1_phi_0.5,1000,21,20,0,20,469.4042592174184,7.27705753112383e-87,0.05,1
ar1_phi_0.5,1000,22,20,0,20,320.9768154953388,4.119992244586454e-56,0.05,1
ar1_phi_0.5,1000,23,20,0,20,392.58905099822465,7.031602703029936e-71,0.05,1
ar1_phi_0.5,1000,24,20,0,20,310.4454774920423,5.918564610906726e-54,0.05,1
ar1_phi_0.5,1000,25,20,0,20,324.19141684016415,9.02719735978807e-57,0.05,1
ar1_phi_0.5,1000,26,20,0,20,386.6697120117615,1.1840123822915264e-69,0.05,1
ar1_phi_0.5,1000,27,20,0,20,277.2093861689976,3.5474258992136014e-47,0.05,1
ar1_phi_0.5,1000,28,20,0,20,276.9258881471786,4.050467559196474e-47,0.05,1
ar1_phi_0.5,1000,29,20,0,20,315.63824414962477,5.1171319366501354e-55,0.05,1
ar1_phi_0.5,1000,30,20,0,20,350.4843203498376,3.540291020571576e-62,0.05,1
ar1_phi_0.5,1000,31,20,0,20,315.14805764967707,6.4481434188785046e-55,0.05,1
ar1_phi_0.5,1000,32,20,0,20,373.3445000313486,6.76962351992874e-67,0.05,1
ar1_phi_0.5,1000,33,20,0,20,479.0240907928618,7.111879247101825e-89,0.05,1
ar1_phi_0.5,1000,34,20,0,20,328.81742027594277,1.0140388488612797e-57,0.05,1
ar1_phi_0.5,1000,35,20,0,20,421.69950055692277,6.367393037795892e-77,0.05,1
ar1_phi_0.5,1000,36,20,0,20,370.4079095643286,2.7386963977185145e-66,0.05,1
ar1_phi_0.5,1000,37,20,0,20,273.4824083742598,2.026347753008425e-46,0.05,1
ar1_phi_0.5,1000,38,20,0,20,410.7582006770785,1.1956220548620439e-74,0.05,1
ar1_phi_0.5,1000,39,20,0,20,370.97888841935014,2.0871043362752563e-66,0.05,1
ar1_phi_0.5,1000,40,20,0,20,395.47602967035834,1.772727829447254e-71,0.05,1
ar1_phi_0.5,1000,41,20,0,20,380.37299288229735,2.381465489500683e-68,0.05,1
ar1_phi_0.5,1000,42,20,0,20,252.23023874709028,4.0542949460130294e-42,0.05,1
ar1_phi_0.5,1000,43,20,0,20,360.8016590375627,2.6387189534673368e-64,0.05,1
ar1_phi_0.5,1000,44,20,0,20,382.8324025276269,7.376399280252589e-69,0.05,1
ar1_phi_0.5,1000,45,20,0,20,359.82854721955164,4.18992664668602e-64,0.05,1
ar1_phi_0.5,1000,46,20,0,20,319.85531942588085,6.995755705017263e-56,0.05,1
ar1_phi_0.5,1000,47,20,0,20,281.67711349126427,4.383095049603488e-48,0.05,1
ar1_phi_0.5,1000,48,20,0,20,485.99278448886975,2.482921756891705e-90,0.05,1
ar1_phi_0.5,1000,49,20,0,20,416.498376043152,7.675433777717815e-76,0.05,1
ar1_phi_0.5,1000,50,20,0,20,340.4758314190377,4.0718983847439517e-60,0.05,1
ar1_phi_0.5,1000,51,20,0,20,296.1112909568878,5.027466053947759e-51,0.05,1
ar1_phi_0.5,1000,52,20,0,20,426.2321303578265,7.266038551568563e-78,0.05,1
ar1_phi_0.5,1000,53,20,0,20,368.90870116378034,5.588944259536687e-66,0.05,1
ar1_phi_0.5,1000,54,20,0,20,333.6276191500069,1.0421737062484592e-58,0.05,1
ar1_phi_0.5,1000,55,20,0,20,324.5369943358972,7.667418977523886e-57,0.05,1
ar1_phi_0.5,1000,56,20,0,20,288.2038936466474,2.057703108842781e-49,0.05,1
ar1_phi_0.5,1000,57,20,0,20,327.56070271653925,1.836856993194747e-57,0.05,1
ar1_phi_0.5,1000,58,20,0,20,432.00887746511506,4.5630786819194e-79,0.05,1
ar1_phi_0.5,1000,59,20,0,20,319.255480986595,9.28536428539001e-56,0.05,1
ar1_phi_0.5,1000,60,20,0,20,432.11239499644114,4.3422158404204104e-79,0.05,1
ar1_phi_0.5,1000,61,20,0,20,356.42691803878694,2.108387283817494e-63,0.05,1
ar1_phi_0.5,1000,62,20,0,20,343.2859474198726,1.0752755395206557e-60,0.05,1
ar1_phi_0.5,1000,63,20,0,20,353.02194957883,1.0617711797588234e-62,0.05,1
ar1_phi_0.5,1000,64,20,0,20,295.5652041783352,6.497803549043719e-51,0.05,1
ar1_phi_0.5,1000,65,20,0,20,409.34638003374704,2.3484277789557026e-74,0.05,1
ar1_phi_0.5,1000,66,20,0,20,318.3287847068009,1.4379405666237832e-55,0.05,1
ar1_phi_0.5,1000,67,20,0,20,345.98036983280906,2.9978336023534504e-61,0.05,1
ar1_phi_0.5,1000,68,20,0,20,489.6176576136943,4.332659104503036e-91,0.05,1
ar1_phi_0.5,1000,69,20,0,20,433.77402713773597,1.958043635072151e-79,0.05,1
ar1_phi_0.5,1000,70,20,0,20,310.9288589089869,4.712938216725654e-54,0.05,1
ar1_phi_0.5,1000,71,20,0,20,415.0889122226299,1.5065391378738267e-75,0.05,1
ar1_phi_0.5,1000,72,20,0,20,403.33105792942365,4.1631213207625287e-73,0.05,1
ar1_phi_0.5,1000,73,20,0,20,256.59214859193247,5.33577648606789e-43,0.05,1
ar1_phi_0.5,1000,74,20,0,20,429.0848608010057,1.8526023103857012e-78,0.05,1
ar1_phi_0.5,1000,75,20,0,20,389.21332149241755,3.5197298220632976e-70,0.05,1
ar1_phi_0.5,1000,76,20,0,20,346.3012566379727,2.5747170719988836e-61,0.05,1
ar1_phi_0.5,1000,77,20,0,20,394.9681566232084,2.25906585418967e-71,0.05,1
ar1_phi_0.5,1000,78,20,0,20,314.2886627470933,9.670469936317195e-55,0.05,1
ar1_phi_0.5,1000,79,20,0,20,259.28070674467,1.526836389089925e-43,0.05,1
ar1_phi_0.5,1000,80,20,0,20,477.9634244580757,1.1848904979377637e-88,0.05,1
ar1_phi_0.5,1000,81,20,0,20,310.58347178941773,5.545958677708351e-54,0.05,1
ar1_phi_0.5,1000,82,20,0,20,415.4406118191373,1.2732206576908706e-75,0.05,1
ar1_phi_0.5,1000,83,20,0,20,448.13868595835595,1.9921404718198206e-82,0.05,1
ar1_phi_0.5,1000,84,20,0,20,475.519630121009,3.840537931044969e-88,0.05,1
ar1_phi_0.5,1000,85,20,0,20,367.59326874068057,1.0449342128388645e-65,0.05,1
ar1_phi_0.5,1000,86,20,0,20,343.3010394016716,1.0676118230949329e-60,0.05,1
ar1_phi_0.5,1000,87,20,0,20,331.4183909742097,2.96389179735236e-58,0.05,1
ar1_phi_0.5,1000,88,20,0,20,257.31197167099805,3.817241651402555e-43,0.05,1
ar1_phi_0.5,1000,89,20,0,20,483.96333707890335,6.597283518241699e-90,0.05,1
ar1_phi_0.5,1000,90,20,0,20,442.9180110943174,2.43997543310727e-81,0.05,1
ar1_phi_0.5,1000,91,20,0,20,365.10035921807304,3.4195634248202942e-65,0.05,1
ar1_phi_0.5,1000,92,20,0,20,419.06581253537405,2.2464281254858986e-76,0.05,1
ar1_phi_0.5,1000,93,20,0,20,394.1159334894315,3.3930349771447888e-71,0.05,1
ar1_phi_0.5,1000,94,20,0,20,352.8950088874754,1.1277122723735498e-62,0.05,1
ar1_phi_0.5,1000,95,20,0,20,371.10257701272883,1.9678011040735107e-66,0.05,1
ar1_phi_0.5,1000,96,20,0,20,428.3485282662517,2.636294528184376e-78,0.05,1
ar1_phi_0.5,1000,97,20,0,20,307.45517946452,2.4208952178501106e-53,0.05,1
ar1_phi_0.5,1000,98,20,0,20,353.0084320016127,1.0686056123930667e-62,0.05,1
ar1_phi_0.5,1000,99,20,0,20,327.49031900675755,1.8989974356717043e-57,0.05,1
ar1_phi_0.5,1000,100,20,0,20,289.9076075191074,9.253296605753204e-50,0.05,1
ar1_phi_0.5,1000,101,20,0,20,422.9851336390555,3.440565914747208e-77,0.05,1
ar1_phi_0.5,1000,102,20,0,20,355.3038629009932,3.5938152079577545e-63,0.05,1
ar1_phi_0.5,1000,103,20,0,20,379.7904645860804,3.1432640386138804e-68,0.05,1
ar1_phi_0.5,1000,104,20,0,20,401.07627470475217,1.2224739950751665e-72,0.05,1
ar1_phi_0.5,1000,105,20,0,20,326.13445872630274,3.604402684845685e-57,0.05,1
ar1_phi_0.5,1000,106,20,0,20,366.8661026476285,1.476709890109461e-65,0.05,1
ar1_phi_0.5,1000,107,20,0,20,308.46532188590913,1.504388444963749e-53,0.05,1
ar1_phi_0.5,1000,108,20,0,20,433.14753009808663,2.6438820523448625e-79,0.05,1
ar1_phi_0.5,1000,109,20,0,20,464.524473109223,7.601903568756055e-86,0.05,1
ar1_phi_0.5,1000,110,20,0,20,350.18402861269357,4.082404802244704e-62,0.05,1
ar1_phi_0.5,1000,111,20,0,20,360.4980399744808,3.0482570785238424e-64,0.05,1
ar1_phi_0.5,1000,112,20,0,20,393.9792523886011,3.6217596028933567e-71,0.05,1
ar1_phi_0.5,1000,113,20,0,20,422.09193247295974,5.276719566760153e-77,0.05,1
ar1_phi_0.5,1000,114,20,0,20,346.232241152996,2.6603677612750937e-61,0.05,1
ar1_phi_0.5,1000,115,20,0,20,390.68692500427414,1.742659247176835e-70,0.05,1
ar1_phi_0.5,1000,116,20,0,20,295.9671559007164,5.379700819194296e-51,0.05,1
ar1_phi_0.5,1000,117,20,0,20,297.6369341232329,2.4547356334303726e-51,0.05,1
ar1_phi_0.5,1000,118,20,0,20,305.3004272840538,6.676867750640832e-53,0.05,1
ar1_phi_0.5,1000,119,20,0,20,319.07804600748193,1.0096474456998384e-55,0.05,1
ar1_phi_0.5,1000,120,20,0,20,472.8168849128754,1.409623960483637e-87,0.05,1
ar1_phi_0.5,1000,121,20,0,20,391.8304619262055,1.0098571011940555e-70,0.05,1
ar1_phi_0.5,1000,122,20,0,20,428.89088378711466,2.033035211853929e-78,0.05,1
ar1_phi_0.5,1000,123,20,0,20,322.7451342460734,1.7874989759450517e-56,0.05,1
ar1_phi_0.5,1000,124,20,0,20,322.0862909850875,2.439924508213341e-56,0.05,1
ar1_phi_0.5,1000,125,20,0,20,318.1309174865026,1.5786756978462788e-55,0.05,1
ar1_phi_0.5,1000,126,20,0,20,298.29783243992574,1.7992890886532404e-51,0.05,1
ar1_phi_0.5,1000,127,20,0,20,476.80430852386985,2.069796065255836e-88,0.05,1
ar1_phi_0.5,1000,128,20,0,20,383.3400607993896,5.791078285017955e-69,0.05,1
ar1_phi_0.5,1000,129,20,0,20,316.1187920462442,4.0792831502070406e-55,0.05,1
ar1_phi_0.5,1000,130,20,0,20,403.10046883122493,4.6480102225328263e-73,0.05,1
ar1_phi_0.5,1000,131,20,0,20,334.98357295573976,5.4859668891161675e-59,0.05,1
ar1_phi_0.5,1000,132,20,0,20,360.4103219678809,3.177997974288528e-64,0.05,1
ar1_phi_0.5,1000,133,20,0,20,287.8152487844009,2.469107171785883e-49,0.05,1
ar1_phi_0.5,1000,134,20,0,20,375.78360148218036,2.119492335505658e-67,0.05,1
ar1_phi_0.5,1000,135,20,0,20,361.41362917737735,1.9728377276891312e-64,0.05,1
ar1_phi_0.5,1000,136,20,0,20,353.1879114449801,9.813389495634836e-63,0.05,1
ar1_phi_0.5,1000,137,20,0,20,415.725160747973,1.1111625222523788e-75,0.05,1
ar1_phi_0.5,1000,138,20,0,20,413.8326278396397,2.7478347876383453e-75,0.05,1
ar1_phi_0.5,1000,139,20,0,20,415.7862250282926,1.0791675372290817e-75,0.05,1
ar1_phi_0.5,1000,140,20,0,20,272.1054462549629,3.856029798766929e-46,0.05,1
ar1_phi_0.5,1000,141,20,0,20,300.53911253459734,6.272871820765321e-52,0.05,1
ar1_phi_0.5,1000,142,20,0,20,333.6093954774906,1.0511995347553895e-58,0.05,1
ar1_phi_0.5,1000,143,20,0,20,385.3211136333306,2.2522568444090833e-69,0.05,1
ar1_phi_0.5,1000,144,20,0,20,289.27191138247326,1.2468615743779563e-49,0.05,1
ar1_phi_0.5,1000,145,20,0,20,329.05641778405493,9.056884938790745e-58,0.05,1
ar1_phi_0.5,1000,146,20,0,20,318.3025944218265,1.4558230842575046e-55,0.05,1
ar1_phi_0.5,1000,147,20,0,20,320.67071841273105,4.760577009257911e-56,0.05,1
ar1_phi_0.5,1000,148,20,0,20,491.4203233392212,1.818087297571217e-91,0.05,1
ar1_phi_0.5,1000,149,20,0,20,436.51409432124655,5.264050319611655e-80,0.05,1
ar1_phi_0.5,1000,150,20,0,20,312.7381999405057,2.0087469902855705e-54,0.05,1
ar1_phi_0.5,1000,151,20,0,20,368.35828586107783,7.26185781094166e-66,0.05,1
ar1_phi_0.5,1000,152,20,0,20,442.11672798015815,3.5837470459329137e-81,0.05,1
ar1_phi_0.5,1000,153,20,0,20,285.5998067620703,6.976464198144164e-49,0.05,1
ar1_phi_0.5,1000,154,20,0,20,377.09084776089344,1.1372752044906995e-67,0.05,1
ar1_phi_0.5,1000,155,20,0,20,450.8787307697036,5.346175608295587e-83,0.05,1
ar1_phi_0.5,1000,156,20,0,20,356.50614849045553,2.030529971142479e-63,0.05,1
ar1_phi_0.5,1000,157,20,0,20,417.2363085391885,5.391971966839309e-76,0.05,1
ar1_phi_0.5,1000,158,20,0,20,412.3078638850763,5.698140934014637e-75,0.05,1
ar1_phi_0.5,1000,159,20,0,20,405.91353282322456,1.2118835162846742e-73,0.05,1
ar1_phi_0.5,1000,160,20,0,20,332.97702437017233,1.4178594361440731e-58,0.05,1
ar1_phi_0.5,1000,161,20,0,20,387.59000455454833,7.63412381175675e-70,0.05,1
ar1_phi_0.5,1000,162,20,0,20,414.7251040613309,1.7929582476016508e-75,0.05,1
ar1_phi_0.5,1000,163,20,0,20,391.5007921662585,1.1818823806818878e-70,0.05,1
ar1_phi_0.5,1000,164,20,0,20,472.3792191122842,1.7399518665177707e-87,0.05,1
ar1_phi_0.5,1000,165,20,0,20,307.1830430402698,2.7518963415864796e-53,0.05,1
ar1_phi_0.5,1000,166,20,0,20,340.8871925932959,3.3509015753466194e-60,0.05,1
ar1_phi_0.5,1000,167,20,0,20,363.7796807883067,6.407206665430359e-65,0.05,1
ar1_phi_0.5,1000,168,20,0,20,253.22365402841578,2.555250376609882e-42,0.05,1
ar1_phi_0.5,1000,169,20,0,20,307.6404155281512,2.218659445853716e-53,0.05,1
ar1_phi_0.5,1000,170,20,0,20,293.7120462688966,1.551550274658898e-50,0.05,1
ar1_phi_0.5,1000,171,20,0,20,267.5778551438863,3.193176512049585e-45,0.05,1
ar1_phi_0.5,1000,172,20,0,20,433.1404305717244,2.652894378069147e-79,0.05,1
ar1_phi_0.5,1000,173,20,0,20,347.3801477914758,1.5436065465377482e-61,0.05,1
ar1_phi_0.5,1000,174,20,0,20,328.58599452519695,1.1312891190253656e-57,0.05,1
ar1_phi_0.5,1000,175,20,0,20,354.66849134946943,4.8592588907609794e-63,0.05,1
ar1_phi_0.5,1000,176,20,0,20,342.97796803226134,1.244255938820026e-60,0.05,1
ar1_phi_0.5,1000,177,20,0,20,346.6264145105318,2.206828628749443e-61,0.05,1
ar1_phi_0.5,1000,178,20,0,20,516.3918585715554,1.0716677769145156e-96,0.05,1
ar1_phi_0.5,1000,179,20,0,20,400.62291054292933,1.518058597209256e-72,0.05,1
ar1_phi_0.5,1000,180,20,0,20,340.8320785432997,3.4395482447662754e-60,0.05,1
ar1_phi_0.5,1000,181,20,0,20,344.1228368749259,7.231877328089787e-61,0.05,1
ar1_phi_0.5,1000,182,20,0,20,369.4827040438555,4.25333282580437e-66,0.05,1
ar1_phi_0.5,1000,183,20,0,20,422.82671061629947,3.711709346170073e-77,0.05,1
ar1_phi_0.5,1000,184,20,0,20,403.5151814036971,3.8125181864344895e-73,0.05,1
ar1_phi_0.5,1000,185,20,0,20,330.4111926993671,4.7725558324448575e-58,0.05,1
ar1_phi_0.5,1000,186,20,0,20,321.72414648032714,2.8949853270737176e-56,0.05,1
ar1_phi_0.5,1000,187,20,0,20,356.71822374701816,1.835983348446322e-63,0.05,1
ar1_phi_0.5,1000,188,20,0,20,385.48284965882596,2.085109375523532e-69,0.05,1
ar1_phi_0.5,1000,189,20,0,20,339.88115357578135,5.396828369187995e-60,0.05,1
ar1_phi_0.5,1000,190,20,0,20,322.94427298635617,1.6270418554196223e-56,0.05,1
ar1_phi_0.5,1000,191,20,0,20,406.8477393424256,7.754255718666162e-74,0.05,1
ar1_phi_0.5,1000,192,20,0,20,371.4867072431638,1.6390399074543673e-66,0.05,1
ar1_phi_0.5,1000,193,20,0,20,372.73488735996693,9.048745299802385e-67,0.05,1
ar1_phi_0.5,1000,194,20,0,20,307.4675135129634,2.406874349746804e-53,0.05,1
ar1_phi_0.5,1000,195,20,0,20,402.3320579855059,6.709740822376514e-73,0.05,1
ar1_phi_0.5,1000,196,20,0,20,507.25859252987203,8.787272369569155e-95,0.05,1
ar1_phi_0.5,1000,197,20,0,20,266.6563437916256,4.908499846494136e-45,0.05,1
ar1_phi_0.5,1000,198,20,0,20,362.537084424871,1.1566385794761144e-64,0.05,1
ar1_phi_0.5,1000,199,20,0,20,254.3490078237095,1.5144452342183635e-42,0.05,1
ar1_phi_0.9,100,0,20,0,20,237.93087655609574,3.0678810705551737e-39,0.05,1
ar1_phi_0.9,100,1,20,0,20,762.8415435710557,1.0821363382451905e-148,0.05,1
ar1_phi_0.9,100,2,20,0,20,574.4416513979893,6.910934636220031e-109,0.05,1
ar1_phi_0.9,100,3,20,0,20,661.0410618973615,3.817089633267724e-127,0.05,1
ar1_phi_0.9,100,4,20,0,20,258.2208345105747,2.5006979177398792e-43,0.05,1
ar1_phi_0.9,100,5,20,0,20,228.09979028445815,2.8721238713119365e-37,0.05,1
ar1_phi_0.9,100,6,20,0,20,322.3165913543857,2.188481972630949e-56,0.05,1
ar1_phi_0.9,100,7,20,0,20,449.1756395824206,1.2109901560898997e-82,0.05,1
ar1_phi_0.9,100,8,20,0,20,193.06294037623056,2.6374219574553055e-30,0.05,1
ar1_phi_0.9,100,9,20,0,20,358.6060569323462,7.489311307695578e-64,0.05,1
ar1_phi_0.9,100,10,20,0,20,283.9895166385018,1.4837751998770788e-48,0.05,1
ar1_phi_0.9,100,11,20,0,20,137.25289476366015,1.6771336828096412e-19,0.05,1
ar1_phi_0.9,100,12,20,0,20,334.23459650095947,7.819822877828749e-59,0.05,1
ar1_phi_0.9,100,13,20,0,20,283.95275431310824,1.5095541098286245e-48,0.05,1
ar1_phi_0.9,100,14,20,0,20,257.9560099606176,2.828715784339144e-43,0.05,1
ar1_phi_0.9,100,15,20,0,20,98.739150814885,2.116324935575153e-12,0.05,1
ar1_phi_0.9,100,16,20,0,20,169.92560050980018,8.961713413313214e-26,0.05,1
ar1_phi_0.9,100,17,20,0,20,167.6702810474653,2.4579666190378376e-25,0.05,1
ar1_phi_0.9,100,18,20,0,20,237.12804458431478,4.447115014003209e-39,0.05,1
ar1_phi_0.9,100,19,20,0,20,291.4131605364855,4.565301898917432e-50,0.05,1
ar1_phi_0.9,100,20,20,0,20,266.6901943581333,4.8315942039263806e-45,0.05,1
ar1_phi_0.9,100,21,20,0,20,310.2343485409342,6.537644205176625e-54,0.05,1
ar1_phi_0.9,100,22,20,0,20,350.0257183517965,4.400842255959129e-62,0.05,1
ar1_phi_0.9,100,23,20,0,20,694.8373790676591,2.73691121356405e-134,0.05,1
ar1_phi_0.9,100,24,20,0,20,393.0996159134259,5.511117635737353e-71,0.05,1
ar1_phi_0.9,100,25,20,0,20,329.7650483757535,6.478235145902675e-58,0.05,1
ar1_phi_0.9,100,26,20,0,20,265.7001560842537,7.667478331352207e-45,0.05,1
ar1_phi_0.9,100,27,20,0,20,161.79174864102703,3.3840120812452176e-24,0.05,1
ar1_phi_0.9,100,28,20,0,20,197.09967671913415,4.213128586169968e-31,0.05,1
ar1_phi_0.9,100,29,20,0,20,215.8609367004265,7.986380777430842e-35,0.05,1
ar1_phi_0.9,100,30,20,0,20,166.4844863821177,4.175308913222007e-25,0.05,1
ar1_phi_0.9,100,31,20,0,20,312.027391659327,2.808283609638112e-54,0.05,1
ar1_phi_0.9,100,32,20,0,20,226.9725002779408,4.828446320476207e-37,0.05,1
ar1_phi_0.9,100,33,20,0,20,262.8925034219204,2.8388051176047867e-44,0.05,1
ar1_phi_0.9,100,34,20,0,20,205.48483248023206,9.223581814813717e-33,0.05,1
ar1_phi_0.9,100,35,20,0,20,333.20730033134686,1.2714948983368455e-58,0.05,1
ar1_phi_0.9,100,36,20,0,20,150.45778029787576,5.136684565531763e-22,0.05,1
ar1_phi_0.9,100,37,20,0,20,353.60827870349084,8.038211074734294e-63,0.05,1
ar1_phi_0.9,100,38,20,0,20,804.2095616574145,1.8080414610250768e-157,0.05,1
ar1_phi_0.9,100,39,20,0,20,845.5953808878608,2.9244778187998717e-166,0.05,1
ar1_phi_0.9,100,40,20,0,20,209.6107726930377,1.399155091851358e-33,0.05,1
ar1_phi_0.9,100,41,20,0,20,295.840385975777,5.70983036103014e-51,0.05,1
ar1_phi_0.9,100,42,20,0,20,437.9970973248726,2.5851399268587355e-80,0.05,1
ar1_phi_0.9,100,43,20,0,20,576.1085155184176,3.082242796052985e-109,0.05,1
ar1_phi_0.9,100,44,20,0,20,627.4530206954603,4.700075524928407e-120,0.05,1
ar1_phi_0.9,100,45,20,0,20,158.31114287754156,1.5899835648867937e-23,0.05,1
ar1_phi_0.9,100,46,20,0,20,75.4149434888498,2.3228728664740626e-08,0.05,1
ar1_phi_0.9,100,47,20,0,20,524.0325700006199,2.679686797716359e-98,0.05,1
ar1_phi_0.9,100,48,20,0,20,303.2634317731441,1.7414642990484187e-52,0.05,1
ar1_phi_0.9,100,49,20,0,20,188.3082685963087,2.2765591294751592e-29,0.05,1
ar1_phi_0.9,100,50,20,0,20,356.1926533622118,2.3564893650734076e-63,0.05,1
ar1_phi_0.9,100,51,20,0,20,389.94720591863324,2.4801172150959458e-70,0.05,1
ar1_phi_0.9,100,52,20,0,20,430.13688166508246,1.119087758754137e-78,0.05,1
ar1_phi_0.9,100,53,20,0,20,288.33776624702256,1.9324781618552524e-49,0.05,1
ar1_phi_0.9,100,54,20,0,20,277.8147853656396,2.672481612796078e-47,0.05,1
ar1_phi_0.9,100,55,20,0,20,541.806069745808,4.994424232956472e-102,0.05,1
ar1_phi_0.9,100,56,20,0,20,425.49824473299554,1.0326566016571028e-77,0.05,1
ar1_phi_0.9,100,57,20,0,20,152.7208481396245,1.8913485040642343e-22,0.05,1
ar1_phi_0.9,100,58,20,0,20,362.85692530253834,9.935098028410125e-65,0.05,1
ar1_phi_0.9,100,59,20,0,20,470.0170638554119,5.419559543663906e-87,0.05,1
ar1_phi_0.9,100,60,20,0,20,239.37467662446556,1.573104821175267e-39,0.05,1
ar1_phi_0.9,100,61,20,0,20,243.7977872955304,2.0287438037761938e-40,0.05,1
ar1_phi_0.9,100,62,20,0,20,383.0171557122798,6.754627374342834e-69,0.05,1
ar1_phi_0.9,100,63,20,0,20,393.7881103689834,3.967699682244239e-71,0.05,1
ar1_phi_0.9,100,64,20,0,20,252.04187679596976,4.425089916883168e-42,0.05,1
ar1_phi_0.9,100,65,20,0,20,520.2019738432228,1.7034277143561914e-97,0.05,1
ar1_phi_0.9,100,66,20,0,20,357.4675701924072,1.2861884370049505e-63,0.05,1
ar1_phi_0.9,100,67,20,0,20,454.35980090232675,1.0047610276206122e-83,0.05,1
ar1_phi_0.9,100,68,20,0,20,204.6434486748934,1.3543597578737705e-32,0.05,1
ar1_phi_0.9,100,69,20,0,20,264.5861929874317,1.2890077465842208e-44,0.05,1
ar1_phi_0.9,100,70,20,0,20,600.6648833975304,2.0849838436950103e-114,0.05,1
ar1_phi_0.9,100,71,20,0,20,450.20805864648946,7.377107459605791e-83,0.05,1
ar1_phi_0.9,100,72,20,0,20,474.5137020606457,6.231394245606265e-88,0.05,1
ar1_phi_0.9,100,73,20,0,20,340.84237923186447,3.4228040964410393e-60,0.05,1
ar1_phi_0.9,100,74,20,0,20,486.7372057229844,1.7348870407874906e-90,0.05,1
ar1_phi_0.9,100,75,20,0,20,230.55390099250778,9.26275345496205e-38,0.05,1
ar1_phi_0.9,100,76,20,0,20,500.5223379462544,2.2624184411008573e-93,0.05,1
ar1_phi_0.9,100,77,20,0,20,339.3623547876912,6.900176714689782e-60,0.05,1
ar1_phi_0.9,100,78,20,0,20,392.82772018424333,6.274670408299493e-71,0.05,1
ar1_phi_0.9,100,79,20,0,20,425.42619045253355,1.0689160045753865e-77,0.05,1
ar1_phi_0.9,100,80,20,0,20,90.56769454386148,5.897329980767283e-11,0.05,1
ar1_phi_0.9,100,81,20,0,20,215.50283019197929,9.412097067755105e-35,0.05,1
ar1_phi_0.9,100,82,20,0,20,598.0289472318944,7.487853824530864e-114,0.05,1
ar1_phi_0.9,100,83,20,0,20,548.2510159568974,2.2132440741109565e-103,0.05,1
ar1_phi_0.9,100,84,20,0,20,358.32867166603285,8.54413951062712e-64,0.05,1
ar1_phi_0.9,100,85,20,0,20,419.12294082378173,2.1858353771562454e-76,0.05,1
ar1_phi_0.9,100,86,20,0,20,592.9858031699508,8.639225491664544e-113,0.05,1
ar1_phi_0.9,100,87,20,0,20,307.822487229327,2.036343910285618e-53,0.05,1
ar1_phi_0.9,100,88,20,0,20,401.75512637387726,8.839034807425376e-73,0.05,1
ar1_phi_0.9,100,89,20,0,20,263.77502619368596,1.8814491345064025e-44,0.05,1
ar1_phi_0.9,100,90,20,0,20,184.89930098711682,1.0640094613390978e-28,0.05,1
ar1_phi_0.9,100,91,20,0,20,509.10209710410214,3.61130399754771e-95,0.05,1
ar1_phi_0.9,100,92,20,0,20,134.86786078415946,4.732296582980209e-19,0.05,1
ar1_phi_0.9,100,93,20,0,20,444.63355685059514,1.071270608408545e-81,0.05,1
ar1_phi_0.9,100,94,20,0,20,171.55581409794692,4.3175692947239327e-26,0.05,1
ar1_phi_0.9,100,95,20,0,20,395.37247175282465,1.862563571974019e-71,0.05,1
ar1_phi_0.9,100,96,20,0,20,227.57459651629168,3.658657512094279e-37,0.05,1
ar1_phi_0.9,100,97,20,0,20,425.72219245028396,9.276261057177977e-78,0.05,1
ar1_phi_0.9,100,98,20,0,20,483.4559033426245,8.42306366028693e-90,0.05,1
ar1_phi_0.9,100,99,20,0,20,260.41097465520374,9.02031088038601e-44,0.05,1
ar1_phi_0.9,100,100,20,0,20,284.63725036158763,1.0953515580996208e-48,0.05,1
ar1_phi_0.9,100,101,20,0,20,300.19618236415215,7.370575239854881e-52,0.05,1
ar1_phi_0.9,100,102,20,0,20,266.18352884040024,6.119803462433243e-45,0.05,1
ar1_phi_0.9,100,103,20,0,20,513.8031381059557,3.7379058246720712e-96,0.05,1
ar1_phi_0.9,100,104,20,0,20,326.9170272464054,2.490052354631e-57,0.05,1
ar1_phi_0.9,100,105,20,0,20,305.50103464417356,6.075209944128054e-53,0.05,1
ar1_phi_0.9,100,106,20,0,20,343.71762407642393,8.763236907607895e-61,0.05,1
ar1_phi_0.9,100,107,20,0,20,332.6925900899857,1.6221013236426793e-58,0.05,1
ar1_phi_0.9,100,108,20,0,20,270.8763706379648,6.846570113774464e-46,0.05,1
ar1_phi_0.9,100,109,20,0,20,774.0777844360873,4.480889052423833e-151,0.05,1
ar1_phi_0.9,100,110,20,0,20,124.31244900744893,4.5091985003058645e-17,0.05,1
ar1_phi_0.9,100,111,20,0,20,97.12898228091673,4.097127028313092e-12,0.05,1
ar1_phi_0.9,100,112,20,0,20,252.6164328287867,3.3883188997187585e-42,0.05,1
ar1_phi_0.9,100,113,20,0,20,314.84812756943256,7.427911320576608e-55,0.05,1
ar1_phi_0.9,100,114,20,0,20,224.03843602069338,1.8644692323782147e-36,0.05,1
ar1_phi_0.9,100,115,20,0,20,203.3608185339756,2.431850045228342e-32,0.05,1
ar1_phi_0.9,100,116,20,0,20,229.822035516978,1.2982257354922413e-37,0.05,1
ar1_phi_0.9,100,117,20,0,20,766.8498541986156,1.528684487041603e-149,0.05,1
ar1_phi_0.9,100,118,20,0,20,261.6537266364997,5.056146068535831e-44,0.05,1
ar1_phi_0.9,100,119,20,0,20,323.25247801403634,1.4066214140539419e-56,0.05,1
ar1_phi_0.9,100,120,20,0,20,192.55103840805594,3.327178531242566e-30,0.05,1
ar1_phi_0.9,100,121,20,0,20,168.25336841125997,1.893884285049406e-25,0.05,1
ar1_phi_0.9,100,122,20,0,20,471.6369021105673,2.4866181846674815e-87,0.05,1
ar1_phi_0.9,100,123,20,0,20,226.3003522094745,6.580808915057931e-37,0.05,1
ar1_phi_0.9,100,124,20,0,20,410.11585893091365,1.625512787379349e-74,0.05,1
ar1_phi_0.9,100,125,20,0,20,304.9783669153348,7.769806714498861e-53,0.05,1
ar1_phi_0.9,100,126,20,0,20,446.4035912273227,4.5813993663412e-82,0.05,1
ar1_phi_0.9,100,127,20,0,20,365.1932362778523,3.2718334843570173e-65,0.05,1
ar1_phi_0.9,100,128,20,0,20,352.4639417924774,1.383738848387996e-62,0.05,1
ar1_phi_0.9,100,129,20,0,20,554.3443762537787,1.1612185424484583e-104,0.05,1
ar1_phi_0.9,100,130,20,0,20,295.2961185823786,7.373317840845619e-51,0.05,1
ar1_phi_0.9,100,131,20,0,20,120.63618629562644,2.1737467777678796e-16,0.05,1
ar1_phi_0.9,100,132,20,0,20,236.51236635215196,5.911540707921949e-39,0.05,1
ar1_phi_0.9,100,133,20,0,20,292.00095787539396,3.4645775860763907e-50,0.05,1
ar1_phi_0.9,100,134,20,0,20,205.38668664544608,9.646368321701991e-33,0.05,1
ar1_phi_0.9,100,135,20,0,20,129.78481396659905,4.277676485504812e-18,0.05,1
ar1_phi_0.9,100,136,20,0,20,461.59615699850247,3.105921238610466e-85,0.05,1
ar1_phi_0.9,100,137,20,0,20,282.8149902931832,2.572376102160877e-48,0.05,1
ar1_phi_0.9,100,138,20,0,20,260.870941073725,7.28086514922788e-44,0.05,1
ar1_phi_0.9,100,139,20,0,20,446.0374079602047,5.461615308877397e-82,0.05,1
ar1_phi_0.9,100,140,20,0,20,396.311001006854,1.1899558500428886e-71,0.05,1
ar1_phi_0.9,100,141,20,0,20,229.3397250809804,1.6216131515928817e-37,0.05,1
ar1_phi_0.9,100,142,20,0,20,230.24514930206894,1.0680587878128978e-37,0.05,1
ar1_phi_0.9,100,143,20,0,20,441.6939772147152,4.389496961528475e-81,0.05,1
ar1_phi_0.9,100,144,20,0,20,90.17101174075474,6.91960685375996e-11,0.05,1
ar1_phi_0.9,100,145,20,0,20,293.87891871364843,1.4346110560341864e-50,0.05,1
ar1_phi_0.9,100,146,20,0,20,350.5060531249208,3.5039723556119124e-62,0.05,1
ar1_phi_0.9,100,147,20,0,20,291.3538002114693,4.694279062192891e-50,0.05,1
ar1_phi_0.9,100,148,20,0,20,165.02834050795926,7.998358149707017e-25,0.05,1
ar1_phi_0.9,100,149,20,0,20,229.96842848354044,1.213465167728983e-37,0.05,1
ar1_phi_0.9,100,150,20,0,20,295.18656693607693,7.762681417159551e-51,0.05,1
ar1_phi_0.9,100,151,20,0,20,342.288553891514,1.7250326419843798e-60,0.05,1
ar1_phi_0.9,100,152,20,0,20,207.4089449780986,3.8294405368874335e-33,0.05,1
ar1_phi_0.9,100,153,20,0,20,493.20860430991604,7.681267411471827e-92,0.05,1
ar1_phi_0.9,100,154,20,0,20,357.47969667515594,1.2788016533122178e-63,0.05,1
ar1_phi_0.9,100,155,20,0,20,395.1171038954711,2.1040274024581206e-71,0.05,1
ar1_phi_0.9,100,156,20,0,20,248.92963452551282,1.877510022071099e-41,0.05,1
ar1_phi_0.9,100,157,20,0,20,73.97302002022646,4.037626051822606e-08,0.05,1
ar1_phi_0.9,100,158,20,0,20,140.68940522584757,3.7450433578811713e-20,0.05,1
ar1_phi_0.9,100,159,20,0,20,187.99711021455673,2.620934994745911e-29,0.05,1
ar1_phi_0.9,100,160,20,0,20,697.3645620916942,7.991689310222224e-135,0.05,1
ar1_phi_0.9,100,161,20,0,20,226.3111234775868,6.548240412188697e-37,0.05,1
ar1_phi_0.9,100,162,20,0,20,160.30610066411026,6.553426114580185e-24,0.05,1
ar1_phi_0.9,100,163,20,0,20,330.79693102235996,3.976680540912566e-58,0.05,1
ar1_phi_0.9,100,164,20,0,20,270.1048998073743,9.816004118899386e-46,0.05,1
ar1_phi_0.9,100,165,20,0,20,289.41407720959893,1.166417059215512e-49,0.05,1
ar1_phi_0.9,100,166,20,0,20,175.262739331979,8.180922006631792e-27,0.05,1
ar1_phi_0.9,100,167,20,0,20,305.7679972035554,5.35774204433476e-53,0.05,1
ar1_phi_0.9,100,168,20,0,20,377.8816469212951,7.80349129208448e-68,0.05,1
ar1_phi_0.9,100,169,20,0,20,208.32848016411685,2.5152038710443173e-33,0.05,1
ar1_phi_0.9,100,170,20,0,20,438.8971808342576,1.6788799339440358e-80,0.05,1
ar1_phi_0.9,100,171,20,0,20,146.37305359725872,3.1023005882942132e-21,0.05,1
ar1_phi_0.9,100,172,20,0,20,158.43265371398854,1.5064835140234983e-23,0.05,1
ar1_phi_0.9,100,173,20,0,20,503.8738351788385,4.4955497087169545e-94,0.05,1
ar1_phi_0.9,100,174,20,0,20,376.9650108417595,1.2075172455328826e-67,0.05,1
ar1_phi_0.9,100,175,20,0,20,324.6490501049961,7.2720566377077e-57,0.05,1
ar1_phi_0.9,100,176,20,0,20,413.9626837323035,2.5820900513171437e-75,0.05,1
ar1_phi_0.9,100,177,20,0,20,300.4615855465049,6.505786612439191e-52,0.05,1
ar1_phi_0.9,100,178,20,0,20,197.8118289869198,3.0472391070043347e-31,0.05,1
ar1_phi_0.9,100,179,20,0,20,438.3259330296172,2.2079938763011116e-80,0.05,1
ar1_phi_0.9,100,180,20,0,20,206.24422865079114,6.520292572672177e-33,0.05,1
ar1_phi_0.9,100,181,20,0,20,491.48951171905316,1.758484857703549e-91,0.05,1
ar1_phi_0.9,100,182,20,0,20,228.9322341777983,1.956799134603765e-37,0.05,1
ar1_phi_0.9,100,183,20,0,20,353.9330260747041,6.889826530944052e-63,0.05,1
ar1_phi_0.9,100,184,20,0,20,431.89443131235384,4.8203544682351116e-79,0.05,1
ar1_phi_0.9,100,185,20,0,20,316.29779578895983,3.748967837039952e-55,0.05,1
ar1_phi_0.9,100,186,20,0,20,154.01225545574985,1.0685326260688424e-22,0.05,1
ar1_phi_0.9,100,187,20,0,20,348.81651883195633,7.810242889927628e-62,0.05,1
ar1_phi_0.9,100,188,20,0,20,336.17671320564943,3.1187225347221e-59,0.05,1
ar1_phi_0.9,100,189,20,0,20,353.97827366818905,6.743410816976143e-63,0.05,1
ar1_phi_0.9,100,190,20,0,20,241.5703514640123,5.693075937415107e-40,0.05,1
ar1_phi_0.9,100,191,20,0,20,173.08362527573541,2.1761934882449125e-26,0.05,1
ar1_phi_0.9,100,192,20,0,20,123.11575974732845,7.530678537714142e-17,0.05,1
ar1_phi_0.9,100,193,20,0,20,216.26918568048714,6.622350704371415e-35,0.05,1
ar1_phi_0.9,100,194,20,0,20,361.68784211417966,1.7317858678281336e-64,0.05,1
ar1_phi_0.9,100,195,20,0,20,414.22592699554536,2.276570911117728e-75,0.05,1
ar1_phi_0.9,100,196,20,0,20,417.89149434103314,3.940745519673574e-76,0.05,1
ar1_phi_0.9,100,197,20,0,20,390.90939981406717,1.56716963176193e-70,0.05,1
ar1_phi_0.9,100,198,20,0,20,240.83364916364835,8.007309689840818e-40,0.05,1
ar1_phi_0.9,100,199,20,0,20,382.95714168906085,6.9506290109039e-69,0.05,1
ar1_phi_0.9,300,0,20,0,20,1120.1967485470682,8.590231461868804e-225,0.05,1
ar1_phi_0.9,300,1,20,0,20,852.5239384713784,9.848058259087365e-168,0.05,1
ar1_phi_0.9,300,2,20,0,20,836.1231614260877,3.012936761304385e-164,0.05,1
ar1_phi_0.9,300,3,20,0,20,642.3331838553441,3.405929732216501e-123,0.05,1
ar1_phi_0.9,300,4,20,0,20,1237.6694166881048,6.520215470342227e-250,0.05,1
ar1_phi_0.9,300,5,20,0,20,977.2291821433574,2.7949323365342534e-194,0.05,1
ar1_phi_0.9,300,6,20,0,20,1123.9879810246532,1.3302448753173313e-225,0.05,1
ar1_phi_0.9,300,7,20,0,20,691.3105206312149,1.5250244074056585e-133,0.05,1
ar1_phi_0.9,300,8,20,0,20,1551.2865877337176,3.932375e-317,0.05,1
ar1_phi_0.9,300,9,20,0,20,1332.8169914223392,2.7686337485178896e-270,0.05,1
ar1_phi_0.9,300,10,20,0,20,1599.3394350899027,0.0,0.05,1
ar1_phi_0.9,300,11,20,0,20,1545.0970552986946,8.37700486e-316,0.05,1
ar1_phi_0.9,300,12,20,0,20,1442.5935068827996,8.194232085389387e-294,0.05,1
ar1_phi_0.9,300,13,20,0,20,708.1956903163742,4.080888480669201e-137,0.05,1
ar1_phi_0.9,300,14,20,0,20,758.1655159408599,1.0609626110929518e-147,0.05,1
ar1_phi_0.9,300,15,20,0,20,1409.2106497710536,1.1779333197968155e-286,0.05,1
ar1_phi_0.9,300,16,20,0,20,923.1178707246454,9.425746444338825e-183,0.05,1
ar1_phi_0.9,300,17,20,0,20,1544.9438600697874,9.03582134e-316,0.05,1
ar1_phi_0.9,300,18,20,0,20,934.5284963312657,3.503026500266299e-185,0.05,1
ar1_phi_0.9,300,19,20,0,20,873.301536192446,3.76226707468552e-172,0.05,1
ar1_phi_0.9,300,20,20,0,20,2153.8667372331565,0.0,0.05,1
ar1_phi_0.9,300,21,20,0,20,760.3528225352144,3.647224435804157e-148,0.05,1
ar1_phi_0.9,300,22,20,0,20,765.3246342534375,3.219245019520964e-149,0.05,1
ar1_phi_0.9,300,23,20,0,20,1105.6853704688083,1.0820283229877064e-221,0.05,1
ar1_phi_0.9,300,24,20,0,20,1065.3498160724243,4.4464170180856197e-213,0.05,1
ar1_phi_0.9,300,25,20,0,20,1068.4434183685557,9.717512263017795e-214,0.05,1
ar1_phi_0.9,300,26,20,0,20,1005.2228156161494,3.004680277598636e-200,0.05,1
ar1_phi_0.9,300,27,20,0,20,891.4136215742662,5.278503774256398e-176,0.05,1
ar1_phi_0.9,300,28,20,0,20,768.8977092649269,5.623778131321815e-150,0.05,1
ar1_phi_0.9,300,29,20,0,20,758.8938352059112,7.435162395566273e-148,0.05,1
ar1_phi_0.9,300,30,20,0,20,911.5844019946182,2.6899425355374586e-180,0.05,1
ar1_phi_0.9,300,31,20,0,20,1102.4693884844783,5.262788498113948e-221,0.05,1
ar1_phi_0.9,300,32,20,0,20,1419.8206270144408,6.258491074567546e-289,0.05,1
ar1_phi_0.9,300,33,20,0,20,1138.4112825126008,1.1007785801178863e-228,0.05,1
ar1_phi_0.9,300,34,20,0,20,983.0615168291731,1.5962693728920975e-195,0.05,1
ar1_phi_0.9,300,35,20,0,20,618.7774637321753,3.174945098918229e-118,0.05,1
ar1_phi_0.9,300,36,20,0,20,989.1149954205895,8.176274384973486e-197,0.05,1
ar1_phi_0.9,300,37,20,0,20,1834.9127616332219,0.0,0.05,1
ar1_phi_0.9,300,38,20,0,20,2370.270674326316,0.0,0.05,1
ar1_phi_0.9,300,39,20,0,20,1167.0405215627472,8.353142354861925e-235,0.05,1
ar1_phi_0.9,300,40,20,0,20,1283.0067490849035,1.2875916389423706e-259,0.05,1
ar1_phi_0.9,300,41,20,0,20,2293.686586249665,0.0,0.05,1
ar1_phi_0.9,300,42,20,0,20,1012.0908683057335,1.0303400574027996e-201,0.05,1
ar1_phi_0.9,300,43,20,0,20,1836.9733820522051,0.0,0.05,1
ar1_phi_0.9,300,44,20,0,20,1346.8507112244308,2.727474314809978e-273,0.05,1
ar1_phi_0.9,300,45,20,0,20,1118.2700947120609,2.2164413003846123e-224,0.05,1
ar1_phi_0.9,300,46,20,0,20,788.1109414578666,4.722201968821938e-154,0.05,1
ar1_phi_0.9,300,47,20,0,20,800.0754721174982,1.3640213047245755e-156,0.05,1
ar1_phi_0.9,300,48,20,0,20,333.8960387244851,9.178618663787978e-59,0.05,1
ar1_phi_0.9,300,49,20,0,20,1597.4529809685955,0.0,0.05,1
ar1_phi_0.9,300,50,20,0,20,866.6286609163795,9.874964343391253e-171,0.05,1
ar1_phi_0.9,300,51,20,0,20,997.3288879838724,1.4494053063513398e-198,0.05,1
ar1_phi_0.9,300,52,20,0,20,652.1615069145473,2.865551628247593e-125,0.05,1
ar1_phi_0.9,300,53,20,0,20,1175.3741797744535,1.380329668032381e-236,0.05,1
ar1_phi_0.9,300,54,20,0,20,1245.2986494974175,1.5190626175325379e-251,0.05,1
ar1_phi_0.9,300,55,20,0,20,1672.4610692642218,0.0,0.05,1
ar1_phi_0.9,300,56,20,0,20,1179.2797075883402,2.017678925945937e-237,0.05,1
ar1_phi_0.9,300,57,20,0,20,1369.8658182473946,3.1931717138367414e-278,0.05,1
ar1_phi_0.9,300,58,20,0,20,921.0452784462229,2.603797429450377e-182,0.05,1
ar1_phi_0.9,300,59,20,0,20,1204.32495114886,8.878687294722347e-243,0.05,1
ar1_phi_0.9,300,60,20,0,20,1028.9297223718104,2.635345649956528e-205,0.05,1
ar1_phi_0.9,300,61,20,0,20,1632.473206163909,0.0,0.05,1
ar1_phi_0.9,300,62,20,0,20,962.0530812878139,4.7948080239614744e-191,0.05,1
ar1_phi_0.9,300,63,20,0,20,1282.4714811616016,1.6764154320451518e-259,0.05,1
ar1_phi_0.9,300,64,20,0,20,1460.0939908677892,1.4467464689436977e-297,0.05,1
ar1_phi_0.9,300,65,20,0,20,966.7721989699733,4.732751018603927e-192,0.05,1
ar1_phi_0.9,300,66,20,0,20,862.9219039553496,6.063633895839332e-170,0.05,1
ar1_phi_0.9,300,67,20,0,20,603.0964809200509,6.409516280204889e-115,0.05,1
ar1_phi_0.9,300,68,20,0,20,898.5455439229999,1.6029143870132e-177,0.05,1
ar1_phi_0.9,300,69,20,0,20,1649.4294073934336,0.0,0.05,1
ar1_phi_0.9,300,70,20,0,20,729.1277500144646,1.5098913556517084e-141,0.05,1
ar1_phi_0.9,300,71,20,0,20,1042.4501065284674,3.4343905006937525e-208,0.05,1
ar1_phi_0.9,300,72,20,0,20,1152.4714822803178,1.0875783215637052e-231,0.05,1
ar1_phi_0.9,300,73,20,0,20,1151.457309481995,1.7916381250257083e-231,0.05,1
ar1_phi_0.9,300,74,20,0,20,1803.1027431578902,0.0,0.05,1
ar1_phi_0.9,300,75,20,0,20,904.9519767843831,6.941886288114913e-179,0.05,1
ar1_phi_0.9,300,76,20,0,20,1128.4979270117142,1.4462154887750552e-226,0.05,1
ar1_phi_0.9,300,77,20,0,20,811.781181535449,4.4625951484901714e-159,0.05,1
ar1_phi_0.9,300,78,20,0,20,1196.6149974233997,3.9580663627745375e-241,0.05,1
ar1_phi_0.9,300,79,20,0,20,1570.9629780347861,2.35e-321,0.05,1
ar1_phi_0.9,300,80,20,0,20,1222.5196707791051,1.1374371504933001e-246,0.05,1
ar1_phi_0.9,300,81,20,0,20,888.5633446747041,2.1328058604904235e-175,0.05,1
ar1_phi_0.9,300,82,20,0,20,535.8971832511704,8.687315558785136e-101,0.05,1
ar1_phi_0.9,300,83,20,0,20,972.6190885540482,2.685320452753103e-193,0.05,1
ar1_phi_0.9,300,84,20,0,20,1318.0657557472532,3.9996407219775055e-267,0.05,1
ar1_phi_0.9,300,85,20,0,20,1663.5550901760494,0.0,0.05,1
ar1_phi_0.9,300,86,20,0,20,1768.2877224662936,0.0,0.05,1
ar1_phi_0.9,300,87,20,0,20,1145.8017629924739,2.8981798949436896e-230,0.05,1
ar1_phi_0.9,300,88,20,0,20,918.9319468653082,7.337573441873133e-182,0.05,1
ar1_phi_0.9,300,89,20,0,20,897.7197630073023,2.402374589510619e-177,0.05,1
ar1_phi_0.9,300,90,20,0,20,711.959319259198,6.518544947062539e-138,0.05,1
ar1_phi_0.9,300,91,20,0,20,1225.6592033367665,2.4221156817228872e-247,0.05,1
ar1_phi_0.9,300,92,20,0,20,997.033465029401,1.6756546370245366e-198,0.05,1
ar1_phi_0.9,300,93,20,0,20,1140.1641419018065,4.645948440473939e-229,0.05,1
ar1_phi_0.9,300,94,20,0,20,877.1142930703608,5.8144430511546245e-173,0.05,1
ar1_phi_0.9,300,95,20,0,20,1389.5186357765165,1.9600301595504524e-282,0.05,1
ar1_phi_0.9,300,96,20,0,20,2013.658499600423,0.0,0.05,1
ar1_phi_0.9,300,97,20,0,20,1193.0046131436623,2.3424870184256933e-240,0.05,1
ar1_phi_0.9,300,98,20,0,20,1350.79101880282,3.904226299895883e-274,0.05,1
ar1_phi_0.9,300,99,20,0,20,1142.605432566132,1.397333849406898e-229,0.05,1
ar1_phi_0.9,300,100,20,0,20,1271.871945857177,3.1164050681528613e-257,0.05,1
ar1_phi_0.9,300,101,20,0,20,1428.0936505356053,1.0536152710953497e-290,0.05,1
ar1_phi_0.9,300,102,20,0,20,1206.1565357200743,3.6020950204754415e-243,0.05,1
ar1_phi_0.9,300,103,20,0,20,1642.1330831186738,0.0,0.05,1
ar1_phi_0.9,300,104,20,0,20,1457.4201826287717,5.418113803365597e-297,0.05,1
ar1_phi_0.9,300,105,20,0,20,899.1784994915068,1.1754710090142976e-177,0.05,1
ar1_phi_0.9,300,106,20,0,20,1338.2285560047162,1.918550218997383e-271,0.05,1
ar1_phi_0.9,300,107,20,0,20,1017.4958824369528,7.245585129701929e-203,0.05,1
ar1_phi_0.9,300,108,20,0,20,1465.7085370030886,9.040443917663646e-299,0.05,1
ar1_phi_0.9,300,109,20,0,20,1128.226129781296,1.653153611393097e-226,0.05,1
ar1_phi_0.9,300,110,20,0,20,1164.6465016189138,2.714515719287269e-234,0.05,1
ar1_phi_0.9,300,111,20,0,20,630.3653815843425,1.1421814546242435e-120,0.05,1
ar1_phi_0.9,300,112,20,0,20,1321.625690467707,6.910625997156143e-268,0.05,1
ar1_phi_0.9,300,113,20,0,20,1413.7224855391778,1.2701773915354333e-287,0.05,1
ar1_phi_0.9,300,114,20,0,20,1179.5346442309976,1.7796586100740803e-237,0.05,1
ar1_phi_0.9,300,115,20,0,20,1172.234419463522,6.476435535971169e-236,0.05,1
ar1_phi_0.9,300,116,20,0,20,957.236367554786,5.094835982271396e-190,0.05,1
ar1_phi_0.9,300,117,20,0,20,1105.5887184726876,1.1347110519587442e-221,0.05,1
ar1_phi_0.9,300,118,20,0,20,1408.4792247103221,1.6901346671571353e-286,0.05,1
ar1_phi_0.9,300,119,20,0,20,1368.941177952044,5.039298467166722e-278,0.05,1
ar1_phi_0.9,300,120,20,0,20,758.7262372050046,8.069059508248946e-148,0.05,1
ar1_phi_0.9,300,121,20,0,20,1456.259692601496,9.6102811240064e-297,0.05,1
ar1_phi_0.9,300,122,20,0,20,1068.470304649739,9.58992001575894e-214,0.05,1
ar1_phi_0.9,300,123,20,0,20,853.7999036957543,5.273634416361617e-168,0.05,1
ar1_phi_0.9,300,124,20,0,20,1458.64822534835,2.954401886392933e-297,0.05,1
ar1_phi_0.9,300,125,20,0,20,869.4598916591,2.468654337874478e-171,0.05,1
ar1_phi_0.9,300,126,20,0,20,1660.9280250425786,0.0,0.05,1
ar1_phi_0.9,300,127,20,0,20,600.5225774108058,2.2339892519674963e-114,0.05,1
ar1_phi_0.9,300,128,20,0,20,869.8765678233241,2.0130221038369487e-171,0.05,1
ar1_phi_0.9,300,129,20,0,20,1341.9089103050958,3.1225751077354776e-272,0.05,1
ar1_phi_0.9,300,130,20,0,20,1593.5713537559475,0.0,0.05,1
ar1_phi_0.9,300,131,20,0,20,1478.1238121648241,1.964131438039386e-301,0.05,1
ar1_phi_0.9,300,132,20,0,20,980.4834383145136,5.658302071058822e-195,0.05,1
ar1_phi_0.9,300,133,20,0,20,1747.2047072188093,0.0,0.05,1
ar1_phi_0.9,300,134,20,0,20,873.7322330649353,3.046826346424612e-172,0.05,1
ar1_phi_0.9,300,135,20,0,20,1041.4675745988345,5.565769507606916e-208,0.05,1
ar1_phi_0.9,300,136,20,0,20,1020.3596468403946,1.7749192191776194e-203,0.05,1
ar1_phi_0.9,300,137,20,0,20,755.5016994939087,3.894218108299877e-147,0.05,1
ar1_phi_0.9,300,138,20,0,20,1354.583333918615,6.011542469816399e-275,0.05,1
ar1_phi_0.9,300,139,20,0,20,708.1897037709226,4.0928114992041757e-137,0.05,1
ar1_phi_0.9,300,140,20,0,20,1515.7149732765815,1.691927604802317e-309,0.05,1
ar1_phi_0.9,300,141,20,0,20,1151.674343328883,1.6101167078760836e-231,0.05,1
ar1_phi_0.9,300,142,20,0,20,966.0016095779264,6.907721745409661e-192,0.05,1
ar1_phi_0.9,300,143,20,0,20,1618.138345233227,0.0,0.05,1
ar1_phi_0.9,300,144,20,0,20,948.5995683636692,3.5256270840484224e-188,0.05,1
ar1_phi_0.9,300,145,20,0,20,1268.3305772949802,1.785547212996026e-256,0.05,1
ar1_phi_0.9,300,146,20,0,20,983.2319235863446,1.4681786490280023e-195,0.05,1
ar1_phi_0.9,300,147,20,0,20,978.0147686483233,1.9007180869966057e-194,0.05,1
ar1_phi_0.9,300,148,20,0,20,1360.452539704726,3.321834037563789e-276,0.05,1
ar1_phi_0.9,300,149,20,0,20,874.409260191092,2.1870242847361053e-172,0.05,1
ar1_phi_0.9,300,150,20,0,20,1078.4758894041206,7.006368011309645e-216,0.05,1
ar1_phi_0.9,300,151,20,0,20,1258.8398083649754,1.920236241906007e-254,0.05,1
ar1_phi_0.9,300,152,20,0,20,968.6416339587013,1.891062937194509e-192,0.05,1
ar1_phi_0.9,300,153,20,0,20,1083.4699570864586,6.012692278963836e-217,0.05,1
ar1_phi_0.9,300,154,20,0,20,1567.9894017989823,1.022e-320,0.05,1
ar1_phi_0.9,300,155,20,0,20,1464.4052813196856,1.7207427411110317e-298,0.05,1
ar1_phi_0.9,300,156,20,0,20,2036.9817482824394,0.0,0.05,1
ar1_phi_0.9,300,157,20,0,20,1415.1630885271763,6.237587780617685e-288,0.05,1
ar1_phi_0.9,300,158,20,0,20,763.7302655343369,7.011925592612046e-149,0.05,1
ar1_phi_0.9,300,159,20,0,20,1377.6420784011661,6.882110264982549e-280,0.05,1
ar1_phi_0.9,300,160,20,0,20,1349.4947106095212,7.400780908715776e-274,0.05,1
ar1_phi_0.9,300,161,20,0,20,797.9275784592171,3.897173814657917e-156,0.05,1
ar1_phi_0.9,300,162,20,0,20,1104.7931221327883,1.6781789242473794e-221,0.05,1
ar1_phi_0.9,300,163,20,0,20,1133.7771798063281,1.0766329924169853e-227,0.05,1
ar1_phi_0.9,300,164,20,0,20,897.8613572564777,2.2413463874772885e-177,0.05,1
ar1_phi_0.9,300,165,20,0,20,962.5237292306358,3.806089362560003e-191,0.05,1
ar1_phi_0.9,300,166,20,0,20,834.8042529100524,5.744232020955469e-164,0.05,1
ar1_phi_0.9,300,167,20,0,20,792.9369347783627,4.466769978670906e-155,0.05,1
ar1_phi_0.9,300,168,20,0,20,1425.9964120768839,2.967258842760885e-290,0.05,1
ar1_phi_0.9,300,169,20,0,20,966.9655811542375,4.304288504344514e-192,0.05,1
ar1_phi_0.9,300,170,20,0,20,1126.0866159294064,4.736928786486941e-226,0.05,1
ar1_phi_0.9,300,171,20,0,20,617.9809478785181,4.673900692098387e-118,0.05,1
ar1_phi_0.9,300,172,20,0,20,754.0439062563001,7.933176777627164e-147,0.05,1
ar1_phi_0.9,300,173,20,0,20,1150.0692908390054,3.547713189510182e-231,0.05,1
ar1_phi_0.9,300,174,20,0,20,880.6338346104382,1.0372078764724181e-173,0.05,1
ar1_phi_0.9,300,175,20,0,20,2099.115898656485,0.0,0.05,1
ar1_phi_0.9,300,176,20,0,20,1513.710022085097,4.556009275620336e-309,0.05,1
ar1_phi_0.9,300,177,20,0,20,1519.485792816485,2.6257763064702e-310,0.05,1
ar1_phi_0.9,300,178,20,0,20,1586.2084869503815,0.0,0.05,1
ar1_phi_0.9,300,179,20,0,20,708.7480984480826,3.117738556149484e-137,0.05,1
ar1_phi_0.9,300,180,20,0,20,1849.1295222986641,0.0,0.05,1
ar1_phi_0.9,300,181,20,0,20,775.4919522203497,2.2459342058240874e-151,0.05,1
ar1_phi_0.9,300,182,20,0,20,1156.4942436125802,1.5014978867815238e-232,0.05,1
ar1_phi_0.9,300,183,20,0,20,979.7832687493284,7.978837280316799e-195,0.05,1
ar1_phi_0.9,300,184,20,0,20,1739.2766211735552,0.0,0.05,1
ar1_phi_0.9,300,185,20,0,20,987.7443612196595,1.602418587377982e-196,0.05,1
ar1_phi_0.9,300,186,20,0,20,1454.3766871073587,2.435427671962929e-296,0.05,1
ar1_phi_0.9,300,187,20,0,20,953.2664850138835,3.5724813427517943e-189,0.05,1
ar1_phi_0.9,300,188,20,0,20,872.0901038664723,6.809193142635781e-172,0.05,1
ar1_phi_0.9,300,189,20,0,20,1385.8328629269117,1.2085137434272452e-281,0.05,1
ar1_phi_0.9,300,190,20,0,20,1282.829397196694,1.4052388141720275e-259,0.05,1
ar1_phi_0.9,300,191,20,0,20,1446.6079839758338,1.128814065442584e-294,0.05,1
ar1_phi_0.9,300,192,20,0,20,1091.6347340807279,1.0849251223784383e-218,0.05,1
ar1_phi_0.9,300,193,20,0,20,735.1119704964101,8.153584362938785e-143,0.05,1
ar1_phi_0.9,300,194,20,0,20,1107.9364677917422,3.5756430235592137e-222,0.05,1
ar1_phi_0.9,300,195,20,0,20,858.2331804877442,6.020477169078232e-169,0.05,1
ar1_phi_0.9,300,196,20,0,20,730.6356562524368,7.237033444500201e-142,0.05,1
ar1_phi_0.9,300,197,20,0,20,1209.2184847356134,7.9717690388915e-244,0.05,1
ar1_phi_0.9,300,198,20,0,20,838.5569304971309,9.158764063020504e-165,0.05,1
ar1_phi_0.9,300,199,20,0,20,1397.7505332217097,3.371188876575458e-284,0.05,1
ar1_phi_0.9,1000,0,20,0,20,4110.858233513645,0.0,0.05,1
ar1_phi_0.9,1000,1,20,0,20,3725.204715275841,0.0,0.05,1
ar1_phi_0.9,1000,2,20,0,20,4460.595914074564,0.0,0.05,1
ar1_phi_0.9,1000,3,20,0,20,4866.3399424035115,0.0,0.05,1
ar1_phi_0.9,1000,4,20,0,20,2878.0139608876425,0.0,0.05,1
ar1_phi_0.9,1000,5,20,0,20,2970.198640234526,0.0,0.05,1
ar1_phi_0.9,1000,6,20,0,20,3986.405176991858,0.0,0.05,1
ar1_phi_0.9,1000,7,20,0,20,4797.913216525132,0.0,0.05,1
ar1_phi_0.9,1000,8,20,0,20,4247.947456679927,0.0,0.05,1
ar1_phi_0.9,1000,9,20,0,20,4067.272554075111,0.0,0.05,1
ar1_phi_0.9,1000,10,20,0,20,2695.4098746378836,0.0,0.05,1
ar1_phi_0.9,1000,11,20,0,20,3770.642354825082,0.0,0.05,1
ar1_phi_0.9,1000,12,20,0,20,4031.846903741974,0.0,0.05,1
ar1_phi_0.9,1000,13,20,0,20,3570.099985721325,0.0,0.05,1
ar1_phi_0.9,1000,14,20,0,20,3742.181887607102,0.0,0.05,1
ar1_phi_0.9,1000,15,20,0,20,4013.922268936456,0.0,0.05,1
ar1_phi_0.9,1000,16,20,0,20,4100.451164200528,0.0,0.05,1
ar1_phi_0.9,1000,17,20,0,20,3957.47170553744,0.0,0.05,1
ar1_phi_0.9,1000,18,20,0,20,5102.100922429395,0.0,0.05,1
ar1_phi_0.9,1000,19,20,0,20,4403.478610264433,0.0,0.05,1
ar1_phi_0.9,1000,20,20,0,20,3216.3677507256907,0.0,0.05,1
ar1_phi_0.9,1000,21,20,0,20,3346.1827590872444,0.0,0.05,1
ar1_phi_0.9,1000,22,20,0,20,5518.115770177254,0.0,0.05,1
ar1_phi_0.9,1000,23,20,0,20,3751.97437488809,0.0,0.05,1
ar1_phi_0.9,1000,24,20,0,20,4621.113890425806,0.0,0.05,1
ar1_phi_0.9,1000,25,20,0,20,5116.68114929533,0.0,0.05,1
ar1_phi_0.9,1000,26,20,0,20,5723.218797586102,0.0,0.05,1
ar1_phi_0.9,1000,27,20,0,20,5304.086726779315,0.0,0.05,1
ar1_phi_0.9,1000,28,20,0,20,4683.246722029206,0.0,0.05,1
ar1_phi_0.9,1000,29,20,0,20,4845.593447139585,0.0,0.05,1
ar1_phi_0.9,1000,30,20,0,20,3976.070367839852,0.0,0.05,1
ar1_phi_0.9,1000,31,20,0,20,4798.4988601529485,0.0,0.05,1
ar1_phi_0.9,1000,32,20,0,20,3954.5411666232744,0.0,0.05,1
ar1_phi_0.9,1000,33,20,0,20,4928.64556956615,0.0,0.05,1
ar1_phi_0.9,1000,34,20,0,20,4118.168612066156,0.0,0.05,1
ar1_phi_0.9,1000,35,20,0,20,3975.0116855274155,0.0,0.05,1
ar1_phi_0.9,1000,36,20,0,20,4942.762755255414,0.0,0.05,1
ar1_phi_0.9,1000,37,20,0,20,3937.627818733922,0.0,0.05,1
ar1_phi_0.9,1000,38,20,0,20,4214.186674392081,0.0,0.05,1
ar1_phi_0.9,1000,39,20,0,20,3615.218215145705,0.0,0.05,1
ar1_phi_0.9,1000,40,20,0,20,6047.926445736662,0.0,0.05,1
ar1_phi_0.9,1000,41,20,0,20,3978.65653201752,0.0,0.05,1
ar1_phi_0.9,1000,42,20,0,20,2908.052053208663,0.0,0.05,1
ar1_phi_0.9,1000,43,20,0,20,5274.0099849813205,0.0,0.05,1
ar1_phi_0.9,1000,44,20,0,20,5557.325833205128,0.0,0.05,1
ar1_phi_0.9,1000,45,20,0,20,4031.3460712290444,0.0,0.05,1
ar1_phi_0.9,1000,46,20,0,20,3352.0924274222093,0.0,0.05,1
ar1_phi_0.9,1000,47,20,0,20,3743.373187913728,0.0,0.05,1
ar1_phi_0.9,1000,48,20,0,20,2767.2927214171186,0.0,0.05,1
ar1_phi_0.9,1000,49,20,0,20,2934.445540988117,0.0,0.05,1
ar1_phi_0.9,1000,50,20,0,20,4949.828515322193,0.0,0.05,1
ar1_phi_0.9,1000,51,20,0,20,3614.1176262159265,0.0,0.05,1
ar1_phi_0.9,1000,52,20,0,20,3238.7364470701536,0.0,0.05,1
ar1_phi_0.9,1000,53,20,0,20,4565.341816245477,0.0,0.05,1
ar1_phi_0.9,1000,54,20,0,20,3802.2425813061313,0.0,0.05,1
ar1_phi_0.9,1000,55,20,0,20,3523.136801319667,0.0,0.05,1
ar1_phi_0.9,1000,56,20,0,20,3113.483471852678,0.0,0.05,1
ar1_phi_0.9,1000,57,20,0,20,4550.407438324664,0.0,0.05,1
ar1_phi_0.9,1000,58,20,0,20,3383.7404190002126,0.0,0.05,1
ar1_phi_0.9,1000,59,20,0,20,3511.3224969313555,0.0,0.05,1
ar1_phi_0.9,1000,60,20,0,20,3716.1466309545713,0.0,0.05,1
ar1_phi_0.9,1000,61,20,0,20,5341.80384136594,0.0,0.05,1
ar1_phi_0.9,1000,62,20,0,20,5465.243359331908,0.0,0.05,1
ar1_phi_0.9,1000,63,20,0,20,3089.757332975704,0.0,0.05,1
ar1_phi_0.9,1000,64,20,0,20,4438.170075612832,0.0,0.05,1
ar1_phi_0.9,1000,65,20,0,20,4194.585651828953,0.0,0.05,1
ar1_phi_0.9,1000,66,20,0,20,3970.929678025416,0.0,0.05,1
ar1_phi_0.9,1000,67,20,0,20,3846.0256119636324,0.0,0.05,1
ar1_phi_0.9,1000,68,20,0,20,3896.8195423352677,0.0,0.05,1
ar1_phi_0.9,1000,69,20,0,20,3107.417764902141,0.0,0.05,1
ar1_phi_0.9,1000,70,20,0,20,4762.181493782789,0.0,0.05,1
ar1_phi_0.9,1000,71,20,0,20,4078.9270359780617,0.0,0.05,1
ar1_phi_0.9,1000,72,20,0,20,3364.0718430058173,0.0,0.05,1
ar1_phi_0.9,1000,73,20,0,20,3584.9112505963085,0.0,0.05,1
ar1_phi_0.9,1000,74,20,0,20,4942.635872425857,0.0,0.05,1
ar1_phi_0.9,1000,75,20,0,20,4616.518039056619,0.0,0.05,1
ar1_phi_0.9,1000,76,20,0,20,4541.608860612777,0.0,0.05,1
ar1_phi_0.9,1000,77,20,0,20,3865.4050722998777,0.0,0.05,1
ar1_phi_0.9,1000,78,20,0,20,3249.8588222504986,0.0,0.05,1
ar1_phi_0.9,1000,79,20,0,20,3530.014463333019,0.0,0.05,1
ar1_phi_0.9,1000,80,20,0,20,4082.154034568773,0.0,0.05,1
ar1_phi_0.9,1000,81,20,0,20,3361.5350304203716,0.0,0.05,1
ar1_phi_0.9,1000,82,20,0,20,3422.9328589159513,0.0,0.05,1
ar1_phi_0.9,1000,83,20,0,20,3844.4408484225514,0.0,0.05,1
ar1_phi_0.9,1000,84,20,0,20,4054.4899485832652,0.0,0.05,1
ar1_phi_0.9,1000,85,20,0,20,2907.9168131686897,0.0,0.05,1
ar1_phi_0.9,1000,86,20,0,20,4276.765951064932,0.0,0.05,1
ar1_phi_0.9,1000,87,20,0,20,3999.326867210101,0.0,0.05,1
ar1_phi_0.9,1000,88,20,0,20,3459.9196546384064,0.0,0.05,1
ar1_phi_0.9,1000,89,20,0,20,3273.33269335303,0.0,0.05,1
ar1_phi_0.9,1000,90,20,0,20,3730.1379867459514,0.0,0.05,1
ar1_phi_0.9,1000,91,20,0,20,4594.502396502787,0.0,0.05,1
ar1_phi_0.9,1000,92,20,0,20,4374.589436665831,0.0,0.05,1
ar1_phi_0.9,1000,93,20,0,20,3691.000125700273,0.0,0.05,1
ar1_phi_0.9,1000,94,20,0,20,2816.2636167620813,0.0,0.05,1
ar1_phi_0.9,1000,95,20,0,20,5640.415686030847,0.0,0.05,1
ar1_phi_0.9,1000,96,20,0,20,3690.3816326808615,0.0,0.05,1
ar1_phi_0.9,1000,97,20,0,20,4351.751202433732,0.0,0.05,1
ar1_phi_0.9,1000,98,20,0,20,4814.556698355401,0.0,0.05,1
ar1_phi_0.9,1000,99,20,0,20,3479.5785046164765,0.0,0.05,1
ar1_phi_0.9,1000,100,20,0,20,3539.2367171224155,0.0,0.05,1
ar1_phi_0.9,1000,101,20,0,20,3610.829111040964,0.0,0.05,1
ar1_phi_0.9,1000,102,20,0,20,4583.668987378211,0.0,0.05,1
ar1_phi_0.9,1000,103,20,0,20,4070.336023866934,0.0,0.05,1
ar1_phi_0.9,1000,104,20,0,20,5150.591514168078,0.0,0.05,1
ar1_phi_0.9,1000,105,20,0,20,5264.848795485518,0.0,0.05,1
ar1_phi_0.9,1000,106,20,0,20,3230.7672861334745,0.0,0.05,1
ar1_phi_0.9,1000,107,20,0,20,6080.522053985844,0.0,0.05,1
ar1_phi_0.9,1000,108,20,0,20,2839.9910722523123,0.0,0.05,1
ar1_phi_0.9,1000,109,20,0,20,3597.6651042810304,0.0,0.05,1
ar1_phi_0.9,1000,110,20,0,20,3461.539103199692,0.0,0.05,1
ar1_phi_0.9,1000,111,20,0,20,4256.398346817008,0.0,0.05,1
ar1_phi_0.9,1000,112,20,0,20,3208.197087484956,0.0,0.05,1
ar1_phi_0.9,1000,113,20,0,20,4572.788103023632,0.0,0.05,1
ar1_phi_0.9,1000,114,20,0,20,3328.719286980365,0.0,0.05,1
ar1_phi_0.9,1000,115,20,0,20,5388.083438568573,0.0,0.05,1
ar1_phi_0.9,1000,116,20,0,20,4151.191582437916,0.0,0.05,1
ar1_phi_0.9,1000,117,20,0,20,4140.425860926986,0.0,0.05,1
ar1_phi_0.9,1000,118,20,0,20,4172.684134210875,0.0,0.05,1
ar1_phi_0.9,1000,119,20,0,20,4024.1960234571757,0.0,0.05,1
ar1_phi_0.9,1000,120,20,0,20,3726.5503996568627,0.0,0.05,1
ar1_phi_0.9,1000,121,20,0,20,3244.9853801554227,0.0,0.05,1
ar1_phi_0.9,1000,122,20,0,20,3387.100519754004,0.0,0.05,1
ar1_phi_0.9,1000,123,20,0,20,5382.3306989391585,0.0,0.05,1
ar1_phi_0.9,1000,124,20,0,20,4274.224667394216,0.0,0.05,1
ar1_phi_0.9,1000,125,20,0,20,3074.8589630164583,0.0,0.05,1
ar1_phi_0.9,1000,126,20,0,20,3783.036055217045,0.0,0.05,1
ar1_phi_0.9,1000,127,20,0,20,5181.338921145845,0.0,0.05,1
ar1_phi_0.9,1000,128,20,0,20,4353.910274554994,0.0,0.05,1
ar1_phi_0.9,1000,129,20,0,20,4162.606273001555,0.0,0.05,1
ar1_phi_0.9,1000,130,20,0,20,3794.191999200024,0.0,0.05,1
ar1_phi_0.9,1000,131,20,0,20,3721.010896306824,0.0,0.05,1
ar1_phi_0.9,1000,132,20,0,20,3930.95438017534,0.0,0.05,1
ar1_phi_0.9,1000,133,20,0,20,6211.984647996659,0.0,0.05,1
ar1_phi_0.9,1000,134,20,0,20,4067.0445402112787,0.0,0.05,1
ar1_phi_0.9,1000,135,20,0,20,4141.799371653389,0.0,0.05,1
ar1_phi_0.9,1000,136,20,0,20,6429.592763034391,0.0,0.05,1
ar1_phi_0.9,1000,137,20,0,20,2995.5805369331733,0.0,0.05,1
ar1_phi_0.9,1000,138,20,0,20,3839.925533067772,0.0,0.05,1
ar1_phi_0.9,1000,139,20,0,20,3850.835971181241,0.0,0.05,1
ar1_phi_0.9,1000,140,20,0,20,4971.584818150436,0.0,0.05,1
ar1_phi_0.9,1000,141,20,0,20,3962.6925167878344,0.0,0.05,1
ar1_phi_0.9,1000,142,20,0,20,4814.307612523641,0.0,0.05,1
ar1_phi_0.9,1000,143,20,0,20,3055.802306311414,0.0,0.05,1
ar1_phi_0.9,1000,144,20,0,20,4851.064483503188,0.0,0.05,1
ar1_phi_0.9,1000,145,20,0,20,3677.7033711707372,0.0,0.05,1
ar1_phi_0.9,1000,146,20,0,20,3840.9804627964413,0.0,0.05,1
ar1_phi_0.9,1000,147,20,0,20,3802.4602223230168,0.0,0.05,1
ar1_phi_0.9,1000,148,20,0,20,3274.3613809269696,0.0,0.05,1
ar1_phi_0.9,1000,149,20,0,20,4534.728577167047,0.0,0.05,1
ar1_phi_0.9,1000,150,20,0,20,2647.0837723331024,0.0,0.05,1
ar1_phi_0.9,1000,151,20,0,20,4184.7684887667265,0.0,0.05,1
ar1_phi_0.9,1000,152,20,0,20,4747.01486619003,0.0,0.05,1
ar1_phi_0.9,1000,153,20,0,20,4569.206443098621,0.0,0.05,1
ar1_phi_0.9,1000,154,20,0,20,3061.877418779513,0.0,0.05,1
ar1_phi_0.9,1000,155,20,0,20,3150.869239568414,0.0,0.05,1
ar1_phi_0.9,1000,156,20,0,20,3959.1078017291616,0.0,0.05,1
ar1_phi_0.9,1000,157,20,0,20,4381.730169012732,0.0,0.05,1
ar1_phi_0.9,1000,158,20,0,20,3031.187676942834,0.0,0.05,1
ar1_phi_0.9,1000,159,20,0,20,3218.1410223961766,0.0,0.05,1
ar1_phi_0.9,1000,160,20,0,20,4854.862613474888,0.0,0.05,1
ar1_phi_0.9,1000,161,20,0,20,4802.411164945011,0.0,0.05,1
ar1_phi_0.9,1000,162,20,0,20,2910.187421115046,0.0,0.05,1
ar1_phi_0.9,1000,163,20,0,20,3546.398809295315,0.0,0.05,1
ar1_phi_0.9,1000,164,20,0,20,4828.267606202652,0.0,0.05,1
ar1_phi_0.9,1000,165,20,0,20,4224.00776811658,0.0,0.05,1
ar1_phi_0.9,1000,166,20,0,20,4191.58306410525,0.0,0.05,1
ar1_phi_0.9,1000,167,20,0,20,5999.100899182091,0.0,0.05,1
ar1_phi_0.9,1000,168,20,0,20,3434.676816586149,0.0,0.05,1
ar1_phi_0.9,1000,169,20,0,20,4423.430243230904,0.0,0.05,1
ar1_phi_0.9,1000,170,20,0,20,4034.9103089796286,0.0,0.05,1
ar1_phi_0.9,1000,171,20,0,20,5166.64383560733,0.0,0.05,1
ar1_phi_0.9,1000,172,20,0,20,3772.2864582923326,0.0,0.05,1
ar1_phi_0.9,1000,173,20,0,20,5222.239912484259,0.0,0.05,1
ar1_phi_0.9,1000,174,20,0,20,3840.6517138772183,0.0,0.05,1
ar1_phi_0.9,1000,175,20,0,20,5071.470054680559,0.0,0.05,1
ar1_phi_0.9,1000,176,20,0,20,3877.2977467796104,0.0,0.05,1
ar1_phi_0.9,1000,177,20,0,20,3064.9607832169327,0.0,0.05,1
ar1_phi_0.9,1000,178,20,0,20,5555.868504803195,0.0,0.05,1
ar1_phi_0.9,1000,179,20,0,20,3987.2941217549533,0.0,0.05,1
ar1_phi_0.9,1000,180,20,0,20,3811.277118808434,0.0,0.05,1
ar1_phi_0.9,1000,181,20,0,20,3359.4676440815374,0.0,0.05,1
ar1_phi_0.9,1000,182,20,0,20,2868.3688586868443,0.0,0.05,1
ar1_phi_0.9,1000,183,20,0,20,3418.535925829576,0.0,0.05,1
ar1_phi_0.9,1000,184,20,0,20,5001.471651914511,0.0,0.05,1
ar1_phi_0.9,1000,185,20,0,20,3150.5139701947937,0.0,0.05,1
ar1_phi_0.9,1000,186,20,0,20,5181.0086447824815,0.0,0.05,1
ar1_phi_0.9,1000,187,20,0,20,5584.314686968085,0.0,0.05,1
ar1_phi_0.9,1000,188,20,0,20,4762.266172070606,0.0,0.05,1
ar1_phi_0.9,1000,189,20,0,20,3475.7566711714317,0.0,0.05,1
ar1_phi_0.9,1000,190,20,0,20,5489.090795847868,0.0,0.05,1
ar1_phi_0.9,1000,191,20,0,20,5377.304109005597,0.0,0.05,1
ar1_phi_0.9,1000,192,20,0,20,3205.276306040875,0.0,0.05,1
ar1_phi_0.9,1000,193,20,0,20,4740.865303194318,0.0,0.05,1
ar1_phi_0.9,1000,194,20,0,20,3498.16093911058,0.0,0.05,1
ar1_phi_0.9,1000,195,20,0,20,4329.649011434241,0.0,0.05,1
ar1_phi_0.9,1000,196,20,0,20,4349.582495305956,0.0,0.05,1
ar1_phi_0.9,1000,197,20,0,20,3836.2380969138035,0.0,0.05,1
ar1_phi_0.9,1000,198,20,0,20,4399.240092089382,0.0,0.05,1
ar1_phi_0.9,1000,199,20,0,20,3209.4914521571873,0.0,0.05,1
